gid,authoritativeCounty,authoritativeSubCounty,authoritativeWard,databaseWardId,databaseWardName,databaseCountyId,databaseCountyName,databaseSubCountyId,databaseSubCountyName,countyExact,countyNormalized,subCountyExact,subCountyNormalized,classification,reason
241,ISIOLO,Isiolo Sub County,WABERA,1024,WABERA,48,Isiolo,1310,Isiolo,false,true,false,true,NAME_VARIANT_SAME_IDENTITY,County and SubCounty differ textually but resolve to the same normalized relational identities.
1455,Migori,Rongo Sub County,North Kamagambo Ward,1025,North Kamagambo Ward,49,Migori,1552,Rongo,true,true,false,true,NAME_VARIANT_SAME_IDENTITY,SubCounty differs textually but resolves to the same normalized SubCounty identity.
1456,Migori,Rongo Sub County,Central Kamagambo Ward,1026,Central Kamagambo Ward,49,Migori,1552,Rongo,true,true,false,true,NAME_VARIANT_SAME_IDENTITY,SubCounty differs textually but resolves to the same normalized SubCounty identity.
1457,Migori,Rongo Sub County,South Kamagambo Ward,1027,South Kamagambo Ward,49,Migori,1552,Rongo,true,true,false,true,NAME_VARIANT_SAME_IDENTITY,SubCounty differs textually but resolves to the same normalized SubCounty identity.
1458,Migori,Awendo Sub County,North Sakwa Ward,1028,North Sakwa Ward,49,Migori,1548,Awendo,true,true,false,true,NAME_VARIANT_SAME_IDENTITY,SubCounty differs textually but resolves to the same normalized SubCounty identity.
1459,Migori,Awendo Sub County,South Sakwa Ward,1029,South Sakwa Ward,49,Migori,1548,Awendo,true,true,false,true,NAME_VARIANT_SAME_IDENTITY,SubCounty differs textually but resolves to the same normalized SubCounty identity.
1460,Migori,Awendo Sub County,West Sakwa Ward,1030,West Sakwa Ward,49,Migori,1548,Awendo,true,true,false,true,NAME_VARIANT_SAME_IDENTITY,SubCounty differs textually but resolves to the same normalized SubCounty identity.
1461,Migori,Awendo Sub County,Central Sakwa Ward,1031,Central Sakwa Ward,49,Migori,1548,Awendo,true,true,false,true,NAME_VARIANT_SAME_IDENTITY,SubCounty differs textually but resolves to the same normalized SubCounty identity.
1462,Migori,Suna East Sub County,God Jope  Ward,1032,God Jope  Ward,49,Migori,1553,Suna East,true,true,false,true,NAME_VARIANT_SAME_IDENTITY,SubCounty differs textually but resolves to the same normalized SubCounty identity.
1463,Migori,Suna East Sub County,Suna Central Ward,1033,Suna Central Ward,49,Migori,1553,Suna East,true,true,false,true,NAME_VARIANT_SAME_IDENTITY,SubCounty differs textually but resolves to the same normalized SubCounty identity.
1464,Migori,Suna East Sub County,Kakrao Ward,1034,Kakrao Ward,49,Migori,1553,Suna East,true,true,false,true,NAME_VARIANT_SAME_IDENTITY,SubCounty differs textually but resolves to the same normalized SubCounty identity.
1465,Migori,Suna East Sub County,Kwa Ward,1035,Kwa Ward,49,Migori,1553,Suna East,true,true,false,true,NAME_VARIANT_SAME_IDENTITY,SubCounty differs textually but resolves to the same normalized SubCounty identity.
1466,Migori,Suna West Sub County,Wiga Ward,1036,Wiga Ward,49,Migori,1554,Suna West,true,true,false,true,NAME_VARIANT_SAME_IDENTITY,SubCounty differs textually but resolves to the same normalized SubCounty identity.
1467,Migori,Suna West Sub County,Waseweta Ii Ward,1037,Waseweta Ii Ward,49,Migori,1554,Suna West,true,true,false,true,NAME_VARIANT_SAME_IDENTITY,SubCounty differs textually but resolves to the same normalized SubCounty identity.
1468,Migori,Suna West Sub County,Ragana-oruba Ward,1038,Ragana-oruba Ward,49,Migori,1554,Suna West,true,true,false,true,NAME_VARIANT_SAME_IDENTITY,SubCounty differs textually but resolves to the same normalized SubCounty identity.
1469,Migori,Suna West Sub County,Wasimbete Ward,1039,Wasimbete Ward,49,Migori,1554,Suna West,true,true,false,true,NAME_VARIANT_SAME_IDENTITY,SubCounty differs textually but resolves to the same normalized SubCounty identity.
1470,Migori,Uriri Sub County,West Kanyamkago Ward,1040,West Kanyamkago Ward,49,Migori,1555,Uriri,true,true,false,true,NAME_VARIANT_SAME_IDENTITY,SubCounty differs textually but resolves to the same normalized SubCounty identity.
1471,Migori,Uriri Sub County,North  Kanyamkago Ward,1041,North  Kanyamkago Ward,49,Migori,1555,Uriri,true,true,false,true,NAME_VARIANT_SAME_IDENTITY,SubCounty differs textually but resolves to the same normalized SubCounty identity.
1472,Migori,Uriri Sub County,Central Kanyamkago Ward,1042,Central Kanyamkago Ward,49,Migori,1555,Uriri,true,true,false,true,NAME_VARIANT_SAME_IDENTITY,SubCounty differs textually but resolves to the same normalized SubCounty identity.
1473,Migori,Uriri Sub County,South Kanyamkago Ward,1043,South Kanyamkago Ward,49,Migori,1555,Uriri,true,true,false,true,NAME_VARIANT_SAME_IDENTITY,SubCounty differs textually but resolves to the same normalized SubCounty identity.
1474,Migori,Uriri Sub County,East Kanyamkago Ward,1044,East Kanyamkago Ward,49,Migori,1555,Uriri,true,true,false,true,NAME_VARIANT_SAME_IDENTITY,SubCounty differs textually but resolves to the same normalized SubCounty identity.
1475,Migori,Nyatike Sub County,Kachieng' Ward,1045,Kachieng' Ward,49,Migori,1551,Nyatike,true,true,false,true,NAME_VARIANT_SAME_IDENTITY,SubCounty differs textually but resolves to the same normalized SubCounty identity.
1486,Migori,Kuria West Sub County,Masaba Ward,1046,Masaba Ward,49,Migori,1550,Kuria West,true,true,false,true,NAME_VARIANT_SAME_IDENTITY,SubCounty differs textually but resolves to the same normalized SubCounty identity.
1490,Migori,Kuria East Sub County,Ntimaru West Ward,1047,Ntimaru West Ward,49,Migori,1549,Kuria East,true,true,false,true,NAME_VARIANT_SAME_IDENTITY,SubCounty differs textually but resolves to the same normalized SubCounty identity.
1520,Machakos,Athi River Sub County,Mathatani Ward,1048,Mathatani Ward,50,Machakos,1351,Athi River,true,true,false,true,NAME_VARIANT_SAME_IDENTITY,SubCounty differs textually but resolves to the same normalized SubCounty identity.
1521,Machakos,Athi River Sub County,Syokimau-mulolongo Ward,1049,Syokimau-mulolongo Ward,50,Machakos,1351,Athi River,true,true,false,true,NAME_VARIANT_SAME_IDENTITY,SubCounty differs textually but resolves to the same normalized SubCounty identity.
1522,Machakos,Machakos Sub County,Kalama Ward,1050,Kalama Ward,50,Machakos,1355,Machakos,true,true,false,true,NAME_VARIANT_SAME_IDENTITY,SubCounty differs textually but resolves to the same normalized SubCounty identity.
1523,Machakos,Machakos Sub County,Mua Ward,1051,Mua Ward,50,Machakos,1355,Machakos,true,true,false,true,NAME_VARIANT_SAME_IDENTITY,SubCounty differs textually but resolves to the same normalized SubCounty identity.
1524,Machakos,Machakos Sub County,Mutituni Ward,1052,Mutituni Ward,50,Machakos,1355,Machakos,true,true,false,true,NAME_VARIANT_SAME_IDENTITY,SubCounty differs textually but resolves to the same normalized SubCounty identity.
1525,Machakos,Machakos Sub County,Township Ward,1053,Township Ward,50,Machakos,1355,Machakos,true,true,false,true,NAME_VARIANT_SAME_IDENTITY,SubCounty differs textually but resolves to the same normalized SubCounty identity.
1526,Machakos,Machakos Sub County,Mumbuni North Ward,1054,Mumbuni North Ward,50,Machakos,1355,Machakos,true,true,false,true,NAME_VARIANT_SAME_IDENTITY,SubCounty differs textually but resolves to the same normalized SubCounty identity.
1527,Machakos,Machakos Sub County,Muvuti-kiima-kimwe Ward,1055,Muvuti-kiima-kimwe Ward,50,Machakos,1355,Machakos,true,true,false,true,NAME_VARIANT_SAME_IDENTITY,SubCounty differs textually but resolves to the same normalized SubCounty identity.
1528,Machakos,Machakos Sub County,Kola Ward,1056,Kola Ward,50,Machakos,1355,Machakos,true,true,false,true,NAME_VARIANT_SAME_IDENTITY,SubCounty differs textually but resolves to the same normalized SubCounty identity.
1529,Machakos,Mwala Sub County,Mbiuni Ward,1057,Mbiuni Ward,50,Machakos,1358,Mwala,true,true,false,true,NAME_VARIANT_SAME_IDENTITY,SubCounty differs textually but resolves to the same normalized SubCounty identity.
1530,Machakos,Mwala Sub County,Makutano-mwala Ward,1058,Makutano-mwala Ward,50,Machakos,1358,Mwala,true,true,false,true,NAME_VARIANT_SAME_IDENTITY,SubCounty differs textually but resolves to the same normalized SubCounty identity.
1531,Machakos,Mwala Sub County,Masii Ward,1059,Masii Ward,50,Machakos,1358,Mwala,true,true,false,true,NAME_VARIANT_SAME_IDENTITY,SubCounty differs textually but resolves to the same normalized SubCounty identity.
1532,Machakos,Mwala Sub County,Muthetheni Ward,1060,Muthetheni Ward,50,Machakos,1358,Mwala,true,true,false,true,NAME_VARIANT_SAME_IDENTITY,SubCounty differs textually but resolves to the same normalized SubCounty identity.
1533,Machakos,Mwala Sub County,Wamunyu Ward,1061,Wamunyu Ward,50,Machakos,1358,Mwala,true,true,false,true,NAME_VARIANT_SAME_IDENTITY,SubCounty differs textually but resolves to the same normalized SubCounty identity.
1534,Machakos,Mwala Sub County,Kibauni Ward,1062,Kibauni Ward,50,Machakos,1358,Mwala,true,true,false,true,NAME_VARIANT_SAME_IDENTITY,SubCounty differs textually but resolves to the same normalized SubCounty identity.
1535,Homa Bay,Kasipul Sub County,West Kasipul Ward,1063,West Kasipul Ward,51,Homa Bay,267,Kasipul Sub County,true,true,true,true,EXACT_MATCH,Authoritative County and SubCounty names exactly match the database relational lineage.
1536,Homa Bay,Kasipul Sub County,South Kasipul Ward,1064,South Kasipul Ward,51,Homa Bay,267,Kasipul Sub County,true,true,true,true,EXACT_MATCH,Authoritative County and SubCounty names exactly match the database relational lineage.
1537,Homa Bay,Kasipul Sub County,Central Kasipul Ward,1065,Central Kasipul Ward,51,Homa Bay,267,Kasipul Sub County,true,true,true,true,EXACT_MATCH,Authoritative County and SubCounty names exactly match the database relational lineage.
1538,Homa Bay,Kasipul Sub County,East Kamagak Ward,1066,East Kamagak Ward,51,Homa Bay,267,Kasipul Sub County,true,true,true,true,EXACT_MATCH,Authoritative County and SubCounty names exactly match the database relational lineage.
1539,Homa Bay,Kasipul Sub County,West Kamagak Ward,1067,West Kamagak Ward,51,Homa Bay,267,Kasipul Sub County,true,true,true,true,EXACT_MATCH,Authoritative County and SubCounty names exactly match the database relational lineage.
1540,Homa Bay,Kabondo Kasipul Sub County,Kabondo East Ward,1068,Kabondo East Ward,51,Homa Bay,268,Kabondo Kasipul Sub County,true,true,true,true,EXACT_MATCH,Authoritative County and SubCounty names exactly match the database relational lineage.
1541,Homa Bay,Kabondo Kasipul Sub County,Kabondo West Ward,1069,Kabondo West Ward,51,Homa Bay,268,Kabondo Kasipul Sub County,true,true,true,true,EXACT_MATCH,Authoritative County and SubCounty names exactly match the database relational lineage.
1542,Homa Bay,Kabondo Kasipul Sub County,Kokwanyo/kakelo Ward,1070,Kokwanyo/kakelo Ward,51,Homa Bay,268,Kabondo Kasipul Sub County,true,true,true,true,EXACT_MATCH,Authoritative County and SubCounty names exactly match the database relational lineage.
1543,Homa Bay,Kabondo Kasipul Sub County,Kojwach Ward,1071,Kojwach Ward,51,Homa Bay,268,Kabondo Kasipul Sub County,true,true,true,true,EXACT_MATCH,Authoritative County and SubCounty names exactly match the database relational lineage.
1544,Homa Bay,Karachuonyo Sub County,West Karachuonyo Ward,1072,West Karachuonyo Ward,51,Homa Bay,269,Karachuonyo Sub County,true,true,true,true,EXACT_MATCH,Authoritative County and SubCounty names exactly match the database relational lineage.
1545,Homa Bay,Karachuonyo Sub County,North Karachuonyo Ward,1073,North Karachuonyo Ward,51,Homa Bay,269,Karachuonyo Sub County,true,true,true,true,EXACT_MATCH,Authoritative County and SubCounty names exactly match the database relational lineage.
1546,Homa Bay,Karachuonyo Sub County,Central Ward,1074,Central Ward,51,Homa Bay,269,Karachuonyo Sub County,true,true,true,true,EXACT_MATCH,Authoritative County and SubCounty names exactly match the database relational lineage.
1547,Homa Bay,Karachuonyo Sub County,Kanyaluo Ward,1075,Kanyaluo Ward,51,Homa Bay,269,Karachuonyo Sub County,true,true,true,true,EXACT_MATCH,Authoritative County and SubCounty names exactly match the database relational lineage.
1553,Homa Bay,Rangwe Sub County,Kagan Ward,1076,Kagan Ward,51,Homa Bay,1545,Rangwe,true,true,false,true,NAME_VARIANT_SAME_IDENTITY,SubCounty differs textually but resolves to the same normalized SubCounty identity.
1554,Homa Bay,Rangwe Sub County,Kochia Ward,1077,Kochia Ward,51,Homa Bay,1545,Rangwe,true,true,false,true,NAME_VARIANT_SAME_IDENTITY,SubCounty differs textually but resolves to the same normalized SubCounty identity.
1555,Homa Bay,Homa Bay Town Sub County,Homa Bay Central Ward,1078,Homa Bay Central Ward,51,Homa Bay,271,Homa Bay Town Sub County,true,true,true,true,EXACT_MATCH,Authoritative County and SubCounty names exactly match the database relational lineage.
1556,Homa Bay,Homa Bay Town Sub County,Homa Bay Arujo Ward,1079,Homa Bay Arujo Ward,51,Homa Bay,271,Homa Bay Town Sub County,true,true,true,true,EXACT_MATCH,Authoritative County and SubCounty names exactly match the database relational lineage.
1558,Homa Bay,Homa Bay Town Sub County,Homa Bay East Ward,1080,Homa Bay East Ward,51,Homa Bay,271,Homa Bay Town Sub County,true,true,true,true,EXACT_MATCH,Authoritative County and SubCounty names exactly match the database relational lineage.
1559,Homa Bay,Ndhiwa Sub County,Kwabwai Ward,1081,Kwabwai Ward,51,Homa Bay,1541,Ndhiwa,true,true,false,true,NAME_VARIANT_SAME_IDENTITY,SubCounty differs textually but resolves to the same normalized SubCounty identity.
1560,Homa Bay,Ndhiwa Sub County,Kanyadoto Ward,1082,Kanyadoto Ward,51,Homa Bay,1541,Ndhiwa,true,true,false,true,NAME_VARIANT_SAME_IDENTITY,SubCounty differs textually but resolves to the same normalized SubCounty identity.
1561,Homa Bay,Ndhiwa Sub County,Kanyikela Ward,1083,Kanyikela Ward,51,Homa Bay,1541,Ndhiwa,true,true,false,true,NAME_VARIANT_SAME_IDENTITY,SubCounty differs textually but resolves to the same normalized SubCounty identity.
1562,Homa Bay,Ndhiwa Sub County,Kabouch North Ward,1084,Kabouch North Ward,51,Homa Bay,1541,Ndhiwa,true,true,false,true,NAME_VARIANT_SAME_IDENTITY,SubCounty differs textually but resolves to the same normalized SubCounty identity.
1563,Homa Bay,Ndhiwa Sub County,Kabuoch South/pala Ward,1085,Kabuoch South/pala Ward,51,Homa Bay,1541,Ndhiwa,true,true,false,true,NAME_VARIANT_SAME_IDENTITY,SubCounty differs textually but resolves to the same normalized SubCounty identity.
1565,Homa Bay,Ndhiwa Sub County,Kanyamwa Kosewe Ward,1086,Kanyamwa Kosewe Ward,51,Homa Bay,1541,Ndhiwa,true,true,false,true,NAME_VARIANT_SAME_IDENTITY,SubCounty differs textually but resolves to the same normalized SubCounty identity.
1566,Homa Bay,Mbita Sub County,Mfangano Island Ward,1087,Mfangano Island Ward,51,Homa Bay,273,Mbita Sub County,true,true,true,true,EXACT_MATCH,Authoritative County and SubCounty names exactly match the database relational lineage.
1567,Homa Bay,Mbita Sub County,Rusinga Island Ward,1088,Rusinga Island Ward,51,Homa Bay,273,Mbita Sub County,true,true,true,true,EXACT_MATCH,Authoritative County and SubCounty names exactly match the database relational lineage.
1568,Homa Bay,Mbita Sub County,Kasgunga Ward,1089,Kasgunga Ward,51,Homa Bay,273,Mbita Sub County,true,true,true,true,EXACT_MATCH,Authoritative County and SubCounty names exactly match the database relational lineage.
1579,Vihiga,Sabatia Sub County,Chavakali Ward,1090,Chavakali Ward,52,Vihiga,1508,Sabatia,true,true,false,true,NAME_VARIANT_SAME_IDENTITY,SubCounty differs textually but resolves to the same normalized SubCounty identity.
1582,Vihiga,Sabatia Sub County,Busali Ward,1091,Busali Ward,52,Vihiga,1508,Sabatia,true,true,false,true,NAME_VARIANT_SAME_IDENTITY,SubCounty differs textually but resolves to the same normalized SubCounty identity.
1583,Vihiga,Hamisi Sub County,Shiru Ward,1092,Shiru Ward,52,Vihiga,1510,Hamisi,true,true,false,true,NAME_VARIANT_SAME_IDENTITY,SubCounty differs textually but resolves to the same normalized SubCounty identity.
1584,Vihiga,Hamisi Sub County,Gisambai Ward,1093,Gisambai Ward,52,Vihiga,1510,Hamisi,true,true,false,true,NAME_VARIANT_SAME_IDENTITY,SubCounty differs textually but resolves to the same normalized SubCounty identity.
1585,Vihiga,Hamisi Sub County,Muhudu Ward,1094,Muhudu Ward,52,Vihiga,1510,Hamisi,true,true,false,true,NAME_VARIANT_SAME_IDENTITY,SubCounty differs textually but resolves to the same normalized SubCounty identity.
1586,Vihiga,Hamisi Sub County,Tambua Ward,1095,Tambua Ward,52,Vihiga,1510,Hamisi,true,true,false,true,NAME_VARIANT_SAME_IDENTITY,SubCounty differs textually but resolves to the same normalized SubCounty identity.
1587,Vihiga,Hamisi Sub County,Jepkoyai Ward,1096,Jepkoyai Ward,52,Vihiga,1510,Hamisi,true,true,false,true,NAME_VARIANT_SAME_IDENTITY,SubCounty differs textually but resolves to the same normalized SubCounty identity.
1591,Vihiga,Luanda Sub County,Luanda South Ward,1097,Luanda South Ward,52,Vihiga,1509,Luanda,true,true,false,true,NAME_VARIANT_SAME_IDENTITY,SubCounty differs textually but resolves to the same normalized SubCounty identity.
1593,Vihiga,Emuhaya Sub County,North East Bunyore Ward,1098,North East Bunyore Ward,52,Vihiga,1506,Emuhaya,true,true,false,true,NAME_VARIANT_SAME_IDENTITY,SubCounty differs textually but resolves to the same normalized SubCounty identity.
1596,Vihiga,Hamisi Sub County,Banja Ward,1099,Banja Ward,52,Vihiga,1510,Hamisi,true,true,false,true,NAME_VARIANT_SAME_IDENTITY,SubCounty differs textually but resolves to the same normalized SubCounty identity.
1597,Vihiga,Vihiga Sub County,South Maragoli Ward,1100,South Maragoli Ward,52,Vihiga,1507,Vihiga,true,true,false,true,NAME_VARIANT_SAME_IDENTITY,SubCounty differs textually but resolves to the same normalized SubCounty identity.
1598,Vihiga,Hamisi Sub County,Shamakhokho Ward,1101,Shamakhokho Ward,52,Vihiga,1510,Hamisi,true,true,false,true,NAME_VARIANT_SAME_IDENTITY,SubCounty differs textually but resolves to the same normalized SubCounty identity.
1600,Bungoma,Cheptais Sub County,Cheptais Ward,1102,Cheptais Ward,53,Bungoma,1516,Cheptais,true,true,false,true,NAME_VARIANT_SAME_IDENTITY,SubCounty differs textually but resolves to the same normalized SubCounty identity.
1603,Bungoma,Cheptais Sub County,Kakateny Ward,1103,Kakateny Ward,53,Bungoma,1516,Cheptais,true,true,false,true,NAME_VARIANT_SAME_IDENTITY,SubCounty differs textually but resolves to the same normalized SubCounty identity.
1604,Bungoma,Mt Elgon Sub County,Kaptama Ward,1104,Kaptama Ward,53,Bungoma,280,Mt Elgon Sub County,true,true,true,true,EXACT_MATCH,Authoritative County and SubCounty names exactly match the database relational lineage.
1607,Bungoma,Sirisia Sub County,Malakisi/south Kulisiru Ward,1105,Malakisi/south Kulisiru Ward,53,Bungoma,281,Sirisia Sub County,true,true,true,true,EXACT_MATCH,Authoritative County and SubCounty names exactly match the database relational lineage.
1608,Bungoma,Sirisia Sub County,Lwandanyi Ward,1106,Lwandanyi Ward,53,Bungoma,281,Sirisia Sub County,true,true,true,true,EXACT_MATCH,Authoritative County and SubCounty names exactly match the database relational lineage.
1610,Bungoma,Kabuchai Sub County,West Nalondo Ward,1107,West Nalondo Ward,53,Bungoma,282,Kabuchai Sub County,true,true,true,true,EXACT_MATCH,Authoritative County and SubCounty names exactly match the database relational lineage.
1612,Bungoma,Kabuchai Sub County,Mukuyuni Ward,1108,Mukuyuni Ward,53,Bungoma,282,Kabuchai Sub County,true,true,true,true,EXACT_MATCH,Authoritative County and SubCounty names exactly match the database relational lineage.
1616,Bungoma,Bumula Sub County,Kabula  Ward,1109,Kabula  Ward,53,Bungoma,1511,Bumula,true,true,false,true,NAME_VARIANT_SAME_IDENTITY,SubCounty differs textually but resolves to the same normalized SubCounty identity.
1617,Bungoma,Bumula Sub County,Kimaeti Ward,1110,Kimaeti Ward,53,Bungoma,1511,Bumula,true,true,false,true,NAME_VARIANT_SAME_IDENTITY,SubCounty differs textually but resolves to the same normalized SubCounty identity.
1619,Bungoma,Bumula Sub County,Siboti Ward,1111,Siboti Ward,53,Bungoma,1511,Bumula,true,true,false,true,NAME_VARIANT_SAME_IDENTITY,SubCounty differs textually but resolves to the same normalized SubCounty identity.
1620,Bungoma,Kanduyi Sub County,Bukembe West Ward,1112,Bukembe West Ward,53,Bungoma,284,Kanduyi Sub County,true,true,true,true,EXACT_MATCH,Authoritative County and SubCounty names exactly match the database relational lineage.
1621,Bungoma,Kanduyi Sub County,Bukembe East Ward,1113,Bukembe East Ward,53,Bungoma,284,Kanduyi Sub County,true,true,true,true,EXACT_MATCH,Authoritative County and SubCounty names exactly match the database relational lineage.
1634,Bungoma,Webuye West Sub County,Bokoli Ward,1114,Bokoli Ward,53,Bungoma,1520,Webuye West,true,true,false,true,NAME_VARIANT_SAME_IDENTITY,SubCounty differs textually but resolves to the same normalized SubCounty identity.
1635,Bungoma,Kimilili Sub County,Kibingei Ward,1115,Kibingei Ward,53,Bungoma,1517,Kimilili,true,true,false,true,NAME_VARIANT_SAME_IDENTITY,SubCounty differs textually but resolves to the same normalized SubCounty identity.
1636,Bungoma,Kimilili Sub County,Kimilili Ward,1116,Kimilili Ward,53,Bungoma,1517,Kimilili,true,true,false,true,NAME_VARIANT_SAME_IDENTITY,SubCounty differs textually but resolves to the same normalized SubCounty identity.
1637,Bungoma,Kimilili Sub County,Maeni Ward,1117,Maeni Ward,53,Bungoma,1517,Kimilili,true,true,false,true,NAME_VARIANT_SAME_IDENTITY,SubCounty differs textually but resolves to the same normalized SubCounty identity.
1638,Bungoma,Kimilili Sub County,Kamukuywa Ward,1118,Kamukuywa Ward,53,Bungoma,1517,Kimilili,true,true,false,true,NAME_VARIANT_SAME_IDENTITY,SubCounty differs textually but resolves to the same normalized SubCounty identity.
1639,Bungoma,Tongaren Sub County,Mbakalo Ward,1119,Mbakalo Ward,53,Bungoma,1519,Tongaren,true,true,false,true,NAME_VARIANT_SAME_IDENTITY,SubCounty differs textually but resolves to the same normalized SubCounty identity.
1640,Bungoma,Tongaren Sub County,Naitiri/kabuyefwe Ward,1120,Naitiri/kabuyefwe Ward,53,Bungoma,1519,Tongaren,true,true,false,true,NAME_VARIANT_SAME_IDENTITY,SubCounty differs textually but resolves to the same normalized SubCounty identity.
1641,Bungoma,Tongaren Sub County,Milima Ward,1121,Milima Ward,53,Bungoma,1519,Tongaren,true,true,false,true,NAME_VARIANT_SAME_IDENTITY,SubCounty differs textually but resolves to the same normalized SubCounty identity.
1642,Bungoma,Tongaren Sub County,Ndalu/ Tabani Ward,1122,Ndalu/ Tabani Ward,53,Bungoma,1519,Tongaren,true,true,false,true,NAME_VARIANT_SAME_IDENTITY,SubCounty differs textually but resolves to the same normalized SubCounty identity.
1643,Bungoma,Tongaren Sub County,Tongaren Ward,1123,Tongaren Ward,53,Bungoma,1519,Tongaren,true,true,false,true,NAME_VARIANT_SAME_IDENTITY,SubCounty differs textually but resolves to the same normalized SubCounty identity.
1644,Bungoma,Tongaren Sub County,Soysambu/ Mitua Ward,1124,Soysambu/ Mitua Ward,53,Bungoma,1519,Tongaren,true,true,false,true,NAME_VARIANT_SAME_IDENTITY,SubCounty differs textually but resolves to the same normalized SubCounty identity.
1645,Kakamega,Lugari Sub County,Mautuma Ward,1125,Mautuma Ward,54,Kakamega,1500,Lugari,true,true,false,true,NAME_VARIANT_SAME_IDENTITY,SubCounty differs textually but resolves to the same normalized SubCounty identity.
1646,Kakamega,Lugari Sub County,Lugari Ward,1126,Lugari Ward,54,Kakamega,1500,Lugari,true,true,false,true,NAME_VARIANT_SAME_IDENTITY,SubCounty differs textually but resolves to the same normalized SubCounty identity.
1647,Kakamega,Lugari Sub County,Lumakanda Ward,1127,Lumakanda Ward,54,Kakamega,1500,Lugari,true,true,false,true,NAME_VARIANT_SAME_IDENTITY,SubCounty differs textually but resolves to the same normalized SubCounty identity.
1648,Kakamega,Lugari Sub County,Chekalini Ward,1128,Chekalini Ward,54,Kakamega,1500,Lugari,true,true,false,true,NAME_VARIANT_SAME_IDENTITY,SubCounty differs textually but resolves to the same normalized SubCounty identity.
1649,Kakamega,Lugari Sub County,Chevaywa Ward,1129,Chevaywa Ward,54,Kakamega,1500,Lugari,true,true,false,true,NAME_VARIANT_SAME_IDENTITY,SubCounty differs textually but resolves to the same normalized SubCounty identity.
1650,Kakamega,Lugari Sub County,Lwandeti Ward,1130,Lwandeti Ward,54,Kakamega,1500,Lugari,true,true,false,true,NAME_VARIANT_SAME_IDENTITY,SubCounty differs textually but resolves to the same normalized SubCounty identity.
1651,Kakamega,Likuyani Sub County,Likuyani Ward,1131,Likuyani Ward,54,Kakamega,1499,Likuyani,true,true,false,true,NAME_VARIANT_SAME_IDENTITY,SubCounty differs textually but resolves to the same normalized SubCounty identity.
1652,Kakamega,Likuyani Sub County,Sango Ward,1132,Sango Ward,54,Kakamega,1499,Likuyani,true,true,false,true,NAME_VARIANT_SAME_IDENTITY,SubCounty differs textually but resolves to the same normalized SubCounty identity.
1653,Kakamega,Likuyani Sub County,Kongoni Ward,1133,Kongoni Ward,54,Kakamega,1499,Likuyani,true,true,false,true,NAME_VARIANT_SAME_IDENTITY,SubCounty differs textually but resolves to the same normalized SubCounty identity.
1654,Kakamega,Likuyani Sub County,Nzoia Ward,1134,Nzoia Ward,54,Kakamega,1499,Likuyani,true,true,false,true,NAME_VARIANT_SAME_IDENTITY,SubCounty differs textually but resolves to the same normalized SubCounty identity.
1655,Kakamega,Likuyani Sub County,Sinoko Ward,1135,Sinoko Ward,54,Kakamega,1499,Likuyani,true,true,false,true,NAME_VARIANT_SAME_IDENTITY,SubCounty differs textually but resolves to the same normalized SubCounty identity.
1656,Kakamega,Malava Sub County,West Kabras Ward,1136,West Kabras Ward,54,Kakamega,290,Malava Sub County,true,true,true,true,EXACT_MATCH,Authoritative County and SubCounty names exactly match the database relational lineage.
1657,Kakamega,Malava Sub County,Chemuche Ward,1137,Chemuche Ward,54,Kakamega,290,Malava Sub County,true,true,true,true,EXACT_MATCH,Authoritative County and SubCounty names exactly match the database relational lineage.
1658,Kakamega,Malava Sub County,East Kabras Ward,1138,East Kabras Ward,54,Kakamega,290,Malava Sub County,true,true,true,true,EXACT_MATCH,Authoritative County and SubCounty names exactly match the database relational lineage.
1659,Kakamega,Malava Sub County,Butali Chegulo Ward,1139,Butali Chegulo Ward,54,Kakamega,290,Malava Sub County,true,true,true,true,EXACT_MATCH,Authoritative County and SubCounty names exactly match the database relational lineage.
1660,Kakamega,Malava Sub County,Manda-shivanga Ward,1140,Manda-shivanga Ward,54,Kakamega,290,Malava Sub County,true,true,true,true,EXACT_MATCH,Authoritative County and SubCounty names exactly match the database relational lineage.
1661,Kakamega,Malava Sub County,Shirungu-mugai Ward,1141,Shirungu-mugai Ward,54,Kakamega,290,Malava Sub County,true,true,true,true,EXACT_MATCH,Authoritative County and SubCounty names exactly match the database relational lineage.
1662,Kakamega,Malava Sub County,South Kabras Ward,1142,South Kabras Ward,54,Kakamega,290,Malava Sub County,true,true,true,true,EXACT_MATCH,Authoritative County and SubCounty names exactly match the database relational lineage.
1663,Kakamega,Lurambi Sub County,Butsotso East Ward,1143,Butsotso East Ward,54,Kakamega,291,Lurambi Sub County,true,true,true,true,EXACT_MATCH,Authoritative County and SubCounty names exactly match the database relational lineage.
1664,Kakamega,Lurambi Sub County,Butsotso South  Ward,1144,Butsotso South  Ward,54,Kakamega,291,Lurambi Sub County,true,true,true,true,EXACT_MATCH,Authoritative County and SubCounty names exactly match the database relational lineage.
1665,Kakamega,Lurambi Sub County,Butsotso Central Ward,1145,Butsotso Central Ward,54,Kakamega,291,Lurambi Sub County,true,true,true,true,EXACT_MATCH,Authoritative County and SubCounty names exactly match the database relational lineage.
1666,Kakamega,Lurambi Sub County,Sheywe Ward,1146,Sheywe Ward,54,Kakamega,291,Lurambi Sub County,true,true,true,true,EXACT_MATCH,Authoritative County and SubCounty names exactly match the database relational lineage.
1667,Kakamega,Lurambi Sub County,Mahiakalo Ward,1147,Mahiakalo Ward,54,Kakamega,291,Lurambi Sub County,true,true,true,true,EXACT_MATCH,Authoritative County and SubCounty names exactly match the database relational lineage.
1668,Kakamega,Lurambi Sub County,Shirere Ward,1148,Shirere Ward,54,Kakamega,291,Lurambi Sub County,true,true,true,true,EXACT_MATCH,Authoritative County and SubCounty names exactly match the database relational lineage.
1669,Kakamega,Navakholo Sub County,Ingoste-matiha Ward,1149,Ingoste-matiha Ward,54,Kakamega,1505,Navakholo,true,true,false,true,NAME_VARIANT_SAME_IDENTITY,SubCounty differs textually but resolves to the same normalized SubCounty identity.
1670,Kakamega,Navakholo Sub County,Shinoyi-shikomari-esumeiya Ward,1150,Shinoyi-shikomari-esumeiya Ward,54,Kakamega,1505,Navakholo,true,true,false,true,NAME_VARIANT_SAME_IDENTITY,SubCounty differs textually but resolves to the same normalized SubCounty identity.
1671,Kakamega,Navakholo Sub County,Bunyala West Ward,1151,Bunyala West Ward,54,Kakamega,1505,Navakholo,true,true,false,true,NAME_VARIANT_SAME_IDENTITY,SubCounty differs textually but resolves to the same normalized SubCounty identity.
1672,Kakamega,Navakholo Sub County,Bunyala East Ward,1152,Bunyala East Ward,54,Kakamega,1505,Navakholo,true,true,false,true,NAME_VARIANT_SAME_IDENTITY,SubCounty differs textually but resolves to the same normalized SubCounty identity.
1673,Kakamega,Navakholo Sub County,Bunyala Central Ward,1153,Bunyala Central Ward,54,Kakamega,1505,Navakholo,true,true,false,true,NAME_VARIANT_SAME_IDENTITY,SubCounty differs textually but resolves to the same normalized SubCounty identity.
1674,Kakamega,Mumias West  Sub County,Mumias Central Ward,1154,Mumias Central Ward,54,Kakamega,1504,Mumias West,true,true,false,true,NAME_VARIANT_SAME_IDENTITY,SubCounty differs textually but resolves to the same normalized SubCounty identity.
1796,Mombasa,Changamwe Sub County,Kipevu Ward,1155,Kipevu Ward,55,Mombasa,1251,Changamwe,true,true,false,true,NAME_VARIANT_SAME_IDENTITY,SubCounty differs textually but resolves to the same normalized SubCounty identity.
961,KERICHO,AINAMOI,BELGUT,1156,BELGUT,56,Kericho,295,AINAMOI,false,true,true,true,NAME_VARIANT_SAME_IDENTITY,County differs textually but resolves to the same normalized County identity.
94,TANA RIVER,Galole Sub County,Chewani Ward,1157,Chewani Ward,57,Tana River,296,Galole Sub County,false,true,true,true,NAME_VARIANT_SAME_IDENTITY,County differs textually but resolves to the same normalized County identity.
92,TANA RIVER,Galole Sub County,Kinakomba Ward,1158,Kinakomba Ward,57,Tana River,296,Galole Sub County,false,true,true,true,NAME_VARIANT_SAME_IDENTITY,County differs textually but resolves to the same normalized County identity.
1476,Migori,Nyatike Sub County,Kanyasa Ward,1159,Kanyasa Ward,49,Migori,1551,Nyatike,true,true,false,true,NAME_VARIANT_SAME_IDENTITY,SubCounty differs textually but resolves to the same normalized SubCounty identity.
1477,Migori,Nyatike Sub County,North Kadem Ward,1160,North Kadem Ward,49,Migori,1551,Nyatike,true,true,false,true,NAME_VARIANT_SAME_IDENTITY,SubCounty differs textually but resolves to the same normalized SubCounty identity.
1478,Migori,Nyatike Sub County,Macalder/kanyarwanda Ward,1161,Macalder/kanyarwanda Ward,49,Migori,1551,Nyatike,true,true,false,true,NAME_VARIANT_SAME_IDENTITY,SubCounty differs textually but resolves to the same normalized SubCounty identity.
1479,Migori,Nyatike Sub County,Kaler Ward,1162,Kaler Ward,49,Migori,1551,Nyatike,true,true,false,true,NAME_VARIANT_SAME_IDENTITY,SubCounty differs textually but resolves to the same normalized SubCounty identity.
1480,Migori,Nyatike Sub County,Got Kachola Ward,1163,Got Kachola Ward,49,Migori,1551,Nyatike,true,true,false,true,NAME_VARIANT_SAME_IDENTITY,SubCounty differs textually but resolves to the same normalized SubCounty identity.
1481,Migori,Nyatike Sub County,Muhuru Ward,1164,Muhuru Ward,49,Migori,1551,Nyatike,true,true,false,true,NAME_VARIANT_SAME_IDENTITY,SubCounty differs textually but resolves to the same normalized SubCounty identity.
1482,Migori,Kuria West Sub County,Bukira East Ward,1165,Bukira East Ward,49,Migori,1550,Kuria West,true,true,false,true,NAME_VARIANT_SAME_IDENTITY,SubCounty differs textually but resolves to the same normalized SubCounty identity.
1483,Migori,Kuria West Sub County,Bukira Central/ikerege Ward,1166,Bukira Central/ikerege Ward,49,Migori,1550,Kuria West,true,true,false,true,NAME_VARIANT_SAME_IDENTITY,SubCounty differs textually but resolves to the same normalized SubCounty identity.
1484,Migori,Kuria West Sub County,Isibania Ward,1167,Isibania Ward,49,Migori,1550,Kuria West,true,true,false,true,NAME_VARIANT_SAME_IDENTITY,SubCounty differs textually but resolves to the same normalized SubCounty identity.
1797,Mombasa,Changamwe Sub County,Airport Ward,1168,Airport Ward,55,Mombasa,1251,Changamwe,true,true,false,true,NAME_VARIANT_SAME_IDENTITY,SubCounty differs textually but resolves to the same normalized SubCounty identity.
101,LAMU,LAMU EAST,FAZA,1169,FAZA,58,Lamu,1274,Lamu East,false,true,false,true,NAME_VARIANT_SAME_IDENTITY,County and SubCounty differ textually but resolve to the same normalized relational identities.
102,LAMU,LAMU EAST,KIUNGA,1170,KIUNGA,58,Lamu,1274,Lamu East,false,true,false,true,NAME_VARIANT_SAME_IDENTITY,County and SubCounty differ textually but resolve to the same normalized relational identities.
103,LAMU,LAMU EAST,BASUBA,1171,BASUBA,58,Lamu,1274,Lamu East,false,true,false,true,NAME_VARIANT_SAME_IDENTITY,County and SubCounty differ textually but resolve to the same normalized relational identities.
104,LAMU,LAMU WEST,SHELLA,1172,SHELLA,58,Lamu,1275,Lamu West,false,true,false,true,NAME_VARIANT_SAME_IDENTITY,County and SubCounty differ textually but resolve to the same normalized relational identities.
105,LAMU,LAMU WEST,MKOMAMI,1173,MKOMAMI,58,Lamu,1275,Lamu West,false,true,false,true,NAME_VARIANT_SAME_IDENTITY,County and SubCounty differ textually but resolve to the same normalized relational identities.
106,LAMU,LAMU WEST,HINDI,1174,HINDI,58,Lamu,1275,Lamu West,false,true,false,true,NAME_VARIANT_SAME_IDENTITY,County and SubCounty differ textually but resolve to the same normalized relational identities.
98,TANA RIVER,Bura Sub County,Bangale Ward,1175,Bangale Ward,57,Tana River,299,Bura Sub County,false,true,true,true,NAME_VARIANT_SAME_IDENTITY,County differs textually but resolves to the same normalized County identity.
99,TANA RIVER,Bura Sub County,Sala Ward,1176,Sala Ward,57,Tana River,299,Bura Sub County,false,true,true,true,NAME_VARIANT_SAME_IDENTITY,County differs textually but resolves to the same normalized County identity.
108,LAMU,LAMU WEST,HONGWE,1177,HONGWE,58,Lamu,1275,Lamu West,false,true,false,true,NAME_VARIANT_SAME_IDENTITY,County and SubCounty differ textually but resolve to the same normalized relational identities.
1678,Kakamega,Mumias East Sub County,Lusheya Lubinu Ward,1178,Lusheya Lubinu Ward,54,Kakamega,1503,Mumias East,true,true,false,true,NAME_VARIANT_SAME_IDENTITY,SubCounty differs textually but resolves to the same normalized SubCounty identity.
1679,Kakamega,Mumias East Sub County,Malaha Isongo Makunga Ward,1179,Malaha Isongo Makunga Ward,54,Kakamega,1503,Mumias East,true,true,false,true,NAME_VARIANT_SAME_IDENTITY,SubCounty differs textually but resolves to the same normalized SubCounty identity.
1680,Kakamega,Mumias East Sub County,East Wanga Ward,1180,East Wanga Ward,54,Kakamega,1503,Mumias East,true,true,false,true,NAME_VARIANT_SAME_IDENTITY,SubCounty differs textually but resolves to the same normalized SubCounty identity.
1681,Kakamega,Matungu Sub County,Koyonzo Ward,1181,Koyonzo Ward,54,Kakamega,1502,Matungu,true,true,false,true,NAME_VARIANT_SAME_IDENTITY,SubCounty differs textually but resolves to the same normalized SubCounty identity.
1682,Kakamega,Matungu Sub County,Kholera Ward,1182,Kholera Ward,54,Kakamega,1502,Matungu,true,true,false,true,NAME_VARIANT_SAME_IDENTITY,SubCounty differs textually but resolves to the same normalized SubCounty identity.
1683,Kakamega,Matungu Sub County,Khalaba Ward,1183,Khalaba Ward,54,Kakamega,1502,Matungu,true,true,false,true,NAME_VARIANT_SAME_IDENTITY,SubCounty differs textually but resolves to the same normalized SubCounty identity.
111,TAITA TAVETA,Taveta Sub County,Chala Ward,1184,Chala Ward,59,Taita Taveta,1278,Taveta,false,true,false,true,NAME_VARIANT_SAME_IDENTITY,County and SubCounty differ textually but resolve to the same normalized relational identities.
1485,Migori,Kuria West Sub County,Mokerero Ward,1185,Mokerero Ward,49,Migori,1550,Kuria West,true,true,false,true,NAME_VARIANT_SAME_IDENTITY,SubCounty differs textually but resolves to the same normalized SubCounty identity.
115,TAITA TAVETA,Taveta Sub County,Mata Ward,1186,Mata Ward,59,Taita Taveta,1278,Taveta,false,true,false,true,NAME_VARIANT_SAME_IDENTITY,County and SubCounty differ textually but resolve to the same normalized relational identities.
1487,Migori,Kuria West Sub County,Tagare Ward,1187,Tagare Ward,49,Migori,1550,Kuria West,true,true,false,true,NAME_VARIANT_SAME_IDENTITY,SubCounty differs textually but resolves to the same normalized SubCounty identity.
116,TAITA TAVETA,Wundanyi Sub County,Wundanyi/mbale Ward,1188,Wundanyi/mbale Ward,59,Taita Taveta,303,Wundanyi Sub County,false,true,true,true,NAME_VARIANT_SAME_IDENTITY,County differs textually but resolves to the same normalized County identity.
118,TAITA TAVETA,Wundanyi Sub County,Wumingu/kishushe Ward,1189,Wumingu/kishushe Ward,59,Taita Taveta,303,Wundanyi Sub County,false,true,true,true,NAME_VARIANT_SAME_IDENTITY,County differs textually but resolves to the same normalized County identity.
1488,Migori,Kuria West Sub County,Nyamosense/komosoko Ward,1190,Nyamosense/komosoko Ward,49,Migori,1550,Kuria West,true,true,false,true,NAME_VARIANT_SAME_IDENTITY,SubCounty differs textually but resolves to the same normalized SubCounty identity.
1489,Migori,Kuria East Sub County,Gokeharaka/getambwega Ward,1191,Gokeharaka/getambwega Ward,49,Migori,1549,Kuria East,true,true,false,true,NAME_VARIANT_SAME_IDENTITY,SubCounty differs textually but resolves to the same normalized SubCounty identity.
1491,Migori,Kuria East Sub County,Ntimaru East Ward,1192,Ntimaru East Ward,49,Migori,1549,Kuria East,true,true,false,true,NAME_VARIANT_SAME_IDENTITY,SubCounty differs textually but resolves to the same normalized SubCounty identity.
1492,Migori,Kuria East Sub County,Nyabasi East Ward,1193,Nyabasi East Ward,49,Migori,1549,Kuria East,true,true,false,true,NAME_VARIANT_SAME_IDENTITY,SubCounty differs textually but resolves to the same normalized SubCounty identity.
1493,Migori,Kuria East Sub County,Nyabasi West Ward,1194,Nyabasi West Ward,49,Migori,1549,Kuria East,true,true,false,true,NAME_VARIANT_SAME_IDENTITY,SubCounty differs textually but resolves to the same normalized SubCounty identity.
1494,Migori,Rongo Sub County,East Kamagambo Ward,1195,East Kamagambo Ward,49,Migori,1552,Rongo,true,true,false,true,NAME_VARIANT_SAME_IDENTITY,SubCounty differs textually but resolves to the same normalized SubCounty identity.
1495,Machakos,Masinga Sub County,Kivaa Ward,1196,Kivaa Ward,50,Machakos,1356,Masinga,true,true,false,true,NAME_VARIANT_SAME_IDENTITY,SubCounty differs textually but resolves to the same normalized SubCounty identity.
1496,Machakos,Masinga Sub County,Masinga Central Ward,1197,Masinga Central Ward,50,Machakos,1356,Masinga,true,true,false,true,NAME_VARIANT_SAME_IDENTITY,SubCounty differs textually but resolves to the same normalized SubCounty identity.
1497,Machakos,Masinga Sub County,Ekalakala Ward,1198,Ekalakala Ward,50,Machakos,1356,Masinga,true,true,false,true,NAME_VARIANT_SAME_IDENTITY,SubCounty differs textually but resolves to the same normalized SubCounty identity.
1498,Machakos,Masinga Sub County,Muthesya Ward,1199,Muthesya Ward,50,Machakos,1356,Masinga,true,true,false,true,NAME_VARIANT_SAME_IDENTITY,SubCounty differs textually but resolves to the same normalized SubCounty identity.
1499,Machakos,Masinga Sub County,Mananja Ward,1200,Mananja Ward,50,Machakos,1356,Masinga,true,true,false,true,NAME_VARIANT_SAME_IDENTITY,SubCounty differs textually but resolves to the same normalized SubCounty identity.
1500,Machakos,Yatta Sub County,Ndalani Ward,1201,Ndalani Ward,50,Machakos,1359,Yatta,true,true,false,true,NAME_VARIANT_SAME_IDENTITY,SubCounty differs textually but resolves to the same normalized SubCounty identity.
1501,Machakos,Yatta Sub County,Matuu Ward,1202,Matuu Ward,50,Machakos,1359,Yatta,true,true,false,true,NAME_VARIANT_SAME_IDENTITY,SubCounty differs textually but resolves to the same normalized SubCounty identity.
1502,Machakos,Yatta Sub County,Kithimani Ward,1203,Kithimani Ward,50,Machakos,1359,Yatta,true,true,false,true,NAME_VARIANT_SAME_IDENTITY,SubCounty differs textually but resolves to the same normalized SubCounty identity.
1503,Machakos,Yatta Sub County,Ikombe Ward,1204,Ikombe Ward,50,Machakos,1359,Yatta,true,true,false,true,NAME_VARIANT_SAME_IDENTITY,SubCounty differs textually but resolves to the same normalized SubCounty identity.
1504,Machakos,Yatta Sub County,Katangi Ward,1205,Katangi Ward,50,Machakos,1359,Yatta,true,true,false,true,NAME_VARIANT_SAME_IDENTITY,SubCounty differs textually but resolves to the same normalized SubCounty identity.
1505,Machakos,Kangundo Sub County,Kangundo North Ward,1206,Kangundo North Ward,50,Machakos,1353,Kangundo,true,true,false,true,NAME_VARIANT_SAME_IDENTITY,SubCounty differs textually but resolves to the same normalized SubCounty identity.
1506,Machakos,Kangundo Sub County,Kangundo Central Ward,1207,Kangundo Central Ward,50,Machakos,1353,Kangundo,true,true,false,true,NAME_VARIANT_SAME_IDENTITY,SubCounty differs textually but resolves to the same normalized SubCounty identity.
1507,Machakos,Kangundo Sub County,Kangundo East Ward,1208,Kangundo East Ward,50,Machakos,1353,Kangundo,true,true,false,true,NAME_VARIANT_SAME_IDENTITY,SubCounty differs textually but resolves to the same normalized SubCounty identity.
1508,Machakos,Kangundo Sub County,Kangundo West Ward,1209,Kangundo West Ward,50,Machakos,1353,Kangundo,true,true,false,true,NAME_VARIANT_SAME_IDENTITY,SubCounty differs textually but resolves to the same normalized SubCounty identity.
1509,Machakos,Matungulu Sub County,Tala Ward,1210,Tala Ward,50,Machakos,1357,Matungulu,true,true,false,true,NAME_VARIANT_SAME_IDENTITY,SubCounty differs textually but resolves to the same normalized SubCounty identity.
1510,Machakos,Matungulu Sub County,Matungulu North Ward,1211,Matungulu North Ward,50,Machakos,1357,Matungulu,true,true,false,true,NAME_VARIANT_SAME_IDENTITY,SubCounty differs textually but resolves to the same normalized SubCounty identity.
1511,Machakos,Matungulu Sub County,Matungulu East Ward,1212,Matungulu East Ward,50,Machakos,1357,Matungulu,true,true,false,true,NAME_VARIANT_SAME_IDENTITY,SubCounty differs textually but resolves to the same normalized SubCounty identity.
1512,Machakos,Matungulu Sub County,Matungulu West Ward,1213,Matungulu West Ward,50,Machakos,1357,Matungulu,true,true,false,true,NAME_VARIANT_SAME_IDENTITY,SubCounty differs textually but resolves to the same normalized SubCounty identity.
1513,Machakos,Matungulu Sub County,Kyeleni Ward,1214,Kyeleni Ward,50,Machakos,1357,Matungulu,true,true,false,true,NAME_VARIANT_SAME_IDENTITY,SubCounty differs textually but resolves to the same normalized SubCounty identity.
1514,Machakos,Kathiani Sub County,Mitamboni Ward,1215,Mitamboni Ward,50,Machakos,1354,Kathiani,true,true,false,true,NAME_VARIANT_SAME_IDENTITY,SubCounty differs textually but resolves to the same normalized SubCounty identity.
1515,Machakos,Kathiani Sub County,Kathiani Central Ward,1216,Kathiani Central Ward,50,Machakos,1354,Kathiani,true,true,false,true,NAME_VARIANT_SAME_IDENTITY,SubCounty differs textually but resolves to the same normalized SubCounty identity.
1516,Machakos,Kathiani Sub County,Upper Kaewa-iveti Ward,1217,Upper Kaewa-iveti Ward,50,Machakos,1354,Kathiani,true,true,false,true,NAME_VARIANT_SAME_IDENTITY,SubCounty differs textually but resolves to the same normalized SubCounty identity.
1517,Machakos,Kathiani Sub County,Lower Kaewa-kaani Ward,1218,Lower Kaewa-kaani Ward,50,Machakos,1354,Kathiani,true,true,false,true,NAME_VARIANT_SAME_IDENTITY,SubCounty differs textually but resolves to the same normalized SubCounty identity.
1518,Machakos,Athi River Sub County,Athi River Ward,1219,Athi River Ward,50,Machakos,1351,Athi River,true,true,false,true,NAME_VARIANT_SAME_IDENTITY,SubCounty differs textually but resolves to the same normalized SubCounty identity.
1519,Machakos,Athi River Sub County,Kinanie Ward,1220,Kinanie Ward,50,Machakos,1351,Athi River,true,true,false,true,NAME_VARIANT_SAME_IDENTITY,SubCounty differs textually but resolves to the same normalized SubCounty identity.
1548,Homa Bay,Karachuonyo Sub County,Kibiri Ward,1221,Kibiri Ward,51,Homa Bay,269,Karachuonyo Sub County,true,true,true,true,EXACT_MATCH,Authoritative County and SubCounty names exactly match the database relational lineage.
1549,Homa Bay,Karachuonyo Sub County,Wang'chieng Ward,1222,Wang'chieng Ward,51,Homa Bay,269,Karachuonyo Sub County,true,true,true,true,EXACT_MATCH,Authoritative County and SubCounty names exactly match the database relational lineage.
1550,Homa Bay,Karachuonyo Sub County,Kendu Bay Town Ward,1223,Kendu Bay Town Ward,51,Homa Bay,269,Karachuonyo Sub County,true,true,true,true,EXACT_MATCH,Authoritative County and SubCounty names exactly match the database relational lineage.
1551,Homa Bay,Rangwe Sub County,West Gem Ward,1224,West Gem Ward,51,Homa Bay,1545,Rangwe,true,true,false,true,NAME_VARIANT_SAME_IDENTITY,SubCounty differs textually but resolves to the same normalized SubCounty identity.
1552,Homa Bay,Rangwe Sub County,East Gem Ward,1225,East Gem Ward,51,Homa Bay,1545,Rangwe,true,true,false,true,NAME_VARIANT_SAME_IDENTITY,SubCounty differs textually but resolves to the same normalized SubCounty identity.
1557,Homa Bay,Homa Bay Town Sub County,Homa Bay West Ward,1226,Homa Bay West Ward,51,Homa Bay,271,Homa Bay Town Sub County,true,true,true,true,EXACT_MATCH,Authoritative County and SubCounty names exactly match the database relational lineage.
131,GARISSA,Garissa Sub County,Township Ward,1227,Township Ward,60,Garissa,1283,Garissa,false,true,false,true,NAME_VARIANT_SAME_IDENTITY,County and SubCounty differ textually but resolve to the same normalized relational identities.
1564,Homa Bay,Ndhiwa Sub County,Kanyamwa Kologi Ward,1228,Kanyamwa Kologi Ward,51,Homa Bay,1541,Ndhiwa,true,true,false,true,NAME_VARIANT_SAME_IDENTITY,SubCounty differs textually but resolves to the same normalized SubCounty identity.
1569,Homa Bay,Mbita Sub County,Gembe Ward,1229,Gembe Ward,51,Homa Bay,273,Mbita Sub County,true,true,true,true,EXACT_MATCH,Authoritative County and SubCounty names exactly match the database relational lineage.
1570,Homa Bay,Mbita Sub County,Lambwe Ward,1230,Lambwe Ward,51,Homa Bay,273,Mbita Sub County,true,true,true,true,EXACT_MATCH,Authoritative County and SubCounty names exactly match the database relational lineage.
1571,Homa Bay,Suba Sub County,Gwassi South Ward,1231,Gwassi South Ward,51,Homa Bay,310,Suba Sub County,true,true,true,true,EXACT_MATCH,Authoritative County and SubCounty names exactly match the database relational lineage.
1572,Homa Bay,Suba Sub County,Gwassi North Ward,1232,Gwassi North Ward,51,Homa Bay,310,Suba Sub County,true,true,true,true,EXACT_MATCH,Authoritative County and SubCounty names exactly match the database relational lineage.
1573,Homa Bay,Suba Sub County,Kaksingiri West Ward,1233,Kaksingiri West Ward,51,Homa Bay,310,Suba Sub County,true,true,true,true,EXACT_MATCH,Authoritative County and SubCounty names exactly match the database relational lineage.
134,GARISSA,Garissa Sub County,Waberi Ward,1234,Waberi Ward,60,Garissa,1283,Garissa,false,true,false,true,NAME_VARIANT_SAME_IDENTITY,County and SubCounty differ textually but resolve to the same normalized relational identities.
135,GARISSA,Balambala Sub County,Balambala Ward,1235,Balambala Ward,60,Garissa,1280,Balambala,false,true,false,true,NAME_VARIANT_SAME_IDENTITY,County and SubCounty differ textually but resolve to the same normalized relational identities.
136,GARISSA,Balambala Sub County,Danyere Ward,1236,Danyere Ward,60,Garissa,1280,Balambala,false,true,false,true,NAME_VARIANT_SAME_IDENTITY,County and SubCounty differ textually but resolve to the same normalized relational identities.
137,GARISSA,Balambala Sub County,Jarajara Ward,1237,Jarajara Ward,60,Garissa,1280,Balambala,false,true,false,true,NAME_VARIANT_SAME_IDENTITY,County and SubCounty differ textually but resolve to the same normalized relational identities.
138,GARISSA,Balambala Sub County,Saka Ward,1238,Saka Ward,60,Garissa,1280,Balambala,false,true,false,true,NAME_VARIANT_SAME_IDENTITY,County and SubCounty differ textually but resolve to the same normalized relational identities.
139,GARISSA,Garissa Sub County,Sankuri Ward,1239,Sankuri Ward,60,Garissa,1283,Garissa,false,true,false,true,NAME_VARIANT_SAME_IDENTITY,County and SubCounty differ textually but resolve to the same normalized relational identities.
140,GARISSA,Lagdera Sub County,Modogashe Ward,1240,Modogashe Ward,60,Garissa,1286,Lagdera,false,true,false,true,NAME_VARIANT_SAME_IDENTITY,County and SubCounty differ textually but resolve to the same normalized relational identities.
141,GARISSA,Lagdera Sub County,Benane Ward,1241,Benane Ward,60,Garissa,1286,Lagdera,false,true,false,true,NAME_VARIANT_SAME_IDENTITY,County and SubCounty differ textually but resolve to the same normalized relational identities.
142,GARISSA,Lagdera Sub County,Goreale Ward,1242,Goreale Ward,60,Garissa,1286,Lagdera,false,true,false,true,NAME_VARIANT_SAME_IDENTITY,County and SubCounty differ textually but resolve to the same normalized relational identities.
1798,Mombasa,Changamwe Sub County,Changamwe Ward,1243,Changamwe Ward,55,Mombasa,1251,Changamwe,true,true,false,true,NAME_VARIANT_SAME_IDENTITY,SubCounty differs textually but resolves to the same normalized SubCounty identity.
1574,Homa Bay,Suba Sub County,Ruma-kaksingiri East Ward,1244,Ruma-kaksingiri East Ward,51,Homa Bay,310,Suba Sub County,true,true,true,true,EXACT_MATCH,Authoritative County and SubCounty names exactly match the database relational lineage.
1575,Vihiga,Vihiga Sub County,Lugaga-wamuluma Ward,1245,Lugaga-wamuluma Ward,52,Vihiga,1507,Vihiga,true,true,false,true,NAME_VARIANT_SAME_IDENTITY,SubCounty differs textually but resolves to the same normalized SubCounty identity.
1576,Vihiga,Vihiga Sub County,Central Maragoli Ward,1246,Central Maragoli Ward,52,Vihiga,1507,Vihiga,true,true,false,true,NAME_VARIANT_SAME_IDENTITY,SubCounty differs textually but resolves to the same normalized SubCounty identity.
1577,Vihiga,Sabatia Sub County,Lyaduywa/izava Ward,1247,Lyaduywa/izava Ward,52,Vihiga,1508,Sabatia,true,true,false,true,NAME_VARIANT_SAME_IDENTITY,SubCounty differs textually but resolves to the same normalized SubCounty identity.
1578,Vihiga,Sabatia Sub County,West Sabatia Ward,1248,West Sabatia Ward,52,Vihiga,1508,Sabatia,true,true,false,true,NAME_VARIANT_SAME_IDENTITY,SubCounty differs textually but resolves to the same normalized SubCounty identity.
156,GARISSA,Fafi Sub County,Nanighi Ward,1249,Nanighi Ward,60,Garissa,1282,Fafi,false,true,false,true,NAME_VARIANT_SAME_IDENTITY,County and SubCounty differ textually but resolve to the same normalized relational identities.
157,GARISSA,Hulugho Sub County,Hulugho Ward,1250,Hulugho Ward,60,Garissa,1284,Hulugho,false,true,false,true,NAME_VARIANT_SAME_IDENTITY,County and SubCounty differ textually but resolve to the same normalized relational identities.
158,GARISSA,Hulugho Sub County,Sangailu Ward,1251,Sangailu Ward,60,Garissa,1284,Hulugho,false,true,false,true,NAME_VARIANT_SAME_IDENTITY,County and SubCounty differ textually but resolve to the same normalized relational identities.
1580,Vihiga,Sabatia Sub County,North Maragoli Ward,1252,North Maragoli Ward,52,Vihiga,1508,Sabatia,true,true,false,true,NAME_VARIANT_SAME_IDENTITY,SubCounty differs textually but resolves to the same normalized SubCounty identity.
1581,Vihiga,Sabatia Sub County,Wodanga Ward,1253,Wodanga Ward,52,Vihiga,1508,Sabatia,true,true,false,true,NAME_VARIANT_SAME_IDENTITY,SubCounty differs textually but resolves to the same normalized SubCounty identity.
1588,Vihiga,Luanda Sub County,Luanda Township Ward,1254,Luanda Township Ward,52,Vihiga,1509,Luanda,true,true,false,true,NAME_VARIANT_SAME_IDENTITY,SubCounty differs textually but resolves to the same normalized SubCounty identity.
1589,Vihiga,Luanda Sub County,Wemilabi Ward,1255,Wemilabi Ward,52,Vihiga,1509,Luanda,true,true,false,true,NAME_VARIANT_SAME_IDENTITY,SubCounty differs textually but resolves to the same normalized SubCounty identity.
1590,Vihiga,Luanda Sub County,Mwibona Ward,1256,Mwibona Ward,52,Vihiga,1509,Luanda,true,true,false,true,NAME_VARIANT_SAME_IDENTITY,SubCounty differs textually but resolves to the same normalized SubCounty identity.
164,WAJIR,Wajir North Sub County,Malkagufu Ward,1257,Malkagufu Ward,61,Wajir,1292,Wajir North,false,true,false,true,NAME_VARIANT_SAME_IDENTITY,County and SubCounty differ textually but resolve to the same normalized relational identities.
165,WAJIR,Wajir North Sub County,Batalu Ward,1258,Batalu Ward,61,Wajir,1292,Wajir North,false,true,false,true,NAME_VARIANT_SAME_IDENTITY,County and SubCounty differ textually but resolve to the same normalized relational identities.
1592,Vihiga,Luanda Sub County,Emabungo Ward,1259,Emabungo Ward,52,Vihiga,1509,Luanda,true,true,false,true,NAME_VARIANT_SAME_IDENTITY,SubCounty differs textually but resolves to the same normalized SubCounty identity.
167,WAJIR,Wajir North Sub County,Godoma Ward,1260,Godoma Ward,61,Wajir,1292,Wajir North,false,true,false,true,NAME_VARIANT_SAME_IDENTITY,County and SubCounty differ textually but resolve to the same normalized relational identities.
1594,Vihiga,Emuhaya Sub County,Central Bunyore Ward,1261,Central Bunyore Ward,52,Vihiga,1506,Emuhaya,true,true,false,true,NAME_VARIANT_SAME_IDENTITY,SubCounty differs textually but resolves to the same normalized SubCounty identity.
1595,Vihiga,Emuhaya Sub County,West Bunyore Ward,1262,West Bunyore Ward,52,Vihiga,1506,Emuhaya,true,true,false,true,NAME_VARIANT_SAME_IDENTITY,SubCounty differs textually but resolves to the same normalized SubCounty identity.
93,TANA RIVER,Galole Sub County,Mikinduni Ward,1263,Mikinduni Ward,57,Tana River,296,Galole Sub County,false,true,true,true,NAME_VARIANT_SAME_IDENTITY,County differs textually but resolves to the same normalized County identity.
171,WAJIR,Wajir East Sub County,Khorof/Harar Ward,1264,Khorof/Harar Ward,61,Wajir,1291,Wajir East,false,true,false,true,NAME_VARIANT_SAME_IDENTITY,County and SubCounty differ textually but resolve to the same normalized relational identities.
172,WAJIR,Tarbaj Sub County,Elben Ward,1265,Elben Ward,61,Wajir,1290,Tarbaj,false,true,false,true,NAME_VARIANT_SAME_IDENTITY,County and SubCounty differ textually but resolve to the same normalized relational identities.
173,WAJIR,Tarbaj Sub County,Sarman Ward,1266,Sarman Ward,61,Wajir,1290,Tarbaj,false,true,false,true,NAME_VARIANT_SAME_IDENTITY,County and SubCounty differ textually but resolve to the same normalized relational identities.
174,WAJIR,Tarbaj Sub County,Tarbaj Ward,1267,Tarbaj Ward,61,Wajir,1290,Tarbaj,false,true,false,true,NAME_VARIANT_SAME_IDENTITY,County and SubCounty differ textually but resolve to the same normalized relational identities.
175,WAJIR,Tarbaj Sub County,Wargadud Ward,1268,Wargadud Ward,61,Wajir,1290,Tarbaj,false,true,false,true,NAME_VARIANT_SAME_IDENTITY,County and SubCounty differ textually but resolve to the same normalized relational identities.
122,TAITA TAVETA,Mwatate Sub County,Bura Ward,1269,Bura Ward,59,Taita Taveta,1276,Mwatate,false,true,false,true,NAME_VARIANT_SAME_IDENTITY,County and SubCounty differ textually but resolve to the same normalized relational identities.
177,WAJIR,Wajir West Sub County,Hadado Athibohol Ward,1270,Hadado Athibohol Ward,61,Wajir,1294,Wajir West,false,true,false,true,NAME_VARIANT_SAME_IDENTITY,County and SubCounty differ textually but resolve to the same normalized relational identities.
1800,Mombasa,Jomvu  Sub County,Jomvu Kuu Ward,1271,Jomvu Kuu Ward,55,Mombasa,1252,Jomvu,true,true,false,true,NAME_VARIANT_SAME_IDENTITY,SubCounty differs textually but resolves to the same normalized SubCounty identity.
1599,Vihiga,Vihiga Sub County,Mungoma Ward,1272,Mungoma Ward,52,Vihiga,1507,Vihiga,true,true,false,true,NAME_VARIANT_SAME_IDENTITY,SubCounty differs textually but resolves to the same normalized SubCounty identity.
1601,Bungoma,Cheptais Sub County,Chesikaki Ward,1273,Chesikaki Ward,53,Bungoma,1516,Cheptais,true,true,false,true,NAME_VARIANT_SAME_IDENTITY,SubCounty differs textually but resolves to the same normalized SubCounty identity.
1602,Bungoma,Cheptais Sub County,Chepyuk Ward,1274,Chepyuk Ward,53,Bungoma,1516,Cheptais,true,true,false,true,NAME_VARIANT_SAME_IDENTITY,SubCounty differs textually but resolves to the same normalized SubCounty identity.
1605,Bungoma,Mt Elgon Sub County,Elgon Ward,1275,Elgon Ward,53,Bungoma,280,Mt Elgon Sub County,true,true,true,true,EXACT_MATCH,Authoritative County and SubCounty names exactly match the database relational lineage.
1691,Kakamega,Khwisero Sub County,Kisa North Ward,1276,Kisa North Ward,54,Kakamega,1498,Khwisero,true,true,false,true,NAME_VARIANT_SAME_IDENTITY,SubCounty differs textually but resolves to the same normalized SubCounty identity.
1717,Busia,Nambale Sub County,Nambale Township Ward,1277,Nambale Township Ward,62,Busia,1525,Nambale,true,true,false,true,NAME_VARIANT_SAME_IDENTITY,SubCounty differs textually but resolves to the same normalized SubCounty identity.
1718,Busia,Nambale Sub County,Bukhayo North Walatsi Ward,1278,Bukhayo North Walatsi Ward,62,Busia,1525,Nambale,true,true,false,true,NAME_VARIANT_SAME_IDENTITY,SubCounty differs textually but resolves to the same normalized SubCounty identity.
1719,Busia,Nambale Sub County,Bukhayo East Ward,1279,Bukhayo East Ward,62,Busia,1525,Nambale,true,true,false,true,NAME_VARIANT_SAME_IDENTITY,SubCounty differs textually but resolves to the same normalized SubCounty identity.
1720,Busia,Nambale Sub County,Bukhayo Central Ward,1280,Bukhayo Central Ward,62,Busia,1525,Nambale,true,true,false,true,NAME_VARIANT_SAME_IDENTITY,SubCounty differs textually but resolves to the same normalized SubCounty identity.
1721,Busia,Matayos Sub County,Bukhayo West Ward,1281,Bukhayo West Ward,62,Busia,323,Matayos Sub County,true,true,true,true,EXACT_MATCH,Authoritative County and SubCounty names exactly match the database relational lineage.
203,MANDERA,MANDERA NORTH,MAROTHILE,2472,MAROTHILE,63,Mandera,1301,Mandera North,false,true,false,true,NAME_VARIANT_SAME_IDENTITY,County and SubCounty differ textually but resolve to the same normalized relational identities.
204,MANDERA,MANDERA NORTH,RHAMU,1282,RHAMU,63,Mandera,1301,Mandera North,false,true,false,true,NAME_VARIANT_SAME_IDENTITY,County and SubCounty differ textually but resolve to the same normalized relational identities.
205,MANDERA,MANDERA NORTH,RHAMU DIMTU,1283,RHAMU DIMTU,63,Mandera,1301,Mandera North,false,true,false,true,NAME_VARIANT_SAME_IDENTITY,County and SubCounty differ textually but resolve to the same normalized relational identities.
207,MANDERA,MANDERA SOUTH,KOTULO,1284,KOTULO,63,Mandera,325,MANDERA SOUTH,false,true,true,true,NAME_VARIANT_SAME_IDENTITY,County differs textually but resolves to the same normalized County identity.
208,MANDERA,MANDERA SOUTH,ELWAK SOUTH,1285,ELWAK SOUTH,63,Mandera,325,MANDERA SOUTH,false,true,true,true,NAME_VARIANT_SAME_IDENTITY,County differs textually but resolves to the same normalized County identity.
210,MANDERA,MANDERA SOUTH,SHAMBIR FATUMA,1286,SHAMBIR FATUMA,63,Mandera,325,MANDERA SOUTH,false,true,true,true,NAME_VARIANT_SAME_IDENTITY,County differs textually but resolves to the same normalized County identity.
211,MANDERA,MANDERA EAST,ARABIA,1287,ARABIA,63,Mandera,1300,Mandera East,false,true,false,true,NAME_VARIANT_SAME_IDENTITY,County and SubCounty differ textually but resolve to the same normalized relational identities.
221,MARSABIT,MOYALE,BUTIYE,1288,BUTIYE,64,Marsabit,1306,Moyale,false,true,false,true,NAME_VARIANT_SAME_IDENTITY,County and SubCounty differ textually but resolve to the same normalized relational identities.
222,MARSABIT,MOYALE,SOLOLO,1289,SOLOLO,64,Marsabit,1306,Moyale,false,true,false,true,NAME_VARIANT_SAME_IDENTITY,County and SubCounty differ textually but resolve to the same normalized relational identities.
223,MARSABIT,MOYALE,HEILLU/MANYATTA,1290,HEILLU/MANYATTA,64,Marsabit,1306,Moyale,false,true,false,true,NAME_VARIANT_SAME_IDENTITY,County and SubCounty differ textually but resolve to the same normalized relational identities.
224,MARSABIT,MOYALE,GOLBO,1291,GOLBO,64,Marsabit,1306,Moyale,false,true,false,true,NAME_VARIANT_SAME_IDENTITY,County and SubCounty differ textually but resolve to the same normalized relational identities.
231,MARSABIT,NORTH HORR,NORTH HORR,1292,NORTH HORR,64,Marsabit,1307,North Horr,false,true,false,true,NAME_VARIANT_SAME_IDENTITY,County and SubCounty differ textually but resolve to the same normalized relational identities.
232,MARSABIT,NORTH HORR,ILLERET,1293,ILLERET,64,Marsabit,1307,North Horr,false,true,false,true,NAME_VARIANT_SAME_IDENTITY,County and SubCounty differ textually but resolve to the same normalized relational identities.
233,MARSABIT,SAKU,SAGANTE/JALDESA,1294,SAGANTE/JALDESA,64,Marsabit,329,SAKU,false,true,true,true,NAME_VARIANT_SAME_IDENTITY,County differs textually but resolves to the same normalized County identity.
1723,Busia,Matayos Sub County,Matayos South Ward,1295,Matayos South Ward,62,Busia,323,Matayos Sub County,true,true,true,true,EXACT_MATCH,Authoritative County and SubCounty names exactly match the database relational lineage.
1724,Busia,Matayos Sub County,Busibwabo Ward,1296,Busibwabo Ward,62,Busia,323,Matayos Sub County,true,true,true,true,EXACT_MATCH,Authoritative County and SubCounty names exactly match the database relational lineage.
1725,Busia,Matayos Sub County,Burumba Ward,1297,Burumba Ward,62,Busia,323,Matayos Sub County,true,true,true,true,EXACT_MATCH,Authoritative County and SubCounty names exactly match the database relational lineage.
240,MARSABIT,LAISAMIS,LAISAMIS,1298,LAISAMIS,64,Marsabit,330,LAISAMIS,false,true,true,true,NAME_VARIANT_SAME_IDENTITY,County differs textually but resolves to the same normalized County identity.
251,MERU,Igembe South Sub County,Maua Ward,1299,Maua Ward,65,Meru,1316,Igembe South,false,true,false,true,NAME_VARIANT_SAME_IDENTITY,County and SubCounty differ textually but resolve to the same normalized relational identities.
252,MERU,Igembe South Sub County,Kiegoi/antubochiu Ward,1300,Kiegoi/antubochiu Ward,65,Meru,1316,Igembe South,false,true,false,true,NAME_VARIANT_SAME_IDENTITY,County and SubCounty differ textually but resolve to the same normalized relational identities.
253,MERU,Igembe South Sub County,Athiru gaiti Ward,1301,Athiru gaiti Ward,65,Meru,1316,Igembe South,false,true,false,true,NAME_VARIANT_SAME_IDENTITY,County and SubCounty differ textually but resolve to the same normalized relational identities.
254,MERU,Igembe South Sub County,Akachiu Ward,1302,Akachiu Ward,65,Meru,1316,Igembe South,false,true,false,true,NAME_VARIANT_SAME_IDENTITY,County and SubCounty differ textually but resolve to the same normalized relational identities.
255,MERU,Igembe South Sub County,Kanuni Ward,1303,Kanuni Ward,65,Meru,1316,Igembe South,false,true,false,true,NAME_VARIANT_SAME_IDENTITY,County and SubCounty differ textually but resolve to the same normalized relational identities.
256,MERU,Igembe Central Sub County,Akirang'ondu Ward,1304,Akirang'ondu Ward,65,Meru,1314,Igembe Central,false,true,false,true,NAME_VARIANT_SAME_IDENTITY,County and SubCounty differ textually but resolve to the same normalized relational identities.
257,MERU,Igembe Central Sub County,Athiru ruujine Ward,1305,Athiru ruujine Ward,65,Meru,1314,Igembe Central,false,true,false,true,NAME_VARIANT_SAME_IDENTITY,County and SubCounty differ textually but resolve to the same normalized relational identities.
258,MERU,Igembe Central Sub County,Kiengu/Igembe East ward,1306,Kiengu/Igembe East ward,65,Meru,1314,Igembe Central,false,true,false,true,NAME_VARIANT_SAME_IDENTITY,County and SubCounty differ textually but resolve to the same normalized relational identities.
259,MERU,Igembe Central Sub County,Njia Ward,1307,Njia Ward,65,Meru,1314,Igembe Central,false,true,false,true,NAME_VARIANT_SAME_IDENTITY,County and SubCounty differ textually but resolve to the same normalized relational identities.
260,MERU,Igembe Central Sub County,Kangeta Ward,1308,Kangeta Ward,65,Meru,1314,Igembe Central,false,true,false,true,NAME_VARIANT_SAME_IDENTITY,County and SubCounty differ textually but resolve to the same normalized relational identities.
261,MERU,Igembe North Sub County,Antuambui Ward,1309,Antuambui Ward,65,Meru,1315,Igembe North,false,true,false,true,NAME_VARIANT_SAME_IDENTITY,County and SubCounty differ textually but resolve to the same normalized relational identities.
262,MERU,Igembe North Sub County,Ntunene Ward,1310,Ntunene Ward,65,Meru,1315,Igembe North,false,true,false,true,NAME_VARIANT_SAME_IDENTITY,County and SubCounty differ textually but resolve to the same normalized relational identities.
263,MERU,Igembe North Sub County,Antubetwe kiongo Ward,1311,Antubetwe kiongo Ward,65,Meru,1315,Igembe North,false,true,false,true,NAME_VARIANT_SAME_IDENTITY,County and SubCounty differ textually but resolve to the same normalized relational identities.
264,MERU,Igembe North Sub County,Naathu Ward,1312,Naathu Ward,65,Meru,1315,Igembe North,false,true,false,true,NAME_VARIANT_SAME_IDENTITY,County and SubCounty differ textually but resolve to the same normalized relational identities.
265,MERU,Igembe North Sub County,Amwathi Ward,1313,Amwathi Ward,65,Meru,1315,Igembe North,false,true,false,true,NAME_VARIANT_SAME_IDENTITY,County and SubCounty differ textually but resolve to the same normalized relational identities.
266,MERU,Tigania West Sub County,Athwana Ward,1314,Athwana Ward,65,Meru,1322,Tigania West,false,true,false,true,NAME_VARIANT_SAME_IDENTITY,County and SubCounty differ textually but resolve to the same normalized relational identities.
267,MERU,Tigania West Sub County,Akithii Ward,1315,Akithii Ward,65,Meru,1322,Tigania West,false,true,false,true,NAME_VARIANT_SAME_IDENTITY,County and SubCounty differ textually but resolve to the same normalized relational identities.
268,MERU,Tigania West Sub County,Kianjai Ward,1316,Kianjai Ward,65,Meru,1322,Tigania West,false,true,false,true,NAME_VARIANT_SAME_IDENTITY,County and SubCounty differ textually but resolve to the same normalized relational identities.
269,MERU,Tigania West Sub County,Nkomo Ward,1317,Nkomo Ward,65,Meru,1322,Tigania West,false,true,false,true,NAME_VARIANT_SAME_IDENTITY,County and SubCounty differ textually but resolve to the same normalized relational identities.
270,MERU,Tigania West Sub County,Mbeu Ward,1318,Mbeu Ward,65,Meru,1322,Tigania West,false,true,false,true,NAME_VARIANT_SAME_IDENTITY,County and SubCounty differ textually but resolve to the same normalized relational identities.
271,MERU,Tigania East Sub County,Thangatha Ward,1319,Thangatha Ward,65,Meru,1321,Tigania East,false,true,false,true,NAME_VARIANT_SAME_IDENTITY,County and SubCounty differ textually but resolve to the same normalized relational identities.
272,MERU,Tigania East Sub County,Mikinduri Ward,1320,Mikinduri Ward,65,Meru,1321,Tigania East,false,true,false,true,NAME_VARIANT_SAME_IDENTITY,County and SubCounty differ textually but resolve to the same normalized relational identities.
273,MERU,Tigania East Sub County,Kiguchwa Ward,1321,Kiguchwa Ward,65,Meru,1321,Tigania East,false,true,false,true,NAME_VARIANT_SAME_IDENTITY,County and SubCounty differ textually but resolve to the same normalized relational identities.
274,MERU,Tigania East Sub County,Muthara Ward,1322,Muthara Ward,65,Meru,1321,Tigania East,false,true,false,true,NAME_VARIANT_SAME_IDENTITY,County and SubCounty differ textually but resolve to the same normalized relational identities.
275,MERU,Tigania East Sub County,Karama Ward,1323,Karama Ward,65,Meru,1321,Tigania East,false,true,false,true,NAME_VARIANT_SAME_IDENTITY,County and SubCounty differ textually but resolve to the same normalized relational identities.
276,MERU,Imenti North Sub County,Municipality Ward,1324,Municipality Ward,65,Meru,1317,Imenti North,false,true,false,true,NAME_VARIANT_SAME_IDENTITY,County and SubCounty differ textually but resolve to the same normalized relational identities.
277,MERU,Imenti North Sub County,Ntima east Ward,1325,Ntima east Ward,65,Meru,1317,Imenti North,false,true,false,true,NAME_VARIANT_SAME_IDENTITY,County and SubCounty differ textually but resolve to the same normalized relational identities.
278,MERU,Imenti North Sub County,Ntima west Ward,1326,Ntima west Ward,65,Meru,1317,Imenti North,false,true,false,true,NAME_VARIANT_SAME_IDENTITY,County and SubCounty differ textually but resolve to the same normalized relational identities.
279,MERU,Imenti North Sub County,Nyaki west Ward,1327,Nyaki west Ward,65,Meru,1317,Imenti North,false,true,false,true,NAME_VARIANT_SAME_IDENTITY,County and SubCounty differ textually but resolve to the same normalized relational identities.
280,MERU,Imenti North Sub County,Nyaki east Ward,1328,Nyaki east Ward,65,Meru,1317,Imenti North,false,true,false,true,NAME_VARIANT_SAME_IDENTITY,County and SubCounty differ textually but resolve to the same normalized relational identities.
281,MERU,Buuri Sub County,Timau Ward,1329,Timau Ward,65,Meru,337,Buuri Sub County,false,true,true,true,NAME_VARIANT_SAME_IDENTITY,County differs textually but resolves to the same normalized County identity.
282,MERU,Buuri Sub County,Kisima Ward,1330,Kisima Ward,65,Meru,337,Buuri Sub County,false,true,true,true,NAME_VARIANT_SAME_IDENTITY,County differs textually but resolves to the same normalized County identity.
283,MERU,Buuri Sub County,Kiirua Naari Ward,1331,Kiirua Naari Ward,65,Meru,337,Buuri Sub County,false,true,true,true,NAME_VARIANT_SAME_IDENTITY,County differs textually but resolves to the same normalized County identity.
284,MERU,Buuri Sub County,Ruiru Rwawera Ward,1332,Ruiru Rwawera Ward,65,Meru,337,Buuri Sub County,false,true,true,true,NAME_VARIANT_SAME_IDENTITY,County differs textually but resolves to the same normalized County identity.
285,MERU,Imenti Central Sub County,Mwangathia Ward,1333,Mwangathia Ward,65,Meru,338,Imenti Central Sub County,false,true,true,true,NAME_VARIANT_SAME_IDENTITY,County differs textually but resolves to the same normalized County identity.
286,MERU,Imenti Central Sub County,Abothuguchi central Ward,1334,Abothuguchi central Ward,65,Meru,338,Imenti Central Sub County,false,true,true,true,NAME_VARIANT_SAME_IDENTITY,County differs textually but resolves to the same normalized County identity.
287,MERU,Imenti Central Sub County,Abothuguchi west Ward,1335,Abothuguchi west Ward,65,Meru,338,Imenti Central Sub County,false,true,true,true,NAME_VARIANT_SAME_IDENTITY,County differs textually but resolves to the same normalized County identity.
288,MERU,Imenti Central Sub County,Kiagu Ward,1336,Kiagu Ward,65,Meru,338,Imenti Central Sub County,false,true,true,true,NAME_VARIANT_SAME_IDENTITY,County differs textually but resolves to the same normalized County identity.
289,MERU,Buuri Sub County,Kibirichia Ward,1337,Kibirichia Ward,65,Meru,337,Buuri Sub County,false,true,true,true,NAME_VARIANT_SAME_IDENTITY,County differs textually but resolves to the same normalized County identity.
290,MERU,Imenti South Sub County,Mitunguu Ward,1338,Mitunguu Ward,65,Meru,1318,Imenti South,false,true,false,true,NAME_VARIANT_SAME_IDENTITY,County and SubCounty differ textually but resolve to the same normalized relational identities.
291,MERU,Imenti South Sub County,Igoji east Ward,1339,Igoji east Ward,65,Meru,1318,Imenti South,false,true,false,true,NAME_VARIANT_SAME_IDENTITY,County and SubCounty differ textually but resolve to the same normalized relational identities.
292,MERU,Imenti South Sub County,Igoji west Ward,1340,Igoji west Ward,65,Meru,1318,Imenti South,false,true,false,true,NAME_VARIANT_SAME_IDENTITY,County and SubCounty differ textually but resolve to the same normalized relational identities.
293,MERU,Imenti South Sub County,Abogeta east Ward,1341,Abogeta east Ward,65,Meru,1318,Imenti South,false,true,false,true,NAME_VARIANT_SAME_IDENTITY,County and SubCounty differ textually but resolve to the same normalized relational identities.
294,MERU,Imenti South Sub County,Abogeta west Ward,1342,Abogeta west Ward,65,Meru,1318,Imenti South,false,true,false,true,NAME_VARIANT_SAME_IDENTITY,County and SubCounty differ textually but resolve to the same normalized relational identities.
295,MERU,Imenti South Sub County,Nkuene Ward,1343,Nkuene Ward,65,Meru,1318,Imenti South,false,true,false,true,NAME_VARIANT_SAME_IDENTITY,County and SubCounty differ textually but resolve to the same normalized relational identities.
296,THARAKA-NITHI,Muthambi Sub County,Mitheru Ward,1344,Mitheru Ward,66,Tharaka Nithi,340,Muthambi Sub County,false,true,true,true,NAME_VARIANT_SAME_IDENTITY,County differs textually but resolves to the same normalized County identity.
297,THARAKA-NITHI,Muthambi Sub County,Muthambi Ward,1345,Muthambi Ward,66,Tharaka Nithi,340,Muthambi Sub County,false,true,true,true,NAME_VARIANT_SAME_IDENTITY,County differs textually but resolves to the same normalized County identity.
298,THARAKA-NITHI,Mwimbi Sub County,Mwimbi Ward,1346,Mwimbi Ward,66,Tharaka Nithi,341,Mwimbi Sub County,false,true,true,true,NAME_VARIANT_SAME_IDENTITY,County differs textually but resolves to the same normalized County identity.
1606,Bungoma,Sirisia Sub County,Namwela Ward,1347,Namwela Ward,53,Bungoma,281,Sirisia Sub County,true,true,true,true,EXACT_MATCH,Authoritative County and SubCounty names exactly match the database relational lineage.
461,NYANDARUA,Oljoroorok Sub County,Charagita Ward,1348,Charagita Ward,67,Nyandarua,342,Oljoroorok Sub County,false,true,true,true,NAME_VARIANT_SAME_IDENTITY,County differs textually but resolves to the same normalized County identity.
1609,Bungoma,Kabuchai Sub County,Kabuchai/chwele Ward,1349,Kabuchai/chwele Ward,53,Bungoma,282,Kabuchai Sub County,true,true,true,true,EXACT_MATCH,Authoritative County and SubCounty names exactly match the database relational lineage.
1611,Bungoma,Kabuchai Sub County,Bwake/luuya Ward,1350,Bwake/luuya Ward,53,Bungoma,282,Kabuchai Sub County,true,true,true,true,EXACT_MATCH,Authoritative County and SubCounty names exactly match the database relational lineage.
333,KITUI,Mwingi North Sub County,Mumoni Ward,1351,Mumoni Ward,68,Kitui,343,Mwingi North Sub County,false,true,true,true,NAME_VARIANT_SAME_IDENTITY,County differs textually but resolves to the same normalized County identity.
334,KITUI,Mwingi North Sub County,Tseikuru Ward,1352,Tseikuru Ward,68,Kitui,343,Mwingi North Sub County,false,true,true,true,NAME_VARIANT_SAME_IDENTITY,County differs textually but resolves to the same normalized County identity.
335,KITUI,Mwingi North Sub County,Tharaka Ward,1353,Tharaka Ward,68,Kitui,343,Mwingi North Sub County,false,true,true,true,NAME_VARIANT_SAME_IDENTITY,County differs textually but resolves to the same normalized County identity.
336,KITUI,Mwingi West Sub County,Kyome/thaana Ward,1354,Kyome/thaana Ward,68,Kitui,344,Mwingi West Sub County,false,true,true,true,NAME_VARIANT_SAME_IDENTITY,County differs textually but resolves to the same normalized County identity.
337,KITUI,Mwingi West Sub County,Nguutani Ward,1355,Nguutani Ward,68,Kitui,344,Mwingi West Sub County,false,true,true,true,NAME_VARIANT_SAME_IDENTITY,County differs textually but resolves to the same normalized County identity.
338,KITUI,Mwingi West Sub County,Migwani Ward,1356,Migwani Ward,68,Kitui,344,Mwingi West Sub County,false,true,true,true,NAME_VARIANT_SAME_IDENTITY,County differs textually but resolves to the same normalized County identity.
339,KITUI,Mwingi West Sub County,Kiomo/kyethani Ward,1357,Kiomo/kyethani Ward,68,Kitui,344,Mwingi West Sub County,false,true,true,true,NAME_VARIANT_SAME_IDENTITY,County differs textually but resolves to the same normalized County identity.
340,KITUI,Mwingi Central Sub- County,Central Ward,1358,Central Ward,68,Kitui,1346,Mwingi Central,false,true,false,true,NAME_VARIANT_SAME_IDENTITY,County and SubCounty differ textually but resolve to the same normalized relational identities.
341,KITUI,Mwingi Central Sub- County,Kivou Ward,1359,Kivou Ward,68,Kitui,1346,Mwingi Central,false,true,false,true,NAME_VARIANT_SAME_IDENTITY,County and SubCounty differ textually but resolve to the same normalized relational identities.
342,KITUI,Mwingi Central Sub- County,Nguni Ward,1360,Nguni Ward,68,Kitui,1346,Mwingi Central,false,true,false,true,NAME_VARIANT_SAME_IDENTITY,County and SubCounty differ textually but resolve to the same normalized relational identities.
343,KITUI,Mwingi Central Sub- County,Nuu Ward,1361,Nuu Ward,68,Kitui,1346,Mwingi Central,false,true,false,true,NAME_VARIANT_SAME_IDENTITY,County and SubCounty differ textually but resolve to the same normalized relational identities.
344,KITUI,Mwingi Central Sub- County,Mui Ward,1362,Mui Ward,68,Kitui,1346,Mwingi Central,false,true,false,true,NAME_VARIANT_SAME_IDENTITY,County and SubCounty differ textually but resolve to the same normalized relational identities.
1613,Bungoma,Bumula Sub County,South Bukusu Ward,1363,South Bukusu Ward,53,Bungoma,1511,Bumula,true,true,false,true,NAME_VARIANT_SAME_IDENTITY,SubCounty differs textually but resolves to the same normalized SubCounty identity.
484,NYERI,Nyeri South Sub County,Iria-ini Ward,1364,Iria-ini Ward,69,Nyeri,1381,Nyeri South,false,true,false,true,NAME_VARIANT_SAME_IDENTITY,County and SubCounty differ textually but resolve to the same normalized relational identities.
485,NYERI,Nyeri South Sub County,Chinga Ward,1365,Chinga Ward,69,Nyeri,1381,Nyeri South,false,true,false,true,NAME_VARIANT_SAME_IDENTITY,County and SubCounty differ textually but resolve to the same normalized relational identities.
616,TURKANA,Turkana West Sub County,Nakalale Ward,1366,Nakalale Ward,70,Turkana,1416,Turkana West,false,true,false,true,NAME_VARIANT_SAME_IDENTITY,County and SubCounty differ textually but resolve to the same normalized relational identities.
352,KITUI,Kitui Rural Sub County,Kwavonza/yatta Ward,1367,Kwavonza/yatta Ward,68,Kitui,348,Kitui Rural Sub County,false,true,true,true,NAME_VARIANT_SAME_IDENTITY,County differs textually but resolves to the same normalized County identity.
353,KITUI,Kitui Rural Sub County,Kanyangi Ward,1368,Kanyangi Ward,68,Kitui,348,Kitui Rural Sub County,false,true,true,true,NAME_VARIANT_SAME_IDENTITY,County differs textually but resolves to the same normalized County identity.
354,KITUI,Kitui Central  Sub County,Miambani Ward,1369,Miambani Ward,68,Kitui,1336,Kitui Central,false,true,false,true,NAME_VARIANT_SAME_IDENTITY,County and SubCounty differ textually but resolve to the same normalized relational identities.
355,KITUI,Kitui Central  Sub County,Township Ward,1370,Township Ward,68,Kitui,1336,Kitui Central,false,true,false,true,NAME_VARIANT_SAME_IDENTITY,County and SubCounty differ textually but resolve to the same normalized relational identities.
356,KITUI,Kitui Central  Sub County,Kyangwithya west Ward,1371,Kyangwithya west Ward,68,Kitui,1336,Kitui Central,false,true,false,true,NAME_VARIANT_SAME_IDENTITY,County and SubCounty differ textually but resolve to the same normalized relational identities.
641,WEST POKOT,West Pokot Sub County,Riwo Ward,1372,Riwo Ward,71,West Pokot,1421,West Pokot,false,true,false,true,NAME_VARIANT_SAME_IDENTITY,County and SubCounty differ textually but resolve to the same normalized relational identities.
651,WEST POKOT,Pokot North Sub County,Suam Ward,1373,Suam Ward,71,West Pokot,1419,Pokot North,false,true,false,true,NAME_VARIANT_SAME_IDENTITY,County and SubCounty differ textually but resolve to the same normalized relational identities.
652,WEST POKOT,Pokot North Sub County,Kodich Ward,1374,Kodich Ward,71,West Pokot,1419,Pokot North,false,true,false,true,NAME_VARIANT_SAME_IDENTITY,County and SubCounty differ textually but resolve to the same normalized relational identities.
653,WEST POKOT,Pokot North Sub County,Kasei Ward,1375,Kasei Ward,71,West Pokot,1419,Pokot North,false,true,false,true,NAME_VARIANT_SAME_IDENTITY,County and SubCounty differ textually but resolve to the same normalized relational identities.
654,WEST POKOT,Pokot North Sub County,Kapchok Ward,1376,Kapchok Ward,71,West Pokot,1419,Pokot North,false,true,false,true,NAME_VARIANT_SAME_IDENTITY,County and SubCounty differ textually but resolve to the same normalized relational identities.
655,WEST POKOT,Pokot North Sub County,Kiwawa Ward,1377,Kiwawa Ward,71,West Pokot,1419,Pokot North,false,true,false,true,NAME_VARIANT_SAME_IDENTITY,County and SubCounty differ textually but resolve to the same normalized relational identities.
1801,Mombasa,Jomvu  Sub County,Miritini Ward,1378,Miritini Ward,55,Mombasa,1252,Jomvu,true,true,false,true,NAME_VARIANT_SAME_IDENTITY,SubCounty differs textually but resolves to the same normalized SubCounty identity.
960,KERICHO,Belgut Sub County,Chaik Ward,1379,Chaik Ward,56,Kericho,1482,Belgut,false,true,false,true,NAME_VARIANT_SAME_IDENTITY,County and SubCounty differ textually but resolve to the same normalized relational identities.
1614,Bungoma,Bumula Sub County,Bumula Ward,1380,Bumula Ward,53,Bungoma,1511,Bumula,true,true,false,true,NAME_VARIANT_SAME_IDENTITY,SubCounty differs textually but resolves to the same normalized SubCounty identity.
1615,Bungoma,Bumula Sub County,Khasoko Ward,1381,Khasoko Ward,53,Bungoma,1511,Bumula,true,true,false,true,NAME_VARIANT_SAME_IDENTITY,SubCounty differs textually but resolves to the same normalized SubCounty identity.
663,SAMBURU,Samburu Central Sub County,Maralal Ward,1382,Maralal Ward,72,Samburu,1422,Samburu Central,false,true,false,true,NAME_VARIANT_SAME_IDENTITY,County and SubCounty differ textually but resolve to the same normalized relational identities.
162,WAJIR,Wajir North Sub County,Bute Ward,1383,Bute Ward,61,Wajir,1292,Wajir North,false,true,false,true,NAME_VARIANT_SAME_IDENTITY,County and SubCounty differ textually but resolve to the same normalized relational identities.
360,KITUI,Kitui East Sub County,Nzambani Ward,1384,Nzambani Ward,68,Kitui,354,Kitui East Sub County,false,true,true,true,NAME_VARIANT_SAME_IDENTITY,County differs textually but resolves to the same normalized County identity.
1618,Bungoma,Bumula Sub County,West Bukusu Ward,1385,West Bukusu Ward,53,Bungoma,1511,Bumula,true,true,false,true,NAME_VARIANT_SAME_IDENTITY,SubCounty differs textually but resolves to the same normalized SubCounty identity.
1622,Bungoma,Kanduyi Sub County,Township Ward,1386,Township Ward,53,Bungoma,284,Kanduyi Sub County,true,true,true,true,EXACT_MATCH,Authoritative County and SubCounty names exactly match the database relational lineage.
1623,Bungoma,Kanduyi Sub County,Khalaba Ward,1387,Khalaba Ward,53,Bungoma,284,Kanduyi Sub County,true,true,true,true,EXACT_MATCH,Authoritative County and SubCounty names exactly match the database relational lineage.
1624,Bungoma,Kanduyi Sub County,Musikoma Ward,1388,Musikoma Ward,53,Bungoma,284,Kanduyi Sub County,true,true,true,true,EXACT_MATCH,Authoritative County and SubCounty names exactly match the database relational lineage.
1625,Bungoma,Kanduyi Sub County,East Sang'alo Ward,1389,East Sang'alo Ward,53,Bungoma,284,Kanduyi Sub County,true,true,true,true,EXACT_MATCH,Authoritative County and SubCounty names exactly match the database relational lineage.
1626,Bungoma,Kanduyi Sub County,Marakaru/tuuti Ward,1390,Marakaru/tuuti Ward,53,Bungoma,284,Kanduyi Sub County,true,true,true,true,EXACT_MATCH,Authoritative County and SubCounty names exactly match the database relational lineage.
1627,Bungoma,Kanduyi Sub County,West Sang'alo Ward,1391,West Sang'alo Ward,53,Bungoma,284,Kanduyi Sub County,true,true,true,true,EXACT_MATCH,Authoritative County and SubCounty names exactly match the database relational lineage.
1628,Bungoma,Webuye  East Sub County,Mihuu Ward,1392,Mihuu Ward,53,Bungoma,355,Webuye  East Sub County,true,true,true,true,EXACT_MATCH,Authoritative County and SubCounty names exactly match the database relational lineage.
1629,Bungoma,Webuye  East Sub County,Ndivisi Ward,1393,Ndivisi Ward,53,Bungoma,355,Webuye  East Sub County,true,true,true,true,EXACT_MATCH,Authoritative County and SubCounty names exactly match the database relational lineage.
1630,Bungoma,Webuye  East Sub County,Maraka Ward,1394,Maraka Ward,53,Bungoma,355,Webuye  East Sub County,true,true,true,true,EXACT_MATCH,Authoritative County and SubCounty names exactly match the database relational lineage.
1631,Bungoma,Webuye West Sub County,Misikhu Ward,1395,Misikhu Ward,53,Bungoma,1520,Webuye West,true,true,false,true,NAME_VARIANT_SAME_IDENTITY,SubCounty differs textually but resolves to the same normalized SubCounty identity.
1632,Bungoma,Webuye West Sub County,Sitikho Ward,1396,Sitikho Ward,53,Bungoma,1520,Webuye West,true,true,false,true,NAME_VARIANT_SAME_IDENTITY,SubCounty differs textually but resolves to the same normalized SubCounty identity.
1633,Bungoma,Webuye West Sub County,Matulo Ward,1397,Matulo Ward,53,Bungoma,1520,Webuye West,true,true,false,true,NAME_VARIANT_SAME_IDENTITY,SubCounty differs textually but resolves to the same normalized SubCounty identity.
97,TANA RIVER,Bura Sub County,Hirimani Ward,1398,Hirimani Ward,57,Tana River,299,Bura Sub County,false,true,true,true,NAME_VARIANT_SAME_IDENTITY,County differs textually but resolves to the same normalized County identity.
1831,Kilifi,Kilifi North Sub County,Mnarani Ward,1399,Mnarani Ward,73,Kilifi,1266,Kilifi North,true,true,false,true,NAME_VARIANT_SAME_IDENTITY,SubCounty differs textually but resolves to the same normalized SubCounty identity.
1675,Kakamega,Mumias West  Sub County,Mumias North Ward,1400,Mumias North Ward,54,Kakamega,1504,Mumias West,true,true,false,true,NAME_VARIANT_SAME_IDENTITY,SubCounty differs textually but resolves to the same normalized SubCounty identity.
95,TANA RIVER,Galole Sub County,Wayu Ward,1401,Wayu Ward,57,Tana River,296,Galole Sub County,false,true,true,true,NAME_VARIANT_SAME_IDENTITY,County differs textually but resolves to the same normalized County identity.
368,KITUI,Kitui South Sub County,Ikutha Ward,1402,Ikutha Ward,68,Kitui,357,Kitui South Sub County,false,true,true,true,NAME_VARIANT_SAME_IDENTITY,County differs textually but resolves to the same normalized County identity.
370,KITUI,Kitui South Sub County,Athi Ward,1403,Athi Ward,68,Kitui,357,Kitui South Sub County,false,true,true,true,NAME_VARIANT_SAME_IDENTITY,County differs textually but resolves to the same normalized County identity.
411,MAKUENI,Mbooni  Sub County,Tulimani Ward,1404,Tulimani Ward,74,Makueni,358,Mbooni  Sub County,false,true,true,true,NAME_VARIANT_SAME_IDENTITY,County differs textually but resolves to the same normalized County identity.
412,MAKUENI,Mbooni  Sub County,Mbooni Ward,1405,Mbooni Ward,74,Makueni,358,Mbooni  Sub County,false,true,true,true,NAME_VARIANT_SAME_IDENTITY,County differs textually but resolves to the same normalized County identity.
413,MAKUENI,Mbooni  Sub County,Kithungo/Kitundu Ward,1406,Kithungo/Kitundu Ward,74,Makueni,358,Mbooni  Sub County,false,true,true,true,NAME_VARIANT_SAME_IDENTITY,County differs textually but resolves to the same normalized County identity.
414,MAKUENI,Mbooni  Sub County,Kiteta-Kisau Ward,1407,Kiteta-Kisau Ward,74,Makueni,358,Mbooni  Sub County,false,true,true,true,NAME_VARIANT_SAME_IDENTITY,County differs textually but resolves to the same normalized County identity.
415,MAKUENI,Mbooni  Sub County,Waia/Kako Ward,1408,Waia/Kako Ward,74,Makueni,358,Mbooni  Sub County,false,true,true,true,NAME_VARIANT_SAME_IDENTITY,County differs textually but resolves to the same normalized County identity.
416,MAKUENI,Mbooni  Sub County,Kalawa/ Kathulumbi Ward,1409,Kalawa/ Kathulumbi Ward,74,Makueni,358,Mbooni  Sub County,false,true,true,true,NAME_VARIANT_SAME_IDENTITY,County differs textually but resolves to the same normalized County identity.
417,MAKUENI,Kilome Sub County,Kasikeu Ward,1410,Kasikeu Ward,74,Makueni,359,Kilome Sub County,false,true,true,true,NAME_VARIANT_SAME_IDENTITY,County differs textually but resolves to the same normalized County identity.
418,MAKUENI,Kilome Sub County,Mukaa Ward,1411,Mukaa Ward,74,Makueni,359,Kilome Sub County,false,true,true,true,NAME_VARIANT_SAME_IDENTITY,County differs textually but resolves to the same normalized County identity.
419,MAKUENI,Kilome Sub County,Kiima Kiu/Kalanzoni Ward,1412,Kiima Kiu/Kalanzoni Ward,74,Makueni,359,Kilome Sub County,false,true,true,true,NAME_VARIANT_SAME_IDENTITY,County differs textually but resolves to the same normalized County identity.
420,MAKUENI,Kaiti  Sub County,Ukia ward,1413,Ukia ward,74,Makueni,360,Kaiti  Sub County,false,true,true,true,NAME_VARIANT_SAME_IDENTITY,County differs textually but resolves to the same normalized County identity.
421,MAKUENI,Kaiti  Sub County,Kee ward,1414,Kee ward,74,Makueni,360,Kaiti  Sub County,false,true,true,true,NAME_VARIANT_SAME_IDENTITY,County differs textually but resolves to the same normalized County identity.
422,MAKUENI,Kaiti  Sub County,Kilungu ward,1415,Kilungu ward,74,Makueni,360,Kaiti  Sub County,false,true,true,true,NAME_VARIANT_SAME_IDENTITY,County differs textually but resolves to the same normalized County identity.
423,MAKUENI,Kaiti  Sub County,Ilima ward,1416,Ilima ward,74,Makueni,360,Kaiti  Sub County,false,true,true,true,NAME_VARIANT_SAME_IDENTITY,County differs textually but resolves to the same normalized County identity.
424,MAKUENI,Makueni  Sub County,Wote Ward,1417,Wote Ward,74,Makueni,1364,Makueni,false,true,false,true,NAME_VARIANT_SAME_IDENTITY,County and SubCounty differ textually but resolve to the same normalized relational identities.
425,MAKUENI,Makueni  Sub County,Muvau/Kikumini Ward,1418,Muvau/Kikumini Ward,74,Makueni,1364,Makueni,false,true,false,true,NAME_VARIANT_SAME_IDENTITY,County and SubCounty differ textually but resolve to the same normalized relational identities.
426,MAKUENI,Makueni  Sub County,Mavindini Ward,1419,Mavindini Ward,74,Makueni,1364,Makueni,false,true,false,true,NAME_VARIANT_SAME_IDENTITY,County and SubCounty differ textually but resolve to the same normalized relational identities.
427,MAKUENI,Makueni  Sub County,Kitise/Kithuki Ward,1420,Kitise/Kithuki Ward,74,Makueni,1364,Makueni,false,true,false,true,NAME_VARIANT_SAME_IDENTITY,County and SubCounty differ textually but resolve to the same normalized relational identities.
428,MAKUENI,Makueni  Sub County,Kathonzweni Ward,1421,Kathonzweni Ward,74,Makueni,1364,Makueni,false,true,false,true,NAME_VARIANT_SAME_IDENTITY,County and SubCounty differ textually but resolve to the same normalized relational identities.
429,MAKUENI,Makueni  Sub County,Nzaui/Kilili/Kalamba Ward,1422,Nzaui/Kilili/Kalamba Ward,74,Makueni,1364,Makueni,false,true,false,true,NAME_VARIANT_SAME_IDENTITY,County and SubCounty differ textually but resolve to the same normalized relational identities.
430,MAKUENI,Makueni  Sub County,Mbitini Ward,1423,Mbitini Ward,74,Makueni,1364,Makueni,false,true,false,true,NAME_VARIANT_SAME_IDENTITY,County and SubCounty differ textually but resolve to the same normalized relational identities.
431,MAKUENI,Kibwezi West  Sub County,Makindu Ward,1424,Makindu Ward,74,Makueni,362,Kibwezi West  Sub County,false,true,true,true,NAME_VARIANT_SAME_IDENTITY,County differs textually but resolves to the same normalized County identity.
432,MAKUENI,Kibwezi West  Sub County,Nguumo Ward,1425,Nguumo Ward,74,Makueni,362,Kibwezi West  Sub County,false,true,true,true,NAME_VARIANT_SAME_IDENTITY,County differs textually but resolves to the same normalized County identity.
433,MAKUENI,Kibwezi West  Sub County,Kikumbulyu North Ward,1426,Kikumbulyu North Ward,74,Makueni,362,Kibwezi West  Sub County,false,true,true,true,NAME_VARIANT_SAME_IDENTITY,County differs textually but resolves to the same normalized County identity.
434,MAKUENI,Kibwezi West  Sub County,Kikumbulyu South Ward,1427,Kikumbulyu South Ward,74,Makueni,362,Kibwezi West  Sub County,false,true,true,true,NAME_VARIANT_SAME_IDENTITY,County differs textually but resolves to the same normalized County identity.
435,MAKUENI,Kibwezi West  Sub County,Nguu/Masumba Ward,1428,Nguu/Masumba Ward,74,Makueni,362,Kibwezi West  Sub County,false,true,true,true,NAME_VARIANT_SAME_IDENTITY,County differs textually but resolves to the same normalized County identity.
1676,Kakamega,Mumias West  Sub County,Etenje Ward,1429,Etenje Ward,54,Kakamega,1504,Mumias West,true,true,false,true,NAME_VARIANT_SAME_IDENTITY,SubCounty differs textually but resolves to the same normalized SubCounty identity.
1677,Kakamega,Mumias West  Sub County,Musanda Ward,1430,Musanda Ward,54,Kakamega,1504,Mumias West,true,true,false,true,NAME_VARIANT_SAME_IDENTITY,SubCounty differs textually but resolves to the same normalized SubCounty identity.
113,TAITA TAVETA,Taveta Sub County,Bomani Ward,1431,Bomani Ward,59,Taita Taveta,1278,Taveta,false,true,false,true,NAME_VARIANT_SAME_IDENTITY,County and SubCounty differ textually but resolve to the same normalized relational identities.
114,TAITA TAVETA,Taveta Sub County,Mboghoni Ward,1432,Mboghoni Ward,59,Taita Taveta,1278,Taveta,false,true,false,true,NAME_VARIANT_SAME_IDENTITY,County and SubCounty differ textually but resolve to the same normalized relational identities.
129,TAITA TAVETA,Voi Sub County,Kasigau Ward,1433,Kasigau Ward,59,Taita Taveta,1279,Voi,false,true,false,true,NAME_VARIANT_SAME_IDENTITY,County and SubCounty differ textually but resolve to the same normalized relational identities.
154,GARISSA,Fafi Sub County,Jarajila Ward,1434,Jarajila Ward,60,Garissa,1282,Fafi,false,true,false,true,NAME_VARIANT_SAME_IDENTITY,County and SubCounty differ textually but resolve to the same normalized relational identities.
155,GARISSA,Fafi Sub County,Fafi Ward,1435,Fafi Ward,60,Garissa,1282,Fafi,false,true,false,true,NAME_VARIANT_SAME_IDENTITY,County and SubCounty differ textually but resolve to the same normalized relational identities.
163,WAJIR,Wajir North Sub County,Korondile Ward,1436,Korondile Ward,61,Wajir,1292,Wajir North,false,true,false,true,NAME_VARIANT_SAME_IDENTITY,County and SubCounty differ textually but resolve to the same normalized relational identities.
183,WAJIR,Eldas Sub County,Elnur/tula tula Ward,1437,Elnur/tula tula Ward,61,Wajir,1288,Eldas,false,true,false,true,NAME_VARIANT_SAME_IDENTITY,County and SubCounty differ textually but resolve to the same normalized relational identities.
191,MANDERA,MANDERA WEST,TAKABA SOUTH,1438,TAKABA SOUTH,63,Mandera,1295,Mandera West,false,true,false,true,NAME_VARIANT_SAME_IDENTITY,County and SubCounty differ textually but resolve to the same normalized relational identities.
192,MANDERA,MANDERA WEST,TAKABA,1439,TAKABA,63,Mandera,1295,Mandera West,false,true,false,true,NAME_VARIANT_SAME_IDENTITY,County and SubCounty differ textually but resolve to the same normalized relational identities.
184,WAJIR,Wajir South Sub County,Benane Ward,1440,Benane Ward,61,Wajir,1293,Wajir South,false,true,false,true,NAME_VARIANT_SAME_IDENTITY,County and SubCounty differ textually but resolve to the same normalized relational identities.
185,WAJIR,Wajir South Sub County,Burder Ward,1441,Burder Ward,61,Wajir,1293,Wajir South,false,true,false,true,NAME_VARIANT_SAME_IDENTITY,County and SubCounty differ textually but resolve to the same normalized relational identities.
1832,Kilifi,Kilifi South Sub County,Junju Ward,1442,Junju Ward,73,Kilifi,1267,Kilifi South,true,true,false,true,NAME_VARIANT_SAME_IDENTITY,SubCounty differs textually but resolves to the same normalized SubCounty identity.
1684,Kakamega,Matungu Sub County,Mayoni Ward,1443,Mayoni Ward,54,Kakamega,1502,Matungu,true,true,false,true,NAME_VARIANT_SAME_IDENTITY,SubCounty differs textually but resolves to the same normalized SubCounty identity.
1685,Kakamega,Matungu Sub County,Namamali Ward,1444,Namamali Ward,54,Kakamega,1502,Matungu,true,true,false,true,NAME_VARIANT_SAME_IDENTITY,SubCounty differs textually but resolves to the same normalized SubCounty identity.
1686,Kakamega,Butere Sub County,Marama West Ward,1445,Marama West Ward,54,Kakamega,1493,Butere,true,true,false,true,NAME_VARIANT_SAME_IDENTITY,SubCounty differs textually but resolves to the same normalized SubCounty identity.
1687,Kakamega,Butere Sub County,Marama Central Ward,1446,Marama Central Ward,54,Kakamega,1493,Butere,true,true,false,true,NAME_VARIANT_SAME_IDENTITY,SubCounty differs textually but resolves to the same normalized SubCounty identity.
1688,Kakamega,Butere Sub County,Marenyo-shianda Ward,1447,Marenyo-shianda Ward,54,Kakamega,1493,Butere,true,true,false,true,NAME_VARIANT_SAME_IDENTITY,SubCounty differs textually but resolves to the same normalized SubCounty identity.
1689,Kakamega,Butere Sub County,Marama North Ward,1448,Marama North Ward,54,Kakamega,1493,Butere,true,true,false,true,NAME_VARIANT_SAME_IDENTITY,SubCounty differs textually but resolves to the same normalized SubCounty identity.
1690,Kakamega,Butere Sub County,Marama South Ward,1449,Marama South Ward,54,Kakamega,1493,Butere,true,true,false,true,NAME_VARIANT_SAME_IDENTITY,SubCounty differs textually but resolves to the same normalized SubCounty identity.
1692,Kakamega,Khwisero Sub County,Kisa East Ward,1450,Kisa East Ward,54,Kakamega,1498,Khwisero,true,true,false,true,NAME_VARIANT_SAME_IDENTITY,SubCounty differs textually but resolves to the same normalized SubCounty identity.
1693,Kakamega,Khwisero Sub County,Kisa West Ward,1451,Kisa West Ward,54,Kakamega,1498,Khwisero,true,true,false,true,NAME_VARIANT_SAME_IDENTITY,SubCounty differs textually but resolves to the same normalized SubCounty identity.
1694,Kakamega,Khwisero Sub County,Kisa Central Ward,1452,Kisa Central Ward,54,Kakamega,1498,Khwisero,true,true,false,true,NAME_VARIANT_SAME_IDENTITY,SubCounty differs textually but resolves to the same normalized SubCounty identity.
1695,Kakamega,Shinyalu Sub County,Isukha North Ward,1453,Isukha North Ward,54,Kakamega,369,Shinyalu Sub County,true,true,true,true,EXACT_MATCH,Authoritative County and SubCounty names exactly match the database relational lineage.
1696,Kakamega,Shinyalu Sub County,Murhanda Ward,1454,Murhanda Ward,54,Kakamega,369,Shinyalu Sub County,true,true,true,true,EXACT_MATCH,Authoritative County and SubCounty names exactly match the database relational lineage.
1697,Kakamega,Shinyalu Sub County,Isukha Central Ward,1455,Isukha Central Ward,54,Kakamega,369,Shinyalu Sub County,true,true,true,true,EXACT_MATCH,Authoritative County and SubCounty names exactly match the database relational lineage.
1698,Kakamega,Shinyalu Sub County,Isukha South Ward,1456,Isukha South Ward,54,Kakamega,369,Shinyalu Sub County,true,true,true,true,EXACT_MATCH,Authoritative County and SubCounty names exactly match the database relational lineage.
1699,Kakamega,Shinyalu Sub County,Isukha East Ward,1457,Isukha East Ward,54,Kakamega,369,Shinyalu Sub County,true,true,true,true,EXACT_MATCH,Authoritative County and SubCounty names exactly match the database relational lineage.
1700,Kakamega,Shinyalu Sub County,Isukha West Ward,1458,Isukha West Ward,54,Kakamega,369,Shinyalu Sub County,true,true,true,true,EXACT_MATCH,Authoritative County and SubCounty names exactly match the database relational lineage.
1701,Kakamega,Ikolomani Sub County,Idakho South Ward,1459,Idakho South Ward,54,Kakamega,370,Ikolomani Sub County,true,true,true,true,EXACT_MATCH,Authoritative County and SubCounty names exactly match the database relational lineage.
1702,Kakamega,Ikolomani Sub County,Idakho East Ward,1460,Idakho East Ward,54,Kakamega,370,Ikolomani Sub County,true,true,true,true,EXACT_MATCH,Authoritative County and SubCounty names exactly match the database relational lineage.
1703,Kakamega,Ikolomani Sub County,Idakho North Ward,1461,Idakho North Ward,54,Kakamega,370,Ikolomani Sub County,true,true,true,true,EXACT_MATCH,Authoritative County and SubCounty names exactly match the database relational lineage.
1704,Kakamega,Ikolomani Sub County,Idakho Central Ward,1462,Idakho Central Ward,54,Kakamega,370,Ikolomani Sub County,true,true,true,true,EXACT_MATCH,Authoritative County and SubCounty names exactly match the database relational lineage.
1705,Busia,Teso North Sub County,Malaba Central Ward,1463,Malaba Central Ward,62,Busia,1527,Teso North,true,true,false,true,NAME_VARIANT_SAME_IDENTITY,SubCounty differs textually but resolves to the same normalized SubCounty identity.
1706,Busia,Teso North Sub County,Malaba North Ward,1464,Malaba North Ward,62,Busia,1527,Teso North,true,true,false,true,NAME_VARIANT_SAME_IDENTITY,SubCounty differs textually but resolves to the same normalized SubCounty identity.
1707,Busia,Teso North Sub County,Ang'urai South Ward,1465,Ang'urai South Ward,62,Busia,1527,Teso North,true,true,false,true,NAME_VARIANT_SAME_IDENTITY,SubCounty differs textually but resolves to the same normalized SubCounty identity.
1708,Busia,Teso North Sub County,Ang'urai North Ward,1466,Ang'urai North Ward,62,Busia,1527,Teso North,true,true,false,true,NAME_VARIANT_SAME_IDENTITY,SubCounty differs textually but resolves to the same normalized SubCounty identity.
1709,Busia,Teso North Sub County,Ang'urai East Ward,1467,Ang'urai East Ward,62,Busia,1527,Teso North,true,true,false,true,NAME_VARIANT_SAME_IDENTITY,SubCounty differs textually but resolves to the same normalized SubCounty identity.
1710,Busia,Teso North Sub County,Malaba South Ward,1468,Malaba South Ward,62,Busia,1527,Teso North,true,true,false,true,NAME_VARIANT_SAME_IDENTITY,SubCounty differs textually but resolves to the same normalized SubCounty identity.
1711,Busia,Teso South Sub County,Ang'orom Ward,1469,Ang'orom Ward,62,Busia,1528,Teso South,true,true,false,true,NAME_VARIANT_SAME_IDENTITY,SubCounty differs textually but resolves to the same normalized SubCounty identity.
1712,Busia,Teso South Sub County,Chakol South Ward,1470,Chakol South Ward,62,Busia,1528,Teso South,true,true,false,true,NAME_VARIANT_SAME_IDENTITY,SubCounty differs textually but resolves to the same normalized SubCounty identity.
1713,Busia,Teso South Sub County,Chakol North Ward,1471,Chakol North Ward,62,Busia,1528,Teso South,true,true,false,true,NAME_VARIANT_SAME_IDENTITY,SubCounty differs textually but resolves to the same normalized SubCounty identity.
1714,Busia,Teso South Sub County,Amukura West Ward,1472,Amukura West Ward,62,Busia,1528,Teso South,true,true,false,true,NAME_VARIANT_SAME_IDENTITY,SubCounty differs textually but resolves to the same normalized SubCounty identity.
1715,Busia,Teso South Sub County,Amukura East Ward,1473,Amukura East Ward,62,Busia,1528,Teso South,true,true,false,true,NAME_VARIANT_SAME_IDENTITY,SubCounty differs textually but resolves to the same normalized SubCounty identity.
452,NYANDARUA,Kipipiri Sub County,Githioro Ward,1474,Githioro Ward,67,Nyandarua,1372,Kipipiri,false,true,false,true,NAME_VARIANT_SAME_IDENTITY,County and SubCounty differ textually but resolve to the same normalized relational identities.
351,KITUI,Kitui Rural Sub County,Mbitini Ward,1475,Mbitini Ward,68,Kitui,348,Kitui Rural Sub County,false,true,true,true,NAME_VARIANT_SAME_IDENTITY,County differs textually but resolves to the same normalized County identity.
454,NYANDARUA,Olkalou Sub County,Kanjuiri range Ward,1476,Kanjuiri range Ward,67,Nyandarua,374,Olkalou Sub County,false,true,true,true,NAME_VARIANT_SAME_IDENTITY,County differs textually but resolves to the same normalized County identity.
1716,Busia,Teso South Sub County,Amukura Central Ward,1477,Amukura Central Ward,62,Busia,1528,Teso South,true,true,false,true,NAME_VARIANT_SAME_IDENTITY,SubCounty differs textually but resolves to the same normalized SubCounty identity.
359,KITUI,Kitui East Sub County,Zombe/mwitika Ward,1478,Zombe/mwitika Ward,68,Kitui,354,Kitui East Sub County,false,true,true,true,NAME_VARIANT_SAME_IDENTITY,County differs textually but resolves to the same normalized County identity.
225,MARSABIT,MOYALE,MOYALE TOWNSHIP,1479,MOYALE TOWNSHIP,64,Marsabit,1306,Moyale,false,true,false,true,NAME_VARIANT_SAME_IDENTITY,County and SubCounty differ textually but resolve to the same normalized relational identities.
226,MARSABIT,MOYALE,URAN,1480,URAN,64,Marsabit,1306,Moyale,false,true,false,true,NAME_VARIANT_SAME_IDENTITY,County and SubCounty differ textually but resolve to the same normalized relational identities.
227,MARSABIT,MOYALE,OBBU,1481,OBBU,64,Marsabit,1306,Moyale,false,true,false,true,NAME_VARIANT_SAME_IDENTITY,County and SubCounty differ textually but resolve to the same normalized relational identities.
228,MARSABIT,NORTH HORR,DUKANA,1482,DUKANA,64,Marsabit,1307,North Horr,false,true,false,true,NAME_VARIANT_SAME_IDENTITY,County and SubCounty differ textually but resolve to the same normalized relational identities.
229,MARSABIT,NORTH HORR,MAIKONA,1483,MAIKONA,64,Marsabit,1307,North Horr,false,true,false,true,NAME_VARIANT_SAME_IDENTITY,County and SubCounty differ textually but resolve to the same normalized relational identities.
206,MANDERA,MANDERA SOUTH,WARGADUD,1484,WARGADUD,63,Mandera,325,MANDERA SOUTH,false,true,true,true,NAME_VARIANT_SAME_IDENTITY,County differs textually but resolves to the same normalized County identity.
457,NYANDARUA,Olkalou Sub County,Rurii Ward,1485,Rurii Ward,67,Nyandarua,374,Olkalou Sub County,false,true,true,true,NAME_VARIANT_SAME_IDENTITY,County differs textually but resolves to the same normalized County identity.
96,TANA RIVER,Bura Sub County,Chewele Ward,1486,Chewele Ward,57,Tana River,299,Bura Sub County,false,true,true,true,NAME_VARIANT_SAME_IDENTITY,County differs textually but resolves to the same normalized County identity.
234,MARSABIT,SAKU,KARARE,1487,KARARE,64,Marsabit,329,SAKU,false,true,true,true,NAME_VARIANT_SAME_IDENTITY,County differs textually but resolves to the same normalized County identity.
235,MARSABIT,SAKU,MARSABIT CENTRAL,1488,MARSABIT CENTRAL,64,Marsabit,329,SAKU,false,true,true,true,NAME_VARIANT_SAME_IDENTITY,County differs textually but resolves to the same normalized County identity.
236,MARSABIT,LAISAMIS,LOIYANGALANI,1489,LOIYANGALANI,64,Marsabit,330,LAISAMIS,false,true,true,true,NAME_VARIANT_SAME_IDENTITY,County differs textually but resolves to the same normalized County identity.
100,TANA RIVER,Bura Sub County,Madogo Ward,1490,Madogo Ward,57,Tana River,299,Bura Sub County,false,true,true,true,NAME_VARIANT_SAME_IDENTITY,County differs textually but resolves to the same normalized County identity.
1722,Busia,Matayos Sub County,Mayenje Ward,1491,Mayenje Ward,62,Busia,323,Matayos Sub County,true,true,true,true,EXACT_MATCH,Authoritative County and SubCounty names exactly match the database relational lineage.
1726,Busia,Butula Sub County,Marachi West Ward,1492,Marachi West Ward,62,Busia,1524,Butula,true,true,false,true,NAME_VARIANT_SAME_IDENTITY,SubCounty differs textually but resolves to the same normalized SubCounty identity.
486,NYERI,Nyeri South Sub County,Karima Ward,1493,Karima Ward,69,Nyeri,1381,Nyeri South,false,true,false,true,NAME_VARIANT_SAME_IDENTITY,County and SubCounty differ textually but resolve to the same normalized relational identities.
487,NYERI,Mukurweini Sub County,Gikondi Ward,1494,Gikondi Ward,69,Nyeri,1382,Mukurwe-ini,false,true,false,true,NAME_VARIANT_SAME_IDENTITY,County and SubCounty differ textually but resolve to the same normalized relational identities.
488,NYERI,Mukurweini Sub County,Rugi Ward,1495,Rugi Ward,69,Nyeri,1382,Mukurwe-ini,false,true,false,true,NAME_VARIANT_SAME_IDENTITY,County and SubCounty differ textually but resolve to the same normalized relational identities.
489,NYERI,Mukurweini Sub County,Mukurwe-ini west Ward,1496,Mukurwe-ini west Ward,69,Nyeri,1382,Mukurwe-ini,false,true,false,true,NAME_VARIANT_SAME_IDENTITY,County and SubCounty differ textually but resolve to the same normalized relational identities.
490,NYERI,Mukurweini Sub County,Mukurwe-ini central Ward,1497,Mukurwe-ini central Ward,69,Nyeri,1382,Mukurwe-ini,false,true,false,true,NAME_VARIANT_SAME_IDENTITY,County and SubCounty differ textually but resolve to the same normalized relational identities.
491,NYERI,Nyeri Central Sub County,Kiganjo/mathari Ward,1498,Kiganjo/mathari Ward,69,Nyeri,1383,Nyeri Central,false,true,false,true,NAME_VARIANT_SAME_IDENTITY,County and SubCounty differ textually but resolve to the same normalized relational identities.
492,NYERI,Nyeri Central Sub County,Rware Ward,1499,Rware Ward,69,Nyeri,1383,Nyeri Central,false,true,false,true,NAME_VARIANT_SAME_IDENTITY,County and SubCounty differ textually but resolve to the same normalized relational identities.
493,NYERI,Nyeri Central Sub County,Gatitu/muruguru Ward,1500,Gatitu/muruguru Ward,69,Nyeri,1383,Nyeri Central,false,true,false,true,NAME_VARIANT_SAME_IDENTITY,County and SubCounty differ textually but resolve to the same normalized relational identities.
494,NYERI,Nyeri Central Sub County,RURING'U / Karia Ward,1501,RURING'U / Karia Ward,69,Nyeri,1383,Nyeri Central,false,true,false,true,NAME_VARIANT_SAME_IDENTITY,County and SubCounty differ textually but resolve to the same normalized relational identities.
495,NYERI,Nyeri Central Sub County,Kamakwa/mukaro Ward,1502,Kamakwa/mukaro Ward,69,Nyeri,1383,Nyeri Central,false,true,false,true,NAME_VARIANT_SAME_IDENTITY,County and SubCounty differ textually but resolve to the same normalized relational identities.
496,KIRINYAGA,Kirinyaga North/Mwea West Sub County,Mutithi Ward,1503,Mutithi Ward,75,Kirinyaga,378,Kirinyaga North/Mwea West Sub County,false,true,true,true,NAME_VARIANT_SAME_IDENTITY,County differs textually but resolves to the same normalized County identity.
497,KIRINYAGA,Kirinyaga North/Mwea West Sub County,Kangai Ward,1504,Kangai Ward,75,Kirinyaga,378,Kirinyaga North/Mwea West Sub County,false,true,true,true,NAME_VARIANT_SAME_IDENTITY,County differs textually but resolves to the same normalized County identity.
498,KIRINYAGA,Kirinyaga North/Mwea West Sub County,Thiba Ward,1505,Thiba Ward,75,Kirinyaga,378,Kirinyaga North/Mwea West Sub County,false,true,true,true,NAME_VARIANT_SAME_IDENTITY,County differs textually but resolves to the same normalized County identity.
499,KIRINYAGA,Kirinyaga North/Mwea West Sub County,Wamumu Ward,1506,Wamumu Ward,75,Kirinyaga,378,Kirinyaga North/Mwea West Sub County,false,true,true,true,NAME_VARIANT_SAME_IDENTITY,County differs textually but resolves to the same normalized County identity.
500,KIRINYAGA,Kirinyaga South Sub County,Nyangati Ward,1507,Nyangati Ward,75,Kirinyaga,379,Kirinyaga South Sub County,false,true,true,true,NAME_VARIANT_SAME_IDENTITY,County differs textually but resolves to the same normalized County identity.
501,KIRINYAGA,Kirinyaga South Sub County,Murinduko Ward,1508,Murinduko Ward,75,Kirinyaga,379,Kirinyaga South Sub County,false,true,true,true,NAME_VARIANT_SAME_IDENTITY,County differs textually but resolves to the same normalized County identity.
502,KIRINYAGA,Kirinyaga South Sub County,Gathigiriri Ward,1509,Gathigiriri Ward,75,Kirinyaga,379,Kirinyaga South Sub County,false,true,true,true,NAME_VARIANT_SAME_IDENTITY,County differs textually but resolves to the same normalized County identity.
503,KIRINYAGA,Kirinyaga South Sub County,Tebere Ward,1510,Tebere Ward,75,Kirinyaga,379,Kirinyaga South Sub County,false,true,true,true,NAME_VARIANT_SAME_IDENTITY,County differs textually but resolves to the same normalized County identity.
504,KIRINYAGA,Kirinyaga East Sub County,Kabare Ward,1511,Kabare Ward,75,Kirinyaga,1385,Kirinyaga East,false,true,false,true,NAME_VARIANT_SAME_IDENTITY,County and SubCounty differ textually but resolve to the same normalized relational identities.
505,KIRINYAGA,Kirinyaga East Sub County,Baragwi Ward,1512,Baragwi Ward,75,Kirinyaga,1385,Kirinyaga East,false,true,false,true,NAME_VARIANT_SAME_IDENTITY,County and SubCounty differ textually but resolve to the same normalized relational identities.
506,KIRINYAGA,Kirinyaga East Sub County,Njukiine Ward,1513,Njukiine Ward,75,Kirinyaga,1385,Kirinyaga East,false,true,false,true,NAME_VARIANT_SAME_IDENTITY,County and SubCounty differ textually but resolve to the same normalized relational identities.
507,KIRINYAGA,Kirinyaga East Sub County,Ngariama Ward,1514,Ngariama Ward,75,Kirinyaga,1385,Kirinyaga East,false,true,false,true,NAME_VARIANT_SAME_IDENTITY,County and SubCounty differ textually but resolve to the same normalized relational identities.
508,KIRINYAGA,Kirinyaga East Sub County,Karumandi Ward,1515,Karumandi Ward,75,Kirinyaga,1385,Kirinyaga East,false,true,false,true,NAME_VARIANT_SAME_IDENTITY,County and SubCounty differ textually but resolve to the same normalized relational identities.
509,KIRINYAGA,Kirinyaga West Sub County,Mukure Ward,1516,Mukure Ward,75,Kirinyaga,1386,Kirinyaga West,false,true,false,true,NAME_VARIANT_SAME_IDENTITY,County and SubCounty differ textually but resolve to the same normalized relational identities.
510,KIRINYAGA,Kirinyaga West Sub County,Kiine Ward,1517,Kiine Ward,75,Kirinyaga,1386,Kirinyaga West,false,true,false,true,NAME_VARIANT_SAME_IDENTITY,County and SubCounty differ textually but resolve to the same normalized relational identities.
511,KIRINYAGA,Kirinyaga West Sub County,Kariti Ward,1518,Kariti Ward,75,Kirinyaga,1386,Kirinyaga West,false,true,false,true,NAME_VARIANT_SAME_IDENTITY,County and SubCounty differ textually but resolve to the same normalized relational identities.
1729,Busia,Butula Sub County,Marachi East Ward,1519,Marachi East Ward,62,Busia,1524,Butula,true,true,false,true,NAME_VARIANT_SAME_IDENTITY,SubCounty differs textually but resolves to the same normalized SubCounty identity.
1730,Busia,Butula Sub County,Marachi North Ward,1520,Marachi North Ward,62,Busia,1524,Butula,true,true,false,true,NAME_VARIANT_SAME_IDENTITY,SubCounty differs textually but resolves to the same normalized SubCounty identity.
1731,Busia,Butula Sub County,Elugulu Ward,1521,Elugulu Ward,62,Busia,1524,Butula,true,true,false,true,NAME_VARIANT_SAME_IDENTITY,SubCounty differs textually but resolves to the same normalized SubCounty identity.
1732,Busia,Samia Sub County,Namboboto Nambuku Ward,1522,Namboboto Nambuku Ward,62,Busia,1526,Samia,true,true,false,true,NAME_VARIANT_SAME_IDENTITY,SubCounty differs textually but resolves to the same normalized SubCounty identity.
1733,Busia,Samia Sub County,Nangina Ward,1523,Nangina Ward,62,Busia,1526,Samia,true,true,false,true,NAME_VARIANT_SAME_IDENTITY,SubCounty differs textually but resolves to the same normalized SubCounty identity.
1734,Busia,Samia Sub County,Ageng'a Nanguba Ward,1524,Ageng'a Nanguba Ward,62,Busia,1526,Samia,true,true,false,true,NAME_VARIANT_SAME_IDENTITY,SubCounty differs textually but resolves to the same normalized SubCounty identity.
1735,Busia,Samia Sub County,Bwiri Ward,1525,Bwiri Ward,62,Busia,1526,Samia,true,true,false,true,NAME_VARIANT_SAME_IDENTITY,SubCounty differs textually but resolves to the same normalized SubCounty identity.
2097,Muranga,Mathioya Sub County,Kiru Ward,1526,Kiru Ward,76,Murang'a,1391,Mathioya,false,true,false,true,NAME_VARIANT_SAME_IDENTITY,County and SubCounty differ textually but resolve to the same normalized relational identities.
2098,Muranga,Mathioya Sub County,Kamacharia Ward,1527,Kamacharia Ward,76,Murang'a,1391,Mathioya,false,true,false,true,NAME_VARIANT_SAME_IDENTITY,County and SubCounty differ textually but resolve to the same normalized relational identities.
2099,Muranga,Kiharu Sub County,Wangu Ward,1528,Wangu Ward,76,Murang'a,384,Kiharu Sub County,false,true,true,true,NAME_VARIANT_SAME_IDENTITY,County differs textually but resolves to the same normalized County identity.
2100,Muranga,Kiharu Sub County,Mugoiri Ward,1529,Mugoiri Ward,76,Murang'a,384,Kiharu Sub County,false,true,true,true,NAME_VARIANT_SAME_IDENTITY,County differs textually but resolves to the same normalized County identity.
2101,Muranga,Kiharu Sub County,Mbiri Ward,1530,Mbiri Ward,76,Murang'a,384,Kiharu Sub County,false,true,true,true,NAME_VARIANT_SAME_IDENTITY,County differs textually but resolves to the same normalized County identity.
2102,Muranga,Kiharu Sub County,Township Ward,1531,Township Ward,76,Murang'a,384,Kiharu Sub County,false,true,true,true,NAME_VARIANT_SAME_IDENTITY,County differs textually but resolves to the same normalized County identity.
2103,Muranga,Kiharu Sub County,Murarandia Ward,1532,Murarandia Ward,76,Murang'a,384,Kiharu Sub County,false,true,true,true,NAME_VARIANT_SAME_IDENTITY,County differs textually but resolves to the same normalized County identity.
1741,Nakuru,Molo  Sub County,Elburgon Ward,1533,Elburgon Ward,77,Nakuru,1462,Molo,true,true,false,true,NAME_VARIANT_SAME_IDENTITY,SubCounty differs textually but resolves to the same normalized SubCounty identity.
1749,Nakuru,Njoro  Sub County,Njoro Ward,1534,Njoro Ward,77,Nakuru,1467,Njoro,true,true,false,true,NAME_VARIANT_SAME_IDENTITY,SubCounty differs textually but resolves to the same normalized SubCounty identity.
1750,Nakuru,Naivasha  Sub County,Biashara Ward,1535,Biashara Ward,77,Nakuru,1463,Naivasha,true,true,false,true,NAME_VARIANT_SAME_IDENTITY,SubCounty differs textually but resolves to the same normalized SubCounty identity.
1751,Nakuru,Naivasha  Sub County,Hells Gate Ward,1536,Hells Gate Ward,77,Nakuru,1463,Naivasha,true,true,false,true,NAME_VARIANT_SAME_IDENTITY,SubCounty differs textually but resolves to the same normalized SubCounty identity.
2104,Muranga,Kiharu Sub County,Gaturi Ward,1537,Gaturi Ward,76,Murang'a,384,Kiharu Sub County,false,true,true,true,NAME_VARIANT_SAME_IDENTITY,County differs textually but resolves to the same normalized County identity.
2105,Muranga,Kigumo Sub County,Kahumbu Ward,1538,Kahumbu Ward,76,Murang'a,1395,Kigumo,false,true,false,true,NAME_VARIANT_SAME_IDENTITY,County and SubCounty differ textually but resolve to the same normalized relational identities.
1763,Nakuru,Kuresoi South  Sub County,Amalo Ward,1539,Amalo Ward,77,Nakuru,1461,Kuresoi South,true,true,false,true,NAME_VARIANT_SAME_IDENTITY,SubCounty differs textually but resolves to the same normalized SubCounty identity.
1764,Nakuru,Kuresoi South  Sub County,Keringet Ward,1540,Keringet Ward,77,Nakuru,1461,Kuresoi South,true,true,false,true,NAME_VARIANT_SAME_IDENTITY,SubCounty differs textually but resolves to the same normalized SubCounty identity.
1765,Nakuru,Kuresoi South  Sub County,Kiptagich Ward,1541,Kiptagich Ward,77,Nakuru,1461,Kuresoi South,true,true,false,true,NAME_VARIANT_SAME_IDENTITY,SubCounty differs textually but resolves to the same normalized SubCounty identity.
1766,Nakuru,Kuresoi South  Sub County,Tinet Ward,1542,Tinet Ward,77,Nakuru,1461,Kuresoi South,true,true,false,true,NAME_VARIANT_SAME_IDENTITY,SubCounty differs textually but resolves to the same normalized SubCounty identity.
611,TURKANA,Turkana North Sub County,Kaeris Ward,1543,Kaeris Ward,70,Turkana,1414,Turkana North,false,true,false,true,NAME_VARIANT_SAME_IDENTITY,County and SubCounty differ textually but resolve to the same normalized relational identities.
612,TURKANA,Turkana North Sub County,Lakezone Ward,1544,Lakezone Ward,70,Turkana,1414,Turkana North,false,true,false,true,NAME_VARIANT_SAME_IDENTITY,County and SubCounty differ textually but resolve to the same normalized relational identities.
613,TURKANA,Turkana North Sub County,Lapur Ward,1545,Lapur Ward,70,Turkana,1414,Turkana North,false,true,false,true,NAME_VARIANT_SAME_IDENTITY,County and SubCounty differ textually but resolve to the same normalized relational identities.
614,TURKANA,Kibish Sub County,Kaaleng/kaikor Ward,1546,Kaaleng/kaikor Ward,70,Turkana,1410,Kibish,false,true,false,true,NAME_VARIANT_SAME_IDENTITY,County and SubCounty differ textually but resolve to the same normalized relational identities.
2106,Muranga,Kigumo Sub County,Muthithi Ward,1547,Muthithi Ward,76,Murang'a,1395,Kigumo,false,true,false,true,NAME_VARIANT_SAME_IDENTITY,County and SubCounty differ textually but resolve to the same normalized relational identities.
2107,Muranga,Kigumo Sub County,Kigumo Ward,1548,Kigumo Ward,76,Murang'a,1395,Kigumo,false,true,false,true,NAME_VARIANT_SAME_IDENTITY,County and SubCounty differ textually but resolve to the same normalized relational identities.
2108,Muranga,Kigumo Sub County,Kangari Ward,1549,Kangari Ward,76,Murang'a,1395,Kigumo,false,true,false,true,NAME_VARIANT_SAME_IDENTITY,County and SubCounty differ textually but resolve to the same normalized relational identities.
2109,Muranga,Kigumo Sub County,Kinyona Ward,1550,Kinyona Ward,76,Murang'a,1395,Kigumo,false,true,false,true,NAME_VARIANT_SAME_IDENTITY,County and SubCounty differ textually but resolve to the same normalized relational identities.
2110,Muranga,Muranga South Sub County,Kimorori/wempa Ward,1551,Kimorori/wempa Ward,76,Murang'a,1393,Murang'a South,false,true,false,true,NAME_VARIANT_SAME_IDENTITY,County and SubCounty differ textually but resolve to the same normalized relational identities.
2111,Muranga,Muranga South Sub County,Makuyu Ward,1552,Makuyu Ward,76,Murang'a,1393,Murang'a South,false,true,false,true,NAME_VARIANT_SAME_IDENTITY,County and SubCounty differ textually but resolve to the same normalized relational identities.
2112,Muranga,Muranga South Sub County,Kambiti Ward,1553,Kambiti Ward,76,Murang'a,1393,Murang'a South,false,true,false,true,NAME_VARIANT_SAME_IDENTITY,County and SubCounty differ textually but resolve to the same normalized relational identities.
2113,Muranga,Muranga South Sub County,Kamahuhu Ward,1554,Kamahuhu Ward,76,Murang'a,1393,Murang'a South,false,true,false,true,NAME_VARIANT_SAME_IDENTITY,County and SubCounty differ textually but resolve to the same normalized relational identities.
2114,Muranga,Muranga South Sub County,Ichagaki Ward,1555,Ichagaki Ward,76,Murang'a,1393,Murang'a South,false,true,false,true,NAME_VARIANT_SAME_IDENTITY,County and SubCounty differ textually but resolve to the same normalized relational identities.
2115,Muranga,Muranga South Sub County,Nginda Ward,1556,Nginda Ward,76,Murang'a,1393,Murang'a South,false,true,false,true,NAME_VARIANT_SAME_IDENTITY,County and SubCounty differ textually but resolve to the same normalized relational identities.
2116,Muranga,Kandara Sub County,Ng'araria Ward,1557,Ng'araria Ward,76,Murang'a,1396,Kandara,false,true,false,true,NAME_VARIANT_SAME_IDENTITY,County and SubCounty differ textually but resolve to the same normalized relational identities.
2117,Muranga,Kandara Sub County,Muruka Ward,1558,Muruka Ward,76,Murang'a,1396,Kandara,false,true,false,true,NAME_VARIANT_SAME_IDENTITY,County and SubCounty differ textually but resolve to the same normalized relational identities.
2118,Muranga,Kandara Sub County,Kagundu-ini Ward,1559,Kagundu-ini Ward,76,Murang'a,1396,Kandara,false,true,false,true,NAME_VARIANT_SAME_IDENTITY,County and SubCounty differ textually but resolve to the same normalized relational identities.
2119,Muranga,Kandara Sub County,Gaichanjiru Ward,1560,Gaichanjiru Ward,76,Murang'a,1396,Kandara,false,true,false,true,NAME_VARIANT_SAME_IDENTITY,County and SubCounty differ textually but resolve to the same normalized relational identities.
2120,Muranga,Kandara Sub County,Ithiru Ward,1561,Ithiru Ward,76,Murang'a,1396,Kandara,false,true,false,true,NAME_VARIANT_SAME_IDENTITY,County and SubCounty differ textually but resolve to the same normalized relational identities.
2121,Muranga,Kandara Sub County,Ruchu Ward,1562,Ruchu Ward,76,Murang'a,1396,Kandara,false,true,false,true,NAME_VARIANT_SAME_IDENTITY,County and SubCounty differ textually but resolve to the same normalized relational identities.
2122,Muranga,Gatanga Sub County,Ithanga Ward,1563,Ithanga Ward,76,Murang'a,1394,Gatanga,false,true,false,true,NAME_VARIANT_SAME_IDENTITY,County and SubCounty differ textually but resolve to the same normalized relational identities.
2123,Muranga,Gatanga Sub County,Kakuzi/mitubiri Ward,1564,Kakuzi/mitubiri Ward,76,Murang'a,1394,Gatanga,false,true,false,true,NAME_VARIANT_SAME_IDENTITY,County and SubCounty differ textually but resolve to the same normalized relational identities.
1727,Busia,Butula Sub County,Kingandole Ward,1565,Kingandole Ward,62,Busia,1524,Butula,true,true,false,true,NAME_VARIANT_SAME_IDENTITY,SubCounty differs textually but resolves to the same normalized SubCounty identity.
462,NYANDARUA,Ndaragwa Sub County,Leshau/pondo Ward,1566,Leshau/pondo Ward,67,Nyandarua,395,Ndaragwa Sub County,false,true,true,true,NAME_VARIANT_SAME_IDENTITY,County differs textually but resolves to the same normalized County identity.
618,TURKANA,Turkana West Sub County,Lopur Ward,1567,Lopur Ward,70,Turkana,1416,Turkana West,false,true,false,true,NAME_VARIANT_SAME_IDENTITY,County and SubCounty differ textually but resolve to the same normalized relational identities.
619,TURKANA,Turkana West Sub County,Letea Ward,1568,Letea Ward,70,Turkana,1416,Turkana West,false,true,false,true,NAME_VARIANT_SAME_IDENTITY,County and SubCounty differ textually but resolve to the same normalized relational identities.
620,TURKANA,Turkana West Sub County,Songot Ward,1569,Songot Ward,70,Turkana,1416,Turkana West,false,true,false,true,NAME_VARIANT_SAME_IDENTITY,County and SubCounty differ textually but resolve to the same normalized relational identities.
2124,Muranga,Gatanga Sub County,Mugumo-ini Ward,1570,Mugumo-ini Ward,76,Murang'a,1394,Gatanga,false,true,false,true,NAME_VARIANT_SAME_IDENTITY,County and SubCounty differ textually but resolve to the same normalized relational identities.
2125,Muranga,Gatanga Sub County,Kihumbu-ini Ward,1571,Kihumbu-ini Ward,76,Murang'a,1394,Gatanga,false,true,false,true,NAME_VARIANT_SAME_IDENTITY,County and SubCounty differ textually but resolve to the same normalized relational identities.
2126,Muranga,Gatanga Sub County,Gatanga Ward,1572,Gatanga Ward,76,Murang'a,1394,Gatanga,false,true,false,true,NAME_VARIANT_SAME_IDENTITY,County and SubCounty differ textually but resolve to the same normalized relational identities.
2127,Muranga,Gatanga Sub County,Kariara Ward,1573,Kariara Ward,76,Murang'a,1394,Gatanga,false,true,false,true,NAME_VARIANT_SAME_IDENTITY,County and SubCounty differ textually but resolve to the same normalized relational identities.
2128,Uasin Gishu,Soy Sub County,Moi's Bridge Ward,1574,Moi's Bridge Ward,78,Uasin Gishu,1434,Soy,true,true,false,true,NAME_VARIANT_SAME_IDENTITY,SubCounty differs textually but resolves to the same normalized SubCounty identity.
160,GARISSA,Ijara Sub County,Masalani Ward,1575,Masalani Ward,60,Garissa,1285,Ijara,false,true,false,true,NAME_VARIANT_SAME_IDENTITY,County and SubCounty differ textually but resolve to the same normalized relational identities.
2129,Uasin Gishu,Soy Sub County,Kapkures Ward,1576,Kapkures Ward,78,Uasin Gishu,1434,Soy,true,true,false,true,NAME_VARIANT_SAME_IDENTITY,SubCounty differs textually but resolves to the same normalized SubCounty identity.
2130,Uasin Gishu,Soy Sub County,Ziwa Ward,1577,Ziwa Ward,78,Uasin Gishu,1434,Soy,true,true,false,true,NAME_VARIANT_SAME_IDENTITY,SubCounty differs textually but resolves to the same normalized SubCounty identity.
2133,Uasin Gishu,Soy Sub County,Soy Ward,1578,Soy Ward,78,Uasin Gishu,1434,Soy,true,true,false,true,NAME_VARIANT_SAME_IDENTITY,SubCounty differs textually but resolves to the same normalized SubCounty identity.
2134,Uasin Gishu,Soy Sub County,Kuinet/kapsuswa Ward,1579,Kuinet/kapsuswa Ward,78,Uasin Gishu,1434,Soy,true,true,false,true,NAME_VARIANT_SAME_IDENTITY,SubCounty differs textually but resolves to the same normalized SubCounty identity.
2135,Uasin Gishu,Turbo Sub County,Ngenyilel Ward,1580,Ngenyilel Ward,78,Uasin Gishu,1435,Turbo,true,true,false,true,NAME_VARIANT_SAME_IDENTITY,SubCounty differs textually but resolves to the same normalized SubCounty identity.
2136,Uasin Gishu,Turbo Sub County,Tapsagoi Ward,1581,Tapsagoi Ward,78,Uasin Gishu,1435,Turbo,true,true,false,true,NAME_VARIANT_SAME_IDENTITY,SubCounty differs textually but resolves to the same normalized SubCounty identity.
2137,Uasin Gishu,Turbo Sub County,Kamagut Ward,1582,Kamagut Ward,78,Uasin Gishu,1435,Turbo,true,true,false,true,NAME_VARIANT_SAME_IDENTITY,SubCounty differs textually but resolves to the same normalized SubCounty identity.
2138,Uasin Gishu,Turbo Sub County,Kiplombe Ward,1583,Kiplombe Ward,78,Uasin Gishu,1435,Turbo,true,true,false,true,NAME_VARIANT_SAME_IDENTITY,SubCounty differs textually but resolves to the same normalized SubCounty identity.
2139,Uasin Gishu,Turbo Sub County,Kapsaos Ward,1584,Kapsaos Ward,78,Uasin Gishu,1435,Turbo,true,true,false,true,NAME_VARIANT_SAME_IDENTITY,SubCounty differs textually but resolves to the same normalized SubCounty identity.
2140,Uasin Gishu,Turbo Sub County,Huruma Ward,1585,Huruma Ward,78,Uasin Gishu,1435,Turbo,true,true,false,true,NAME_VARIANT_SAME_IDENTITY,SubCounty differs textually but resolves to the same normalized SubCounty identity.
161,WAJIR,Wajir North Sub County,Gurar Ward,1586,Gurar Ward,61,Wajir,1292,Wajir North,false,true,false,true,NAME_VARIANT_SAME_IDENTITY,County and SubCounty differ textually but resolve to the same normalized relational identities.
345,KITUI,Mwingi Central Sub- County,Waita Ward,1587,Waita Ward,68,Kitui,1346,Mwingi Central,false,true,false,true,NAME_VARIANT_SAME_IDENTITY,County and SubCounty differ textually but resolve to the same normalized relational identities.
346,KITUI,Kitui West  Sub County,Mutongoni Ward,1588,Mutongoni Ward,68,Kitui,1337,Kitui West,false,true,false,true,NAME_VARIANT_SAME_IDENTITY,County and SubCounty differ textually but resolve to the same normalized relational identities.
347,KITUI,Kitui West  Sub County,Kauwi Ward,1589,Kauwi Ward,68,Kitui,1337,Kitui West,false,true,false,true,NAME_VARIANT_SAME_IDENTITY,County and SubCounty differ textually but resolve to the same normalized relational identities.
348,KITUI,Kitui West  Sub County,Matinyani Ward,1590,Matinyani Ward,68,Kitui,1337,Kitui West,false,true,false,true,NAME_VARIANT_SAME_IDENTITY,County and SubCounty differ textually but resolve to the same normalized relational identities.
349,KITUI,Kitui West  Sub County,Kwamutonga/kithumula Ward,1591,Kwamutonga/kithumula Ward,68,Kitui,1337,Kitui West,false,true,false,true,NAME_VARIANT_SAME_IDENTITY,County and SubCounty differ textually but resolve to the same normalized relational identities.
482,NYERI,Mathira East Sub County,Karatina town Ward,1592,Karatina town Ward,69,Nyeri,1379,Mathira East,false,true,false,true,NAME_VARIANT_SAME_IDENTITY,County and SubCounty differ textually but resolve to the same normalized relational identities.
483,NYERI,Nyeri South Sub County,Mahiga Ward,1593,Mahiga Ward,69,Nyeri,1381,Nyeri South,false,true,false,true,NAME_VARIANT_SAME_IDENTITY,County and SubCounty differ textually but resolve to the same normalized relational identities.
362,KITUI,Kitui East Sub County,Voo/kyamatu Ward,1594,Voo/kyamatu Ward,68,Kitui,354,Kitui East Sub County,false,true,true,true,NAME_VARIANT_SAME_IDENTITY,County differs textually but resolves to the same normalized County identity.
363,KITUI,Kitui East Sub County,Endau/malalani Ward,1595,Endau/malalani Ward,68,Kitui,354,Kitui East Sub County,false,true,true,true,NAME_VARIANT_SAME_IDENTITY,County differs textually but resolves to the same normalized County identity.
364,KITUI,Kitui East Sub County,Mutitu/kaliku Ward,1596,Mutitu/kaliku Ward,68,Kitui,354,Kitui East Sub County,false,true,true,true,NAME_VARIANT_SAME_IDENTITY,County differs textually but resolves to the same normalized County identity.
365,KITUI,Kitui South Sub County,Ikanga/kyatune Ward,1597,Ikanga/kyatune Ward,68,Kitui,357,Kitui South Sub County,false,true,true,true,NAME_VARIANT_SAME_IDENTITY,County differs textually but resolves to the same normalized County identity.
436,MAKUENI,Kibwezi West  Sub County,Emali/Mulala Ward,1598,Emali/Mulala Ward,74,Makueni,362,Kibwezi West  Sub County,false,true,true,true,NAME_VARIANT_SAME_IDENTITY,County differs textually but resolves to the same normalized County identity.
437,MAKUENI,Kibwezi East  Sub County,Masongaleni Ward,1599,Masongaleni Ward,74,Makueni,401,Kibwezi East  Sub County,false,true,true,true,NAME_VARIANT_SAME_IDENTITY,County differs textually but resolves to the same normalized County identity.
438,MAKUENI,Kibwezi East  Sub County,Mtito Andei Ward,1600,Mtito Andei Ward,74,Makueni,401,Kibwezi East  Sub County,false,true,true,true,NAME_VARIANT_SAME_IDENTITY,County differs textually but resolves to the same normalized County identity.
439,MAKUENI,Kibwezi East  Sub County,Thange Ward,1601,Thange Ward,74,Makueni,401,Kibwezi East  Sub County,false,true,true,true,NAME_VARIANT_SAME_IDENTITY,County differs textually but resolves to the same normalized County identity.
440,MAKUENI,Kibwezi East  Sub County,Ivingoni/Nzambani Ward,1602,Ivingoni/Nzambani Ward,74,Makueni,401,Kibwezi East  Sub County,false,true,true,true,NAME_VARIANT_SAME_IDENTITY,County differs textually but resolves to the same normalized County identity.
441,NYANDARUA,Kinangop Sub County,Engineer Ward,1603,Engineer Ward,67,Nyandarua,1369,Kinangop,false,true,false,true,NAME_VARIANT_SAME_IDENTITY,County and SubCounty differ textually but resolve to the same normalized relational identities.
442,NYANDARUA,Kinangop Sub County,Gathara Ward,1604,Gathara Ward,67,Nyandarua,1369,Kinangop,false,true,false,true,NAME_VARIANT_SAME_IDENTITY,County and SubCounty differ textually but resolve to the same normalized relational identities.
443,NYANDARUA,Kinangop Sub County,North kinangop Ward,1605,North kinangop Ward,67,Nyandarua,1369,Kinangop,false,true,false,true,NAME_VARIANT_SAME_IDENTITY,County and SubCounty differ textually but resolve to the same normalized relational identities.
444,NYANDARUA,Kinangop Sub County,Murungaru Ward,1606,Murungaru Ward,67,Nyandarua,1369,Kinangop,false,true,false,true,NAME_VARIANT_SAME_IDENTITY,County and SubCounty differ textually but resolve to the same normalized relational identities.
449,NYANDARUA,Kipipiri Sub County,Wanjohi Ward,1607,Wanjohi Ward,67,Nyandarua,1372,Kipipiri,false,true,false,true,NAME_VARIANT_SAME_IDENTITY,County and SubCounty differ textually but resolve to the same normalized relational identities.
450,NYANDARUA,Kipipiri Sub County,Kipipiri Ward,1608,Kipipiri Ward,67,Nyandarua,1372,Kipipiri,false,true,false,true,NAME_VARIANT_SAME_IDENTITY,County and SubCounty differ textually but resolve to the same normalized relational identities.
512,KIRINYAGA,Kirinyaga Central Sub County,Mutira Ward,1609,Mutira Ward,75,Kirinyaga,1384,Kirinyaga Central,false,true,false,true,NAME_VARIANT_SAME_IDENTITY,County and SubCounty differ textually but resolve to the same normalized relational identities.
513,KIRINYAGA,Kirinyaga Central Sub County,Kanyekini Ward,1610,Kanyekini Ward,75,Kirinyaga,1384,Kirinyaga Central,false,true,false,true,NAME_VARIANT_SAME_IDENTITY,County and SubCounty differ textually but resolve to the same normalized relational identities.
514,KIRINYAGA,Kirinyaga Central Sub County,Kerugoya Ward,1611,Kerugoya Ward,75,Kirinyaga,1384,Kirinyaga Central,false,true,false,true,NAME_VARIANT_SAME_IDENTITY,County and SubCounty differ textually but resolve to the same normalized relational identities.
515,KIRINYAGA,Kirinyaga Central Sub County,Inoi Ward,1612,Inoi Ward,75,Kirinyaga,1384,Kirinyaga Central,false,true,false,true,NAME_VARIANT_SAME_IDENTITY,County and SubCounty differ textually but resolve to the same normalized relational identities.
624,TURKANA,Turkana Central Sub County,Kerio Delta Ward,1613,Kerio Delta Ward,70,Turkana,1412,Turkana Central,false,true,false,true,NAME_VARIANT_SAME_IDENTITY,County and SubCounty differ textually but resolve to the same normalized relational identities.
625,TURKANA,Turkana Central Sub County,KANG'ATOTHA Ward,1614,KANG'ATOTHA Ward,70,Turkana,1412,Turkana Central,false,true,false,true,NAME_VARIANT_SAME_IDENTITY,County and SubCounty differ textually but resolve to the same normalized relational identities.
626,TURKANA,Turkana Central Sub County,Kalokol Ward,1615,Kalokol Ward,70,Turkana,1412,Turkana Central,false,true,false,true,NAME_VARIANT_SAME_IDENTITY,County and SubCounty differ textually but resolve to the same normalized relational identities.
2044,Nairobi,Ruaraka  Sub County,Mathare North Ward,1616,Mathare North Ward,79,Nairobi City,405,Ruaraka  Sub County,false,false,true,true,SOURCE_DB_CONTRADICTION,Authoritative county does not match the database County reached through Ward.sourceGid.
1728,Busia,Butula Sub County,Marachi Central Ward,1617,Marachi Central Ward,62,Busia,1524,Butula,true,true,false,true,NAME_VARIANT_SAME_IDENTITY,SubCounty differs textually but resolves to the same normalized SubCounty identity.
1736,Busia,Bunyala Sub County,Bunyala Central Ward,1618,Bunyala Central Ward,62,Busia,1522,Bunyala,true,true,false,true,NAME_VARIANT_SAME_IDENTITY,SubCounty differs textually but resolves to the same normalized SubCounty identity.
2047,Nairobi,Embakasi South Sub County,Imara Daima Ward,1619,Imara Daima Ward,79,Nairobi City,407,Embakasi South Sub County,false,false,true,true,SOURCE_DB_CONTRADICTION,Authoritative county does not match the database County reached through Ward.sourceGid.
2141,Uasin Gishu,Moiben Sub County,Tembelio Ward,1620,Tembelio Ward,78,Uasin Gishu,1433,Moiben,true,true,false,true,NAME_VARIANT_SAME_IDENTITY,SubCounty differs textually but resolves to the same normalized SubCounty identity.
2142,Uasin Gishu,Moiben Sub County,Sergoit Ward,1621,Sergoit Ward,78,Uasin Gishu,1433,Moiben,true,true,false,true,NAME_VARIANT_SAME_IDENTITY,SubCounty differs textually but resolves to the same normalized SubCounty identity.
2143,Uasin Gishu,Moiben Sub County,Karuna/meibeki Ward,1622,Karuna/meibeki Ward,78,Uasin Gishu,1433,Moiben,true,true,false,true,NAME_VARIANT_SAME_IDENTITY,SubCounty differs textually but resolves to the same normalized SubCounty identity.
2144,Uasin Gishu,Moiben Sub County,Moiben Ward,1623,Moiben Ward,78,Uasin Gishu,1433,Moiben,true,true,false,true,NAME_VARIANT_SAME_IDENTITY,SubCounty differs textually but resolves to the same normalized SubCounty identity.
2145,Uasin Gishu,Moiben Sub County,Kimumu Ward,1624,Kimumu Ward,78,Uasin Gishu,1433,Moiben,true,true,false,true,NAME_VARIANT_SAME_IDENTITY,SubCounty differs textually but resolves to the same normalized SubCounty identity.
2146,Uasin Gishu,Ainabkoi Sub County,Kapsoya Ward,1625,Kapsoya Ward,78,Uasin Gishu,1430,Ainabkoi,true,true,false,true,NAME_VARIANT_SAME_IDENTITY,SubCounty differs textually but resolves to the same normalized SubCounty identity.
2147,Uasin Gishu,Ainabkoi Sub County,Kaptagat Ward,1626,Kaptagat Ward,78,Uasin Gishu,1430,Ainabkoi,true,true,false,true,NAME_VARIANT_SAME_IDENTITY,SubCounty differs textually but resolves to the same normalized SubCounty identity.
2148,Uasin Gishu,Ainabkoi Sub County,Ainabkoi/olare Ward,1627,Ainabkoi/olare Ward,78,Uasin Gishu,1430,Ainabkoi,true,true,false,true,NAME_VARIANT_SAME_IDENTITY,SubCounty differs textually but resolves to the same normalized SubCounty identity.
2149,Uasin Gishu,Kapseret Sub County,Simat/ Kapseret Ward,1628,Simat/ Kapseret Ward,78,Uasin Gishu,1431,Kapseret,true,true,false,true,NAME_VARIANT_SAME_IDENTITY,SubCounty differs textually but resolves to the same normalized SubCounty identity.
2150,Uasin Gishu,Kapseret Sub County,Kipkenyo Ward,1629,Kipkenyo Ward,78,Uasin Gishu,1431,Kapseret,true,true,false,true,NAME_VARIANT_SAME_IDENTITY,SubCounty differs textually but resolves to the same normalized SubCounty identity.
1737,Busia,Bunyala Sub County,Bunyala North Ward,1630,Bunyala North Ward,62,Busia,1522,Bunyala,true,true,false,true,NAME_VARIANT_SAME_IDENTITY,SubCounty differs textually but resolves to the same normalized SubCounty identity.
1738,Busia,Bunyala Sub County,Bunyala West Ward,1631,Bunyala West Ward,62,Busia,1522,Bunyala,true,true,false,true,NAME_VARIANT_SAME_IDENTITY,SubCounty differs textually but resolves to the same normalized SubCounty identity.
1739,Busia,Bunyala Sub County,Bunyala South Ward,1632,Bunyala South Ward,62,Busia,1522,Bunyala,true,true,false,true,NAME_VARIANT_SAME_IDENTITY,SubCounty differs textually but resolves to the same normalized SubCounty identity.
1740,Nakuru,Molo  Sub County,Mariashoni Ward,1633,Mariashoni Ward,77,Nakuru,1462,Molo,true,true,false,true,NAME_VARIANT_SAME_IDENTITY,SubCounty differs textually but resolves to the same normalized SubCounty identity.
1742,Nakuru,Molo  Sub County,Turi Ward,1634,Turi Ward,77,Nakuru,1462,Molo,true,true,false,true,NAME_VARIANT_SAME_IDENTITY,SubCounty differs textually but resolves to the same normalized SubCounty identity.
1743,Nakuru,Molo  Sub County,Molo Ward,1635,Molo Ward,77,Nakuru,1462,Molo,true,true,false,true,NAME_VARIANT_SAME_IDENTITY,SubCounty differs textually but resolves to the same normalized SubCounty identity.
1744,Nakuru,Njoro  Sub County,Mau Narok Ward,1636,Mau Narok Ward,77,Nakuru,1467,Njoro,true,true,false,true,NAME_VARIANT_SAME_IDENTITY,SubCounty differs textually but resolves to the same normalized SubCounty identity.
1745,Nakuru,Njoro  Sub County,Mauche Ward,1637,Mauche Ward,77,Nakuru,1467,Njoro,true,true,false,true,NAME_VARIANT_SAME_IDENTITY,SubCounty differs textually but resolves to the same normalized SubCounty identity.
1746,Nakuru,Njoro  Sub County,Kihingo Ward,1638,Kihingo Ward,77,Nakuru,1467,Njoro,true,true,false,true,NAME_VARIANT_SAME_IDENTITY,SubCounty differs textually but resolves to the same normalized SubCounty identity.
1747,Nakuru,Njoro  Sub County,Nessuit Ward,1639,Nessuit Ward,77,Nakuru,1467,Njoro,true,true,false,true,NAME_VARIANT_SAME_IDENTITY,SubCounty differs textually but resolves to the same normalized SubCounty identity.
1748,Nakuru,Njoro  Sub County,Lare Ward,1640,Lare Ward,77,Nakuru,1467,Njoro,true,true,false,true,NAME_VARIANT_SAME_IDENTITY,SubCounty differs textually but resolves to the same normalized SubCounty identity.
2158,Narok,Transmara West Sub County,Kilgoris Central  Ward,1641,Kilgoris Central  Ward,80,Narok,1475,Trans Mara West,true,true,false,true,NAME_VARIANT_SAME_IDENTITY,SubCounty differs textually but resolves to the same normalized SubCounty identity.
1752,Nakuru,Naivasha  Sub County,Lake View Ward,1642,Lake View Ward,77,Nakuru,1463,Naivasha,true,true,false,true,NAME_VARIANT_SAME_IDENTITY,SubCounty differs textually but resolves to the same normalized SubCounty identity.
1753,Nakuru,Naivasha  Sub County,Mai Mahiu Ward,1643,Mai Mahiu Ward,77,Nakuru,1463,Naivasha,true,true,false,true,NAME_VARIANT_SAME_IDENTITY,SubCounty differs textually but resolves to the same normalized SubCounty identity.
1754,Nakuru,Naivasha  Sub County,Maeilla Ward,1644,Maeilla Ward,77,Nakuru,1463,Naivasha,true,true,false,true,NAME_VARIANT_SAME_IDENTITY,SubCounty differs textually but resolves to the same normalized SubCounty identity.
1755,Nakuru,Naivasha  Sub County,Olkaria Ward,1645,Olkaria Ward,77,Nakuru,1463,Naivasha,true,true,false,true,NAME_VARIANT_SAME_IDENTITY,SubCounty differs textually but resolves to the same normalized SubCounty identity.
1756,Nakuru,Naivasha  Sub County,Naivasha East Ward,1646,Naivasha East Ward,77,Nakuru,1463,Naivasha,true,true,false,true,NAME_VARIANT_SAME_IDENTITY,SubCounty differs textually but resolves to the same normalized SubCounty identity.
1757,Nakuru,Naivasha  Sub County,Viwandani Ward,1647,Viwandani Ward,77,Nakuru,1463,Naivasha,true,true,false,true,NAME_VARIANT_SAME_IDENTITY,SubCounty differs textually but resolves to the same normalized SubCounty identity.
1758,Nakuru,Gilgil Sub County,Gilgil Ward,1648,Gilgil Ward,77,Nakuru,1459,Gilgil,true,true,false,true,NAME_VARIANT_SAME_IDENTITY,SubCounty differs textually but resolves to the same normalized SubCounty identity.
1759,Nakuru,Gilgil Sub County,Elementaita Ward,1649,Elementaita Ward,77,Nakuru,1459,Gilgil,true,true,false,true,NAME_VARIANT_SAME_IDENTITY,SubCounty differs textually but resolves to the same normalized SubCounty identity.
1760,Nakuru,Gilgil Sub County,Mbaruk/eburu Ward,1650,Mbaruk/eburu Ward,77,Nakuru,1459,Gilgil,true,true,false,true,NAME_VARIANT_SAME_IDENTITY,SubCounty differs textually but resolves to the same normalized SubCounty identity.
1761,Nakuru,Gilgil Sub County,Malewa West Ward,1651,Malewa West Ward,77,Nakuru,1459,Gilgil,true,true,false,true,NAME_VARIANT_SAME_IDENTITY,SubCounty differs textually but resolves to the same normalized SubCounty identity.
1762,Nakuru,Gilgil Sub County,Murindat Ward,1652,Murindat Ward,77,Nakuru,1459,Gilgil,true,true,false,true,NAME_VARIANT_SAME_IDENTITY,SubCounty differs textually but resolves to the same normalized SubCounty identity.
615,TURKANA,Kibish Sub County,Kibish Ward,1653,Kibish Ward,70,Turkana,1410,Kibish,false,true,false,true,NAME_VARIANT_SAME_IDENTITY,County and SubCounty differ textually but resolve to the same normalized relational identities.
622,TURKANA,Turkana West Sub County,Lokichoggio Ward,1654,Lokichoggio Ward,70,Turkana,1416,Turkana West,false,true,false,true,NAME_VARIANT_SAME_IDENTITY,County and SubCounty differ textually but resolve to the same normalized relational identities.
630,TURKANA,Loima Sub County,Turkwel Ward,1655,Turkwel Ward,70,Turkana,1411,Loima,false,true,false,true,NAME_VARIANT_SAME_IDENTITY,County and SubCounty differ textually but resolve to the same normalized relational identities.
632,TURKANA,Loima Sub County,Lokiriama/Lorengippi Ward,1656,Lokiriama/Lorengippi Ward,70,Turkana,1411,Loima,false,true,false,true,NAME_VARIANT_SAME_IDENTITY,County and SubCounty differ textually but resolve to the same normalized relational identities.
633,TURKANA,Turkana South Sub County,Kaputir Ward,1657,Kaputir Ward,70,Turkana,1415,Turkana South,false,true,false,true,NAME_VARIANT_SAME_IDENTITY,County and SubCounty differ textually but resolve to the same normalized relational identities.
635,TURKANA,Turkana South Sub County,Lobokat Ward,1658,Lobokat Ward,70,Turkana,1415,Turkana South,false,true,false,true,NAME_VARIANT_SAME_IDENTITY,County and SubCounty differ textually but resolve to the same normalized relational identities.
636,TURKANA,Turkana South Sub County,Kalapata Ward,1659,Kalapata Ward,70,Turkana,1415,Turkana South,false,true,false,true,NAME_VARIANT_SAME_IDENTITY,County and SubCounty differ textually but resolve to the same normalized relational identities.
642,WEST POKOT,West Pokot Sub County,Kapenguria Ward,1660,Kapenguria Ward,71,West Pokot,1421,West Pokot,false,true,false,true,NAME_VARIANT_SAME_IDENTITY,County and SubCounty differ textually but resolve to the same normalized relational identities.
643,WEST POKOT,West Pokot Sub County,Mnagei Ward,1661,Mnagei Ward,71,West Pokot,1421,West Pokot,false,true,false,true,NAME_VARIANT_SAME_IDENTITY,County and SubCounty differ textually but resolve to the same normalized relational identities.
644,WEST POKOT,West Pokot Sub County,Siyoi Ward,1662,Siyoi Ward,71,West Pokot,1421,West Pokot,false,true,false,true,NAME_VARIANT_SAME_IDENTITY,County and SubCounty differ textually but resolve to the same normalized relational identities.
645,WEST POKOT,West Pokot Sub County,Endugh Ward,1663,Endugh Ward,71,West Pokot,1421,West Pokot,false,true,false,true,NAME_VARIANT_SAME_IDENTITY,County and SubCounty differ textually but resolve to the same normalized relational identities.
646,WEST POKOT,West Pokot Sub County,Sook Ward,1664,Sook Ward,71,West Pokot,1421,West Pokot,false,true,false,true,NAME_VARIANT_SAME_IDENTITY,County and SubCounty differ textually but resolve to the same normalized relational identities.
647,WEST POKOT,Pokot Central Sub County,Sekerr Ward,1665,Sekerr Ward,71,West Pokot,1418,Pokot Central,false,true,false,true,NAME_VARIANT_SAME_IDENTITY,County and SubCounty differ textually but resolve to the same normalized relational identities.
648,WEST POKOT,Pokot Central Sub County,Masool Ward,1666,Masool Ward,71,West Pokot,1418,Pokot Central,false,true,false,true,NAME_VARIANT_SAME_IDENTITY,County and SubCounty differ textually but resolve to the same normalized relational identities.
166,WAJIR,Wajir North Sub County,Danaba Ward,1667,Danaba Ward,61,Wajir,1292,Wajir North,false,true,false,true,NAME_VARIANT_SAME_IDENTITY,County and SubCounty differ textually but resolve to the same normalized relational identities.
649,WEST POKOT,Pokot Central Sub County,Lomut Ward,1668,Lomut Ward,71,West Pokot,1418,Pokot Central,false,true,false,true,NAME_VARIANT_SAME_IDENTITY,County and SubCounty differ textually but resolve to the same normalized relational identities.
650,WEST POKOT,Pokot Central Sub County,Wei wei Ward,1669,Wei wei Ward,71,West Pokot,1418,Pokot Central,false,true,false,true,NAME_VARIANT_SAME_IDENTITY,County and SubCounty differ textually but resolve to the same normalized relational identities.
2172,Narok,Narok North Sub County,Olorropil Ward,1670,Olorropil Ward,80,Narok,1471,Narok North,true,true,false,true,NAME_VARIANT_SAME_IDENTITY,SubCounty differs textually but resolves to the same normalized SubCounty identity.
2173,Narok,Narok North Sub County,Melili Ward,1671,Melili Ward,80,Narok,1471,Narok North,true,true,false,true,NAME_VARIANT_SAME_IDENTITY,SubCounty differs textually but resolves to the same normalized SubCounty identity.
2174,Narok,Narok East Sub County,Mosiro Ward,1672,Mosiro Ward,80,Narok,1470,Narok East,true,true,false,true,NAME_VARIANT_SAME_IDENTITY,SubCounty differs textually but resolves to the same normalized SubCounty identity.
2175,Narok,Narok East Sub County,Ildamat Ward,1673,Ildamat Ward,80,Narok,1470,Narok East,true,true,false,true,NAME_VARIANT_SAME_IDENTITY,SubCounty differs textually but resolves to the same normalized SubCounty identity.
2176,Narok,Narok East Sub County,Keekonyokie Ward,1674,Keekonyokie Ward,80,Narok,1470,Narok East,true,true,false,true,NAME_VARIANT_SAME_IDENTITY,SubCounty differs textually but resolves to the same normalized SubCounty identity.
2177,Narok,Narok East Sub County,Suswa Ward,1675,Suswa Ward,80,Narok,1470,Narok East,true,true,false,true,NAME_VARIANT_SAME_IDENTITY,SubCounty differs textually but resolves to the same normalized SubCounty identity.
2178,Narok,Narok South Sub County,Maji Moto/naroosura Ward,1676,Maji Moto/naroosura Ward,80,Narok,1472,Narok South,true,true,false,true,NAME_VARIANT_SAME_IDENTITY,SubCounty differs textually but resolves to the same normalized SubCounty identity.
2179,Narok,Narok South Sub County,Ololulung'a Ward,1677,Ololulung'a Ward,80,Narok,1472,Narok South,true,true,false,true,NAME_VARIANT_SAME_IDENTITY,SubCounty differs textually but resolves to the same normalized SubCounty identity.
2180,Narok,Narok South Sub County,Melelo Ward,1678,Melelo Ward,80,Narok,1472,Narok South,true,true,false,true,NAME_VARIANT_SAME_IDENTITY,SubCounty differs textually but resolves to the same normalized SubCounty identity.
2181,Narok,Narok South Sub County,Loita Ward,1679,Loita Ward,80,Narok,1472,Narok South,true,true,false,true,NAME_VARIANT_SAME_IDENTITY,SubCounty differs textually but resolves to the same normalized SubCounty identity.
2182,Narok,Narok South Sub County,Sogoo Ward,1680,Sogoo Ward,80,Narok,1472,Narok South,true,true,false,true,NAME_VARIANT_SAME_IDENTITY,SubCounty differs textually but resolves to the same normalized SubCounty identity.
2183,Narok,Narok South Sub County,Sagamian Ward,1681,Sagamian Ward,80,Narok,1472,Narok South,true,true,false,true,NAME_VARIANT_SAME_IDENTITY,SubCounty differs textually but resolves to the same normalized SubCounty identity.
2184,Narok,Narok West Sub County,Ilmotiook Ward,1682,Ilmotiook Ward,80,Narok,1473,Narok West,true,true,false,true,NAME_VARIANT_SAME_IDENTITY,SubCounty differs textually but resolves to the same normalized SubCounty identity.
2185,Narok,Narok West Sub County,Mara Ward,1683,Mara Ward,80,Narok,1473,Narok West,true,true,false,true,NAME_VARIANT_SAME_IDENTITY,SubCounty differs textually but resolves to the same normalized SubCounty identity.
2186,Narok,Narok West Sub County,Siana Ward,1684,Siana Ward,80,Narok,1473,Narok West,true,true,false,true,NAME_VARIANT_SAME_IDENTITY,SubCounty differs textually but resolves to the same normalized SubCounty identity.
664,SAMBURU,Samburu Central Sub County,Loosuk Ward,1685,Loosuk Ward,72,Samburu,1422,Samburu Central,false,true,false,true,NAME_VARIANT_SAME_IDENTITY,County and SubCounty differ textually but resolve to the same normalized relational identities.
665,SAMBURU,Samburu Central Sub County,Porro Ward,1686,Porro Ward,72,Samburu,1422,Samburu Central,false,true,false,true,NAME_VARIANT_SAME_IDENTITY,County and SubCounty differ textually but resolve to the same normalized relational identities.
666,SAMBURU,Samburu North Sub County,El-barta Ward,1687,El-barta Ward,72,Samburu,1424,Samburu North,false,true,false,true,NAME_VARIANT_SAME_IDENTITY,County and SubCounty differ textually but resolve to the same normalized relational identities.
667,SAMBURU,Samburu North Sub County,Nachola Ward,1688,Nachola Ward,72,Samburu,1424,Samburu North,false,true,false,true,NAME_VARIANT_SAME_IDENTITY,County and SubCounty differ textually but resolve to the same normalized relational identities.
668,SAMBURU,Samburu North Sub County,Ndoto Ward,1689,Ndoto Ward,72,Samburu,1424,Samburu North,false,true,false,true,NAME_VARIANT_SAME_IDENTITY,County and SubCounty differ textually but resolve to the same normalized relational identities.
669,SAMBURU,Samburu North Sub County,Nyiro Ward,1690,Nyiro Ward,72,Samburu,1424,Samburu North,false,true,false,true,NAME_VARIANT_SAME_IDENTITY,County and SubCounty differ textually but resolve to the same normalized relational identities.
670,SAMBURU,Samburu Central Sub County,Angata nayokie Ward,1691,Angata nayokie Ward,72,Samburu,1422,Samburu Central,false,true,false,true,NAME_VARIANT_SAME_IDENTITY,County and SubCounty differ textually but resolve to the same normalized relational identities.
671,SAMBURU,Samburu Central Sub County,Baawa Ward,1692,Baawa Ward,72,Samburu,1422,Samburu Central,false,true,false,true,NAME_VARIANT_SAME_IDENTITY,County and SubCounty differ textually but resolve to the same normalized relational identities.
672,SAMBURU,Samburu East Sub County,Waso Ward,1693,Waso Ward,72,Samburu,421,Samburu East Sub County,false,true,true,true,NAME_VARIANT_SAME_IDENTITY,County differs textually but resolves to the same normalized County identity.
673,SAMBURU,Samburu East Sub County,Wamba west Ward,1694,Wamba west Ward,72,Samburu,421,Samburu East Sub County,false,true,true,true,NAME_VARIANT_SAME_IDENTITY,County differs textually but resolves to the same normalized County identity.
674,SAMBURU,Samburu East Sub County,Wamba east Ward,1695,Wamba east Ward,72,Samburu,421,Samburu East Sub County,false,true,true,true,NAME_VARIANT_SAME_IDENTITY,County differs textually but resolves to the same normalized County identity.
675,SAMBURU,Samburu East Sub County,Wamba north Ward,1696,Wamba north Ward,72,Samburu,421,Samburu East Sub County,false,true,true,true,NAME_VARIANT_SAME_IDENTITY,County differs textually but resolves to the same normalized County identity.
676,TRANS NZOIA,Kwanza  Sub County,Kapomboi Ward,1697,Kapomboi Ward,81,Trans Nzoia,1427,Kwanza,false,true,false,true,NAME_VARIANT_SAME_IDENTITY,County and SubCounty differ textually but resolve to the same normalized relational identities.
677,TRANS NZOIA,Kwanza  Sub County,Kwanza Ward,1698,Kwanza Ward,81,Trans Nzoia,1427,Kwanza,false,true,false,true,NAME_VARIANT_SAME_IDENTITY,County and SubCounty differ textually but resolve to the same normalized relational identities.
1841,Kilifi,Rabai Sub County,Mwawesa Ward,1699,Mwawesa Ward,73,Kilifi,1270,Rabai,true,true,false,true,NAME_VARIANT_SAME_IDENTITY,SubCounty differs textually but resolves to the same normalized SubCounty identity.
680,TRANS NZOIA,Endebess Sub County,Chepchoina Ward,1700,Chepchoina Ward,81,Trans Nzoia,1428,Endebess,false,true,false,true,NAME_VARIANT_SAME_IDENTITY,County and SubCounty differ textually but resolve to the same normalized relational identities.
681,TRANS NZOIA,Endebess Sub County,Endebess Ward,1701,Endebess Ward,81,Trans Nzoia,1428,Endebess,false,true,false,true,NAME_VARIANT_SAME_IDENTITY,County and SubCounty differ textually but resolve to the same normalized relational identities.
682,TRANS NZOIA,Endebess Sub County,Matumbei Ward,1702,Matumbei Ward,81,Trans Nzoia,1428,Endebess,false,true,false,true,NAME_VARIANT_SAME_IDENTITY,County and SubCounty differ textually but resolve to the same normalized relational identities.
683,TRANS NZOIA,Saboti  Sub County,Kinyoro Ward,1703,Kinyoro Ward,81,Trans Nzoia,425,Saboti  Sub County,false,true,true,true,NAME_VARIANT_SAME_IDENTITY,County differs textually but resolves to the same normalized County identity.
684,TRANS NZOIA,Saboti  Sub County,Matisi Ward,1704,Matisi Ward,81,Trans Nzoia,425,Saboti  Sub County,false,true,true,true,NAME_VARIANT_SAME_IDENTITY,County differs textually but resolves to the same normalized County identity.
1803,Mombasa,Kisauni  Sub County,Mjambere Ward,1705,Mjambere Ward,55,Mombasa,1253,Kisauni,true,true,false,true,NAME_VARIANT_SAME_IDENTITY,SubCounty differs textually but resolves to the same normalized SubCounty identity.
2187,Narok,Narok West Sub County,Naikarra Ward,1706,Naikarra Ward,80,Narok,1473,Narok West,true,true,false,true,NAME_VARIANT_SAME_IDENTITY,SubCounty differs textually but resolves to the same normalized SubCounty identity.
2188,Kiambu,Githunguri Sub County,Githiga Ward,1707,Githiga Ward,82,Kiambu,1399,Githunguri,true,true,false,true,NAME_VARIANT_SAME_IDENTITY,SubCounty differs textually but resolves to the same normalized SubCounty identity.
2189,Kiambu,Githunguri Sub County,Ikinu Ward,1708,Ikinu Ward,82,Kiambu,1399,Githunguri,true,true,false,true,NAME_VARIANT_SAME_IDENTITY,SubCounty differs textually but resolves to the same normalized SubCounty identity.
2190,Kiambu,Githunguri Sub County,Ngewa Ward,1709,Ngewa Ward,82,Kiambu,1399,Githunguri,true,true,false,true,NAME_VARIANT_SAME_IDENTITY,SubCounty differs textually but resolves to the same normalized SubCounty identity.
2191,Kiambu,Githunguri Sub County,Komothai Ward,1710,Komothai Ward,82,Kiambu,1399,Githunguri,true,true,false,true,NAME_VARIANT_SAME_IDENTITY,SubCounty differs textually but resolves to the same normalized SubCounty identity.
2192,Kiambu,Kiambu Town Sub County,Ting'ang'a Ward,1711,Ting'ang'a Ward,82,Kiambu,428,Kiambu Town Sub County,true,true,true,true,EXACT_MATCH,Authoritative County and SubCounty names exactly match the database relational lineage.
2193,Kiambu,Kiambu Town Sub County,Ndumberi Ward,1712,Ndumberi Ward,82,Kiambu,428,Kiambu Town Sub County,true,true,true,true,EXACT_MATCH,Authoritative County and SubCounty names exactly match the database relational lineage.
2194,Kiambu,Kiambu Town Sub County,Riabai Ward,1713,Riabai Ward,82,Kiambu,428,Kiambu Town Sub County,true,true,true,true,EXACT_MATCH,Authoritative County and SubCounty names exactly match the database relational lineage.
2195,Kiambu,Kiambu Town Sub County,Kiambu Township Ward,1714,Kiambu Township Ward,82,Kiambu,428,Kiambu Town Sub County,true,true,true,true,EXACT_MATCH,Authoritative County and SubCounty names exactly match the database relational lineage.
2196,Kiambu,Kiambaa Sub County,Cianda Ward,1715,Cianda Ward,82,Kiambu,1402,Kiambaa,true,true,false,true,NAME_VARIANT_SAME_IDENTITY,SubCounty differs textually but resolves to the same normalized SubCounty identity.
2197,Kiambu,Kiambaa Sub County,Karuri Ward,1716,Karuri Ward,82,Kiambu,1402,Kiambaa,true,true,false,true,NAME_VARIANT_SAME_IDENTITY,SubCounty differs textually but resolves to the same normalized SubCounty identity.
2198,Kiambu,Kiambaa Sub County,Ndenderu Ward,1717,Ndenderu Ward,82,Kiambu,1402,Kiambaa,true,true,false,true,NAME_VARIANT_SAME_IDENTITY,SubCounty differs textually but resolves to the same normalized SubCounty identity.
2199,Kiambu,Kiambaa Sub County,Muchatha Ward,1718,Muchatha Ward,82,Kiambu,1402,Kiambaa,true,true,false,true,NAME_VARIANT_SAME_IDENTITY,SubCounty differs textually but resolves to the same normalized SubCounty identity.
2200,Kiambu,Kiambaa Sub County,Kihara Ward,1719,Kihara Ward,82,Kiambu,1402,Kiambaa,true,true,false,true,NAME_VARIANT_SAME_IDENTITY,SubCounty differs textually but resolves to the same normalized SubCounty identity.
1767,Nakuru,Kuresoi North  Sub County,Kiptororo Ward,1720,Kiptororo Ward,77,Nakuru,1460,Kuresoi North,true,true,false,true,NAME_VARIANT_SAME_IDENTITY,SubCounty differs textually but resolves to the same normalized SubCounty identity.
1768,Nakuru,Kuresoi North  Sub County,Nyota Ward,1721,Nyota Ward,77,Nakuru,1460,Kuresoi North,true,true,false,true,NAME_VARIANT_SAME_IDENTITY,SubCounty differs textually but resolves to the same normalized SubCounty identity.
1769,Nakuru,Kuresoi North  Sub County,Sirikwa Ward,1722,Sirikwa Ward,77,Nakuru,1460,Kuresoi North,true,true,false,true,NAME_VARIANT_SAME_IDENTITY,SubCounty differs textually but resolves to the same normalized SubCounty identity.
2201,Kiambu,Kabete Sub County,Gitaru,1723,Gitaru,82,Kiambu,1401,Kabete,true,true,false,true,NAME_VARIANT_SAME_IDENTITY,SubCounty differs textually but resolves to the same normalized SubCounty identity.
2202,Kiambu,Kabete Sub County,Muguga,1724,Muguga,82,Kiambu,1401,Kabete,true,true,false,true,NAME_VARIANT_SAME_IDENTITY,SubCounty differs textually but resolves to the same normalized SubCounty identity.
2203,Kiambu,Kabete Sub County,Nyadhuna Ward,1725,Nyadhuna Ward,82,Kiambu,1401,Kabete,true,true,false,true,NAME_VARIANT_SAME_IDENTITY,SubCounty differs textually but resolves to the same normalized SubCounty identity.
2204,Kiambu,Kabete Sub County,Kabete Ward,1726,Kabete Ward,82,Kiambu,1401,Kabete,true,true,false,true,NAME_VARIANT_SAME_IDENTITY,SubCounty differs textually but resolves to the same normalized SubCounty identity.
688,TRANS NZOIA,Kiminini  Sub County,Kiminini Ward,1727,Kiminini Ward,81,Trans Nzoia,1429,Kiminini,false,true,false,true,NAME_VARIANT_SAME_IDENTITY,County and SubCounty differ textually but resolve to the same normalized relational identities.
689,TRANS NZOIA,Kiminini  Sub County,Waitaluk Ward,1728,Waitaluk Ward,81,Trans Nzoia,1429,Kiminini,false,true,false,true,NAME_VARIANT_SAME_IDENTITY,County and SubCounty differ textually but resolve to the same normalized relational identities.
690,TRANS NZOIA,Kiminini  Sub County,Sirende Ward,1729,Sirende Ward,81,Trans Nzoia,1429,Kiminini,false,true,false,true,NAME_VARIANT_SAME_IDENTITY,County and SubCounty differ textually but resolve to the same normalized relational identities.
1771,Nakuru,Subukia  Sub County,Subukia Ward,1730,Subukia Ward,77,Nakuru,1469,Subukia,true,true,false,true,NAME_VARIANT_SAME_IDENTITY,SubCounty differs textually but resolves to the same normalized SubCounty identity.
189,WAJIR,Wajir South Sub County,Ibrahim ure Ward,1731,Ibrahim ure Ward,61,Wajir,1293,Wajir South,false,true,false,true,NAME_VARIANT_SAME_IDENTITY,County and SubCounty differ textually but resolve to the same normalized relational identities.
1774,Nakuru,Rongai  Sub County,Menengai West Ward,1732,Menengai West Ward,77,Nakuru,1468,Rongai,true,true,false,true,NAME_VARIANT_SAME_IDENTITY,SubCounty differs textually but resolves to the same normalized SubCounty identity.
2216,Kiambu,Lari Sub County,Kinale Ward,1733,Kinale Ward,82,Kiambu,1405,Lari,true,true,false,true,NAME_VARIANT_SAME_IDENTITY,SubCounty differs textually but resolves to the same normalized SubCounty identity.
2218,Kiambu,Lari Sub County,Nyanduma Ward,1734,Nyanduma Ward,82,Kiambu,1405,Lari,true,true,false,true,NAME_VARIANT_SAME_IDENTITY,SubCounty differs textually but resolves to the same normalized SubCounty identity.
2219,Kiambu,Lari Sub County,Kamburu Ward,1735,Kamburu Ward,82,Kiambu,1405,Lari,true,true,false,true,NAME_VARIANT_SAME_IDENTITY,SubCounty differs textually but resolves to the same normalized SubCounty identity.
2220,Kiambu,Lari Sub County,Lari/kirenga Ward,1736,Lari/kirenga Ward,82,Kiambu,1405,Lari,true,true,false,true,NAME_VARIANT_SAME_IDENTITY,SubCounty differs textually but resolves to the same normalized SubCounty identity.
2221,Kiambu,Gatundu South Sub County,Kiamwangi Ward,1737,Kiamwangi Ward,82,Kiambu,1398,Gatundu South,true,true,false,true,NAME_VARIANT_SAME_IDENTITY,SubCounty differs textually but resolves to the same normalized SubCounty identity.
2222,Kiambu,Gatundu South Sub County,Kiganjo Ward,1738,Kiganjo Ward,82,Kiambu,1398,Gatundu South,true,true,false,true,NAME_VARIANT_SAME_IDENTITY,SubCounty differs textually but resolves to the same normalized SubCounty identity.
2223,Kiambu,Gatundu South Sub County,Ndarugu Ward,1739,Ndarugu Ward,82,Kiambu,1398,Gatundu South,true,true,false,true,NAME_VARIANT_SAME_IDENTITY,SubCounty differs textually but resolves to the same normalized SubCounty identity.
2224,Kiambu,Gatundu South Sub County,Ngenda Ward,1740,Ngenda Ward,82,Kiambu,1398,Gatundu South,true,true,false,true,NAME_VARIANT_SAME_IDENTITY,SubCounty differs textually but resolves to the same normalized SubCounty identity.
2225,Kiambu,Gatundu North Sub County,Gituamba Ward,1741,Gituamba Ward,82,Kiambu,1397,Gatundu North,true,true,false,true,NAME_VARIANT_SAME_IDENTITY,SubCounty differs textually but resolves to the same normalized SubCounty identity.
2226,Kiambu,Gatundu North Sub County,Githobokoni Ward,1742,Githobokoni Ward,82,Kiambu,1397,Gatundu North,true,true,false,true,NAME_VARIANT_SAME_IDENTITY,SubCounty differs textually but resolves to the same normalized SubCounty identity.
2227,Kiambu,Gatundu North Sub County,Chania Ward,1743,Chania Ward,82,Kiambu,1397,Gatundu North,true,true,false,true,NAME_VARIANT_SAME_IDENTITY,SubCounty differs textually but resolves to the same normalized SubCounty identity.
2228,Kiambu,Gatundu North Sub County,Mang'u Ward,1744,Mang'u Ward,82,Kiambu,1397,Gatundu North,true,true,false,true,NAME_VARIANT_SAME_IDENTITY,SubCounty differs textually but resolves to the same normalized SubCounty identity.
2229,Kiambu,Juja Sub County,Murera Ward,1745,Murera Ward,82,Kiambu,1400,Juja,true,true,false,true,NAME_VARIANT_SAME_IDENTITY,SubCounty differs textually but resolves to the same normalized SubCounty identity.
2230,Kiambu,Juja Sub County,Theta Ward,1746,Theta Ward,82,Kiambu,1400,Juja,true,true,false,true,NAME_VARIANT_SAME_IDENTITY,SubCounty differs textually but resolves to the same normalized SubCounty identity.
1776,Nakuru,Rongai  Sub County,Visoi Ward,1747,Visoi Ward,77,Nakuru,1468,Rongai,true,true,false,true,NAME_VARIANT_SAME_IDENTITY,SubCounty differs textually but resolves to the same normalized SubCounty identity.
2231,Kiambu,Juja Sub County,Juja Ward,1748,Juja Ward,82,Kiambu,1400,Juja,true,true,false,true,NAME_VARIANT_SAME_IDENTITY,SubCounty differs textually but resolves to the same normalized SubCounty identity.
2232,Kiambu,Juja Sub County,Witeithie Ward,1749,Witeithie Ward,82,Kiambu,1400,Juja,true,true,false,true,NAME_VARIANT_SAME_IDENTITY,SubCounty differs textually but resolves to the same normalized SubCounty identity.
2233,Kiambu,Juja Sub County,Kalimoni Ward,1750,Kalimoni Ward,82,Kiambu,1400,Juja,true,true,false,true,NAME_VARIANT_SAME_IDENTITY,SubCounty differs textually but resolves to the same normalized SubCounty identity.
2234,Kiambu,Thika Town Sub County,Thika Township Ward,1751,Thika Township Ward,82,Kiambu,439,Thika Town Sub County,true,true,true,true,EXACT_MATCH,Authoritative County and SubCounty names exactly match the database relational lineage.
2235,Kiambu,Thika Town Sub County,Kamenu Ward,1752,Kamenu Ward,82,Kiambu,439,Thika Town Sub County,true,true,true,true,EXACT_MATCH,Authoritative County and SubCounty names exactly match the database relational lineage.
2236,Kiambu,Thika Town Sub County,Hospital Ward,1753,Hospital Ward,82,Kiambu,439,Thika Town Sub County,true,true,true,true,EXACT_MATCH,Authoritative County and SubCounty names exactly match the database relational lineage.
1779,Nakuru,Nakuru North  Sub County,Dundori Ward,1754,Dundori Ward,77,Nakuru,1465,Nakuru North,true,true,false,true,NAME_VARIANT_SAME_IDENTITY,SubCounty differs textually but resolves to the same normalized SubCounty identity.
1842,Kilifi,Rabai Sub County,Rurumaward,1755,Rurumaward,73,Kilifi,1270,Rabai,true,true,false,true,NAME_VARIANT_SAME_IDENTITY,SubCounty differs textually but resolves to the same normalized SubCounty identity.
695,TRANS NZOIA,Cherangany Sub County,Makutano Ward,1756,Makutano Ward,81,Trans Nzoia,441,Cherangany Sub County,false,true,true,true,NAME_VARIANT_SAME_IDENTITY,County differs textually but resolves to the same normalized County identity.
696,TRANS NZOIA,Cherangany Sub County,Kaplamai Ward,1757,Kaplamai Ward,81,Trans Nzoia,441,Cherangany Sub County,false,true,true,true,NAME_VARIANT_SAME_IDENTITY,County differs textually but resolves to the same normalized County identity.
697,TRANS NZOIA,Cherangany Sub County,Motosiet Ward,1758,Motosiet Ward,81,Trans Nzoia,441,Cherangany Sub County,false,true,true,true,NAME_VARIANT_SAME_IDENTITY,County differs textually but resolves to the same normalized County identity.
698,TRANS NZOIA,Cherangany Sub County,Cherangany/suwerwa Ward,1759,Cherangany/suwerwa Ward,81,Trans Nzoia,441,Cherangany Sub County,false,true,true,true,NAME_VARIANT_SAME_IDENTITY,County differs textually but resolves to the same normalized County identity.
699,TRANS NZOIA,Cherangany Sub County,Chepsiro/kiptoror Ward,1760,Chepsiro/kiptoror Ward,81,Trans Nzoia,441,Cherangany Sub County,false,true,true,true,NAME_VARIANT_SAME_IDENTITY,County differs textually but resolves to the same normalized County identity.
1808,Mombasa,Kisauni  Sub County,Magogoni Ward,1761,Magogoni Ward,55,Mombasa,1253,Kisauni,true,true,false,true,NAME_VARIANT_SAME_IDENTITY,SubCounty differs textually but resolves to the same normalized SubCounty identity.
1876,Siaya,Rarieda Sub County,North Uyoma Ward,1762,North Uyoma Ward,83,Siaya,1534,Rarieda,true,true,false,true,NAME_VARIANT_SAME_IDENTITY,SubCounty differs textually but resolves to the same normalized SubCounty identity.
1877,Siaya,Rarieda Sub County,South Uyoma Ward,1763,South Uyoma Ward,83,Siaya,1534,Rarieda,true,true,false,true,NAME_VARIANT_SAME_IDENTITY,SubCounty differs textually but resolves to the same normalized SubCounty identity.
1878,Siaya,Rarieda Sub County,West Uyoma Ward,1764,West Uyoma Ward,83,Siaya,1534,Rarieda,true,true,false,true,NAME_VARIANT_SAME_IDENTITY,SubCounty differs textually but resolves to the same normalized SubCounty identity.
1891,Kwale,Msambweni Sub County,Ukunda Ward,1765,Ukunda Ward,84,Kwale,1260,Msambweni,true,true,false,true,NAME_VARIANT_SAME_IDENTITY,SubCounty differs textually but resolves to the same normalized SubCounty identity.
1892,Kwale,Msambweni Sub County,Kinondo Ward,1766,Kinondo Ward,84,Kwale,1260,Msambweni,true,true,false,true,NAME_VARIANT_SAME_IDENTITY,SubCounty differs textually but resolves to the same normalized SubCounty identity.
1893,Kwale,Msambweni Sub County,Ramisi Ward,1767,Ramisi Ward,84,Kwale,1260,Msambweni,true,true,false,true,NAME_VARIANT_SAME_IDENTITY,SubCounty differs textually but resolves to the same normalized SubCounty identity.
1894,Kwale,Lunga Lunga Sub County,Pongwe Kikoneni Ward,1768,Pongwe Kikoneni Ward,84,Kwale,1258,Lunga Lunga,true,true,false,true,NAME_VARIANT_SAME_IDENTITY,SubCounty differs textually but resolves to the same normalized SubCounty identity.
1895,Kwale,Lunga Lunga Sub County,Dzombo Ward,1769,Dzombo Ward,84,Kwale,1258,Lunga Lunga,true,true,false,true,NAME_VARIANT_SAME_IDENTITY,SubCounty differs textually but resolves to the same normalized SubCounty identity.
1896,Kwale,Lunga Lunga Sub County,Mwereni Ward,1770,Mwereni Ward,84,Kwale,1258,Lunga Lunga,true,true,false,true,NAME_VARIANT_SAME_IDENTITY,SubCounty differs textually but resolves to the same normalized SubCounty identity.
1897,Kwale,Lunga Lunga Sub County,Vanga Ward,1771,Vanga Ward,84,Kwale,1258,Lunga Lunga,true,true,false,true,NAME_VARIANT_SAME_IDENTITY,SubCounty differs textually but resolves to the same normalized SubCounty identity.
1780,Nakuru,Nakuru North  Sub County,Kabatini Ward,1772,Kabatini Ward,77,Nakuru,1465,Nakuru North,true,true,false,true,NAME_VARIANT_SAME_IDENTITY,SubCounty differs textually but resolves to the same normalized SubCounty identity.
1898,Kwale,Matuga Sub County,Tsimba Golini Ward,1773,Tsimba Golini Ward,84,Kwale,1259,Matuga,true,true,false,true,NAME_VARIANT_SAME_IDENTITY,SubCounty differs textually but resolves to the same normalized SubCounty identity.
1899,Kwale,Matuga Sub County,Waa Ngombeni Ward,1774,Waa Ngombeni Ward,84,Kwale,1259,Matuga,true,true,false,true,NAME_VARIANT_SAME_IDENTITY,SubCounty differs textually but resolves to the same normalized SubCounty identity.
1770,Nakuru,Kuresoi North  Sub County,Kamara Ward,1775,Kamara Ward,77,Nakuru,1460,Kuresoi North,true,true,false,true,NAME_VARIANT_SAME_IDENTITY,SubCounty differs textually but resolves to the same normalized SubCounty identity.
1900,Kwale,Matuga Sub County,Tiwi Ward,1776,Tiwi Ward,84,Kwale,1259,Matuga,true,true,false,true,NAME_VARIANT_SAME_IDENTITY,SubCounty differs textually but resolves to the same normalized SubCounty identity.
1901,Kwale,Matuga Sub County,Kubo South Ward,1777,Kubo South Ward,84,Kwale,1259,Matuga,true,true,false,true,NAME_VARIANT_SAME_IDENTITY,SubCounty differs textually but resolves to the same normalized SubCounty identity.
1772,Nakuru,Subukia  Sub County,Waseges Ward,1778,Waseges Ward,77,Nakuru,1469,Subukia,true,true,false,true,NAME_VARIANT_SAME_IDENTITY,SubCounty differs textually but resolves to the same normalized SubCounty identity.
1773,Nakuru,Subukia  Sub County,Kabazi Ward,1779,Kabazi Ward,77,Nakuru,1469,Subukia,true,true,false,true,NAME_VARIANT_SAME_IDENTITY,SubCounty differs textually but resolves to the same normalized SubCounty identity.
731,ELGEYO-MARAKWET,Marakwet East sub-county,Kapyego Ward,1780,Kapyego Ward,85,Elgeyo Marakwet,1438,Marakwet East,false,true,false,true,NAME_VARIANT_SAME_IDENTITY,County and SubCounty differ textually but resolve to the same normalized relational identities.
732,ELGEYO-MARAKWET,Marakwet East sub-county,Sambirir Ward,1781,Sambirir Ward,85,Elgeyo Marakwet,1438,Marakwet East,false,true,false,true,NAME_VARIANT_SAME_IDENTITY,County and SubCounty differ textually but resolve to the same normalized relational identities.
1902,Kwale,Matuga Sub County,Mkongani Ward,1782,Mkongani Ward,84,Kwale,1259,Matuga,true,true,false,true,NAME_VARIANT_SAME_IDENTITY,SubCounty differs textually but resolves to the same normalized SubCounty identity.
1903,Kwale,Kinango Sub County,Ndavaya Ward,1783,Ndavaya Ward,84,Kwale,1257,Kinango,true,true,false,true,NAME_VARIANT_SAME_IDENTITY,SubCounty differs textually but resolves to the same normalized SubCounty identity.
1904,Kwale,Kinango Sub County,Puma Ward,1784,Puma Ward,84,Kwale,1257,Kinango,true,true,false,true,NAME_VARIANT_SAME_IDENTITY,SubCounty differs textually but resolves to the same normalized SubCounty identity.
1905,Kwale,Kinango Sub County,Kinango Ward,1785,Kinango Ward,84,Kwale,1257,Kinango,true,true,false,true,NAME_VARIANT_SAME_IDENTITY,SubCounty differs textually but resolves to the same normalized SubCounty identity.
1906,Kwale,Kinango Sub County,Mackinon Road Ward,1786,Mackinon Road Ward,84,Kwale,1257,Kinango,true,true,false,true,NAME_VARIANT_SAME_IDENTITY,SubCounty differs textually but resolves to the same normalized SubCounty identity.
1907,Kwale,Kinango Sub County,Chengoni/samburu Ward,1787,Chengoni/samburu Ward,84,Kwale,1257,Kinango,true,true,false,true,NAME_VARIANT_SAME_IDENTITY,SubCounty differs textually but resolves to the same normalized SubCounty identity.
1908,Kwale,Kinango Sub County,Mwavumbo Ward,1788,Mwavumbo Ward,84,Kwale,1257,Kinango,true,true,false,true,NAME_VARIANT_SAME_IDENTITY,SubCounty differs textually but resolves to the same normalized SubCounty identity.
1781,Nakuru,Nakuru North  Sub County,Kiamaina Ward,1789,Kiamaina Ward,77,Nakuru,1465,Nakuru North,true,true,false,true,NAME_VARIANT_SAME_IDENTITY,SubCounty differs textually but resolves to the same normalized SubCounty identity.
1909,Kwale,Kinango Sub County,Kasemeni Ward,1790,Kasemeni Ward,84,Kwale,1257,Kinango,true,true,false,true,NAME_VARIANT_SAME_IDENTITY,SubCounty differs textually but resolves to the same normalized SubCounty identity.
2237,Kiambu,Thika Town Sub County,Gatuanyaga Ward,1791,Gatuanyaga Ward,82,Kiambu,439,Thika Town Sub County,true,true,true,true,EXACT_MATCH,Authoritative County and SubCounty names exactly match the database relational lineage.
2238,Kiambu,Thika Town Sub County,Ngoliba Ward,1792,Ngoliba Ward,82,Kiambu,439,Thika Town Sub County,true,true,true,true,EXACT_MATCH,Authoritative County and SubCounty names exactly match the database relational lineage.
2239,Kiambu,Ruiru Sub County,Gitothua,1793,Gitothua,82,Kiambu,1407,Ruiru,true,true,false,true,NAME_VARIANT_SAME_IDENTITY,SubCounty differs textually but resolves to the same normalized SubCounty identity.
112,TAITA TAVETA,Taveta Sub County,Mahoo Ward,1794,Mahoo Ward,59,Taita Taveta,1278,Taveta,false,true,false,true,NAME_VARIANT_SAME_IDENTITY,County and SubCounty differ textually but resolve to the same normalized relational identities.
2269,Bomet,Konoin Sub County,Kimulot Ward,1795,Kimulot Ward,86,Bomet,1490,Konoin,true,true,false,true,NAME_VARIANT_SAME_IDENTITY,SubCounty differs textually but resolves to the same normalized SubCounty identity.
2270,Bomet,Konoin Sub County,Mogogosiek Ward,1796,Mogogosiek Ward,86,Bomet,1490,Konoin,true,true,false,true,NAME_VARIANT_SAME_IDENTITY,SubCounty differs textually but resolves to the same normalized SubCounty identity.
2271,Bomet,Konoin Sub County,Boito Ward,1797,Boito Ward,86,Bomet,1490,Konoin,true,true,false,true,NAME_VARIANT_SAME_IDENTITY,SubCounty differs textually but resolves to the same normalized SubCounty identity.
2272,Bomet,Konoin Sub County,Embomos Ward,1798,Embomos Ward,86,Bomet,1490,Konoin,true,true,false,true,NAME_VARIANT_SAME_IDENTITY,SubCounty differs textually but resolves to the same normalized SubCounty identity.
2273,Kisii,Bomachoge Borabu Sub County,BOMBABA BORABU,1799,BOMBABA BORABU,87,Kisii,450,Bomachoge Borabu Sub County,true,true,true,true,EXACT_MATCH,Authoritative County and SubCounty names exactly match the database relational lineage.
1775,Nakuru,Rongai  Sub County,Soin Ward,1800,Soin Ward,77,Nakuru,1468,Rongai,true,true,false,true,NAME_VARIANT_SAME_IDENTITY,SubCounty differs textually but resolves to the same normalized SubCounty identity.
757,NANDI,Aldai Sub County,Kemeloi-maraba Ward,1801,Kemeloi-maraba Ward,88,Nandi,451,Aldai Sub County,false,true,true,true,NAME_VARIANT_SAME_IDENTITY,County differs textually but resolves to the same normalized County identity.
758,NANDI,Aldai Sub County,Kobujoi Ward,1802,Kobujoi Ward,88,Nandi,451,Aldai Sub County,false,true,true,true,NAME_VARIANT_SAME_IDENTITY,County differs textually but resolves to the same normalized County identity.
759,NANDI,Aldai Sub County,Kaptumo/kaboi Ward,1803,Kaptumo/kaboi Ward,88,Nandi,451,Aldai Sub County,false,true,true,true,NAME_VARIANT_SAME_IDENTITY,County differs textually but resolves to the same normalized County identity.
760,NANDI,Aldai Sub County,Koyo/ndurio Ward,1804,Koyo/ndurio Ward,88,Nandi,451,Aldai Sub County,false,true,true,true,NAME_VARIANT_SAME_IDENTITY,County differs textually but resolves to the same normalized County identity.
761,NANDI,Nandi East Sub County,Nandi hills Ward,1805,Nandi hills Ward,88,Nandi,1442,Nandi East,false,true,false,true,NAME_VARIANT_SAME_IDENTITY,County and SubCounty differ textually but resolve to the same normalized relational identities.
762,NANDI,Nandi East Sub County,Chepkunyuk Ward,1806,Chepkunyuk Ward,88,Nandi,1442,Nandi East,false,true,false,true,NAME_VARIANT_SAME_IDENTITY,County and SubCounty differ textually but resolve to the same normalized relational identities.
119,TAITA TAVETA,Wundanyi Sub County,Mwanda/mgange Ward,1807,Mwanda/mgange Ward,59,Taita Taveta,303,Wundanyi Sub County,false,true,true,true,NAME_VARIANT_SAME_IDENTITY,County differs textually but resolves to the same normalized County identity.
120,TAITA TAVETA,Mwatate Sub County,Ronge Ward,1808,Ronge Ward,59,Taita Taveta,1276,Mwatate,false,true,false,true,NAME_VARIANT_SAME_IDENTITY,County and SubCounty differ textually but resolve to the same normalized relational identities.
305,THARAKA-NITHI,Igambang'ombe Sub County,Igambang`ombe Ward,1809,Igambang`ombe Ward,66,Tharaka Nithi,1323,Igambang'ombe,false,true,false,true,NAME_VARIANT_SAME_IDENTITY,County and SubCounty differ textually but resolve to the same normalized relational identities.
767,NANDI,Chesumei Sub County,Lelmoko/ngechek Ward,1810,Lelmoko/ngechek Ward,88,Nandi,1440,Chesumei,false,true,false,true,NAME_VARIANT_SAME_IDENTITY,County and SubCounty differ textually but resolve to the same normalized relational identities.
121,TAITA TAVETA,Mwatate Sub County,Mwatate Ward,1811,Mwatate Ward,59,Taita Taveta,1276,Mwatate,false,true,false,true,NAME_VARIANT_SAME_IDENTITY,County and SubCounty differ textually but resolve to the same normalized relational identities.
124,TAITA TAVETA,Mwatate Sub County,Wusi/kishamba Ward,1812,Wusi/kishamba Ward,59,Taita Taveta,1276,Mwatate,false,true,false,true,NAME_VARIANT_SAME_IDENTITY,County and SubCounty differ textually but resolve to the same normalized relational identities.
329,EMBU,Mbeere North  Sub County,Muminji Ward,1813,Muminji Ward,89,Embu,1332,Mbeere North,false,true,false,true,NAME_VARIANT_SAME_IDENTITY,County and SubCounty differ textually but resolve to the same normalized relational identities.
330,EMBU,Mbeere North  Sub County,Evurore Ward,1814,Evurore Ward,89,Embu,1332,Mbeere North,false,true,false,true,NAME_VARIANT_SAME_IDENTITY,County and SubCounty differ textually but resolve to the same normalized relational identities.
1782,Nakuru,Nakuru North  Sub County,Lanet/umoja Ward,1815,Lanet/umoja Ward,77,Nakuru,1465,Nakuru North,true,true,false,true,NAME_VARIANT_SAME_IDENTITY,SubCounty differs textually but resolves to the same normalized SubCounty identity.
770,NANDI,Emgwen Sub County,Chepkumia Ward,1816,Chepkumia Ward,88,Nandi,456,Emgwen Sub County,false,true,true,true,NAME_VARIANT_SAME_IDENTITY,County differs textually but resolves to the same normalized County identity.
1783,Nakuru,Nakuru North  Sub County,Bahati Ward,1817,Bahati Ward,77,Nakuru,1465,Nakuru North,true,true,false,true,NAME_VARIANT_SAME_IDENTITY,SubCounty differs textually but resolves to the same normalized SubCounty identity.
1786,Nakuru,Nakuru West  Sub County,Kaptembwo Ward,1818,Kaptembwo Ward,77,Nakuru,1466,Nakuru West,true,true,false,true,NAME_VARIANT_SAME_IDENTITY,SubCounty differs textually but resolves to the same normalized SubCounty identity.
479,NYERI,Mathira East Sub County,Iriaini Ward,1819,Iriaini Ward,69,Nyeri,1379,Mathira East,false,true,false,true,NAME_VARIANT_SAME_IDENTITY,County and SubCounty differ textually but resolve to the same normalized relational identities.
480,NYERI,Mathira East Sub County,Konyu Ward,1820,Konyu Ward,69,Nyeri,1379,Mathira East,false,true,false,true,NAME_VARIANT_SAME_IDENTITY,County and SubCounty differ textually but resolve to the same normalized relational identities.
772,NANDI,Emgwen Sub County,Kapsabet Ward,1821,Kapsabet Ward,88,Nandi,456,Emgwen Sub County,false,true,true,true,NAME_VARIANT_SAME_IDENTITY,County differs textually but resolves to the same normalized County identity.
773,NANDI,Emgwen Sub County,Kilibwoni Ward,1822,Kilibwoni Ward,88,Nandi,456,Emgwen Sub County,false,true,true,true,NAME_VARIANT_SAME_IDENTITY,County differs textually but resolves to the same normalized County identity.
1810,Mombasa,Nyali  Sub County,Frere Town Ward,1823,Frere Town Ward,55,Mombasa,1256,Nyali,true,true,false,true,NAME_VARIANT_SAME_IDENTITY,SubCounty differs textually but resolves to the same normalized SubCounty identity.
481,NYERI,Mathira West Sub County,Kirimukuyu Ward,1824,Kirimukuyu Ward,69,Nyeri,1380,Mathira West,false,true,false,true,NAME_VARIANT_SAME_IDENTITY,County and SubCounty differ textually but resolve to the same normalized relational identities.
1787,Nakuru,Nakuru West  Sub County,Kapkures Ward,1825,Kapkures Ward,77,Nakuru,1466,Nakuru West,true,true,false,true,NAME_VARIANT_SAME_IDENTITY,SubCounty differs textually but resolves to the same normalized SubCounty identity.
662,SAMBURU,Samburu Central Sub County,Suguta Marmar Ward,1826,Suguta Marmar Ward,72,Samburu,1422,Samburu Central,false,true,false,true,NAME_VARIANT_SAME_IDENTITY,County and SubCounty differ textually but resolve to the same normalized relational identities.
1788,Nakuru,Nakuru West  Sub County,Rhoda Ward,1827,Rhoda Ward,77,Nakuru,1466,Nakuru West,true,true,false,true,NAME_VARIANT_SAME_IDENTITY,SubCounty differs textually but resolves to the same normalized SubCounty identity.
1789,Nakuru,Nakuru West  Sub County,Shaabab Ward,1828,Shaabab Ward,77,Nakuru,1466,Nakuru West,true,true,false,true,NAME_VARIANT_SAME_IDENTITY,SubCounty differs textually but resolves to the same normalized SubCounty identity.
747,ELGEYO-MARAKWET,Keiyo South Sub County,Soy North Ward,1829,Soy North Ward,85,Elgeyo Marakwet,1437,Keiyo South,false,true,false,true,NAME_VARIANT_SAME_IDENTITY,County and SubCounty differ textually but resolve to the same normalized relational identities.
748,ELGEYO-MARAKWET,Keiyo South Sub County,Soy South Ward,1830,Soy South Ward,85,Elgeyo Marakwet,1437,Keiyo South,false,true,false,true,NAME_VARIANT_SAME_IDENTITY,County and SubCounty differ textually but resolve to the same normalized relational identities.
1790,Nakuru,Nakuru East  Sub County,Biashara Ward,1831,Biashara Ward,77,Nakuru,1464,Nakuru East,true,true,false,true,NAME_VARIANT_SAME_IDENTITY,SubCounty differs textually but resolves to the same normalized SubCounty identity.
755,NANDI,Aldai Sub County,Kabwareng Ward,1832,Kabwareng Ward,88,Nandi,451,Aldai Sub County,false,true,true,true,NAME_VARIANT_SAME_IDENTITY,County differs textually but resolves to the same normalized County identity.
778,NANDI,Mosop Sub County,Ndalat Ward,1833,Ndalat Ward,88,Nandi,462,Mosop Sub County,false,true,true,true,NAME_VARIANT_SAME_IDENTITY,County differs textually but resolves to the same normalized County identity.
1791,Nakuru,Nakuru East  Sub County,Kivumbini Ward,1834,Kivumbini Ward,77,Nakuru,1464,Nakuru East,true,true,false,true,NAME_VARIANT_SAME_IDENTITY,SubCounty differs textually but resolves to the same normalized SubCounty identity.
1792,Nakuru,Nakuru East  Sub County,Flamingo Ward,1835,Flamingo Ward,77,Nakuru,1464,Nakuru East,true,true,false,true,NAME_VARIANT_SAME_IDENTITY,SubCounty differs textually but resolves to the same normalized SubCounty identity.
1793,Nakuru,Nakuru East  Sub County,Menengai Ward,1836,Menengai Ward,77,Nakuru,1464,Nakuru East,true,true,false,true,NAME_VARIANT_SAME_IDENTITY,SubCounty differs textually but resolves to the same normalized SubCounty identity.
781,BARINGO,Tiaty Sub County,Tirioko Ward,1837,Tirioko Ward,90,Baringo,757,Tiaty East,false,true,false,false,UNRESOLVED,Authoritative SubCounty name does not normalize to the actual database SubCounty reached through Ward.sourceGid.
782,BARINGO,Tiaty Sub County,Kolowa Ward,1838,Kolowa Ward,90,Baringo,757,Tiaty East,false,true,false,false,UNRESOLVED,Authoritative SubCounty name does not normalize to the actual database SubCounty reached through Ward.sourceGid.
783,BARINGO,Tiaty Sub County,Ribkwo Ward,1839,Ribkwo Ward,90,Baringo,757,Tiaty East,false,true,false,false,UNRESOLVED,Authoritative SubCounty name does not normalize to the actual database SubCounty reached through Ward.sourceGid.
784,BARINGO,Tiaty Sub County,Silale Ward,1840,Silale Ward,90,Baringo,757,Tiaty East,false,true,false,false,UNRESOLVED,Authoritative SubCounty name does not normalize to the actual database SubCounty reached through Ward.sourceGid.
785,BARINGO,Tiaty Sub County,Loiyamorok Ward,1841,Loiyamorok Ward,90,Baringo,757,Tiaty East,false,true,false,false,UNRESOLVED,Authoritative SubCounty name does not normalize to the actual database SubCounty reached through Ward.sourceGid.
1813,Mombasa,Nyali  Sub County,Kongowea Ward,1842,Kongowea Ward,55,Mombasa,1256,Nyali,true,true,false,true,NAME_VARIANT_SAME_IDENTITY,SubCounty differs textually but resolves to the same normalized SubCounty identity.
814,LAIKIPIA,Laikipia West Sub County,Marmanet Ward,1843,Marmanet Ward,91,Laikipia,1457,Laikipia West,false,true,false,true,NAME_VARIANT_SAME_IDENTITY,County and SubCounty differ textually but resolve to the same normalized relational identities.
815,LAIKIPIA,Laikipia West Sub County,Igwamiti Ward,1844,Igwamiti Ward,91,Laikipia,1457,Laikipia West,false,true,false,true,NAME_VARIANT_SAME_IDENTITY,County and SubCounty differ textually but resolve to the same normalized relational identities.
816,LAIKIPIA,Laikipia West Sub County,Salama Ward,1845,Salama Ward,91,Laikipia,1457,Laikipia West,false,true,false,true,NAME_VARIANT_SAME_IDENTITY,County and SubCounty differ textually but resolve to the same normalized relational identities.
817,LAIKIPIA,Laikipia East Sub County,Ngobit Ward,1846,Ngobit Ward,91,Laikipia,1455,Laikipia East,false,true,false,true,NAME_VARIANT_SAME_IDENTITY,County and SubCounty differ textually but resolve to the same normalized relational identities.
818,LAIKIPIA,Laikipia East Sub County,Tigithi Ward,1847,Tigithi Ward,91,Laikipia,1455,Laikipia East,false,true,false,true,NAME_VARIANT_SAME_IDENTITY,County and SubCounty differ textually but resolve to the same normalized relational identities.
819,LAIKIPIA,Laikipia East Sub County,Thingithu Ward,1848,Thingithu Ward,91,Laikipia,1455,Laikipia East,false,true,false,true,NAME_VARIANT_SAME_IDENTITY,County and SubCounty differ textually but resolve to the same normalized relational identities.
820,LAIKIPIA,Laikipia East Sub County,Nanyuki Ward,1849,Nanyuki Ward,91,Laikipia,1455,Laikipia East,false,true,false,true,NAME_VARIANT_SAME_IDENTITY,County and SubCounty differ textually but resolve to the same normalized relational identities.
1821,Mombasa,Mvita  Sub County,Tudor Ward,1850,Tudor Ward,55,Mombasa,1255,Mvita,true,true,false,true,NAME_VARIANT_SAME_IDENTITY,SubCounty differs textually but resolves to the same normalized SubCounty identity.
1777,Nakuru,Rongai  Sub County,Mosop Ward,1851,Mosop Ward,77,Nakuru,1468,Rongai,true,true,false,true,NAME_VARIANT_SAME_IDENTITY,SubCounty differs textually but resolves to the same normalized SubCounty identity.
1778,Nakuru,Rongai  Sub County,Solai Ward,1852,Solai Ward,77,Nakuru,1468,Rongai,true,true,false,true,NAME_VARIANT_SAME_IDENTITY,SubCounty differs textually but resolves to the same normalized SubCounty identity.
117,TAITA TAVETA,Wundanyi Sub County,Werugha Ward,1853,Werugha Ward,59,Taita Taveta,303,Wundanyi Sub County,false,true,true,true,NAME_VARIANT_SAME_IDENTITY,County differs textually but resolves to the same normalized County identity.
1784,Nakuru,Nakuru West  Sub County,Barut Ward,1854,Barut Ward,77,Nakuru,1466,Nakuru West,true,true,false,true,NAME_VARIANT_SAME_IDENTITY,SubCounty differs textually but resolves to the same normalized SubCounty identity.
1785,Nakuru,Nakuru West  Sub County,London Ward,1855,London Ward,77,Nakuru,1466,Nakuru West,true,true,false,true,NAME_VARIANT_SAME_IDENTITY,SubCounty differs textually but resolves to the same normalized SubCounty identity.
1799,Mombasa,Changamwe Sub County,Chaani Ward,1856,Chaani Ward,55,Mombasa,1251,Changamwe,true,true,false,true,NAME_VARIANT_SAME_IDENTITY,SubCounty differs textually but resolves to the same normalized SubCounty identity.
911,KAJIADO,Kajiado North Sub County,Olkeri Ward,1857,Olkeri Ward,92,Kajiado,1478,Kajiado North,false,true,false,true,NAME_VARIANT_SAME_IDENTITY,County and SubCounty differ textually but resolve to the same normalized relational identities.
912,KAJIADO,Kajiado North Sub County,Ongata rongai Ward,1858,Ongata rongai Ward,92,Kajiado,1478,Kajiado North,false,true,false,true,NAME_VARIANT_SAME_IDENTITY,County and SubCounty differ textually but resolve to the same normalized relational identities.
913,KAJIADO,Kajiado North Sub County,Nkaimurunya Ward,1859,Nkaimurunya Ward,92,Kajiado,1478,Kajiado North,false,true,false,true,NAME_VARIANT_SAME_IDENTITY,County and SubCounty differ textually but resolve to the same normalized relational identities.
914,KAJIADO,Kajiado North Sub County,Oloolua Ward,1860,Oloolua Ward,92,Kajiado,1478,Kajiado North,false,true,false,true,NAME_VARIANT_SAME_IDENTITY,County and SubCounty differ textually but resolve to the same normalized relational identities.
915,KAJIADO,Kajiado North Sub County,Ngong Ward,1861,Ngong Ward,92,Kajiado,1478,Kajiado North,false,true,false,true,NAME_VARIANT_SAME_IDENTITY,County and SubCounty differ textually but resolve to the same normalized relational identities.
916,KAJIADO,Kajiado Central Sub County,Purko Ward,1862,Purko Ward,92,Kajiado,1477,Kajiado Central,false,true,false,true,NAME_VARIANT_SAME_IDENTITY,County and SubCounty differ textually but resolve to the same normalized relational identities.
917,KAJIADO,Kajiado Central Sub County,Ildamat Ward,1863,Ildamat Ward,92,Kajiado,1477,Kajiado Central,false,true,false,true,NAME_VARIANT_SAME_IDENTITY,County and SubCounty differ textually but resolve to the same normalized relational identities.
918,KAJIADO,Kajiado Central Sub County,Dalalekutuk Ward,1864,Dalalekutuk Ward,92,Kajiado,1477,Kajiado Central,false,true,false,true,NAME_VARIANT_SAME_IDENTITY,County and SubCounty differ textually but resolve to the same normalized relational identities.
919,KAJIADO,Kajiado Central Sub County,Matapato north Ward,1865,Matapato north Ward,92,Kajiado,1477,Kajiado Central,false,true,false,true,NAME_VARIANT_SAME_IDENTITY,County and SubCounty differ textually but resolve to the same normalized relational identities.
920,KAJIADO,Kajiado Central Sub County,Matapato south Ward,1866,Matapato south Ward,92,Kajiado,1477,Kajiado Central,false,true,false,true,NAME_VARIANT_SAME_IDENTITY,County and SubCounty differ textually but resolve to the same normalized relational identities.
921,KAJIADO,Kajiado East Sub County,Kaputiei north Ward,1867,Kaputiei north Ward,92,Kajiado,469,Kajiado East Sub County,false,true,true,true,NAME_VARIANT_SAME_IDENTITY,County differs textually but resolves to the same normalized County identity.
922,KAJIADO,Kajiado East Sub County,Kitengela Ward,1868,Kitengela Ward,92,Kajiado,469,Kajiado East Sub County,false,true,true,true,NAME_VARIANT_SAME_IDENTITY,County differs textually but resolves to the same normalized County identity.
923,KAJIADO,Kajiado East Sub County,Oloosirkon/sholinke Ward,1869,Oloosirkon/sholinke Ward,92,Kajiado,469,Kajiado East Sub County,false,true,true,true,NAME_VARIANT_SAME_IDENTITY,County differs textually but resolves to the same normalized County identity.
924,KAJIADO,Kajiado East Sub County,Kenyawa-poka Ward,1870,Kenyawa-poka Ward,92,Kajiado,469,Kajiado East Sub County,false,true,true,true,NAME_VARIANT_SAME_IDENTITY,County differs textually but resolves to the same normalized County identity.
925,KAJIADO,Kajiado East Sub County,Imaroro Ward,1871,Imaroro Ward,92,Kajiado,469,Kajiado East Sub County,false,true,true,true,NAME_VARIANT_SAME_IDENTITY,County differs textually but resolves to the same normalized County identity.
926,KAJIADO,Kajiado West Sub County,Keekonyokie Ward,1872,Keekonyokie Ward,92,Kajiado,1479,Kajiado West,false,true,false,true,NAME_VARIANT_SAME_IDENTITY,County and SubCounty differ textually but resolve to the same normalized relational identities.
1912,Kisumu,Kisumu East Sub County,Manyatta B Ward,1873,Manyatta B Ward,93,Kisumu,1535,Kisumu East,true,true,false,true,NAME_VARIANT_SAME_IDENTITY,SubCounty differs textually but resolves to the same normalized SubCounty identity.
943,KERICHO,Kipkelion West Sub County,Chilchila Ward,1874,Chilchila Ward,56,Kericho,472,Kipkelion West Sub County,false,true,true,true,NAME_VARIANT_SAME_IDENTITY,County differs textually but resolves to the same normalized County identity.
944,KERICHO,Ainamoi Sub County,Kapsoit Ward,1875,Kapsoit Ward,56,Kericho,295,AINAMOI,false,true,false,true,NAME_VARIANT_SAME_IDENTITY,County and SubCounty differ textually but resolve to the same normalized relational identities.
945,KERICHO,Ainamoi Sub County,Ainamoi Ward,1876,Ainamoi Ward,56,Kericho,295,AINAMOI,false,true,false,true,NAME_VARIANT_SAME_IDENTITY,County and SubCounty differ textually but resolve to the same normalized relational identities.
946,KERICHO,Ainamoi Sub County,Kapkugerwet Ward,1877,Kapkugerwet Ward,56,Kericho,295,AINAMOI,false,true,false,true,NAME_VARIANT_SAME_IDENTITY,County and SubCounty differ textually but resolve to the same normalized relational identities.
947,KERICHO,Ainamoi Sub County,Kipchebor Ward,1878,Kipchebor Ward,56,Kericho,295,AINAMOI,false,true,false,true,NAME_VARIANT_SAME_IDENTITY,County and SubCounty differ textually but resolve to the same normalized relational identities.
948,KERICHO,Ainamoi Sub County,Kipchimchim Ward,1879,Kipchimchim Ward,56,Kericho,295,AINAMOI,false,true,false,true,NAME_VARIANT_SAME_IDENTITY,County and SubCounty differ textually but resolve to the same normalized relational identities.
949,KERICHO,Ainamoi Sub County,Kapsaos Ward,1880,Kapsaos Ward,56,Kericho,295,AINAMOI,false,true,false,true,NAME_VARIANT_SAME_IDENTITY,County and SubCounty differ textually but resolve to the same normalized relational identities.
950,KERICHO,Bureti Sub County,Kisiara Ward,1881,Kisiara Ward,56,Kericho,1483,Bureti,false,true,false,true,NAME_VARIANT_SAME_IDENTITY,County and SubCounty differ textually but resolve to the same normalized relational identities.
951,KERICHO,Bureti Sub County,Tebesonik Ward,1882,Tebesonik Ward,56,Kericho,1483,Bureti,false,true,false,true,NAME_VARIANT_SAME_IDENTITY,County and SubCounty differ textually but resolve to the same normalized relational identities.
952,KERICHO,Bureti Sub County,Cheboin Ward,1883,Cheboin Ward,56,Kericho,1483,Bureti,false,true,false,true,NAME_VARIANT_SAME_IDENTITY,County and SubCounty differ textually but resolve to the same normalized relational identities.
953,KERICHO,Bureti Sub County,Chemosot Ward,1884,Chemosot Ward,56,Kericho,1483,Bureti,false,true,false,true,NAME_VARIANT_SAME_IDENTITY,County and SubCounty differ textually but resolve to the same normalized relational identities.
954,KERICHO,Bureti Sub County,Litein Ward,1885,Litein Ward,56,Kericho,1483,Bureti,false,true,false,true,NAME_VARIANT_SAME_IDENTITY,County and SubCounty differ textually but resolve to the same normalized relational identities.
955,KERICHO,Bureti Sub County,Cheplanget Ward,1886,Cheplanget Ward,56,Kericho,1483,Bureti,false,true,false,true,NAME_VARIANT_SAME_IDENTITY,County and SubCounty differ textually but resolve to the same normalized relational identities.
957,KERICHO,Belgut Sub County,Waldai Ward,1887,Waldai Ward,56,Kericho,1482,Belgut,false,true,false,true,NAME_VARIANT_SAME_IDENTITY,County and SubCounty differ textually but resolve to the same normalized relational identities.
958,KERICHO,Belgut Sub County,Kabianga Ward,1888,Kabianga Ward,56,Kericho,1482,Belgut,false,true,false,true,NAME_VARIANT_SAME_IDENTITY,County and SubCounty differ textually but resolve to the same normalized relational identities.
1814,Mombasa,Nyali  Sub County,Kadzandani Ward,1889,Kadzandani Ward,55,Mombasa,1256,Nyali,true,true,false,true,NAME_VARIANT_SAME_IDENTITY,SubCounty differs textually but resolves to the same normalized SubCounty identity.
1794,Nakuru,Nakuru East  Sub County,Nakuru East Ward,1890,Nakuru East Ward,77,Nakuru,1464,Nakuru East,true,true,false,true,NAME_VARIANT_SAME_IDENTITY,SubCounty differs textually but resolves to the same normalized SubCounty identity.
1795,Mombasa,Changamwe Sub County,Port Reitz Ward,1891,Port Reitz Ward,55,Mombasa,1251,Changamwe,true,true,false,true,NAME_VARIANT_SAME_IDENTITY,SubCounty differs textually but resolves to the same normalized SubCounty identity.
962,KERICHO,Sigowet/Soin Sub County,Sigowet Ward,1892,Sigowet Ward,56,Kericho,474,Sigowet/Soin Sub County,false,true,true,true,NAME_VARIANT_SAME_IDENTITY,County differs textually but resolves to the same normalized County identity.
963,KERICHO,Sigowet/Soin Sub County,Kaplelartet Ward,1893,Kaplelartet Ward,56,Kericho,474,Sigowet/Soin Sub County,false,true,true,true,NAME_VARIANT_SAME_IDENTITY,County differs textually but resolves to the same normalized County identity.
964,KERICHO,Sigowet/Soin Sub County,Soliat Ward,1894,Soliat Ward,56,Kericho,474,Sigowet/Soin Sub County,false,true,true,true,NAME_VARIANT_SAME_IDENTITY,County differs textually but resolves to the same normalized County identity.
965,KERICHO,Sigowet/Soin Sub County,Soin Ward,1895,Soin Ward,56,Kericho,474,Sigowet/Soin Sub County,false,true,true,true,NAME_VARIANT_SAME_IDENTITY,County differs textually but resolves to the same normalized County identity.
1816,Mombasa,Likoni  Sub County,Shika Adabu Ward,1896,Shika Adabu Ward,55,Mombasa,1254,Likoni,true,true,false,true,NAME_VARIANT_SAME_IDENTITY,SubCounty differs textually but resolves to the same normalized SubCounty identity.
1804,Mombasa,Kisauni  Sub County,Junda Ward,1897,Junda Ward,55,Mombasa,1253,Kisauni,true,true,false,true,NAME_VARIANT_SAME_IDENTITY,SubCounty differs textually but resolves to the same normalized SubCounty identity.
1805,Mombasa,Kisauni  Sub County,Bamburi Ward,1898,Bamburi Ward,55,Mombasa,1253,Kisauni,true,true,false,true,NAME_VARIANT_SAME_IDENTITY,SubCounty differs textually but resolves to the same normalized SubCounty identity.
1806,Mombasa,Kisauni  Sub County,Mwakirunge Ward,1899,Mwakirunge Ward,55,Mombasa,1253,Kisauni,true,true,false,true,NAME_VARIANT_SAME_IDENTITY,SubCounty differs textually but resolves to the same normalized SubCounty identity.
1807,Mombasa,Kisauni  Sub County,Mtopanga Ward,1900,Mtopanga Ward,55,Mombasa,1253,Kisauni,true,true,false,true,NAME_VARIANT_SAME_IDENTITY,SubCounty differs textually but resolves to the same normalized SubCounty identity.
1913,Kisumu,Kisumu East Sub County,Nyalenda A Ward,1901,Nyalenda A Ward,93,Kisumu,1535,Kisumu East,true,true,false,true,NAME_VARIANT_SAME_IDENTITY,SubCounty differs textually but resolves to the same normalized SubCounty identity.
1809,Mombasa,Kisauni  Sub County,Shanzu Ward,1902,Shanzu Ward,55,Mombasa,1253,Kisauni,true,true,false,true,NAME_VARIANT_SAME_IDENTITY,SubCounty differs textually but resolves to the same normalized SubCounty identity.
1811,Mombasa,Nyali  Sub County,Ziwa La Ng'ombe Ward,1903,Ziwa La Ng'ombe Ward,55,Mombasa,1256,Nyali,true,true,false,true,NAME_VARIANT_SAME_IDENTITY,SubCounty differs textually but resolves to the same normalized SubCounty identity.
1812,Mombasa,Nyali  Sub County,Mkomani Ward,1904,Mkomani Ward,55,Mombasa,1256,Nyali,true,true,false,true,NAME_VARIANT_SAME_IDENTITY,SubCounty differs textually but resolves to the same normalized SubCounty identity.
1815,Mombasa,Likoni  Sub County,Mtongwe Ward,1905,Mtongwe Ward,55,Mombasa,1254,Likoni,true,true,false,true,NAME_VARIANT_SAME_IDENTITY,SubCounty differs textually but resolves to the same normalized SubCounty identity.
125,TAITA TAVETA,Voi Sub County,Mbololo Ward,1906,Mbololo Ward,59,Taita Taveta,1279,Voi,false,true,false,true,NAME_VARIANT_SAME_IDENTITY,County and SubCounty differ textually but resolve to the same normalized relational identities.
1817,Mombasa,Likoni  Sub County,Bofu Ward,1907,Bofu Ward,55,Mombasa,1254,Likoni,true,true,false,true,NAME_VARIANT_SAME_IDENTITY,SubCounty differs textually but resolves to the same normalized SubCounty identity.
1826,Kilifi,Kilifi North Sub County,Sokoni Ward,1908,Sokoni Ward,73,Kilifi,1266,Kilifi North,true,true,false,true,NAME_VARIANT_SAME_IDENTITY,SubCounty differs textually but resolves to the same normalized SubCounty identity.
1828,Kilifi,Kilifi North Sub County,Dabaso Ward,1909,Dabaso Ward,73,Kilifi,1266,Kilifi North,true,true,false,true,NAME_VARIANT_SAME_IDENTITY,SubCounty differs textually but resolves to the same normalized SubCounty identity.
1830,Kilifi,Kilifi North Sub County,Watamu Ward,1910,Watamu Ward,73,Kilifi,1266,Kilifi North,true,true,false,true,NAME_VARIANT_SAME_IDENTITY,SubCounty differs textually but resolves to the same normalized SubCounty identity.
1833,Kilifi,Kilifi South Sub County,Mwarakaya Ward,1911,Mwarakaya Ward,73,Kilifi,1267,Kilifi South,true,true,false,true,NAME_VARIANT_SAME_IDENTITY,SubCounty differs textually but resolves to the same normalized SubCounty identity.
1835,Kilifi,Kilifi South Sub County,Chasimba Ward,1912,Chasimba Ward,73,Kilifi,1267,Kilifi South,true,true,false,true,NAME_VARIANT_SAME_IDENTITY,SubCounty differs textually but resolves to the same normalized SubCounty identity.
1836,Kilifi,Kilifi South Sub County,Mtepeni Ward,1913,Mtepeni Ward,73,Kilifi,1267,Kilifi South,true,true,false,true,NAME_VARIANT_SAME_IDENTITY,SubCounty differs textually but resolves to the same normalized SubCounty identity.
1837,Kilifi,Kaloleni Sub County,Mariakani Ward,1914,Mariakani Ward,73,Kilifi,1264,Kaloleni,true,true,false,true,NAME_VARIANT_SAME_IDENTITY,SubCounty differs textually but resolves to the same normalized SubCounty identity.
1838,Kilifi,Kaloleni Sub County,Kayafungo Ward,1915,Kayafungo Ward,73,Kilifi,1264,Kaloleni,true,true,false,true,NAME_VARIANT_SAME_IDENTITY,SubCounty differs textually but resolves to the same normalized SubCounty identity.
1839,Kilifi,Kaloleni Sub County,Kaloleni Ward,1916,Kaloleni Ward,73,Kilifi,1264,Kaloleni,true,true,false,true,NAME_VARIANT_SAME_IDENTITY,SubCounty differs textually but resolves to the same normalized SubCounty identity.
1840,Kilifi,Kaloleni Sub County,Mwanamwinga Ward,1917,Mwanamwinga Ward,73,Kilifi,1264,Kaloleni,true,true,false,true,NAME_VARIANT_SAME_IDENTITY,SubCounty differs textually but resolves to the same normalized SubCounty identity.
1843,Kilifi,Rabai Sub County,Kambe/ribe Ward,1918,Kambe/ribe Ward,73,Kilifi,1270,Rabai,true,true,false,true,NAME_VARIANT_SAME_IDENTITY,SubCounty differs textually but resolves to the same normalized SubCounty identity.
1922,Kisumu,Kisumu Central Sub County,Shauri Moyo Kaloleni Ward,1919,Shauri Moyo Kaloleni Ward,93,Kisumu,1536,Kisumu Central,true,true,false,true,NAME_VARIANT_SAME_IDENTITY,SubCounty differs textually but resolves to the same normalized SubCounty identity.
1846,Kilifi,Ganze Sub County,Bamba Ward,1920,Bamba Ward,73,Kilifi,1263,Ganze,true,true,false,true,NAME_VARIANT_SAME_IDENTITY,SubCounty differs textually but resolves to the same normalized SubCounty identity.
1847,Kilifi,Ganze Sub County,Jaribuni Ward,1921,Jaribuni Ward,73,Kilifi,1263,Ganze,true,true,false,true,NAME_VARIANT_SAME_IDENTITY,SubCounty differs textually but resolves to the same normalized SubCounty identity.
1849,Kilifi,Malindi Sub County,Jilore Ward,1922,Jilore Ward,73,Kilifi,1269,Malindi,true,true,false,true,NAME_VARIANT_SAME_IDENTITY,SubCounty differs textually but resolves to the same normalized SubCounty identity.
1850,Kilifi,Malindi Sub County,Kakuyuni Ward,1923,Kakuyuni Ward,73,Kilifi,1269,Malindi,true,true,false,true,NAME_VARIANT_SAME_IDENTITY,SubCounty differs textually but resolves to the same normalized SubCounty identity.
1853,Kilifi,Malindi Sub County,Shella Ward,1924,Shella Ward,73,Kilifi,1269,Malindi,true,true,false,true,NAME_VARIANT_SAME_IDENTITY,SubCounty differs textually but resolves to the same normalized SubCounty identity.
1854,Kilifi,Magarini Sub County,Marafa Ward,1925,Marafa Ward,73,Kilifi,1268,Magarini,true,true,false,true,NAME_VARIANT_SAME_IDENTITY,SubCounty differs textually but resolves to the same normalized SubCounty identity.
1855,Kilifi,Magarini Sub County,Magarini Ward,1926,Magarini Ward,73,Kilifi,1268,Magarini,true,true,false,true,NAME_VARIANT_SAME_IDENTITY,SubCounty differs textually but resolves to the same normalized SubCounty identity.
1879,Siaya,Ugenya Sub County,West Ugenya Ward,1927,West Ugenya Ward,83,Siaya,1531,Ugenya,true,true,false,true,NAME_VARIANT_SAME_IDENTITY,SubCounty differs textually but resolves to the same normalized SubCounty identity.
1880,Siaya,Ugenya Sub County,Ukwala Ward,1928,Ukwala Ward,83,Siaya,1531,Ugenya,true,true,false,true,NAME_VARIANT_SAME_IDENTITY,SubCounty differs textually but resolves to the same normalized SubCounty identity.
1881,Siaya,Ugenya Sub County,North Ugenya Ward,1929,North Ugenya Ward,83,Siaya,1531,Ugenya,true,true,false,true,NAME_VARIANT_SAME_IDENTITY,SubCounty differs textually but resolves to the same normalized SubCounty identity.
1882,Siaya,Ugenya Sub County,East Ugenya Ward,1930,East Ugenya Ward,83,Siaya,1531,Ugenya,true,true,false,true,NAME_VARIANT_SAME_IDENTITY,SubCounty differs textually but resolves to the same normalized SubCounty identity.
1883,Siaya,Ugunja Sub County,Sidindi Ward,1931,Sidindi Ward,83,Siaya,1532,Ugunja,true,true,false,true,NAME_VARIANT_SAME_IDENTITY,SubCounty differs textually but resolves to the same normalized SubCounty identity.
1884,Siaya,Ugunja Sub County,Sigomere Ward,1932,Sigomere Ward,83,Siaya,1532,Ugunja,true,true,false,true,NAME_VARIANT_SAME_IDENTITY,SubCounty differs textually but resolves to the same normalized SubCounty identity.
1885,Siaya,Ugunja Sub County,Ugunja Ward,1933,Ugunja Ward,83,Siaya,1532,Ugunja,true,true,false,true,NAME_VARIANT_SAME_IDENTITY,SubCounty differs textually but resolves to the same normalized SubCounty identity.
1886,Siaya,Alego Usonga Sub County,Usonga Ward,1934,Usonga Ward,83,Siaya,483,Alego Usonga Sub County,true,true,true,true,EXACT_MATCH,Authoritative County and SubCounty names exactly match the database relational lineage.
1887,Siaya,Alego Usonga Sub County,West Alego Ward,1935,West Alego Ward,83,Siaya,483,Alego Usonga Sub County,true,true,true,true,EXACT_MATCH,Authoritative County and SubCounty names exactly match the database relational lineage.
1888,Siaya,Alego Usonga Sub County,Central Alego Ward,1936,Central Alego Ward,83,Siaya,483,Alego Usonga Sub County,true,true,true,true,EXACT_MATCH,Authoritative County and SubCounty names exactly match the database relational lineage.
1889,Siaya,Alego Usonga Sub County,Siaya Township Ward,1937,Siaya Township Ward,83,Siaya,483,Alego Usonga Sub County,true,true,true,true,EXACT_MATCH,Authoritative County and SubCounty names exactly match the database relational lineage.
1890,Kwale,Msambweni Sub County,Gombato Bongwe Ward,1938,Gombato Bongwe Ward,84,Kwale,1260,Msambweni,true,true,false,true,NAME_VARIANT_SAME_IDENTITY,SubCounty differs textually but resolves to the same normalized SubCounty identity.
126,TAITA TAVETA,Voi Sub County,Sagala Ward,1939,Sagala Ward,59,Taita Taveta,1279,Voi,false,true,false,true,NAME_VARIANT_SAME_IDENTITY,County and SubCounty differ textually but resolve to the same normalized relational identities.
1915,Kisumu,Kisumu West Sub County,South West Kisumu Ward,1940,South West Kisumu Ward,93,Kisumu,1537,Kisumu West,true,true,false,true,NAME_VARIANT_SAME_IDENTITY,SubCounty differs textually but resolves to the same normalized SubCounty identity.
2005,Kisii,Kitutu Chache South Sub County,Nyakoe Ward,1941,Nyakoe Ward,87,Kisii,485,Kitutu Chache South Sub County,true,true,true,true,EXACT_MATCH,Authoritative County and SubCounty names exactly match the database relational lineage.
2006,Kisii,Kitutu Chache South Sub County,Kisii Central Ward,1942,Kisii Central Ward,87,Kisii,485,Kitutu Chache South Sub County,true,true,true,true,EXACT_MATCH,Authoritative County and SubCounty names exactly match the database relational lineage.
2008,Nairobi,Westlands  Sub County,Parklands/highridge Ward,1943,Parklands/highridge Ward,79,Nairobi City,486,Westlands  Sub County,false,false,true,true,SOURCE_DB_CONTRADICTION,Authoritative county does not match the database County reached through Ward.sourceGid.
2012,Nairobi,Dagoretti North Sub County,Kilimani Ward,1944,Kilimani Ward,79,Nairobi City,487,Dagoretti North Sub County,false,false,true,true,SOURCE_DB_CONTRADICTION,Authoritative county does not match the database County reached through Ward.sourceGid.
2015,Nairobi,Dagoretti North Sub County,Kileleshwa Ward,1945,Kileleshwa Ward,79,Nairobi City,487,Dagoretti North Sub County,false,false,true,true,SOURCE_DB_CONTRADICTION,Authoritative county does not match the database County reached through Ward.sourceGid.
802,BARINGO,Mogotio Sub County,Mogotio Ward,1946,Mogotio Ward,90,Baringo,1451,Mogotio,false,true,false,true,NAME_VARIANT_SAME_IDENTITY,County and SubCounty differ textually but resolve to the same normalized relational identities.
803,BARINGO,Mogotio Sub County,Emining Ward,1947,Emining Ward,90,Baringo,1451,Mogotio,false,true,false,true,NAME_VARIANT_SAME_IDENTITY,County and SubCounty differ textually but resolve to the same normalized relational identities.
804,BARINGO,Mogotio Sub County,Kisanana Ward,1948,Kisanana Ward,90,Baringo,1451,Mogotio,false,true,false,true,NAME_VARIANT_SAME_IDENTITY,County and SubCounty differ textually but resolve to the same normalized relational identities.
805,BARINGO,Koibatek Sub County,Lembus Ward,1949,Lembus Ward,90,Baringo,1449,Koibatek,false,true,false,true,NAME_VARIANT_SAME_IDENTITY,County and SubCounty differ textually but resolve to the same normalized relational identities.
806,BARINGO,Koibatek Sub County,Lembus kwen Ward,1950,Lembus kwen Ward,90,Baringo,1449,Koibatek,false,true,false,true,NAME_VARIANT_SAME_IDENTITY,County and SubCounty differ textually but resolve to the same normalized relational identities.
807,BARINGO,Koibatek Sub County,Ravine Ward,1951,Ravine Ward,90,Baringo,1449,Koibatek,false,true,false,true,NAME_VARIANT_SAME_IDENTITY,County and SubCounty differ textually but resolve to the same normalized relational identities.
808,BARINGO,Koibatek Sub County,Mumberes/Maji Mazuri Ward,1952,Mumberes/Maji Mazuri Ward,90,Baringo,1449,Koibatek,false,true,false,true,NAME_VARIANT_SAME_IDENTITY,County and SubCounty differ textually but resolve to the same normalized relational identities.
809,BARINGO,Koibatek Sub County,Lembus/Perkerra Ward,1953,Lembus/Perkerra Ward,90,Baringo,1449,Koibatek,false,true,false,true,NAME_VARIANT_SAME_IDENTITY,County and SubCounty differ textually but resolve to the same normalized relational identities.
810,BARINGO,Koibatek Sub County,Koibatek Ward,1954,Koibatek Ward,90,Baringo,1449,Koibatek,false,true,false,true,NAME_VARIANT_SAME_IDENTITY,County and SubCounty differ textually but resolve to the same normalized relational identities.
811,LAIKIPIA,Laikipia West Sub County,Ol-Moran Ward,1955,Ol-Moran Ward,91,Laikipia,1457,Laikipia West,false,true,false,true,NAME_VARIANT_SAME_IDENTITY,County and SubCounty differ textually but resolve to the same normalized relational identities.
812,LAIKIPIA,Laikipia West Sub County,Rumuruti Township Ward,1956,Rumuruti Township Ward,91,Laikipia,1457,Laikipia West,false,true,false,true,NAME_VARIANT_SAME_IDENTITY,County and SubCounty differ textually but resolve to the same normalized relational identities.
2030,Nairobi,Kibra  Sub County,Woodley/kenyatta Golf Course Ward,1957,Woodley/kenyatta Golf Course Ward,79,Nairobi City,1576,Kibra,false,false,false,true,SOURCE_DB_CONTRADICTION,Authoritative county does not match the database County reached through Ward.sourceGid.
937,KERICHO,Kipkelion East Sub County,Kedowa/kimugul Ward,1958,Kedowa/kimugul Ward,56,Kericho,491,Kipkelion East Sub County,false,true,true,true,NAME_VARIANT_SAME_IDENTITY,County differs textually but resolves to the same normalized County identity.
938,KERICHO,Kipkelion East Sub County,Chepseon Ward,1959,Chepseon Ward,56,Kericho,491,Kipkelion East Sub County,false,true,true,true,NAME_VARIANT_SAME_IDENTITY,County differs textually but resolves to the same normalized County identity.
939,KERICHO,Kipkelion East Sub County,Tendeno/sorget Ward,1960,Tendeno/sorget Ward,56,Kericho,491,Kipkelion East Sub County,false,true,true,true,NAME_VARIANT_SAME_IDENTITY,County differs textually but resolves to the same normalized County identity.
940,KERICHO,Kipkelion West Sub County,Kunyak Ward,1961,Kunyak Ward,56,Kericho,472,Kipkelion West Sub County,false,true,true,true,NAME_VARIANT_SAME_IDENTITY,County differs textually but resolves to the same normalized County identity.
941,KERICHO,Kipkelion West Sub County,Kamasian Ward,1962,Kamasian Ward,56,Kericho,472,Kipkelion West Sub County,false,true,true,true,NAME_VARIANT_SAME_IDENTITY,County differs textually but resolves to the same normalized County identity.
942,KERICHO,Kipkelion West Sub County,Kipkelion Ward,1963,Kipkelion Ward,56,Kericho,472,Kipkelion West Sub County,false,true,true,true,NAME_VARIANT_SAME_IDENTITY,County differs textually but resolves to the same normalized County identity.
1818,Mombasa,Likoni  Sub County,Likoni Ward,1964,Likoni Ward,55,Mombasa,1254,Likoni,true,true,false,true,NAME_VARIANT_SAME_IDENTITY,SubCounty differs textually but resolves to the same normalized SubCounty identity.
2034,Nairobi,Roysambu  Sub County,Zimmerman Ward,1965,Zimmerman Ward,79,Nairobi City,492,Roysambu  Sub County,false,false,true,true,SOURCE_DB_CONTRADICTION,Authoritative county does not match the database County reached through Ward.sourceGid.
2035,Nairobi,Roysambu  Sub County,Roysambu Ward,1966,Roysambu Ward,79,Nairobi City,492,Roysambu  Sub County,false,false,true,true,SOURCE_DB_CONTRADICTION,Authoritative county does not match the database County reached through Ward.sourceGid.
2038,Nairobi,Kasarani  Sub County,Mwiki Ward,1967,Mwiki Ward,79,Nairobi City,1575,Kasarani,false,false,false,true,SOURCE_DB_CONTRADICTION,Authoritative county does not match the database County reached through Ward.sourceGid.
2039,Nairobi,Kasarani  Sub County,Kasarani Ward,1968,Kasarani Ward,79,Nairobi City,1575,Kasarani,false,false,false,true,SOURCE_DB_CONTRADICTION,Authoritative county does not match the database County reached through Ward.sourceGid.
1923,Kisumu,Kisumu Central Sub County,Market Milimani Ward,1969,Market Milimani Ward,93,Kisumu,1536,Kisumu Central,true,true,false,true,NAME_VARIANT_SAME_IDENTITY,SubCounty differs textually but resolves to the same normalized SubCounty identity.
2045,Nairobi,Ruaraka  Sub County,Lucky Summer Ward,1970,Lucky Summer Ward,79,Nairobi City,405,Ruaraka  Sub County,false,false,true,true,SOURCE_DB_CONTRADICTION,Authoritative county does not match the database County reached through Ward.sourceGid.
2046,Nairobi,Ruaraka  Sub County,Korogocho Ward,1971,Korogocho Ward,79,Nairobi City,405,Ruaraka  Sub County,false,false,true,true,SOURCE_DB_CONTRADICTION,Authoritative county does not match the database County reached through Ward.sourceGid.
1827,Kilifi,Kilifi North Sub County,Kibarani Ward,1972,Kibarani Ward,73,Kilifi,1266,Kilifi North,true,true,false,true,NAME_VARIANT_SAME_IDENTITY,SubCounty differs textually but resolves to the same normalized SubCounty identity.
1829,Kilifi,Kilifi North Sub County,Matsangoni Ward,1973,Matsangoni Ward,73,Kilifi,1266,Kilifi North,true,true,false,true,NAME_VARIANT_SAME_IDENTITY,SubCounty differs textually but resolves to the same normalized SubCounty identity.
2050,Nairobi,Embakasi South Sub County,Pipeline Ward,1974,Pipeline Ward,79,Nairobi City,407,Embakasi South Sub County,false,false,true,true,SOURCE_DB_CONTRADICTION,Authoritative county does not match the database County reached through Ward.sourceGid.
1924,Kisumu,Kisumu Central Sub County,Kondele Ward,1975,Kondele Ward,93,Kisumu,1536,Kisumu Central,true,true,false,true,NAME_VARIANT_SAME_IDENTITY,SubCounty differs textually but resolves to the same normalized SubCounty identity.
1819,Mombasa,Likoni  Sub County,Timbwani Ward,1976,Timbwani Ward,55,Mombasa,1254,Likoni,true,true,false,true,NAME_VARIANT_SAME_IDENTITY,SubCounty differs textually but resolves to the same normalized SubCounty identity.
1925,Kisumu,Kisumu Central Sub County,Nyalenda B Ward,1977,Nyalenda B Ward,93,Kisumu,1536,Kisumu Central,true,true,false,true,NAME_VARIANT_SAME_IDENTITY,SubCounty differs textually but resolves to the same normalized SubCounty identity.
1926,Kisumu,Seme Sub County,West Seme Ward,1978,West Seme Ward,93,Kisumu,1538,Seme,true,true,false,true,NAME_VARIANT_SAME_IDENTITY,SubCounty differs textually but resolves to the same normalized SubCounty identity.
1927,Kisumu,Seme Sub County,Central Seme Ward,1979,Central Seme Ward,93,Kisumu,1538,Seme,true,true,false,true,NAME_VARIANT_SAME_IDENTITY,SubCounty differs textually but resolves to the same normalized SubCounty identity.
1928,Kisumu,Seme Sub County,East Seme Ward,1980,East Seme Ward,93,Kisumu,1538,Seme,true,true,false,true,NAME_VARIANT_SAME_IDENTITY,SubCounty differs textually but resolves to the same normalized SubCounty identity.
1929,Kisumu,Seme Sub County,North Seme Ward,1981,North Seme Ward,93,Kisumu,1538,Seme,true,true,false,true,NAME_VARIANT_SAME_IDENTITY,SubCounty differs textually but resolves to the same normalized SubCounty identity.
1930,Kisumu,Nyando Sub County,East Kano/wawidhi Ward,1982,East Kano/wawidhi Ward,93,Kisumu,495,Nyando Sub County,true,true,true,true,EXACT_MATCH,Authoritative County and SubCounty names exactly match the database relational lineage.
1931,Kisumu,Nyando Sub County,Kabonyo Kanyagwal,1983,Kabonyo Kanyagwal,93,Kisumu,495,Nyando Sub County,true,true,true,true,EXACT_MATCH,Authoritative County and SubCounty names exactly match the database relational lineage.
1932,Kisumu,Nyando Sub County,Kobura Ward,1984,Kobura Ward,93,Kisumu,495,Nyando Sub County,true,true,true,true,EXACT_MATCH,Authoritative County and SubCounty names exactly match the database relational lineage.
1933,Kisumu,Muhoroni Sub County,Miwani Ward,1985,Miwani Ward,93,Kisumu,1539,Muhoroni,true,true,false,true,NAME_VARIANT_SAME_IDENTITY,SubCounty differs textually but resolves to the same normalized SubCounty identity.
1934,Kisumu,Muhoroni Sub County,Ombeyi Ward,1986,Ombeyi Ward,93,Kisumu,1539,Muhoroni,true,true,false,true,NAME_VARIANT_SAME_IDENTITY,SubCounty differs textually but resolves to the same normalized SubCounty identity.
1935,Kisumu,Muhoroni Sub County,Masogo/nyang'oma Ward,1987,Masogo/nyang'oma Ward,93,Kisumu,1539,Muhoroni,true,true,false,true,NAME_VARIANT_SAME_IDENTITY,SubCounty differs textually but resolves to the same normalized SubCounty identity.
1936,Kisumu,Muhoroni Sub County,Chemelil Ward,1988,Chemelil Ward,93,Kisumu,1539,Muhoroni,true,true,false,true,NAME_VARIANT_SAME_IDENTITY,SubCounty differs textually but resolves to the same normalized SubCounty identity.
1937,Kisumu,Muhoroni Sub County,Muhoroni Koru Ward,1989,Muhoroni Koru Ward,93,Kisumu,1539,Muhoroni,true,true,false,true,NAME_VARIANT_SAME_IDENTITY,SubCounty differs textually but resolves to the same normalized SubCounty identity.
1938,Kisumu,Nyakach Sub County,South West Nyakach Ward,1990,South West Nyakach Ward,93,Kisumu,497,Nyakach Sub County,true,true,true,true,EXACT_MATCH,Authoritative County and SubCounty names exactly match the database relational lineage.
1939,Kisumu,Nyakach Sub County,North Nyakach Ward,1991,North Nyakach Ward,93,Kisumu,497,Nyakach Sub County,true,true,true,true,EXACT_MATCH,Authoritative County and SubCounty names exactly match the database relational lineage.
1940,Kisumu,Nyakach Sub County,Central Nyakach Ward,1992,Central Nyakach Ward,93,Kisumu,497,Nyakach Sub County,true,true,true,true,EXACT_MATCH,Authoritative County and SubCounty names exactly match the database relational lineage.
1941,Kisumu,Nyakach Sub County,West Nyakach Ward,1993,West Nyakach Ward,93,Kisumu,497,Nyakach Sub County,true,true,true,true,EXACT_MATCH,Authoritative County and SubCounty names exactly match the database relational lineage.
1942,Kisumu,Nyakach Sub County,South East Nyakach Ward,1994,South East Nyakach Ward,93,Kisumu,497,Nyakach Sub County,true,true,true,true,EXACT_MATCH,Authoritative County and SubCounty names exactly match the database relational lineage.
1943,Kisumu,Nyando Sub County,Awasi/onjiko Ward,1995,Awasi/onjiko Ward,93,Kisumu,495,Nyando Sub County,true,true,true,true,EXACT_MATCH,Authoritative County and SubCounty names exactly match the database relational lineage.
1944,Kisumu,Nyando Sub County,Ahero Ward,1996,Ahero Ward,93,Kisumu,495,Nyando Sub County,true,true,true,true,EXACT_MATCH,Authoritative County and SubCounty names exactly match the database relational lineage.
1945,Nyamira,Masaba North Sub County,Rigoma Ward,1997,Rigoma Ward,94,Nyamira,1569,Masaba North,true,true,false,true,NAME_VARIANT_SAME_IDENTITY,SubCounty differs textually but resolves to the same normalized SubCounty identity.
1946,Nyamira,Masaba North Sub County,Gachuba Ward,1998,Gachuba Ward,94,Nyamira,1569,Masaba North,true,true,false,true,NAME_VARIANT_SAME_IDENTITY,SubCounty differs textually but resolves to the same normalized SubCounty identity.
1947,Nyamira,Manga Sub County,Kamera Ward,1999,Kamera Ward,94,Nyamira,1568,Manga,true,true,false,true,NAME_VARIANT_SAME_IDENTITY,SubCounty differs textually but resolves to the same normalized SubCounty identity.
1948,Nyamira,Manga Sub County,Magombo Ward,2000,Magombo Ward,94,Nyamira,1568,Manga,true,true,false,true,NAME_VARIANT_SAME_IDENTITY,SubCounty differs textually but resolves to the same normalized SubCounty identity.
1949,Nyamira,Manga Sub County,Manga Ward,2001,Manga Ward,94,Nyamira,1568,Manga,true,true,false,true,NAME_VARIANT_SAME_IDENTITY,SubCounty differs textually but resolves to the same normalized SubCounty identity.
1950,Nyamira,Masaba North Sub County,Gesima Ward,2002,Gesima Ward,94,Nyamira,1569,Masaba North,true,true,false,true,NAME_VARIANT_SAME_IDENTITY,SubCounty differs textually but resolves to the same normalized SubCounty identity.
1951,Nyamira,Nyamira Sub County,Nyamaiya Ward,2003,Nyamaiya Ward,94,Nyamira,500,Nyamira Sub County,true,true,true,true,EXACT_MATCH,Authoritative County and SubCounty names exactly match the database relational lineage.
1952,Nyamira,Nyamira Sub County,Bogichora Ward,2004,Bogichora Ward,94,Nyamira,500,Nyamira Sub County,true,true,true,true,EXACT_MATCH,Authoritative County and SubCounty names exactly match the database relational lineage.
1953,Nyamira,Nyamira Sub County,Bosamaro Ward,2005,Bosamaro Ward,94,Nyamira,500,Nyamira Sub County,true,true,true,true,EXACT_MATCH,Authoritative County and SubCounty names exactly match the database relational lineage.
1954,Nyamira,Nyamira Sub County,Bonyamatuta Ward,2006,Bonyamatuta Ward,94,Nyamira,500,Nyamira Sub County,true,true,true,true,EXACT_MATCH,Authoritative County and SubCounty names exactly match the database relational lineage.
1955,Nyamira,Nyamira Sub County,Township Ward,2007,Township Ward,94,Nyamira,500,Nyamira Sub County,true,true,true,true,EXACT_MATCH,Authoritative County and SubCounty names exactly match the database relational lineage.
1956,Nyamira,Nyamira North Sub County,Itibo Ward,2008,Itibo Ward,94,Nyamira,1570,Nyamira North,true,true,false,true,NAME_VARIANT_SAME_IDENTITY,SubCounty differs textually but resolves to the same normalized SubCounty identity.
1957,Nyamira,Nyamira North Sub County,Bomwagamo Ward,2009,Bomwagamo Ward,94,Nyamira,1570,Nyamira North,true,true,false,true,NAME_VARIANT_SAME_IDENTITY,SubCounty differs textually but resolves to the same normalized SubCounty identity.
1958,Nyamira,Nyamira North Sub County,Bokeira Ward,2010,Bokeira Ward,94,Nyamira,1570,Nyamira North,true,true,false,true,NAME_VARIANT_SAME_IDENTITY,SubCounty differs textually but resolves to the same normalized SubCounty identity.
1959,Nyamira,Nyamira North Sub County,Magwagwa Ward,2011,Magwagwa Ward,94,Nyamira,1570,Nyamira North,true,true,false,true,NAME_VARIANT_SAME_IDENTITY,SubCounty differs textually but resolves to the same normalized SubCounty identity.
1960,Nyamira,Nyamira North Sub County,Ekerenyo Ward,2012,Ekerenyo Ward,94,Nyamira,1570,Nyamira North,true,true,false,true,NAME_VARIANT_SAME_IDENTITY,SubCounty differs textually but resolves to the same normalized SubCounty identity.
1961,Nyamira,Borabu Sub County,Mekenene Ward,2013,Mekenene Ward,94,Nyamira,1567,Borabu,true,true,false,true,NAME_VARIANT_SAME_IDENTITY,SubCounty differs textually but resolves to the same normalized SubCounty identity.
1962,Nyamira,Borabu Sub County,Kiabonyoru Ward,2014,Kiabonyoru Ward,94,Nyamira,1567,Borabu,true,true,false,true,NAME_VARIANT_SAME_IDENTITY,SubCounty differs textually but resolves to the same normalized SubCounty identity.
1963,Nyamira,Borabu Sub County,Nyansiongo Ward,2015,Nyansiongo Ward,94,Nyamira,1567,Borabu,true,true,false,true,NAME_VARIANT_SAME_IDENTITY,SubCounty differs textually but resolves to the same normalized SubCounty identity.
1964,Nyamira,Borabu Sub County,Esise Ward,2016,Esise Ward,94,Nyamira,1567,Borabu,true,true,false,true,NAME_VARIANT_SAME_IDENTITY,SubCounty differs textually but resolves to the same normalized SubCounty identity.
1965,Kisii,Bonchari  Sub County,Bomariba Ward,2017,Bomariba Ward,87,Kisii,503,Bonchari  Sub County,true,true,true,true,EXACT_MATCH,Authoritative County and SubCounty names exactly match the database relational lineage.
1966,Kisii,Bonchari  Sub County,Bogiakumu Ward,2018,Bogiakumu Ward,87,Kisii,503,Bonchari  Sub County,true,true,true,true,EXACT_MATCH,Authoritative County and SubCounty names exactly match the database relational lineage.
1967,Kisii,Bonchari  Sub County,Bomorenda Ward,2019,Bomorenda Ward,87,Kisii,503,Bonchari  Sub County,true,true,true,true,EXACT_MATCH,Authoritative County and SubCounty names exactly match the database relational lineage.
1968,Kisii,Bonchari  Sub County,Riana Ward,2020,Riana Ward,87,Kisii,503,Bonchari  Sub County,true,true,true,true,EXACT_MATCH,Authoritative County and SubCounty names exactly match the database relational lineage.
1969,Kisii,South Mugirango Sub County,Tabaka Ward,2021,Tabaka Ward,87,Kisii,504,South Mugirango Sub County,true,true,true,true,EXACT_MATCH,Authoritative County and SubCounty names exactly match the database relational lineage.
1970,Kisii,South Mugirango Sub County,Boikanga Ward,2022,Boikanga Ward,87,Kisii,504,South Mugirango Sub County,true,true,true,true,EXACT_MATCH,Authoritative County and SubCounty names exactly match the database relational lineage.
1971,Kisii,South Mugirango Sub County,Bogetenga Ward,2023,Bogetenga Ward,87,Kisii,504,South Mugirango Sub County,true,true,true,true,EXACT_MATCH,Authoritative County and SubCounty names exactly match the database relational lineage.
1972,Kisii,South Mugirango Sub County,Borabu Chitago Ward,2024,Borabu Chitago Ward,87,Kisii,504,South Mugirango Sub County,true,true,true,true,EXACT_MATCH,Authoritative County and SubCounty names exactly match the database relational lineage.
1973,Kisii,South Mugirango Sub County,Moticho Ward,2025,Moticho Ward,87,Kisii,504,South Mugirango Sub County,true,true,true,true,EXACT_MATCH,Authoritative County and SubCounty names exactly match the database relational lineage.
1974,Kisii,South Mugirango Sub County,Getenga Ward,2026,Getenga Ward,87,Kisii,504,South Mugirango Sub County,true,true,true,true,EXACT_MATCH,Authoritative County and SubCounty names exactly match the database relational lineage.
1975,Kisii,Bomachoge Borabu Sub County,Bokimonge Ward,2027,Bokimonge Ward,87,Kisii,450,Bomachoge Borabu Sub County,true,true,true,true,EXACT_MATCH,Authoritative County and SubCounty names exactly match the database relational lineage.
1976,Kisii,Bomachoge Borabu Sub County,Magenche Ward,2028,Magenche Ward,87,Kisii,450,Bomachoge Borabu Sub County,true,true,true,true,EXACT_MATCH,Authoritative County and SubCounty names exactly match the database relational lineage.
1977,Kisii,Bobasi Sub County,Masige West Ward,2029,Masige West Ward,87,Kisii,505,Bobasi Sub County,true,true,true,true,EXACT_MATCH,Authoritative County and SubCounty names exactly match the database relational lineage.
1978,Kisii,Bobasi Sub County,Masige East Ward,2030,Masige East Ward,87,Kisii,505,Bobasi Sub County,true,true,true,true,EXACT_MATCH,Authoritative County and SubCounty names exactly match the database relational lineage.
1979,Kisii,Bobasi Sub County,Basi Central Ward,2031,Basi Central Ward,87,Kisii,505,Bobasi Sub County,true,true,true,true,EXACT_MATCH,Authoritative County and SubCounty names exactly match the database relational lineage.
1980,Kisii,Bobasi Sub County,Nyacheki Ward,2032,Nyacheki Ward,87,Kisii,505,Bobasi Sub County,true,true,true,true,EXACT_MATCH,Authoritative County and SubCounty names exactly match the database relational lineage.
1981,Kisii,Bobasi Sub County,Bassi Bogetaorio Ward,2033,Bassi Bogetaorio Ward,87,Kisii,505,Bobasi Sub County,true,true,true,true,EXACT_MATCH,Authoritative County and SubCounty names exactly match the database relational lineage.
1982,Kisii,Bobasi Sub County,Bobasi Chache Ward,2034,Bobasi Chache Ward,87,Kisii,505,Bobasi Sub County,true,true,true,true,EXACT_MATCH,Authoritative County and SubCounty names exactly match the database relational lineage.
1983,Kisii,Bobasi Sub County,Sameta Mokwerero Ward,2035,Sameta Mokwerero Ward,87,Kisii,505,Bobasi Sub County,true,true,true,true,EXACT_MATCH,Authoritative County and SubCounty names exactly match the database relational lineage.
1984,Kisii,Bobasi Sub County,Bobasi Boitangare Ward,2036,Bobasi Boitangare Ward,87,Kisii,505,Bobasi Sub County,true,true,true,true,EXACT_MATCH,Authoritative County and SubCounty names exactly match the database relational lineage.
1985,Kisii,Bomachoge Chache Sub County,Majoge Basi Ward,2037,Majoge Basi Ward,87,Kisii,506,Bomachoge Chache Sub County,true,true,true,true,EXACT_MATCH,Authoritative County and SubCounty names exactly match the database relational lineage.
1986,Kisii,Bomachoge Chache Sub County,Boochi Tendere Ward,2038,Boochi Tendere Ward,87,Kisii,506,Bomachoge Chache Sub County,true,true,true,true,EXACT_MATCH,Authoritative County and SubCounty names exactly match the database relational lineage.
1987,Kisii,Bomachoge Chache Sub County,Bosoti Sengera Ward,2039,Bosoti Sengera Ward,87,Kisii,506,Bomachoge Chache Sub County,true,true,true,true,EXACT_MATCH,Authoritative County and SubCounty names exactly match the database relational lineage.
1988,Kisii,Nyaribari Masaba Sub County,Ichuni Ward,2040,Ichuni Ward,87,Kisii,507,Nyaribari Masaba Sub County,true,true,true,true,EXACT_MATCH,Authoritative County and SubCounty names exactly match the database relational lineage.
1989,Kisii,Nyaribari Masaba Sub County,Nyamasibi Ward,2041,Nyamasibi Ward,87,Kisii,507,Nyaribari Masaba Sub County,true,true,true,true,EXACT_MATCH,Authoritative County and SubCounty names exactly match the database relational lineage.
1990,Kisii,Nyaribari Masaba Sub County,Masimba Ward,2042,Masimba Ward,87,Kisii,507,Nyaribari Masaba Sub County,true,true,true,true,EXACT_MATCH,Authoritative County and SubCounty names exactly match the database relational lineage.
1991,Kisii,Nyaribari Masaba Sub County,Gesusu Ward,2043,Gesusu Ward,87,Kisii,507,Nyaribari Masaba Sub County,true,true,true,true,EXACT_MATCH,Authoritative County and SubCounty names exactly match the database relational lineage.
1992,Kisii,Nyaribari Masaba Sub County,Kiamokama Ward,2044,Kiamokama Ward,87,Kisii,507,Nyaribari Masaba Sub County,true,true,true,true,EXACT_MATCH,Authoritative County and SubCounty names exactly match the database relational lineage.
1993,Kisii,Nyaribari Chache  Sub County,Bobaracho Ward,2045,Bobaracho Ward,87,Kisii,508,Nyaribari Chache  Sub County,true,true,true,true,EXACT_MATCH,Authoritative County and SubCounty names exactly match the database relational lineage.
1994,Kisii,Nyaribari Chache  Sub County,Kisii Central Ward,2628,Kisii Central Ward,87,Kisii,508,Nyaribari Chache  Sub County,true,true,true,true,EXACT_MATCH,Authoritative County and SubCounty names exactly match the database relational lineage.
1995,Kisii,Nyaribari Chache  Sub County,Keumbu Ward,2046,Keumbu Ward,87,Kisii,508,Nyaribari Chache  Sub County,true,true,true,true,EXACT_MATCH,Authoritative County and SubCounty names exactly match the database relational lineage.
1996,Kisii,Nyaribari Chache  Sub County,Kiogoro Ward,2047,Kiogoro Ward,87,Kisii,508,Nyaribari Chache  Sub County,true,true,true,true,EXACT_MATCH,Authoritative County and SubCounty names exactly match the database relational lineage.
1997,Kisii,Nyaribari Chache  Sub County,Birongo Ward,2048,Birongo Ward,87,Kisii,508,Nyaribari Chache  Sub County,true,true,true,true,EXACT_MATCH,Authoritative County and SubCounty names exactly match the database relational lineage.
128,TAITA TAVETA,Voi Sub County,Marungu Ward,2049,Marungu Ward,59,Taita Taveta,1279,Voi,false,true,false,true,NAME_VARIANT_SAME_IDENTITY,County and SubCounty differ textually but resolve to the same normalized relational identities.
2063,Nairobi,Embakasi East Sub County,Lower Savanna Ward,2050,Lower Savanna Ward,79,Nairobi City,509,Embakasi East Sub County,false,false,true,true,SOURCE_DB_CONTRADICTION,Authoritative county does not match the database County reached through Ward.sourceGid.
2064,Nairobi,Embakasi East Sub County,Embakasi Ward,2051,Embakasi Ward,79,Nairobi City,509,Embakasi East Sub County,false,false,true,true,SOURCE_DB_CONTRADICTION,Authoritative county does not match the database County reached through Ward.sourceGid.
2065,Nairobi,Embakasi East Sub County,Utawala Ward,2052,Utawala Ward,79,Nairobi City,509,Embakasi East Sub County,false,false,true,true,SOURCE_DB_CONTRADICTION,Authoritative county does not match the database County reached through Ward.sourceGid.
2066,Nairobi,Embakasi East Sub County,Mihango Ward,2053,Mihango Ward,79,Nairobi City,509,Embakasi East Sub County,false,false,true,true,SOURCE_DB_CONTRADICTION,Authoritative county does not match the database County reached through Ward.sourceGid.
130,TAITA TAVETA,Voi Sub County,Ngolia Ward,2054,Ngolia Ward,59,Taita Taveta,1279,Voi,false,true,false,true,NAME_VARIANT_SAME_IDENTITY,County and SubCounty differ textually but resolve to the same normalized relational identities.
2000,Kisii,Kitutu Chache North Sub County,Sensi Ward,2055,Sensi Ward,87,Kisii,510,Kitutu Chache North Sub County,true,true,true,true,EXACT_MATCH,Authoritative County and SubCounty names exactly match the database relational lineage.
2072,Nairobi,Makadara  Sub County,Viwandani Ward,2056,Viwandani Ward,79,Nairobi City,1578,Makadara,false,false,false,true,SOURCE_DB_CONTRADICTION,Authoritative county does not match the database County reached through Ward.sourceGid.
2073,Nairobi,Makadara  Sub County,Harambee Ward,2057,Harambee Ward,79,Nairobi City,1578,Makadara,false,false,false,true,SOURCE_DB_CONTRADICTION,Authoritative county does not match the database County reached through Ward.sourceGid.
2077,Nairobi,Kamukunji  Sub County,Eastleigh South Ward,2058,Eastleigh South Ward,79,Nairobi City,1574,Kamukunji,false,false,false,true,SOURCE_DB_CONTRADICTION,Authoritative county does not match the database County reached through Ward.sourceGid.
749,ELGEYO-MARAKWET,Keiyo South Sub County,Kabiemit Ward,2059,Kabiemit Ward,85,Elgeyo Marakwet,1437,Keiyo South,false,true,false,true,NAME_VARIANT_SAME_IDENTITY,County and SubCounty differ textually but resolve to the same normalized relational identities.
143,GARISSA,Lagdera Sub County,Maalimin Ward,2060,Maalimin Ward,60,Garissa,1286,Lagdera,false,true,false,true,NAME_VARIANT_SAME_IDENTITY,County and SubCounty differ textually but resolve to the same normalized relational identities.
144,GARISSA,Lagdera Sub County,Sabena Ward,2061,Sabena Ward,60,Garissa,1286,Lagdera,false,true,false,true,NAME_VARIANT_SAME_IDENTITY,County and SubCounty differ textually but resolve to the same normalized relational identities.
145,GARISSA,Lagdera Sub County,Baraki Ward,2062,Baraki Ward,60,Garissa,1286,Lagdera,false,true,false,true,NAME_VARIANT_SAME_IDENTITY,County and SubCounty differ textually but resolve to the same normalized relational identities.
765,NANDI,Chesumei Sub County,Chemundu/kapng'etunyi Ward,2063,Chemundu/kapng'etunyi Ward,88,Nandi,1440,Chesumei,false,true,false,true,NAME_VARIANT_SAME_IDENTITY,County and SubCounty differ textually but resolve to the same normalized relational identities.
2013,Nairobi,Dagoretti North Sub County,Kawangware Ward,2064,Kawangware Ward,79,Nairobi City,487,Dagoretti North Sub County,false,false,true,true,SOURCE_DB_CONTRADICTION,Authoritative county does not match the database County reached through Ward.sourceGid.
2084,Nairobi,Starehe  Sub County,Landimawe Ward,2065,Landimawe Ward,79,Nairobi City,513,Starehe  Sub County,false,false,true,true,SOURCE_DB_CONTRADICTION,Authoritative county does not match the database County reached through Ward.sourceGid.
2085,Nairobi,Starehe  Sub County,Nairobi South Ward,2066,Nairobi South Ward,79,Nairobi City,513,Starehe  Sub County,false,false,true,true,SOURCE_DB_CONTRADICTION,Authoritative county does not match the database County reached through Ward.sourceGid.
2088,Nairobi,Mathare  Sub County,Huruma Ward,2067,Huruma Ward,79,Nairobi City,1579,Mathare,false,false,false,true,SOURCE_DB_CONTRADICTION,Authoritative county does not match the database County reached through Ward.sourceGid.
2131,Uasin Gishu,Soy Sub County,Segeroi/barsombe Ward,2068,Segeroi/barsombe Ward,78,Uasin Gishu,1434,Soy,true,true,false,true,NAME_VARIANT_SAME_IDENTITY,SubCounty differs textually but resolves to the same normalized SubCounty identity.
2132,Uasin Gishu,Soy Sub County,Kipsomba Ward,2069,Kipsomba Ward,78,Uasin Gishu,1434,Soy,true,true,false,true,NAME_VARIANT_SAME_IDENTITY,SubCounty differs textually but resolves to the same normalized SubCounty identity.
2152,Uasin Gishu,Kapseret Sub County,Megun Ward,2070,Megun Ward,78,Uasin Gishu,1431,Kapseret,true,true,false,true,NAME_VARIANT_SAME_IDENTITY,SubCounty differs textually but resolves to the same normalized SubCounty identity.
2159,Narok,Transmara West Sub County,Keyian Ward,2071,Keyian Ward,80,Narok,1475,Trans Mara West,true,true,false,true,NAME_VARIANT_SAME_IDENTITY,SubCounty differs textually but resolves to the same normalized SubCounty identity.
2160,Narok,Transmara West Sub County,Angata Barikoi Ward,2072,Angata Barikoi Ward,80,Narok,1475,Trans Mara West,true,true,false,true,NAME_VARIANT_SAME_IDENTITY,SubCounty differs textually but resolves to the same normalized SubCounty identity.
2161,Narok,Transmara West Sub County,Shankoe Ward,2073,Shankoe Ward,80,Narok,1475,Trans Mara West,true,true,false,true,NAME_VARIANT_SAME_IDENTITY,SubCounty differs textually but resolves to the same normalized SubCounty identity.
2162,Narok,Transmara West Sub County,Kimintet Ward,2074,Kimintet Ward,80,Narok,1475,Trans Mara West,true,true,false,true,NAME_VARIANT_SAME_IDENTITY,SubCounty differs textually but resolves to the same normalized SubCounty identity.
2163,Narok,Transmara West Sub County,Lolgorian Ward,2075,Lolgorian Ward,80,Narok,1475,Trans Mara West,true,true,false,true,NAME_VARIANT_SAME_IDENTITY,SubCounty differs textually but resolves to the same normalized SubCounty identity.
2164,Narok,Transmara East Sub County,Iikerin Ward,2076,Iikerin Ward,80,Narok,1474,Trans Mara East,true,true,false,true,NAME_VARIANT_SAME_IDENTITY,SubCounty differs textually but resolves to the same normalized SubCounty identity.
2165,Narok,Transmara East Sub County,Ololmasani Ward,2077,Ololmasani Ward,80,Narok,1474,Trans Mara East,true,true,false,true,NAME_VARIANT_SAME_IDENTITY,SubCounty differs textually but resolves to the same normalized SubCounty identity.
2166,Narok,Transmara East Sub County,Mogondo Ward,2078,Mogondo Ward,80,Narok,1474,Trans Mara East,true,true,false,true,NAME_VARIANT_SAME_IDENTITY,SubCounty differs textually but resolves to the same normalized SubCounty identity.
2217,Kiambu,Lari Sub County,Kijabe Ward,2079,Kijabe Ward,82,Kiambu,1405,Lari,true,true,false,true,NAME_VARIANT_SAME_IDENTITY,SubCounty differs textually but resolves to the same normalized SubCounty identity.
2241,Kiambu,Ruiru Sub County,Gatongora Ward,2080,Gatongora Ward,82,Kiambu,1407,Ruiru,true,true,false,true,NAME_VARIANT_SAME_IDENTITY,SubCounty differs textually but resolves to the same normalized SubCounty identity.
306,THARAKA-NITHI,Tharaka North Sub County,Gatunga Ward,2081,Gatunga Ward,66,Tharaka Nithi,1326,Tharaka North,false,true,false,true,NAME_VARIANT_SAME_IDENTITY,County and SubCounty differ textually but resolve to the same normalized relational identities.
307,THARAKA-NITHI,Tharaka North Sub County,Mukothima Ward,2082,Mukothima Ward,66,Tharaka Nithi,1326,Tharaka North,false,true,false,true,NAME_VARIANT_SAME_IDENTITY,County and SubCounty differ textually but resolve to the same normalized relational identities.
2243,Kiambu,Ruiru Sub County,Kahawa Wendani Ward,2083,Kahawa Wendani Ward,82,Kiambu,1407,Ruiru,true,true,false,true,NAME_VARIANT_SAME_IDENTITY,SubCounty differs textually but resolves to the same normalized SubCounty identity.
2274,Kisii,Bomachoge Borabu Sub County,BOOCHI BORABU,2084,BOOCHI BORABU,87,Kisii,450,Bomachoge Borabu Sub County,true,true,true,true,EXACT_MATCH,Authoritative County and SubCounty names exactly match the database relational lineage.
86,TANA RIVER,Garsen Sub County,Kipini east Ward,2085,Kipini east Ward,57,Tana River,517,Garsen Sub County,false,true,true,true,NAME_VARIANT_SAME_IDENTITY,County differs textually but resolves to the same normalized County identity.
87,TANA RIVER,Garsen Sub County,Garsen south Ward,2086,Garsen south Ward,57,Tana River,517,Garsen Sub County,false,true,true,true,NAME_VARIANT_SAME_IDENTITY,County differs textually but resolves to the same normalized County identity.
196,MANDERA,BANISSA,BANISSA,2087,BANISSA,63,Mandera,518,BANISSA,false,true,true,true,NAME_VARIANT_SAME_IDENTITY,County differs textually but resolves to the same normalized County identity.
197,MANDERA,BANISSA,DERKHALE,2088,DERKHALE,63,Mandera,518,BANISSA,false,true,true,true,NAME_VARIANT_SAME_IDENTITY,County differs textually but resolves to the same normalized County identity.
242,ISIOLO,Isiolo Sub County,BULA PESA,2089,BULA PESA,48,Isiolo,1310,Isiolo,false,true,false,true,NAME_VARIANT_SAME_IDENTITY,County and SubCounty differ textually but resolve to the same normalized relational identities.
243,ISIOLO,Merti Sub County,CHARI,2090,CHARI,48,Isiolo,1311,Merti,false,true,false,true,NAME_VARIANT_SAME_IDENTITY,County and SubCounty differ textually but resolve to the same normalized relational identities.
244,ISIOLO,Merti Sub County,CHERAB,2091,CHERAB,48,Isiolo,1311,Merti,false,true,false,true,NAME_VARIANT_SAME_IDENTITY,County and SubCounty differ textually but resolve to the same normalized relational identities.
245,ISIOLO,Isiolo Sub County,NGARE MARA,2092,NGARE MARA,48,Isiolo,1310,Isiolo,false,true,false,true,NAME_VARIANT_SAME_IDENTITY,County and SubCounty differ textually but resolve to the same normalized relational identities.
246,ISIOLO,Isiolo Sub County,BURAT,2093,BURAT,48,Isiolo,1310,Isiolo,false,true,false,true,NAME_VARIANT_SAME_IDENTITY,County and SubCounty differ textually but resolve to the same normalized relational identities.
247,ISIOLO,Isiolo Sub County,OLDONYIRO,2094,OLDONYIRO,48,Isiolo,1310,Isiolo,false,true,false,true,NAME_VARIANT_SAME_IDENTITY,County and SubCounty differ textually but resolve to the same normalized relational identities.
248,ISIOLO,Garbatulla Sub County,GARBATULLA,2095,GARBATULLA,48,Isiolo,1309,Garbatulla,false,true,false,true,NAME_VARIANT_SAME_IDENTITY,County and SubCounty differ textually but resolve to the same normalized relational identities.
249,ISIOLO,Garbatulla Sub County,KINNA,2096,KINNA,48,Isiolo,1309,Garbatulla,false,true,false,true,NAME_VARIANT_SAME_IDENTITY,County and SubCounty differ textually but resolve to the same normalized relational identities.
250,ISIOLO,Garbatulla Sub County,SERICHO,2097,SERICHO,48,Isiolo,1309,Garbatulla,false,true,false,true,NAME_VARIANT_SAME_IDENTITY,County and SubCounty differ textually but resolve to the same normalized relational identities.
193,MANDERA,MANDERA WEST,LAGHSURE,2098,LAGHSURE,63,Mandera,1295,Mandera West,false,true,false,true,NAME_VARIANT_SAME_IDENTITY,County and SubCounty differ textually but resolve to the same normalized relational identities.
201,MANDERA,MANDERA NORTH,ASHABITO,2099,ASHABITO,63,Mandera,1301,Mandera North,false,true,false,true,NAME_VARIANT_SAME_IDENTITY,County and SubCounty differ textually but resolve to the same normalized relational identities.
202,MANDERA,MANDERA NORTH,GUTICHA,2100,GUTICHA,63,Mandera,1301,Mandera North,false,true,false,true,NAME_VARIANT_SAME_IDENTITY,County and SubCounty differ textually but resolve to the same normalized relational identities.
212,MANDERA,MANDERA EAST,BULLA MPYA,2101,BULLA MPYA,63,Mandera,1300,Mandera East,false,true,false,true,NAME_VARIANT_SAME_IDENTITY,County and SubCounty differ textually but resolve to the same normalized relational identities.
213,MANDERA,MANDERA EAST,KHALALIO,2102,KHALALIO,63,Mandera,1300,Mandera East,false,true,false,true,NAME_VARIANT_SAME_IDENTITY,County and SubCounty differ textually but resolve to the same normalized relational identities.
214,MANDERA,MANDERA EAST,NEBOI,2103,NEBOI,63,Mandera,1300,Mandera East,false,true,false,true,NAME_VARIANT_SAME_IDENTITY,County and SubCounty differ textually but resolve to the same normalized relational identities.
215,MANDERA,MANDERA EAST,TOWNSHIP,2104,TOWNSHIP,63,Mandera,1300,Mandera East,false,true,false,true,NAME_VARIANT_SAME_IDENTITY,County and SubCounty differ textually but resolve to the same normalized relational identities.
216,MANDERA,LAFEY,LIBEHIA,2105,LIBEHIA,63,Mandera,1298,Lafey,false,true,false,true,NAME_VARIANT_SAME_IDENTITY,County and SubCounty differ textually but resolve to the same normalized relational identities.
217,MANDERA,LAFEY,FINO,2106,FINO,63,Mandera,1298,Lafey,false,true,false,true,NAME_VARIANT_SAME_IDENTITY,County and SubCounty differ textually but resolve to the same normalized relational identities.
218,MANDERA,LAFEY,LAFEY,2107,LAFEY,63,Mandera,1298,Lafey,false,true,false,true,NAME_VARIANT_SAME_IDENTITY,County and SubCounty differ textually but resolve to the same normalized relational identities.
219,MANDERA,LAFEY,WARANKARA,2108,WARANKARA,63,Mandera,1298,Lafey,false,true,false,true,NAME_VARIANT_SAME_IDENTITY,County and SubCounty differ textually but resolve to the same normalized relational identities.
220,MANDERA,LAFEY,ALANGO GOF,2109,ALANGO GOF,63,Mandera,1298,Lafey,false,true,false,true,NAME_VARIANT_SAME_IDENTITY,County and SubCounty differ textually but resolve to the same normalized relational identities.
445,NYANDARUA,Kinangop Sub County,Njabani/kiburu Ward,2110,Njabani/kiburu Ward,67,Nyandarua,1369,Kinangop,false,true,false,true,NAME_VARIANT_SAME_IDENTITY,County and SubCounty differ textually but resolve to the same normalized relational identities.
637,TURKANA,Turkana South Sub County,Lokichar Ward,2111,Lokichar Ward,70,Turkana,1415,Turkana South,false,true,false,true,NAME_VARIANT_SAME_IDENTITY,County and SubCounty differ textually but resolve to the same normalized relational identities.
638,TURKANA,Turkana East Sub County,Kapedo/napeitom Ward,2112,Kapedo/napeitom Ward,70,Turkana,1413,Turkana East,false,true,false,true,NAME_VARIANT_SAME_IDENTITY,County and SubCounty differ textually but resolve to the same normalized relational identities.
733,ELGEYO-MARAKWET,Marakwet East sub-county,Endo Ward,2113,Endo Ward,85,Elgeyo Marakwet,1438,Marakwet East,false,true,false,true,NAME_VARIANT_SAME_IDENTITY,County and SubCounty differ textually but resolve to the same normalized relational identities.
734,ELGEYO-MARAKWET,Marakwet East sub-county,Embobut/Embulot Ward,2114,Embobut/Embulot Ward,85,Elgeyo Marakwet,1438,Marakwet East,false,true,false,true,NAME_VARIANT_SAME_IDENTITY,County and SubCounty differ textually but resolve to the same normalized relational identities.
735,ELGEYO-MARAKWET,Marakwet West Sub County,Lelan Ward,2115,Lelan Ward,85,Elgeyo Marakwet,1439,Marakwet West,false,true,false,true,NAME_VARIANT_SAME_IDENTITY,County and SubCounty differ textually but resolve to the same normalized relational identities.
2016,Nairobi,Dagoretti North Sub County,Kabiro Ward,2116,Kabiro Ward,79,Nairobi City,487,Dagoretti North Sub County,false,false,true,true,SOURCE_DB_CONTRADICTION,Authoritative county does not match the database County reached through Ward.sourceGid.
2017,Nairobi,Dagoretti South Sub County,Mutu-ini Ward,2117,Mutu-ini Ward,79,Nairobi City,524,Dagoretti South Sub County,false,false,true,true,SOURCE_DB_CONTRADICTION,Authoritative county does not match the database County reached through Ward.sourceGid.
2018,Nairobi,Dagoretti South Sub County,Ngando Ward,2118,Ngando Ward,79,Nairobi City,524,Dagoretti South Sub County,false,false,true,true,SOURCE_DB_CONTRADICTION,Authoritative county does not match the database County reached through Ward.sourceGid.
2019,Nairobi,Dagoretti South Sub County,Riruta Ward,2119,Riruta Ward,79,Nairobi City,524,Dagoretti South Sub County,false,false,true,true,SOURCE_DB_CONTRADICTION,Authoritative county does not match the database County reached through Ward.sourceGid.
2020,Nairobi,Dagoretti South Sub County,Uthiru/ruthimitu Ward,2120,Uthiru/ruthimitu Ward,79,Nairobi City,524,Dagoretti South Sub County,false,false,true,true,SOURCE_DB_CONTRADICTION,Authoritative county does not match the database County reached through Ward.sourceGid.
2021,Nairobi,Dagoretti South Sub County,Waithaka Ward,2121,Waithaka Ward,79,Nairobi City,524,Dagoretti South Sub County,false,false,true,true,SOURCE_DB_CONTRADICTION,Authoritative county does not match the database County reached through Ward.sourceGid.
2022,Nairobi,Langata  Sub County,Karen Ward,2122,Karen Ward,79,Nairobi City,1577,Lang'ata,false,false,false,true,SOURCE_DB_CONTRADICTION,Authoritative county does not match the database County reached through Ward.sourceGid.
794,BARINGO,Baringo Central Sub County,Sacho Ward,2123,Sacho Ward,90,Baringo,1446,Baringo Central,false,true,false,true,NAME_VARIANT_SAME_IDENTITY,County and SubCounty differ textually but resolve to the same normalized relational identities.
801,BARINGO,Marigat Sub County,Mukutani Ward,2124,Mukutani Ward,90,Baringo,1450,Marigat,false,true,false,true,NAME_VARIANT_SAME_IDENTITY,County and SubCounty differ textually but resolve to the same normalized relational identities.
935,KAJIADO,Loitokitok Sub County,Kimana Ward,2125,Kimana Ward,92,Kajiado,1480,Loitokitok,false,true,false,true,NAME_VARIANT_SAME_IDENTITY,County and SubCounty differ textually but resolve to the same normalized relational identities.
821,LAIKIPIA,Laikipia East Sub County,Umande Ward,2126,Umande Ward,91,Laikipia,1455,Laikipia East,false,true,false,true,NAME_VARIANT_SAME_IDENTITY,County and SubCounty differ textually but resolve to the same normalized relational identities.
822,LAIKIPIA,Laikipia North Sub County,Sosian Ward,2127,Sosian Ward,91,Laikipia,1456,Laikipia North,false,true,false,true,NAME_VARIANT_SAME_IDENTITY,County and SubCounty differ textually but resolve to the same normalized relational identities.
823,LAIKIPIA,Laikipia North Sub County,Segera Ward,2128,Segera Ward,91,Laikipia,1456,Laikipia North,false,true,false,true,NAME_VARIANT_SAME_IDENTITY,County and SubCounty differ textually but resolve to the same normalized relational identities.
824,LAIKIPIA,Laikipia North Sub County,Mugogodo West Ward,2129,Mugogodo West Ward,91,Laikipia,1456,Laikipia North,false,true,false,true,NAME_VARIANT_SAME_IDENTITY,County and SubCounty differ textually but resolve to the same normalized relational identities.
825,LAIKIPIA,Laikipia North Sub County,Mugogodo East Ward,2130,Mugogodo East Ward,91,Laikipia,1456,Laikipia North,false,true,false,true,NAME_VARIANT_SAME_IDENTITY,County and SubCounty differ textually but resolve to the same normalized relational identities.
927,KAJIADO,Kajiado West Sub County,Iloodokilani Ward,2131,Iloodokilani Ward,92,Kajiado,1479,Kajiado West,false,true,false,true,NAME_VARIANT_SAME_IDENTITY,County and SubCounty differ textually but resolve to the same normalized relational identities.
928,KAJIADO,Kajiado West Sub County,Magadi Ward,2132,Magadi Ward,92,Kajiado,1479,Kajiado West,false,true,false,true,NAME_VARIANT_SAME_IDENTITY,County and SubCounty differ textually but resolve to the same normalized relational identities.
929,KAJIADO,Kajiado West Sub County,Ewuaso oonkidong'i Ward,2133,Ewuaso oonkidong'i Ward,92,Kajiado,1479,Kajiado West,false,true,false,true,NAME_VARIANT_SAME_IDENTITY,County and SubCounty differ textually but resolve to the same normalized relational identities.
1802,Mombasa,Jomvu  Sub County,Mikindani Ward,2134,Mikindani Ward,55,Mombasa,1252,Jomvu,true,true,false,true,NAME_VARIANT_SAME_IDENTITY,SubCounty differs textually but resolves to the same normalized SubCounty identity.
1820,Mombasa,Mvita  Sub County,Makadara Ward-mji Wa Kale Ward,2135,Makadara Ward-mji Wa Kale Ward,55,Mombasa,1255,Mvita,true,true,false,true,NAME_VARIANT_SAME_IDENTITY,SubCounty differs textually but resolves to the same normalized SubCounty identity.
1822,Mombasa,Mvita  Sub County,Tononoka Ward,2136,Tononoka Ward,55,Mombasa,1255,Mvita,true,true,false,true,NAME_VARIANT_SAME_IDENTITY,SubCounty differs textually but resolves to the same normalized SubCounty identity.
1823,Mombasa,Mvita  Sub County,Ganjoni Ward-shimanzi Ward,2137,Ganjoni Ward-shimanzi Ward,55,Mombasa,1255,Mvita,true,true,false,true,NAME_VARIANT_SAME_IDENTITY,SubCounty differs textually but resolves to the same normalized SubCounty identity.
1824,Mombasa,Mvita  Sub County,Majengo Ward,2138,Majengo Ward,55,Mombasa,1255,Mvita,true,true,false,true,NAME_VARIANT_SAME_IDENTITY,SubCounty differs textually but resolves to the same normalized SubCounty identity.
1825,Kilifi,Kilifi North Sub County,Tezo Ward,2139,Tezo Ward,73,Kilifi,1266,Kilifi North,true,true,false,true,NAME_VARIANT_SAME_IDENTITY,SubCounty differs textually but resolves to the same normalized SubCounty identity.
123,TAITA TAVETA,Mwatate Sub County,Chawia Ward,2140,Chawia Ward,59,Taita Taveta,1276,Mwatate,false,true,false,true,NAME_VARIANT_SAME_IDENTITY,County and SubCounty differ textually but resolve to the same normalized relational identities.
1834,Kilifi,Kilifi South Sub County,Shimo La Tewa Ward,2141,Shimo La Tewa Ward,73,Kilifi,1267,Kilifi South,true,true,false,true,NAME_VARIANT_SAME_IDENTITY,SubCounty differs textually but resolves to the same normalized SubCounty identity.
1844,Kilifi,Rabai Sub County,Rabai/kisurutini Ward,2142,Rabai/kisurutini Ward,73,Kilifi,1270,Rabai,true,true,false,true,NAME_VARIANT_SAME_IDENTITY,SubCounty differs textually but resolves to the same normalized SubCounty identity.
1845,Kilifi,Ganze Sub County,Ganze Ward,2143,Ganze Ward,73,Kilifi,1263,Ganze,true,true,false,true,NAME_VARIANT_SAME_IDENTITY,SubCounty differs textually but resolves to the same normalized SubCounty identity.
1848,Kilifi,Ganze Sub County,Sokoke Ward,2144,Sokoke Ward,73,Kilifi,1263,Ganze,true,true,false,true,NAME_VARIANT_SAME_IDENTITY,SubCounty differs textually but resolves to the same normalized SubCounty identity.
1851,Kilifi,Malindi Sub County,Ganda Ward,2145,Ganda Ward,73,Kilifi,1269,Malindi,true,true,false,true,NAME_VARIANT_SAME_IDENTITY,SubCounty differs textually but resolves to the same normalized SubCounty identity.
1852,Kilifi,Malindi Sub County,Malindi Town Ward,2146,Malindi Town Ward,73,Kilifi,1269,Malindi,true,true,false,true,NAME_VARIANT_SAME_IDENTITY,SubCounty differs textually but resolves to the same normalized SubCounty identity.
1856,Kilifi,Magarini Sub County,Gongoni Ward,2147,Gongoni Ward,73,Kilifi,1268,Magarini,true,true,false,true,NAME_VARIANT_SAME_IDENTITY,SubCounty differs textually but resolves to the same normalized SubCounty identity.
1857,Kilifi,Magarini Sub County,Adu Ward,2148,Adu Ward,73,Kilifi,1268,Magarini,true,true,false,true,NAME_VARIANT_SAME_IDENTITY,SubCounty differs textually but resolves to the same normalized SubCounty identity.
1858,Kilifi,Magarini Sub County,Garashi Ward,2149,Garashi Ward,73,Kilifi,1268,Magarini,true,true,false,true,NAME_VARIANT_SAME_IDENTITY,SubCounty differs textually but resolves to the same normalized SubCounty identity.
1859,Kilifi,Magarini Sub County,Sabaki Ward,2150,Sabaki Ward,73,Kilifi,1268,Magarini,true,true,false,true,NAME_VARIANT_SAME_IDENTITY,SubCounty differs textually but resolves to the same normalized SubCounty identity.
1860,Siaya,Alego Usonga Sub County,North Alego Ward,2151,North Alego Ward,83,Siaya,483,Alego Usonga Sub County,true,true,true,true,EXACT_MATCH,Authoritative County and SubCounty names exactly match the database relational lineage.
1861,Siaya,Alego Usonga Sub County,South East Alego Ward,2152,South East Alego Ward,83,Siaya,483,Alego Usonga Sub County,true,true,true,true,EXACT_MATCH,Authoritative County and SubCounty names exactly match the database relational lineage.
1862,Siaya,Gem Sub County,North Gem Ward,2153,North Gem Ward,83,Siaya,1530,Gem,true,true,false,true,NAME_VARIANT_SAME_IDENTITY,SubCounty differs textually but resolves to the same normalized SubCounty identity.
1863,Siaya,Gem Sub County,West Gem Ward,2154,West Gem Ward,83,Siaya,1530,Gem,true,true,false,true,NAME_VARIANT_SAME_IDENTITY,SubCounty differs textually but resolves to the same normalized SubCounty identity.
1864,Siaya,Gem Sub County,Central Gem Ward,2155,Central Gem Ward,83,Siaya,1530,Gem,true,true,false,true,NAME_VARIANT_SAME_IDENTITY,SubCounty differs textually but resolves to the same normalized SubCounty identity.
1865,Siaya,Gem Sub County,Yala Township Ward,2156,Yala Township Ward,83,Siaya,1530,Gem,true,true,false,true,NAME_VARIANT_SAME_IDENTITY,SubCounty differs textually but resolves to the same normalized SubCounty identity.
1866,Siaya,Gem Sub County,East Gem Ward,2157,East Gem Ward,83,Siaya,1530,Gem,true,true,false,true,NAME_VARIANT_SAME_IDENTITY,SubCounty differs textually but resolves to the same normalized SubCounty identity.
1867,Siaya,Gem Sub County,South Gem Ward,2158,South Gem Ward,83,Siaya,1530,Gem,true,true,false,true,NAME_VARIANT_SAME_IDENTITY,SubCounty differs textually but resolves to the same normalized SubCounty identity.
1868,Siaya,Bondo Sub County,West Yimbo Ward,2159,West Yimbo Ward,83,Siaya,1533,Bondo,true,true,false,true,NAME_VARIANT_SAME_IDENTITY,SubCounty differs textually but resolves to the same normalized SubCounty identity.
1869,Siaya,Bondo Sub County,Central Sakwa Ward,2160,Central Sakwa Ward,83,Siaya,1533,Bondo,true,true,false,true,NAME_VARIANT_SAME_IDENTITY,SubCounty differs textually but resolves to the same normalized SubCounty identity.
1870,Siaya,Bondo Sub County,South Sakwa Ward,2161,South Sakwa Ward,83,Siaya,1533,Bondo,true,true,false,true,NAME_VARIANT_SAME_IDENTITY,SubCounty differs textually but resolves to the same normalized SubCounty identity.
1871,Siaya,Bondo Sub County,Yimbo East Ward,2162,Yimbo East Ward,83,Siaya,1533,Bondo,true,true,false,true,NAME_VARIANT_SAME_IDENTITY,SubCounty differs textually but resolves to the same normalized SubCounty identity.
1872,Siaya,Bondo Sub County,West Sakwa Ward,2163,West Sakwa Ward,83,Siaya,1533,Bondo,true,true,false,true,NAME_VARIANT_SAME_IDENTITY,SubCounty differs textually but resolves to the same normalized SubCounty identity.
1873,Siaya,Bondo Sub County,North Sakwa Ward,2164,North Sakwa Ward,83,Siaya,1533,Bondo,true,true,false,true,NAME_VARIANT_SAME_IDENTITY,SubCounty differs textually but resolves to the same normalized SubCounty identity.
1874,Siaya,Rarieda Sub County,East Asembo Ward,2165,East Asembo Ward,83,Siaya,1534,Rarieda,true,true,false,true,NAME_VARIANT_SAME_IDENTITY,SubCounty differs textually but resolves to the same normalized SubCounty identity.
1875,Siaya,Rarieda Sub County,West Asembo Ward,2166,West Asembo Ward,83,Siaya,1534,Rarieda,true,true,false,true,NAME_VARIANT_SAME_IDENTITY,SubCounty differs textually but resolves to the same normalized SubCounty identity.
1910,Kisumu,Kisumu East Sub County,Kajulu Ward,2167,Kajulu Ward,93,Kisumu,1535,Kisumu East,true,true,false,true,NAME_VARIANT_SAME_IDENTITY,SubCounty differs textually but resolves to the same normalized SubCounty identity.
1911,Kisumu,Kisumu East Sub County,Kolwa East Ward,2168,Kolwa East Ward,93,Kisumu,1535,Kisumu East,true,true,false,true,NAME_VARIANT_SAME_IDENTITY,SubCounty differs textually but resolves to the same normalized SubCounty identity.
1914,Kisumu,Kisumu East Sub County,Kolwa Central Ward,2169,Kolwa Central Ward,93,Kisumu,1535,Kisumu East,true,true,false,true,NAME_VARIANT_SAME_IDENTITY,SubCounty differs textually but resolves to the same normalized SubCounty identity.
1916,Kisumu,Kisumu West Sub County,Central Kisumu Ward,2170,Central Kisumu Ward,93,Kisumu,1537,Kisumu West,true,true,false,true,NAME_VARIANT_SAME_IDENTITY,SubCounty differs textually but resolves to the same normalized SubCounty identity.
127,TAITA TAVETA,Voi Sub County,Kaloleni  Ward,2171,Kaloleni  Ward,59,Taita Taveta,1279,Voi,false,true,false,true,NAME_VARIANT_SAME_IDENTITY,County and SubCounty differ textually but resolve to the same normalized relational identities.
1917,Kisumu,Kisumu West Sub County,North Kisumu Ward,2172,North Kisumu Ward,93,Kisumu,1537,Kisumu West,true,true,false,true,NAME_VARIANT_SAME_IDENTITY,SubCounty differs textually but resolves to the same normalized SubCounty identity.
1918,Kisumu,Kisumu West Sub County,West Kisumu Ward,2173,West Kisumu Ward,93,Kisumu,1537,Kisumu West,true,true,false,true,NAME_VARIANT_SAME_IDENTITY,SubCounty differs textually but resolves to the same normalized SubCounty identity.
1919,Kisumu,Kisumu West Sub County,North West Kisumu Ward,2174,North West Kisumu Ward,93,Kisumu,1537,Kisumu West,true,true,false,true,NAME_VARIANT_SAME_IDENTITY,SubCounty differs textually but resolves to the same normalized SubCounty identity.
1920,Kisumu,Kisumu Central Sub County,Railways Ward,2175,Railways Ward,93,Kisumu,1536,Kisumu Central,true,true,false,true,NAME_VARIANT_SAME_IDENTITY,SubCounty differs textually but resolves to the same normalized SubCounty identity.
1921,Kisumu,Kisumu Central Sub County,Migosi Ward,2176,Migosi Ward,93,Kisumu,1536,Kisumu Central,true,true,false,true,NAME_VARIANT_SAME_IDENTITY,SubCounty differs textually but resolves to the same normalized SubCounty identity.
1998,Kisii,Nyaribari Chache  Sub County,Ibeno Ward,2177,Ibeno Ward,87,Kisii,508,Nyaribari Chache  Sub County,true,true,true,true,EXACT_MATCH,Authoritative County and SubCounty names exactly match the database relational lineage.
1999,Kisii,Kitutu Chache North Sub County,Monyerero Ward,2178,Monyerero Ward,87,Kisii,510,Kitutu Chache North Sub County,true,true,true,true,EXACT_MATCH,Authoritative County and SubCounty names exactly match the database relational lineage.
2001,Kisii,Kitutu Chache North Sub County,Marani Ward,2179,Marani Ward,87,Kisii,510,Kitutu Chache North Sub County,true,true,true,true,EXACT_MATCH,Authoritative County and SubCounty names exactly match the database relational lineage.
2002,Kisii,Kitutu Chache North Sub County,Kegogi Ward,2180,Kegogi Ward,87,Kisii,510,Kitutu Chache North Sub County,true,true,true,true,EXACT_MATCH,Authoritative County and SubCounty names exactly match the database relational lineage.
2003,Kisii,Kitutu Chache South Sub County,Bogusero Ward,2181,Bogusero Ward,87,Kisii,485,Kitutu Chache South Sub County,true,true,true,true,EXACT_MATCH,Authoritative County and SubCounty names exactly match the database relational lineage.
2004,Kisii,Kitutu Chache South Sub County,Bogeka Ward,2182,Bogeka Ward,87,Kisii,485,Kitutu Chache South Sub County,true,true,true,true,EXACT_MATCH,Authoritative County and SubCounty names exactly match the database relational lineage.
2007,Kisii,Kitutu Chache South Sub County,Nyatieko Ward,2183,Nyatieko Ward,87,Kisii,485,Kitutu Chache South Sub County,true,true,true,true,EXACT_MATCH,Authoritative County and SubCounty names exactly match the database relational lineage.
2009,Nairobi,Westlands  Sub County,Karura Ward,2184,Karura Ward,79,Nairobi City,486,Westlands  Sub County,false,false,true,true,SOURCE_DB_CONTRADICTION,Authoritative county does not match the database County reached through Ward.sourceGid.
2010,Nairobi,Westlands  Sub County,Kangemi Ward,2185,Kangemi Ward,79,Nairobi City,486,Westlands  Sub County,false,false,true,true,SOURCE_DB_CONTRADICTION,Authoritative county does not match the database County reached through Ward.sourceGid.
2011,Nairobi,Westlands  Sub County,Mountain View Ward,2186,Mountain View Ward,79,Nairobi City,486,Westlands  Sub County,false,false,true,true,SOURCE_DB_CONTRADICTION,Authoritative county does not match the database County reached through Ward.sourceGid.
678,TRANS NZOIA,Kwanza  Sub County,Keiyo Ward,2187,Keiyo Ward,81,Trans Nzoia,1427,Kwanza,false,true,false,true,NAME_VARIANT_SAME_IDENTITY,County and SubCounty differ textually but resolve to the same normalized relational identities.
2014,Nairobi,Dagoretti North Sub County,Gatina Ward,2188,Gatina Ward,79,Nairobi City,487,Dagoretti North Sub County,false,false,true,true,SOURCE_DB_CONTRADICTION,Authoritative county does not match the database County reached through Ward.sourceGid.
780,NANDI,Mosop Sub County,Sangalo/kebulonik Ward,2189,Sangalo/kebulonik Ward,88,Nandi,462,Mosop Sub County,false,true,true,true,NAME_VARIANT_SAME_IDENTITY,County differs textually but resolves to the same normalized County identity.
786,BARINGO,Tiaty Sub County,Tangulbei/korossi Ward,2190,Tangulbei/korossi Ward,90,Baringo,757,Tiaty East,false,true,false,false,UNRESOLVED,Authoritative SubCounty name does not normalize to the actual database SubCounty reached through Ward.sourceGid.
2023,Nairobi,Langata  Sub County,Nairobi West Ward,2191,Nairobi West Ward,79,Nairobi City,1577,Lang'ata,false,false,false,true,SOURCE_DB_CONTRADICTION,Authoritative county does not match the database County reached through Ward.sourceGid.
2024,Nairobi,Langata  Sub County,Mugumo-ini Ward,2192,Mugumo-ini Ward,79,Nairobi City,1577,Lang'ata,false,false,false,true,SOURCE_DB_CONTRADICTION,Authoritative county does not match the database County reached through Ward.sourceGid.
787,BARINGO,Tiaty Sub County,Churo/amaya Ward,2193,Churo/amaya Ward,90,Baringo,757,Tiaty East,false,true,false,false,UNRESOLVED,Authoritative SubCounty name does not normalize to the actual database SubCounty reached through Ward.sourceGid.
788,BARINGO,Baringo North Sub County,Barwessa Ward,2194,Barwessa Ward,90,Baringo,1447,Baringo North,false,true,false,true,NAME_VARIANT_SAME_IDENTITY,County and SubCounty differ textually but resolve to the same normalized relational identities.
789,BARINGO,Baringo North Sub County,Kabartonjo Ward,2195,Kabartonjo Ward,90,Baringo,1447,Baringo North,false,true,false,true,NAME_VARIANT_SAME_IDENTITY,County and SubCounty differ textually but resolve to the same normalized relational identities.
790,BARINGO,Baringo North Sub County,Saimoi/kipsaraman Ward,2196,Saimoi/kipsaraman Ward,90,Baringo,1447,Baringo North,false,true,false,true,NAME_VARIANT_SAME_IDENTITY,County and SubCounty differ textually but resolve to the same normalized relational identities.
791,BARINGO,Baringo North Sub County,Saimo/soi Ward,2197,Saimo/soi Ward,90,Baringo,1447,Baringo North,false,true,false,true,NAME_VARIANT_SAME_IDENTITY,County and SubCounty differ textually but resolve to the same normalized relational identities.
792,BARINGO,Baringo North Sub County,Bartabwa Ward,2198,Bartabwa Ward,90,Baringo,1447,Baringo North,false,true,false,true,NAME_VARIANT_SAME_IDENTITY,County and SubCounty differ textually but resolve to the same normalized relational identities.
793,BARINGO,Baringo Central Sub County,Kabarnet Ward,2199,Kabarnet Ward,90,Baringo,1446,Baringo Central,false,true,false,true,NAME_VARIANT_SAME_IDENTITY,County and SubCounty differ textually but resolve to the same normalized relational identities.
2025,Nairobi,Langata  Sub County,South C Ward,2200,South C Ward,79,Nairobi City,1577,Lang'ata,false,false,false,true,SOURCE_DB_CONTRADICTION,Authoritative county does not match the database County reached through Ward.sourceGid.
795,BARINGO,Baringo Central Sub County,Tenges Ward,2201,Tenges Ward,90,Baringo,1446,Baringo Central,false,true,false,true,NAME_VARIANT_SAME_IDENTITY,County and SubCounty differ textually but resolve to the same normalized relational identities.
796,BARINGO,Baringo Central Sub County,Ewalel/chapchap Ward,2202,Ewalel/chapchap Ward,90,Baringo,1446,Baringo Central,false,true,false,true,NAME_VARIANT_SAME_IDENTITY,County and SubCounty differ textually but resolve to the same normalized relational identities.
797,BARINGO,Baringo Central Sub County,Kapropita Ward,2203,Kapropita Ward,90,Baringo,1446,Baringo Central,false,true,false,true,NAME_VARIANT_SAME_IDENTITY,County and SubCounty differ textually but resolve to the same normalized relational identities.
798,BARINGO,Marigat Sub County,Marigat Ward,2204,Marigat Ward,90,Baringo,1450,Marigat,false,true,false,true,NAME_VARIANT_SAME_IDENTITY,County and SubCounty differ textually but resolve to the same normalized relational identities.
799,BARINGO,Marigat Sub County,Iichamus Ward,2205,Iichamus Ward,90,Baringo,1450,Marigat,false,true,false,true,NAME_VARIANT_SAME_IDENTITY,County and SubCounty differ textually but resolve to the same normalized relational identities.
800,BARINGO,Marigat Sub County,Mochongoi Ward,2206,Mochongoi Ward,90,Baringo,1450,Marigat,false,true,false,true,NAME_VARIANT_SAME_IDENTITY,County and SubCounty differ textually but resolve to the same normalized relational identities.
2026,Nairobi,Langata  Sub County,Nyayo Highrise Ward,2207,Nyayo Highrise Ward,79,Nairobi City,1577,Lang'ata,false,false,false,true,SOURCE_DB_CONTRADICTION,Authoritative county does not match the database County reached through Ward.sourceGid.
2027,Nairobi,Kibra  Sub County,Laini Saba Ward,2208,Laini Saba Ward,79,Nairobi City,1576,Kibra,false,false,false,true,SOURCE_DB_CONTRADICTION,Authoritative county does not match the database County reached through Ward.sourceGid.
930,KAJIADO,Kajiado West Sub County,Mosiro Ward,2209,Mosiro Ward,92,Kajiado,1479,Kajiado West,false,true,false,true,NAME_VARIANT_SAME_IDENTITY,County and SubCounty differ textually but resolve to the same normalized relational identities.
931,KAJIADO,Loitokitok Sub County,Entonet/lenkism Ward,2210,Entonet/lenkism Ward,92,Kajiado,1480,Loitokitok,false,true,false,true,NAME_VARIANT_SAME_IDENTITY,County and SubCounty differ textually but resolve to the same normalized relational identities.
932,KAJIADO,Loitokitok Sub County,Imbrikani/eselelnkei Ward,2211,Imbrikani/eselelnkei Ward,92,Kajiado,1480,Loitokitok,false,true,false,true,NAME_VARIANT_SAME_IDENTITY,County and SubCounty differ textually but resolve to the same normalized relational identities.
933,KAJIADO,Loitokitok Sub County,Kuku Ward,2212,Kuku Ward,92,Kajiado,1480,Loitokitok,false,true,false,true,NAME_VARIANT_SAME_IDENTITY,County and SubCounty differ textually but resolve to the same normalized relational identities.
934,KAJIADO,Loitokitok Sub County,Rombo Ward,2213,Rombo Ward,92,Kajiado,1480,Loitokitok,false,true,false,true,NAME_VARIANT_SAME_IDENTITY,County and SubCounty differ textually but resolve to the same normalized relational identities.
2028,Nairobi,Kibra  Sub County,Lindi Ward,2214,Lindi Ward,79,Nairobi City,1576,Kibra,false,false,false,true,SOURCE_DB_CONTRADICTION,Authoritative county does not match the database County reached through Ward.sourceGid.
936,KERICHO,Kipkelion East Sub County,Londiani Ward,2215,Londiani Ward,56,Kericho,491,Kipkelion East Sub County,false,true,true,true,NAME_VARIANT_SAME_IDENTITY,County differs textually but resolves to the same normalized County identity.
2029,Nairobi,Kibra  Sub County,Makina Ward,2216,Makina Ward,79,Nairobi City,1576,Kibra,false,false,false,true,SOURCE_DB_CONTRADICTION,Authoritative county does not match the database County reached through Ward.sourceGid.
2031,Nairobi,Kibra  Sub County,Sarang'ombe Ward,2217,Sarang'ombe Ward,79,Nairobi City,1576,Kibra,false,false,false,true,SOURCE_DB_CONTRADICTION,Authoritative county does not match the database County reached through Ward.sourceGid.
2032,Nairobi,Roysambu  Sub County,Githurai Ward,2218,Githurai Ward,79,Nairobi City,492,Roysambu  Sub County,false,false,true,true,SOURCE_DB_CONTRADICTION,Authoritative county does not match the database County reached through Ward.sourceGid.
2033,Nairobi,Roysambu  Sub County,Kahawa West,2219,Kahawa West,79,Nairobi City,492,Roysambu  Sub County,false,false,true,true,SOURCE_DB_CONTRADICTION,Authoritative county does not match the database County reached through Ward.sourceGid.
2036,Nairobi,Roysambu  Sub County,Kahawa,2220,Kahawa,79,Nairobi City,492,Roysambu  Sub County,false,false,true,true,SOURCE_DB_CONTRADICTION,Authoritative county does not match the database County reached through Ward.sourceGid.
2037,Nairobi,Kasarani  Sub County,Clay City,2221,Clay City,79,Nairobi City,1575,Kasarani,false,false,false,true,SOURCE_DB_CONTRADICTION,Authoritative county does not match the database County reached through Ward.sourceGid.
2040,Nairobi,Kasarani  Sub County,Njiru Ward,2222,Njiru Ward,79,Nairobi City,1575,Kasarani,false,false,false,true,SOURCE_DB_CONTRADICTION,Authoritative county does not match the database County reached through Ward.sourceGid.
2041,Nairobi,Kasarani  Sub County,Ruai Ward,2223,Ruai Ward,79,Nairobi City,1575,Kasarani,false,false,false,true,SOURCE_DB_CONTRADICTION,Authoritative county does not match the database County reached through Ward.sourceGid.
2042,Nairobi,Ruaraka  Sub County,Babandogo,2224,Babandogo,79,Nairobi City,405,Ruaraka  Sub County,false,false,true,true,SOURCE_DB_CONTRADICTION,Authoritative county does not match the database County reached through Ward.sourceGid.
2043,Nairobi,Ruaraka  Sub County,Utalii Ward,2225,Utalii Ward,79,Nairobi City,405,Ruaraka  Sub County,false,false,true,true,SOURCE_DB_CONTRADICTION,Authoritative county does not match the database County reached through Ward.sourceGid.
2048,Nairobi,Embakasi South Sub County,Kwa Njenga Ward,2226,Kwa Njenga Ward,79,Nairobi City,407,Embakasi South Sub County,false,false,true,true,SOURCE_DB_CONTRADICTION,Authoritative county does not match the database County reached through Ward.sourceGid.
2056,Nairobi,Embakasi North Sub County,Dandora Area Iv Ward,2227,Dandora Area Iv Ward,79,Nairobi City,533,Embakasi North Sub County,false,false,true,true,SOURCE_DB_CONTRADICTION,Authoritative county does not match the database County reached through Ward.sourceGid.
2049,Nairobi,Embakasi South Sub County,Kwa Reuben Ward,2228,Kwa Reuben Ward,79,Nairobi City,407,Embakasi South Sub County,false,false,true,true,SOURCE_DB_CONTRADICTION,Authoritative county does not match the database County reached through Ward.sourceGid.
2067,Nairobi,Embakasi West Sub County,Umoja I Ward,2229,Umoja I Ward,79,Nairobi City,534,Embakasi West Sub County,false,false,true,true,SOURCE_DB_CONTRADICTION,Authoritative county does not match the database County reached through Ward.sourceGid.
2051,Nairobi,Embakasi South Sub County,Kware Ward,2230,Kware Ward,79,Nairobi City,407,Embakasi South Sub County,false,false,true,true,SOURCE_DB_CONTRADICTION,Authoritative county does not match the database County reached through Ward.sourceGid.
2052,Nairobi,Embakasi North Sub County,Kariobangi North Ward,2231,Kariobangi North Ward,79,Nairobi City,533,Embakasi North Sub County,false,false,true,true,SOURCE_DB_CONTRADICTION,Authoritative county does not match the database County reached through Ward.sourceGid.
2053,Nairobi,Embakasi North Sub County,Dandora Area I Ward,2232,Dandora Area I Ward,79,Nairobi City,533,Embakasi North Sub County,false,false,true,true,SOURCE_DB_CONTRADICTION,Authoritative county does not match the database County reached through Ward.sourceGid.
2054,Nairobi,Embakasi North Sub County,Dandora Area Ii Ward,2233,Dandora Area Ii Ward,79,Nairobi City,533,Embakasi North Sub County,false,false,true,true,SOURCE_DB_CONTRADICTION,Authoritative county does not match the database County reached through Ward.sourceGid.
2055,Nairobi,Embakasi North Sub County,Dandora Area Iii Ward,2234,Dandora Area Iii Ward,79,Nairobi City,533,Embakasi North Sub County,false,false,true,true,SOURCE_DB_CONTRADICTION,Authoritative county does not match the database County reached through Ward.sourceGid.
2057,Nairobi,Embakasi Central Sub County,Kayole North Ward,2235,Kayole North Ward,79,Nairobi City,535,Embakasi Central Sub County,false,false,true,true,SOURCE_DB_CONTRADICTION,Authoritative county does not match the database County reached through Ward.sourceGid.
2058,Nairobi,Embakasi Central Sub County,Kayole Central Ward,2236,Kayole Central Ward,79,Nairobi City,535,Embakasi Central Sub County,false,false,true,true,SOURCE_DB_CONTRADICTION,Authoritative county does not match the database County reached through Ward.sourceGid.
2068,Nairobi,Embakasi West Sub County,Umoja Ii Ward,2237,Umoja Ii Ward,79,Nairobi City,534,Embakasi West Sub County,false,false,true,true,SOURCE_DB_CONTRADICTION,Authoritative county does not match the database County reached through Ward.sourceGid.
2059,Nairobi,Embakasi Central Sub County,Kayole South Ward,2238,Kayole South Ward,79,Nairobi City,535,Embakasi Central Sub County,false,false,true,true,SOURCE_DB_CONTRADICTION,Authoritative county does not match the database County reached through Ward.sourceGid.
2074,Nairobi,Makadara  Sub County,Makongeni Ward,2239,Makongeni Ward,79,Nairobi City,1578,Makadara,false,false,false,true,SOURCE_DB_CONTRADICTION,Authoritative county does not match the database County reached through Ward.sourceGid.
2060,Nairobi,Embakasi Central Sub County,Komarock Ward,2240,Komarock Ward,79,Nairobi City,535,Embakasi Central Sub County,false,false,true,true,SOURCE_DB_CONTRADICTION,Authoritative county does not match the database County reached through Ward.sourceGid.
2061,Nairobi,Embakasi Central Sub County,Matopeni/spring Valley Ward,2241,Matopeni/spring Valley Ward,79,Nairobi City,535,Embakasi Central Sub County,false,false,true,true,SOURCE_DB_CONTRADICTION,Authoritative county does not match the database County reached through Ward.sourceGid.
2076,Nairobi,Kamukunji  Sub County,Eastleigh North Ward,2242,Eastleigh North Ward,79,Nairobi City,1574,Kamukunji,false,false,false,true,SOURCE_DB_CONTRADICTION,Authoritative county does not match the database County reached through Ward.sourceGid.
2062,Nairobi,Embakasi East Sub County,Upper Savanna Ward,2243,Upper Savanna Ward,79,Nairobi City,509,Embakasi East Sub County,false,false,true,true,SOURCE_DB_CONTRADICTION,Authoritative county does not match the database County reached through Ward.sourceGid.
2069,Nairobi,Embakasi West Sub County,Mowlem Ward,2244,Mowlem Ward,79,Nairobi City,534,Embakasi West Sub County,false,false,true,true,SOURCE_DB_CONTRADICTION,Authoritative county does not match the database County reached through Ward.sourceGid.
2070,Nairobi,Embakasi West Sub County,Kariobangi South Ward,2245,Kariobangi South Ward,79,Nairobi City,534,Embakasi West Sub County,false,false,true,true,SOURCE_DB_CONTRADICTION,Authoritative county does not match the database County reached through Ward.sourceGid.
2071,Nairobi,Makadara  Sub County,Maringo/hamza Ward,2246,Maringo/hamza Ward,79,Nairobi City,1578,Makadara,false,false,false,true,SOURCE_DB_CONTRADICTION,Authoritative county does not match the database County reached through Ward.sourceGid.
693,TRANS NZOIA,Kiminini  Sub County,Nabiswa Ward,2247,Nabiswa Ward,81,Trans Nzoia,1429,Kiminini,false,true,false,true,NAME_VARIANT_SAME_IDENTITY,County and SubCounty differ textually but resolve to the same normalized relational identities.
2079,Nairobi,Kamukunji  Sub County,California Ward,2248,California Ward,79,Nairobi City,1574,Kamukunji,false,false,false,true,SOURCE_DB_CONTRADICTION,Authoritative county does not match the database County reached through Ward.sourceGid.
2075,Nairobi,Kamukunji  Sub County,Pumwani Ward,2249,Pumwani Ward,79,Nairobi City,1574,Kamukunji,false,false,false,true,SOURCE_DB_CONTRADICTION,Authoritative county does not match the database County reached through Ward.sourceGid.
694,TRANS NZOIA,Cherangany Sub County,Sinyerere Ward,2250,Sinyerere Ward,81,Trans Nzoia,441,Cherangany Sub County,false,true,true,true,NAME_VARIANT_SAME_IDENTITY,County differs textually but resolves to the same normalized County identity.
2078,Nairobi,Kamukunji  Sub County,Airbase Ward,2251,Airbase Ward,79,Nairobi City,1574,Kamukunji,false,false,false,true,SOURCE_DB_CONTRADICTION,Authoritative county does not match the database County reached through Ward.sourceGid.
133,GARISSA,Garissa Sub County,Iftin Ward,2252,Iftin Ward,60,Garissa,1283,Garissa,false,true,false,true,NAME_VARIANT_SAME_IDENTITY,County and SubCounty differ textually but resolve to the same normalized relational identities.
2080,Nairobi,Starehe  Sub County,Nairobi Central Ward,2253,Nairobi Central Ward,79,Nairobi City,513,Starehe  Sub County,false,false,true,true,SOURCE_DB_CONTRADICTION,Authoritative county does not match the database County reached through Ward.sourceGid.
146,GARISSA,Dadaab Sub County,Dertu Ward,2254,Dertu Ward,60,Garissa,1281,Dadaab,false,true,false,true,NAME_VARIANT_SAME_IDENTITY,County and SubCounty differ textually but resolve to the same normalized relational identities.
147,GARISSA,Dadaab Sub County,Dadaab Ward,2255,Dadaab Ward,60,Garissa,1281,Dadaab,false,true,false,true,NAME_VARIANT_SAME_IDENTITY,County and SubCounty differ textually but resolve to the same normalized relational identities.
148,GARISSA,Dadaab Sub County,LABISGALE Ward,2256,LABISGALE Ward,60,Garissa,1281,Dadaab,false,true,false,true,NAME_VARIANT_SAME_IDENTITY,County and SubCounty differ textually but resolve to the same normalized relational identities.
149,GARISSA,Dadaab Sub County,Damajale Ward,2257,Damajale Ward,60,Garissa,1281,Dadaab,false,true,false,true,NAME_VARIANT_SAME_IDENTITY,County and SubCounty differ textually but resolve to the same normalized relational identities.
150,GARISSA,Dadaab Sub County,Liboi Ward,2258,Liboi Ward,60,Garissa,1281,Dadaab,false,true,false,true,NAME_VARIANT_SAME_IDENTITY,County and SubCounty differ textually but resolve to the same normalized relational identities.
151,GARISSA,Dadaab Sub County,Abakaile Ward,2259,Abakaile Ward,60,Garissa,1281,Dadaab,false,true,false,true,NAME_VARIANT_SAME_IDENTITY,County and SubCounty differ textually but resolve to the same normalized relational identities.
756,NANDI,Aldai Sub County,Terik Ward,2260,Terik Ward,88,Nandi,451,Aldai Sub County,false,true,true,true,NAME_VARIANT_SAME_IDENTITY,County differs textually but resolves to the same normalized County identity.
2081,Nairobi,Starehe  Sub County,Ngara Ward Ward,2261,Ngara Ward Ward,79,Nairobi City,513,Starehe  Sub County,false,false,true,true,SOURCE_DB_CONTRADICTION,Authoritative county does not match the database County reached through Ward.sourceGid.
2082,Nairobi,Starehe  Sub County,Pangani Ward,2262,Pangani Ward,79,Nairobi City,513,Starehe  Sub County,false,false,true,true,SOURCE_DB_CONTRADICTION,Authoritative county does not match the database County reached through Ward.sourceGid.
2083,Nairobi,Starehe  Sub County,Ziwani/kariokor,2263,Ziwani/kariokor,79,Nairobi City,513,Starehe  Sub County,false,false,true,true,SOURCE_DB_CONTRADICTION,Authoritative county does not match the database County reached through Ward.sourceGid.
2086,Nairobi,Mathare  Sub County,Hospital Ward,2264,Hospital Ward,79,Nairobi City,1579,Mathare,false,false,false,true,SOURCE_DB_CONTRADICTION,Authoritative county does not match the database County reached through Ward.sourceGid.
2087,Nairobi,Mathare  Sub County,Mabatini Ward,2265,Mabatini Ward,79,Nairobi City,1579,Mathare,false,false,false,true,SOURCE_DB_CONTRADICTION,Authoritative county does not match the database County reached through Ward.sourceGid.
2089,Nairobi,Mathare  Sub County,Ngei Ward,2266,Ngei Ward,79,Nairobi City,1579,Mathare,false,false,false,true,SOURCE_DB_CONTRADICTION,Authoritative county does not match the database County reached through Ward.sourceGid.
2090,Nairobi,Mathare  Sub County,Mlango Kubwa,2267,Mlango Kubwa,79,Nairobi City,1579,Mathare,false,false,false,true,SOURCE_DB_CONTRADICTION,Authoritative county does not match the database County reached through Ward.sourceGid.
2091,Nairobi,Mathare  Sub County,Kiamaiko Ward,2268,Kiamaiko Ward,79,Nairobi City,1579,Mathare,false,false,false,true,SOURCE_DB_CONTRADICTION,Authoritative county does not match the database County reached through Ward.sourceGid.
2092,Nairobi,Westlands  Sub County,Kitisuru Ward,2269,Kitisuru Ward,79,Nairobi City,486,Westlands  Sub County,false,false,true,true,SOURCE_DB_CONTRADICTION,Authoritative county does not match the database County reached through Ward.sourceGid.
2093,Muranga,Kangema Sub County,Kanyenya-ini Ward,2270,Kanyenya-ini Ward,76,Murang'a,1390,Kangema,false,true,false,true,NAME_VARIANT_SAME_IDENTITY,County and SubCounty differ textually but resolve to the same normalized relational identities.
2094,Muranga,Kangema Sub County,Muguru Ward,2271,Muguru Ward,76,Murang'a,1390,Kangema,false,true,false,true,NAME_VARIANT_SAME_IDENTITY,County and SubCounty differ textually but resolve to the same normalized relational identities.
2095,Muranga,Kangema Sub County,Rwathia Ward,2272,Rwathia Ward,76,Murang'a,1390,Kangema,false,true,false,true,NAME_VARIANT_SAME_IDENTITY,County and SubCounty differ textually but resolve to the same normalized relational identities.
2096,Muranga,Mathioya Sub County,Gitugi Ward,2273,Gitugi Ward,76,Murang'a,1391,Mathioya,false,true,false,true,NAME_VARIANT_SAME_IDENTITY,County and SubCounty differ textually but resolve to the same normalized relational identities.
168,WAJIR,Wajir East Sub County,Wagberi Ward,2274,Wagberi Ward,61,Wajir,1291,Wajir East,false,true,false,true,NAME_VARIANT_SAME_IDENTITY,County and SubCounty differ textually but resolve to the same normalized relational identities.
2151,Uasin Gishu,Kapseret Sub County,Ngeria Ward,2275,Ngeria Ward,78,Uasin Gishu,1431,Kapseret,true,true,false,true,NAME_VARIANT_SAME_IDENTITY,SubCounty differs textually but resolves to the same normalized SubCounty identity.
2153,Uasin Gishu,Kapseret Sub County,Langas Ward,2276,Langas Ward,78,Uasin Gishu,1431,Kapseret,true,true,false,true,NAME_VARIANT_SAME_IDENTITY,SubCounty differs textually but resolves to the same normalized SubCounty identity.
181,WAJIR,Eldas Sub County,Eldas Ward,2277,Eldas Ward,61,Wajir,1288,Eldas,false,true,false,true,NAME_VARIANT_SAME_IDENTITY,County and SubCounty differ textually but resolve to the same normalized relational identities.
2154,Uasin Gishu,Kesses Sub County,Racecourse Ward,2278,Racecourse Ward,78,Uasin Gishu,1432,Kesses,true,true,false,true,NAME_VARIANT_SAME_IDENTITY,SubCounty differs textually but resolves to the same normalized SubCounty identity.
2155,Uasin Gishu,Kesses Sub County,Cheptiret/kipchamo Ward,2279,Cheptiret/kipchamo Ward,78,Uasin Gishu,1432,Kesses,true,true,false,true,NAME_VARIANT_SAME_IDENTITY,SubCounty differs textually but resolves to the same normalized SubCounty identity.
2156,Uasin Gishu,Kesses Sub County,Tulwet/chiyat Ward,2280,Tulwet/chiyat Ward,78,Uasin Gishu,1432,Kesses,true,true,false,true,NAME_VARIANT_SAME_IDENTITY,SubCounty differs textually but resolves to the same normalized SubCounty identity.
2157,Uasin Gishu,Kesses Sub County,Tarakwa Ward,2281,Tarakwa Ward,78,Uasin Gishu,1432,Kesses,true,true,false,true,NAME_VARIANT_SAME_IDENTITY,SubCounty differs textually but resolves to the same normalized SubCounty identity.
152,GARISSA,Fafi Sub County,Bura Ward,2282,Bura Ward,60,Garissa,1282,Fafi,false,true,false,true,NAME_VARIANT_SAME_IDENTITY,County and SubCounty differ textually but resolve to the same normalized relational identities.
2167,Narok,Transmara East Sub County,Kapsasian Ward,2283,Kapsasian Ward,80,Narok,1474,Trans Mara East,true,true,false,true,NAME_VARIANT_SAME_IDENTITY,SubCounty differs textually but resolves to the same normalized SubCounty identity.
2168,Narok,Narok North Sub County,Olposimoru Ward,2284,Olposimoru Ward,80,Narok,1471,Narok North,true,true,false,true,NAME_VARIANT_SAME_IDENTITY,SubCounty differs textually but resolves to the same normalized SubCounty identity.
2169,Narok,Narok North Sub County,Olokurto Ward,2285,Olokurto Ward,80,Narok,1471,Narok North,true,true,false,true,NAME_VARIANT_SAME_IDENTITY,SubCounty differs textually but resolves to the same normalized SubCounty identity.
2170,Narok,Narok North Sub County,Narok Town Ward,2286,Narok Town Ward,80,Narok,1471,Narok North,true,true,false,true,NAME_VARIANT_SAME_IDENTITY,SubCounty differs textually but resolves to the same normalized SubCounty identity.
2171,Narok,Narok North Sub County,Nkareta Ward,2287,Nkareta Ward,80,Narok,1471,Narok North,true,true,false,true,NAME_VARIANT_SAME_IDENTITY,SubCounty differs textually but resolves to the same normalized SubCounty identity.
182,WAJIR,Eldas Sub County,Della Ward,2288,Della Ward,61,Wajir,1288,Eldas,false,true,false,true,NAME_VARIANT_SAME_IDENTITY,County and SubCounty differ textually but resolve to the same normalized relational identities.
186,WAJIR,Wajir South Sub County,Dadaja bulla Ward,2289,Dadaja bulla Ward,61,Wajir,1293,Wajir South,false,true,false,true,NAME_VARIANT_SAME_IDENTITY,County and SubCounty differ textually but resolve to the same normalized relational identities.
187,WAJIR,Wajir South Sub County,Habasswein Ward,2290,Habasswein Ward,61,Wajir,1293,Wajir South,false,true,false,true,NAME_VARIANT_SAME_IDENTITY,County and SubCounty differ textually but resolve to the same normalized relational identities.
188,WAJIR,Wajir South Sub County,Lagboghoi south Ward,2291,Lagboghoi south Ward,61,Wajir,1293,Wajir South,false,true,false,true,NAME_VARIANT_SAME_IDENTITY,County and SubCounty differ textually but resolve to the same normalized relational identities.
2205,Kiambu,Kabete Sub County,Uthiru Ward,2292,Uthiru Ward,82,Kiambu,1401,Kabete,true,true,false,true,NAME_VARIANT_SAME_IDENTITY,SubCounty differs textually but resolves to the same normalized SubCounty identity.
2206,Kiambu,Kikuyu Sub County,Karai,2293,Karai,82,Kiambu,1404,Kikuyu,true,true,false,true,NAME_VARIANT_SAME_IDENTITY,SubCounty differs textually but resolves to the same normalized SubCounty identity.
2207,Kiambu,Kikuyu Sub County,Nachu Ward,2294,Nachu Ward,82,Kiambu,1404,Kikuyu,true,true,false,true,NAME_VARIANT_SAME_IDENTITY,SubCounty differs textually but resolves to the same normalized SubCounty identity.
2208,Kiambu,Kikuyu Sub County,Sigona Ward,2295,Sigona Ward,82,Kiambu,1404,Kikuyu,true,true,false,true,NAME_VARIANT_SAME_IDENTITY,SubCounty differs textually but resolves to the same normalized SubCounty identity.
2209,Kiambu,Kikuyu Sub County,Kikuyu Ward,2296,Kikuyu Ward,82,Kiambu,1404,Kikuyu,true,true,false,true,NAME_VARIANT_SAME_IDENTITY,SubCounty differs textually but resolves to the same normalized SubCounty identity.
2210,Kiambu,Kikuyu Sub County,Kinoo,2297,Kinoo,82,Kiambu,1404,Kikuyu,true,true,false,true,NAME_VARIANT_SAME_IDENTITY,SubCounty differs textually but resolves to the same normalized SubCounty identity.
2211,Kiambu,Limuru Sub County,Bibirioni Ward,2298,Bibirioni Ward,82,Kiambu,1406,Limuru,true,true,false,true,NAME_VARIANT_SAME_IDENTITY,SubCounty differs textually but resolves to the same normalized SubCounty identity.
2212,Kiambu,Limuru Sub County,Limuru Central Ward,2299,Limuru Central Ward,82,Kiambu,1406,Limuru,true,true,false,true,NAME_VARIANT_SAME_IDENTITY,SubCounty differs textually but resolves to the same normalized SubCounty identity.
2213,Kiambu,Limuru Sub County,Ndeiya Ward,2300,Ndeiya Ward,82,Kiambu,1406,Limuru,true,true,false,true,NAME_VARIANT_SAME_IDENTITY,SubCounty differs textually but resolves to the same normalized SubCounty identity.
2214,Kiambu,Limuru Sub County,Limuru East Ward,2301,Limuru East Ward,82,Kiambu,1406,Limuru,true,true,false,true,NAME_VARIANT_SAME_IDENTITY,SubCounty differs textually but resolves to the same normalized SubCounty identity.
2215,Kiambu,Limuru Sub County,Ngecha Tigoni Ward,2302,Ngecha Tigoni Ward,82,Kiambu,1406,Limuru,true,true,false,true,NAME_VARIANT_SAME_IDENTITY,SubCounty differs textually but resolves to the same normalized SubCounty identity.
153,GARISSA,Fafi Sub County,Dekaharia Ward,2303,Dekaharia Ward,60,Garissa,1282,Fafi,false,true,false,true,NAME_VARIANT_SAME_IDENTITY,County and SubCounty differ textually but resolve to the same normalized relational identities.
190,WAJIR,Wajir South Sub County,Diif Ward,2304,Diif Ward,61,Wajir,1293,Wajir South,false,true,false,true,NAME_VARIANT_SAME_IDENTITY,County and SubCounty differ textually but resolve to the same normalized relational identities.
2240,Kiambu,Ruiru Sub County,Biashara Ward,2305,Biashara Ward,82,Kiambu,1407,Ruiru,true,true,false,true,NAME_VARIANT_SAME_IDENTITY,SubCounty differs textually but resolves to the same normalized SubCounty identity.
308,THARAKA-NITHI,Tharaka South Sub County,Nkondi Ward,2306,Nkondi Ward,66,Tharaka Nithi,1327,Tharaka South,false,true,false,true,NAME_VARIANT_SAME_IDENTITY,County and SubCounty differ textually but resolve to the same normalized relational identities.
309,THARAKA-NITHI,Tharaka South Sub County,Chiakagira Ward,2307,Chiakagira Ward,66,Tharaka Nithi,1327,Tharaka South,false,true,false,true,NAME_VARIANT_SAME_IDENTITY,County and SubCounty differ textually but resolve to the same normalized relational identities.
310,THARAKA-NITHI,Tharaka South Sub County,Marimanti Ward,2308,Marimanti Ward,66,Tharaka Nithi,1327,Tharaka South,false,true,false,true,NAME_VARIANT_SAME_IDENTITY,County and SubCounty differ textually but resolve to the same normalized relational identities.
311,EMBU,Manyatta  Sub County,Ruguru-Ngandori Ward,2309,Ruguru-Ngandori Ward,89,Embu,542,Manyatta  Sub County,false,true,true,true,NAME_VARIANT_SAME_IDENTITY,County differs textually but resolves to the same normalized County identity.
312,EMBU,Manyatta  Sub County,Kithimu Ward,2310,Kithimu Ward,89,Embu,542,Manyatta  Sub County,false,true,true,true,NAME_VARIANT_SAME_IDENTITY,County differs textually but resolves to the same normalized County identity.
313,EMBU,Manyatta  Sub County,Nginda Ward,2311,Nginda Ward,89,Embu,542,Manyatta  Sub County,false,true,true,true,NAME_VARIANT_SAME_IDENTITY,County differs textually but resolves to the same normalized County identity.
314,EMBU,Manyatta  Sub County,Mbeti north Ward,2312,Mbeti north Ward,89,Embu,542,Manyatta  Sub County,false,true,true,true,NAME_VARIANT_SAME_IDENTITY,County differs textually but resolves to the same normalized County identity.
315,EMBU,Manyatta  Sub County,Kirimari Ward,2313,Kirimari Ward,89,Embu,542,Manyatta  Sub County,false,true,true,true,NAME_VARIANT_SAME_IDENTITY,County differs textually but resolves to the same normalized County identity.
316,EMBU,Manyatta  Sub County,Gaturi south Ward,2314,Gaturi south Ward,89,Embu,542,Manyatta  Sub County,false,true,true,true,NAME_VARIANT_SAME_IDENTITY,County differs textually but resolves to the same normalized County identity.
317,EMBU,Manyatta  Sub County,Gaturi north Ward,2315,Gaturi north Ward,89,Embu,542,Manyatta  Sub County,false,true,true,true,NAME_VARIANT_SAME_IDENTITY,County differs textually but resolves to the same normalized County identity.
318,EMBU,Runyenjes  Sub County,Kaagari South Ward,2316,Kaagari South Ward,89,Embu,543,Runyenjes  Sub County,false,true,true,true,NAME_VARIANT_SAME_IDENTITY,County differs textually but resolves to the same normalized County identity.
319,EMBU,Runyenjes  Sub County,Central ward,2317,Central ward,89,Embu,543,Runyenjes  Sub County,false,true,true,true,NAME_VARIANT_SAME_IDENTITY,County differs textually but resolves to the same normalized County identity.
320,EMBU,Runyenjes  Sub County,Kaagari North Ward,2318,Kaagari North Ward,89,Embu,543,Runyenjes  Sub County,false,true,true,true,NAME_VARIANT_SAME_IDENTITY,County differs textually but resolves to the same normalized County identity.
2242,Kiambu,Ruiru Sub County,Kahawa/sukari Ward,2319,Kahawa/sukari Ward,82,Kiambu,1407,Ruiru,true,true,false,true,NAME_VARIANT_SAME_IDENTITY,SubCounty differs textually but resolves to the same normalized SubCounty identity.
2244,Kiambu,Ruiru Sub County,Kiuu Ward,2320,Kiuu Ward,82,Kiambu,1407,Ruiru,true,true,false,true,NAME_VARIANT_SAME_IDENTITY,SubCounty differs textually but resolves to the same normalized SubCounty identity.
331,KITUI,Mwingi North Sub County,Ngomeni Ward,2321,Ngomeni Ward,68,Kitui,343,Mwingi North Sub County,false,true,true,true,NAME_VARIANT_SAME_IDENTITY,County differs textually but resolves to the same normalized County identity.
332,KITUI,Mwingi North Sub County,Kyuso Ward,2322,Kyuso Ward,68,Kitui,343,Mwingi North Sub County,false,true,true,true,NAME_VARIANT_SAME_IDENTITY,County differs textually but resolves to the same normalized County identity.
2245,Kiambu,Ruiru Sub County,Mwiki Ward,2323,Mwiki Ward,82,Kiambu,1407,Ruiru,true,true,false,true,NAME_VARIANT_SAME_IDENTITY,SubCounty differs textually but resolves to the same normalized SubCounty identity.
2246,Kiambu,Ruiru Sub County,Mwihoko Ward,2324,Mwihoko Ward,82,Kiambu,1407,Ruiru,true,true,false,true,NAME_VARIANT_SAME_IDENTITY,SubCounty differs textually but resolves to the same normalized SubCounty identity.
2247,Kiambu,Githunguri Sub County,Githunguri Ward,2325,Githunguri Ward,82,Kiambu,1399,Githunguri,true,true,false,true,NAME_VARIANT_SAME_IDENTITY,SubCounty differs textually but resolves to the same normalized SubCounty identity.
2248,Bomet,Sotik Sub County,Ndanai/abosi Ward,2326,Ndanai/abosi Ward,86,Bomet,1491,Sotik,true,true,false,true,NAME_VARIANT_SAME_IDENTITY,SubCounty differs textually but resolves to the same normalized SubCounty identity.
2249,Bomet,Sotik Sub County,Chemagel Ward,2327,Chemagel Ward,86,Bomet,1491,Sotik,true,true,false,true,NAME_VARIANT_SAME_IDENTITY,SubCounty differs textually but resolves to the same normalized SubCounty identity.
2250,Bomet,Sotik Sub County,Kipsonoi Ward,2328,Kipsonoi Ward,86,Bomet,1491,Sotik,true,true,false,true,NAME_VARIANT_SAME_IDENTITY,SubCounty differs textually but resolves to the same normalized SubCounty identity.
2251,Bomet,Sotik Sub County,Kapletundo Ward,2329,Kapletundo Ward,86,Bomet,1491,Sotik,true,true,false,true,NAME_VARIANT_SAME_IDENTITY,SubCounty differs textually but resolves to the same normalized SubCounty identity.
2252,Bomet,Sotik Sub County,Rongena/manaret Ward,2330,Rongena/manaret Ward,86,Bomet,1491,Sotik,true,true,false,true,NAME_VARIANT_SAME_IDENTITY,SubCounty differs textually but resolves to the same normalized SubCounty identity.
2253,Bomet,Chepalungu Sub County,Kong'asis Ward,2331,Kong'asis Ward,86,Bomet,1489,Chepalungu,true,true,false,true,NAME_VARIANT_SAME_IDENTITY,SubCounty differs textually but resolves to the same normalized SubCounty identity.
2254,Bomet,Chepalungu Sub County,Nyangores Ward,2332,Nyangores Ward,86,Bomet,1489,Chepalungu,true,true,false,true,NAME_VARIANT_SAME_IDENTITY,SubCounty differs textually but resolves to the same normalized SubCounty identity.
2255,Bomet,Chepalungu Sub County,Sigor Ward,2333,Sigor Ward,86,Bomet,1489,Chepalungu,true,true,false,true,NAME_VARIANT_SAME_IDENTITY,SubCounty differs textually but resolves to the same normalized SubCounty identity.
2256,Bomet,Chepalungu Sub County,Chebunyo Ward,2334,Chebunyo Ward,86,Bomet,1489,Chepalungu,true,true,false,true,NAME_VARIANT_SAME_IDENTITY,SubCounty differs textually but resolves to the same normalized SubCounty identity.
2257,Bomet,Chepalungu Sub County,Siongiroi Ward,2335,Siongiroi Ward,86,Bomet,1489,Chepalungu,true,true,false,true,NAME_VARIANT_SAME_IDENTITY,SubCounty differs textually but resolves to the same normalized SubCounty identity.
2258,Bomet,Bomet East Sub County,Merigi Ward,2336,Merigi Ward,86,Bomet,1488,Bomet East,true,true,false,true,NAME_VARIANT_SAME_IDENTITY,SubCounty differs textually but resolves to the same normalized SubCounty identity.
2259,Bomet,Bomet East Sub County,Kembu Ward,2337,Kembu Ward,86,Bomet,1488,Bomet East,true,true,false,true,NAME_VARIANT_SAME_IDENTITY,SubCounty differs textually but resolves to the same normalized SubCounty identity.
2260,Bomet,Bomet East Sub County,Longisa Ward,2338,Longisa Ward,86,Bomet,1488,Bomet East,true,true,false,true,NAME_VARIANT_SAME_IDENTITY,SubCounty differs textually but resolves to the same normalized SubCounty identity.
2261,Bomet,Bomet East Sub County,Kipreres  Ward,2339,Kipreres  Ward,86,Bomet,1488,Bomet East,true,true,false,true,NAME_VARIANT_SAME_IDENTITY,SubCounty differs textually but resolves to the same normalized SubCounty identity.
2262,Bomet,Bomet East Sub County,Chemaner Ward,2340,Chemaner Ward,86,Bomet,1488,Bomet East,true,true,false,true,NAME_VARIANT_SAME_IDENTITY,SubCounty differs textually but resolves to the same normalized SubCounty identity.
2263,Bomet,Bomet Central Sub County,Silibwet Township Ward,2341,Silibwet Township Ward,86,Bomet,1492,Bomet Central,true,true,false,true,NAME_VARIANT_SAME_IDENTITY,SubCounty differs textually but resolves to the same normalized SubCounty identity.
2264,Bomet,Bomet Central Sub County,Ndaraweta Ward,2342,Ndaraweta Ward,86,Bomet,1492,Bomet Central,true,true,false,true,NAME_VARIANT_SAME_IDENTITY,SubCounty differs textually but resolves to the same normalized SubCounty identity.
2265,Bomet,Bomet Central Sub County,Singorwet Ward,2343,Singorwet Ward,86,Bomet,1492,Bomet Central,true,true,false,true,NAME_VARIANT_SAME_IDENTITY,SubCounty differs textually but resolves to the same normalized SubCounty identity.
2266,Bomet,Bomet Central Sub County,Chesoen Ward,2344,Chesoen Ward,86,Bomet,1492,Bomet Central,true,true,false,true,NAME_VARIANT_SAME_IDENTITY,SubCounty differs textually but resolves to the same normalized SubCounty identity.
2267,Bomet,Bomet Central Sub County,Mutarakwa  Ward,2345,Mutarakwa  Ward,86,Bomet,1492,Bomet Central,true,true,false,true,NAME_VARIANT_SAME_IDENTITY,SubCounty differs textually but resolves to the same normalized SubCounty identity.
2268,Bomet,Konoin Sub County,Chepchabas Ward,2346,Chepchabas Ward,86,Bomet,1490,Konoin,true,true,false,true,NAME_VARIANT_SAME_IDENTITY,SubCounty differs textually but resolves to the same normalized SubCounty identity.
159,GARISSA,Ijara Sub County,Ijara Ward,2347,Ijara Ward,60,Garissa,1285,Ijara,false,true,false,true,NAME_VARIANT_SAME_IDENTITY,County and SubCounty differ textually but resolve to the same normalized relational identities.
198,MANDERA,BANISSA,GUBA,2348,GUBA,63,Mandera,518,BANISSA,false,true,true,true,NAME_VARIANT_SAME_IDENTITY,County differs textually but resolves to the same normalized County identity.
199,MANDERA,BANISSA,MALKAMARI,2349,MALKAMARI,63,Mandera,518,BANISSA,false,true,true,true,NAME_VARIANT_SAME_IDENTITY,County differs textually but resolves to the same normalized County identity.
88,TANA RIVER,Garsen Sub County,Kipini west Ward,2350,Kipini west Ward,57,Tana River,517,Garsen Sub County,false,true,true,true,NAME_VARIANT_SAME_IDENTITY,County differs textually but resolves to the same normalized County identity.
89,TANA RIVER,Garsen Sub County,Garsen central Ward,2351,Garsen central Ward,57,Tana River,517,Garsen Sub County,false,true,true,true,NAME_VARIANT_SAME_IDENTITY,County differs textually but resolves to the same normalized County identity.
90,TANA RIVER,Garsen Sub County,Garsen west Ward,2352,Garsen west Ward,57,Tana River,517,Garsen Sub County,false,true,true,true,NAME_VARIANT_SAME_IDENTITY,County differs textually but resolves to the same normalized County identity.
107,LAMU,LAMU WEST,MKUNUMBI,2353,MKUNUMBI,58,Lamu,1275,Lamu West,false,true,false,true,NAME_VARIANT_SAME_IDENTITY,County and SubCounty differ textually but resolve to the same normalized relational identities.
110,LAMU,LAMU WEST,BAHARI,2354,BAHARI,58,Lamu,1275,Lamu West,false,true,false,true,NAME_VARIANT_SAME_IDENTITY,County and SubCounty differ textually but resolve to the same normalized relational identities.
194,MANDERA,MANDERA WEST,DANDU,2355,DANDU,63,Mandera,1295,Mandera West,false,true,false,true,NAME_VARIANT_SAME_IDENTITY,County and SubCounty differ textually but resolve to the same normalized relational identities.
195,MANDERA,MANDERA WEST,GITHER,2356,GITHER,63,Mandera,1295,Mandera West,false,true,false,true,NAME_VARIANT_SAME_IDENTITY,County and SubCounty differ textually but resolve to the same normalized relational identities.
200,MANDERA,BANISSA,KILIWAHERI,2357,KILIWAHERI,63,Mandera,518,BANISSA,false,true,true,true,NAME_VARIANT_SAME_IDENTITY,County differs textually but resolves to the same normalized County identity.
209,MANDERA,MANDERA SOUTH,ELWAK NORTH,2358,ELWAK NORTH,63,Mandera,325,MANDERA SOUTH,false,true,true,true,NAME_VARIANT_SAME_IDENTITY,County differs textually but resolves to the same normalized County identity.
230,MARSABIT,NORTH HORR,TURBI,2359,TURBI,64,Marsabit,1307,North Horr,false,true,false,true,NAME_VARIANT_SAME_IDENTITY,County and SubCounty differ textually but resolve to the same normalized relational identities.
109,LAMU,LAMU WEST,WITU,2360,WITU,58,Lamu,1275,Lamu West,false,true,false,true,NAME_VARIANT_SAME_IDENTITY,County and SubCounty differ textually but resolve to the same normalized relational identities.
237,MARSABIT,LAISAMIS,KARGI/SOUTH HORR,2361,KARGI/SOUTH HORR,64,Marsabit,330,LAISAMIS,false,true,true,true,NAME_VARIANT_SAME_IDENTITY,County differs textually but resolves to the same normalized County identity.
238,MARSABIT,LAISAMIS,KORR/NGURUNIT,2362,KORR/NGURUNIT,64,Marsabit,330,LAISAMIS,false,true,true,true,NAME_VARIANT_SAME_IDENTITY,County differs textually but resolves to the same normalized County identity.
91,TANA RIVER,Garsen Sub County,Garsen north Ward,2363,Garsen north Ward,57,Tana River,517,Garsen Sub County,false,true,true,true,NAME_VARIANT_SAME_IDENTITY,County differs textually but resolves to the same normalized County identity.
239,MARSABIT,LAISAMIS,LOGOLOGO,2364,LOGOLOGO,64,Marsabit,330,LAISAMIS,false,true,true,true,NAME_VARIANT_SAME_IDENTITY,County differs textually but resolves to the same normalized County identity.
132,GARISSA,Garissa Sub County,Galbet Ward,2365,Galbet Ward,60,Garissa,1283,Garissa,false,true,false,true,NAME_VARIANT_SAME_IDENTITY,County and SubCounty differ textually but resolve to the same normalized relational identities.
169,WAJIR,Wajir East Sub County,Township Ward,2366,Township Ward,61,Wajir,1291,Wajir East,false,true,false,true,NAME_VARIANT_SAME_IDENTITY,County and SubCounty differ textually but resolve to the same normalized relational identities.
170,WAJIR,Wajir East Sub County,Barwaqo Ward,2367,Barwaqo Ward,61,Wajir,1291,Wajir East,false,true,false,true,NAME_VARIANT_SAME_IDENTITY,County and SubCounty differ textually but resolve to the same normalized relational identities.
176,WAJIR,Wajir West Sub County,Arbajahan Ward,2368,Arbajahan Ward,61,Wajir,1294,Wajir West,false,true,false,true,NAME_VARIANT_SAME_IDENTITY,County and SubCounty differ textually but resolve to the same normalized relational identities.
178,WAJIR,Wajir West Sub County,ADEMASAJIDE Ward,2369,ADEMASAJIDE Ward,61,Wajir,1294,Wajir West,false,true,false,true,NAME_VARIANT_SAME_IDENTITY,County and SubCounty differ textually but resolve to the same normalized relational identities.
179,WAJIR,Wajir West Sub County,Ganyure Wagalla Ward,2370,Ganyure Wagalla Ward,61,Wajir,1294,Wajir West,false,true,false,true,NAME_VARIANT_SAME_IDENTITY,County and SubCounty differ textually but resolve to the same normalized relational identities.
180,WAJIR,Eldas Sub County,Lakoley south/basir Ward,2371,Lakoley south/basir Ward,61,Wajir,1288,Eldas,false,true,false,true,NAME_VARIANT_SAME_IDENTITY,County and SubCounty differ textually but resolve to the same normalized relational identities.
299,THARAKA-NITHI,Mwimbi Sub County,Ganga Ward,2372,Ganga Ward,66,Tharaka Nithi,341,Mwimbi Sub County,false,true,true,true,NAME_VARIANT_SAME_IDENTITY,County differs textually but resolves to the same normalized County identity.
300,THARAKA-NITHI,Mwimbi Sub County,Chogoria Ward,2373,Chogoria Ward,66,Tharaka Nithi,341,Mwimbi Sub County,false,true,true,true,NAME_VARIANT_SAME_IDENTITY,County differs textually but resolves to the same normalized County identity.
301,THARAKA-NITHI,Igambang'ombe Sub County,Mariani Ward,2374,Mariani Ward,66,Tharaka Nithi,1323,Igambang'ombe,false,true,false,true,NAME_VARIANT_SAME_IDENTITY,County and SubCounty differ textually but resolve to the same normalized relational identities.
302,THARAKA-NITHI,Chuka Sub County,Karingani Ward,2375,Karingani Ward,66,Tharaka Nithi,548,Chuka Sub County,false,true,true,true,NAME_VARIANT_SAME_IDENTITY,County differs textually but resolves to the same normalized County identity.
303,THARAKA-NITHI,Chuka Sub County,Magumoni Ward,2376,Magumoni Ward,66,Tharaka Nithi,548,Chuka Sub County,false,true,true,true,NAME_VARIANT_SAME_IDENTITY,County differs textually but resolves to the same normalized County identity.
304,THARAKA-NITHI,Chuka Sub County,Mugwe Ward,2377,Mugwe Ward,66,Tharaka Nithi,548,Chuka Sub County,false,true,true,true,NAME_VARIANT_SAME_IDENTITY,County differs textually but resolves to the same normalized County identity.
321,EMBU,Runyenjes  Sub County,Kyeni north Ward,2378,Kyeni north Ward,89,Embu,543,Runyenjes  Sub County,false,true,true,true,NAME_VARIANT_SAME_IDENTITY,County differs textually but resolves to the same normalized County identity.
322,EMBU,Runyenjes  Sub County,Kyeni south Ward,2379,Kyeni south Ward,89,Embu,543,Runyenjes  Sub County,false,true,true,true,NAME_VARIANT_SAME_IDENTITY,County differs textually but resolves to the same normalized County identity.
323,EMBU,Mbeere South  Sub County,Mwea Ward,2380,Mwea Ward,89,Embu,1331,Mbeere South,false,true,false,true,NAME_VARIANT_SAME_IDENTITY,County and SubCounty differ textually but resolve to the same normalized relational identities.
324,EMBU,Mbeere South  Sub County,Makima Ward,2381,Makima Ward,89,Embu,1331,Mbeere South,false,true,false,true,NAME_VARIANT_SAME_IDENTITY,County and SubCounty differ textually but resolve to the same normalized relational identities.
325,EMBU,Mbeere South  Sub County,Mbeti south Ward,2382,Mbeti south Ward,89,Embu,1331,Mbeere South,false,true,false,true,NAME_VARIANT_SAME_IDENTITY,County and SubCounty differ textually but resolve to the same normalized relational identities.
326,EMBU,Mbeere South  Sub County,Mavuria Ward,2383,Mavuria Ward,89,Embu,1331,Mbeere South,false,true,false,true,NAME_VARIANT_SAME_IDENTITY,County and SubCounty differ textually but resolve to the same normalized relational identities.
327,EMBU,Mbeere South  Sub County,Kiambere Ward,2384,Kiambere Ward,89,Embu,1331,Mbeere South,false,true,false,true,NAME_VARIANT_SAME_IDENTITY,County and SubCounty differ textually but resolve to the same normalized relational identities.
328,EMBU,Mbeere North  Sub County,Nthawa Ward,2385,Nthawa Ward,89,Embu,1332,Mbeere North,false,true,false,true,NAME_VARIANT_SAME_IDENTITY,County and SubCounty differ textually but resolve to the same normalized relational identities.
350,KITUI,Kitui Rural Sub County,Kisasi Ward,2386,Kisasi Ward,68,Kitui,348,Kitui Rural Sub County,false,true,true,true,NAME_VARIANT_SAME_IDENTITY,County differs textually but resolves to the same normalized County identity.
357,KITUI,Kitui Central  Sub County,Mulango Ward,2387,Mulango Ward,68,Kitui,1336,Kitui Central,false,true,false,true,NAME_VARIANT_SAME_IDENTITY,County and SubCounty differ textually but resolve to the same normalized relational identities.
358,KITUI,Kitui Central  Sub County,Kyangwithya east Ward,2388,Kyangwithya east Ward,68,Kitui,1336,Kitui Central,false,true,false,true,NAME_VARIANT_SAME_IDENTITY,County and SubCounty differ textually but resolve to the same normalized relational identities.
361,KITUI,Kitui East Sub County,Chuluni Ward,2389,Chuluni Ward,68,Kitui,354,Kitui East Sub County,false,true,true,true,NAME_VARIANT_SAME_IDENTITY,County differs textually but resolves to the same normalized County identity.
366,KITUI,Kitui South Sub County,Mutomo Ward,2390,Mutomo Ward,68,Kitui,357,Kitui South Sub County,false,true,true,true,NAME_VARIANT_SAME_IDENTITY,County differs textually but resolves to the same normalized County identity.
367,KITUI,Kitui South Sub County,Mutha Ward,2391,Mutha Ward,68,Kitui,357,Kitui South Sub County,false,true,true,true,NAME_VARIANT_SAME_IDENTITY,County differs textually but resolves to the same normalized County identity.
369,KITUI,Kitui South Sub County,Kanziko Ward,2392,Kanziko Ward,68,Kitui,357,Kitui South Sub County,false,true,true,true,NAME_VARIANT_SAME_IDENTITY,County differs textually but resolves to the same normalized County identity.
446,NYANDARUA,Kinangop Sub County,Nyakio Ward,2393,Nyakio Ward,67,Nyandarua,1369,Kinangop,false,true,false,true,NAME_VARIANT_SAME_IDENTITY,County and SubCounty differ textually but resolve to the same normalized relational identities.
447,NYANDARUA,Kinangop Sub County,Githabai Ward,2394,Githabai Ward,67,Nyandarua,1369,Kinangop,false,true,false,true,NAME_VARIANT_SAME_IDENTITY,County and SubCounty differ textually but resolve to the same normalized relational identities.
448,NYANDARUA,Kinangop Sub County,Magumu Ward,2395,Magumu Ward,67,Nyandarua,1369,Kinangop,false,true,false,true,NAME_VARIANT_SAME_IDENTITY,County and SubCounty differ textually but resolve to the same normalized relational identities.
451,NYANDARUA,Kipipiri Sub County,Geta Ward,2396,Geta Ward,67,Nyandarua,1372,Kipipiri,false,true,false,true,NAME_VARIANT_SAME_IDENTITY,County and SubCounty differ textually but resolve to the same normalized relational identities.
453,NYANDARUA,Olkalou Sub County,Karau Ward,2397,Karau Ward,67,Nyandarua,374,Olkalou Sub County,false,true,true,true,NAME_VARIANT_SAME_IDENTITY,County differs textually but resolves to the same normalized County identity.
455,NYANDARUA,Olkalou Sub County,Mirangine Ward,2398,Mirangine Ward,67,Nyandarua,374,Olkalou Sub County,false,true,true,true,NAME_VARIANT_SAME_IDENTITY,County differs textually but resolves to the same normalized County identity.
456,NYANDARUA,Olkalou Sub County,Kaimbaga Ward,2399,Kaimbaga Ward,67,Nyandarua,374,Olkalou Sub County,false,true,true,true,NAME_VARIANT_SAME_IDENTITY,County differs textually but resolves to the same normalized County identity.
458,NYANDARUA,Oljoroorok Sub County,Gathanji Ward,2400,Gathanji Ward,67,Nyandarua,342,Oljoroorok Sub County,false,true,true,true,NAME_VARIANT_SAME_IDENTITY,County differs textually but resolves to the same normalized County identity.
459,NYANDARUA,Oljoroorok Sub County,Gatimu Ward,2401,Gatimu Ward,67,Nyandarua,342,Oljoroorok Sub County,false,true,true,true,NAME_VARIANT_SAME_IDENTITY,County differs textually but resolves to the same normalized County identity.
460,NYANDARUA,Oljoroorok Sub County,Weru Ward,2402,Weru Ward,67,Nyandarua,342,Oljoroorok Sub County,false,true,true,true,NAME_VARIANT_SAME_IDENTITY,County differs textually but resolves to the same normalized County identity.
463,NYANDARUA,Ndaragwa Sub County,Kiritta Ward,2403,Kiritta Ward,67,Nyandarua,395,Ndaragwa Sub County,false,true,true,true,NAME_VARIANT_SAME_IDENTITY,County differs textually but resolves to the same normalized County identity.
464,NYANDARUA,Ndaragwa Sub County,Central Ward,2404,Central Ward,67,Nyandarua,395,Ndaragwa Sub County,false,true,true,true,NAME_VARIANT_SAME_IDENTITY,County differs textually but resolves to the same normalized County identity.
465,NYANDARUA,Ndaragwa Sub County,Shamata Ward,2405,Shamata Ward,67,Nyandarua,395,Ndaragwa Sub County,false,true,true,true,NAME_VARIANT_SAME_IDENTITY,County differs textually but resolves to the same normalized County identity.
466,NYERI,Tetu Sub County,Dedan kimathi Ward,2406,Dedan kimathi Ward,69,Nyeri,1376,Tetu,false,true,false,true,NAME_VARIANT_SAME_IDENTITY,County and SubCounty differ textually but resolve to the same normalized relational identities.
467,NYERI,Tetu Sub County,Wamagana Ward,2407,Wamagana Ward,69,Nyeri,1376,Tetu,false,true,false,true,NAME_VARIANT_SAME_IDENTITY,County and SubCounty differ textually but resolve to the same normalized relational identities.
468,NYERI,Tetu Sub County,Aguthi-gaaki Ward,2408,Aguthi-gaaki Ward,69,Nyeri,1376,Tetu,false,true,false,true,NAME_VARIANT_SAME_IDENTITY,County and SubCounty differ textually but resolve to the same normalized relational identities.
469,NYERI,Kieni West Sub County,Mweiga Ward,2409,Mweiga Ward,69,Nyeri,1378,Kieni West,false,true,false,true,NAME_VARIANT_SAME_IDENTITY,County and SubCounty differ textually but resolve to the same normalized relational identities.
470,NYERI,Kieni East Sub County,Naromoru/kiamathaga Ward,2410,Naromoru/kiamathaga Ward,69,Nyeri,1377,Kieni East,false,true,false,true,NAME_VARIANT_SAME_IDENTITY,County and SubCounty differ textually but resolve to the same normalized relational identities.
471,NYERI,Kieni West Sub County,Mwiyogo/endarasha Ward,2411,Mwiyogo/endarasha Ward,69,Nyeri,1378,Kieni West,false,true,false,true,NAME_VARIANT_SAME_IDENTITY,County and SubCounty differ textually but resolve to the same normalized relational identities.
472,NYERI,Kieni West Sub County,Mugunda Ward,2412,Mugunda Ward,69,Nyeri,1378,Kieni West,false,true,false,true,NAME_VARIANT_SAME_IDENTITY,County and SubCounty differ textually but resolve to the same normalized relational identities.
473,NYERI,Kieni West Sub County,Gatarakwa Ward,2413,Gatarakwa Ward,69,Nyeri,1378,Kieni West,false,true,false,true,NAME_VARIANT_SAME_IDENTITY,County and SubCounty differ textually but resolve to the same normalized relational identities.
474,NYERI,Kieni East Sub County,Thegu river Ward,2414,Thegu river Ward,69,Nyeri,1377,Kieni East,false,true,false,true,NAME_VARIANT_SAME_IDENTITY,County and SubCounty differ textually but resolve to the same normalized relational identities.
475,NYERI,Kieni East Sub County,Kabaru Ward,2415,Kabaru Ward,69,Nyeri,1377,Kieni East,false,true,false,true,NAME_VARIANT_SAME_IDENTITY,County and SubCounty differ textually but resolve to the same normalized relational identities.
476,NYERI,Kieni East Sub County,Gakawa Ward,2416,Gakawa Ward,69,Nyeri,1377,Kieni East,false,true,false,true,NAME_VARIANT_SAME_IDENTITY,County and SubCounty differ textually but resolve to the same normalized relational identities.
477,NYERI,Mathira West Sub County,Ruguru Ward,2417,Ruguru Ward,69,Nyeri,1380,Mathira West,false,true,false,true,NAME_VARIANT_SAME_IDENTITY,County and SubCounty differ textually but resolve to the same normalized relational identities.
478,NYERI,Mathira East Sub County,Magutu Ward,2418,Magutu Ward,69,Nyeri,1379,Mathira East,false,true,false,true,NAME_VARIANT_SAME_IDENTITY,County and SubCounty differ textually but resolve to the same normalized relational identities.
617,TURKANA,Turkana West Sub County,Kakuma Ward,2419,Kakuma Ward,70,Turkana,1416,Turkana West,false,true,false,true,NAME_VARIANT_SAME_IDENTITY,County and SubCounty differ textually but resolve to the same normalized relational identities.
621,TURKANA,Turkana West Sub County,Kalobeyei Ward,2420,Kalobeyei Ward,70,Turkana,1416,Turkana West,false,true,false,true,NAME_VARIANT_SAME_IDENTITY,County and SubCounty differ textually but resolve to the same normalized relational identities.
623,TURKANA,Turkana West Sub County,Nanaam Ward,2421,Nanaam Ward,70,Turkana,1416,Turkana West,false,true,false,true,NAME_VARIANT_SAME_IDENTITY,County and SubCounty differ textually but resolve to the same normalized relational identities.
627,TURKANA,Turkana Central Sub County,Lodwar Township Ward,2422,Lodwar Township Ward,70,Turkana,1412,Turkana Central,false,true,false,true,NAME_VARIANT_SAME_IDENTITY,County and SubCounty differ textually but resolve to the same normalized relational identities.
628,TURKANA,Turkana Central Sub County,Kanamkemer Ward,2423,Kanamkemer Ward,70,Turkana,1412,Turkana Central,false,true,false,true,NAME_VARIANT_SAME_IDENTITY,County and SubCounty differ textually but resolve to the same normalized relational identities.
629,TURKANA,Loima Sub County,Kotaruk/Lobei Ward,2424,Kotaruk/Lobei Ward,70,Turkana,1411,Loima,false,true,false,true,NAME_VARIANT_SAME_IDENTITY,County and SubCounty differ textually but resolve to the same normalized relational identities.
631,TURKANA,Loima Sub County,Loima Ward,2425,Loima Ward,70,Turkana,1411,Loima,false,true,false,true,NAME_VARIANT_SAME_IDENTITY,County and SubCounty differ textually but resolve to the same normalized relational identities.
634,TURKANA,Turkana South Sub County,Katilu Ward,2426,Katilu Ward,70,Turkana,1415,Turkana South,false,true,false,true,NAME_VARIANT_SAME_IDENTITY,County and SubCounty differ textually but resolve to the same normalized relational identities.
639,TURKANA,Turkana East Sub County,Katilia Ward,2427,Katilia Ward,70,Turkana,1413,Turkana East,false,true,false,true,NAME_VARIANT_SAME_IDENTITY,County and SubCounty differ textually but resolve to the same normalized relational identities.
640,TURKANA,Turkana East Sub County,Lokori/kochodin Ward,2428,Lokori/kochodin Ward,70,Turkana,1413,Turkana East,false,true,false,true,NAME_VARIANT_SAME_IDENTITY,County and SubCounty differ textually but resolve to the same normalized relational identities.
656,WEST POKOT,Pokot North Sub County,Alale Ward,2429,Alale Ward,71,West Pokot,1419,Pokot North,false,true,false,true,NAME_VARIANT_SAME_IDENTITY,County and SubCounty differ textually but resolve to the same normalized relational identities.
657,WEST POKOT,Pokot South Sub County,Chepareria Ward,2430,Chepareria Ward,71,West Pokot,1420,Pokot South,false,true,false,true,NAME_VARIANT_SAME_IDENTITY,County and SubCounty differ textually but resolve to the same normalized relational identities.
658,WEST POKOT,Pokot South Sub County,Batei Ward,2431,Batei Ward,71,West Pokot,1420,Pokot South,false,true,false,true,NAME_VARIANT_SAME_IDENTITY,County and SubCounty differ textually but resolve to the same normalized relational identities.
659,WEST POKOT,Pokot South Sub County,Lelan Ward,2432,Lelan Ward,71,West Pokot,1420,Pokot South,false,true,false,true,NAME_VARIANT_SAME_IDENTITY,County and SubCounty differ textually but resolve to the same normalized relational identities.
660,WEST POKOT,Pokot South Sub County,Tapach Ward,2433,Tapach Ward,71,West Pokot,1420,Pokot South,false,true,false,true,NAME_VARIANT_SAME_IDENTITY,County and SubCounty differ textually but resolve to the same normalized relational identities.
661,SAMBURU,Samburu Central Sub County,Lodokejek Ward,2434,Lodokejek Ward,72,Samburu,1422,Samburu Central,false,true,false,true,NAME_VARIANT_SAME_IDENTITY,County and SubCounty differ textually but resolve to the same normalized relational identities.
679,TRANS NZOIA,Kwanza  Sub County,Bidii Ward,2435,Bidii Ward,81,Trans Nzoia,1427,Kwanza,false,true,false,true,NAME_VARIANT_SAME_IDENTITY,County and SubCounty differ textually but resolve to the same normalized relational identities.
685,TRANS NZOIA,Saboti  Sub County,Tuwani Ward,2436,Tuwani Ward,81,Trans Nzoia,425,Saboti  Sub County,false,true,true,true,NAME_VARIANT_SAME_IDENTITY,County differs textually but resolves to the same normalized County identity.
686,TRANS NZOIA,Saboti  Sub County,Saboti Ward,2437,Saboti Ward,81,Trans Nzoia,425,Saboti  Sub County,false,true,true,true,NAME_VARIANT_SAME_IDENTITY,County differs textually but resolves to the same normalized County identity.
687,TRANS NZOIA,Saboti  Sub County,Machewa Ward,2438,Machewa Ward,81,Trans Nzoia,425,Saboti  Sub County,false,true,true,true,NAME_VARIANT_SAME_IDENTITY,County differs textually but resolves to the same normalized County identity.
691,TRANS NZOIA,Kiminini  Sub County,Hospital Ward,2439,Hospital Ward,81,Trans Nzoia,1429,Kiminini,false,true,false,true,NAME_VARIANT_SAME_IDENTITY,County and SubCounty differ textually but resolve to the same normalized relational identities.
692,TRANS NZOIA,Kiminini  Sub County,Sikhendu Ward,2440,Sikhendu Ward,81,Trans Nzoia,1429,Kiminini,false,true,false,true,NAME_VARIANT_SAME_IDENTITY,County and SubCounty differ textually but resolve to the same normalized relational identities.
700,TRANS NZOIA,Cherangany Sub County,Sitatunga Ward,2441,Sitatunga Ward,81,Trans Nzoia,441,Cherangany Sub County,false,true,true,true,NAME_VARIANT_SAME_IDENTITY,County differs textually but resolves to the same normalized County identity.
736,ELGEYO-MARAKWET,Marakwet West Sub County,Sengwer Ward,2442,Sengwer Ward,85,Elgeyo Marakwet,1439,Marakwet West,false,true,false,true,NAME_VARIANT_SAME_IDENTITY,County and SubCounty differ textually but resolve to the same normalized relational identities.
737,ELGEYO-MARAKWET,Marakwet West Sub County,Cherangany  Ward,2443,Cherangany  Ward,85,Elgeyo Marakwet,1439,Marakwet West,false,true,false,true,NAME_VARIANT_SAME_IDENTITY,County and SubCounty differ textually but resolve to the same normalized relational identities.
738,ELGEYO-MARAKWET,Marakwet West Sub County,Moiben Kuserwo Ward,2444,Moiben Kuserwo Ward,85,Elgeyo Marakwet,1439,Marakwet West,false,true,false,true,NAME_VARIANT_SAME_IDENTITY,County and SubCounty differ textually but resolve to the same normalized relational identities.
739,ELGEYO-MARAKWET,Marakwet West Sub County,Kapsowar Ward,2445,Kapsowar Ward,85,Elgeyo Marakwet,1439,Marakwet West,false,true,false,true,NAME_VARIANT_SAME_IDENTITY,County and SubCounty differ textually but resolve to the same normalized relational identities.
740,ELGEYO-MARAKWET,Marakwet West Sub County,Arror Ward,2446,Arror Ward,85,Elgeyo Marakwet,1439,Marakwet West,false,true,false,true,NAME_VARIANT_SAME_IDENTITY,County and SubCounty differ textually but resolve to the same normalized relational identities.
741,ELGEYO-MARAKWET,Keiyo North Sub County,Kamariny Ward,2447,Kamariny Ward,85,Elgeyo Marakwet,1436,Keiyo North,false,true,false,true,NAME_VARIANT_SAME_IDENTITY,County and SubCounty differ textually but resolve to the same normalized relational identities.
742,ELGEYO-MARAKWET,Keiyo North Sub County,Emsoo Ward,2448,Emsoo Ward,85,Elgeyo Marakwet,1436,Keiyo North,false,true,false,true,NAME_VARIANT_SAME_IDENTITY,County and SubCounty differ textually but resolve to the same normalized relational identities.
743,ELGEYO-MARAKWET,Keiyo North Sub County,Tambach Ward,2449,Tambach Ward,85,Elgeyo Marakwet,1436,Keiyo North,false,true,false,true,NAME_VARIANT_SAME_IDENTITY,County and SubCounty differ textually but resolve to the same normalized relational identities.
744,ELGEYO-MARAKWET,Keiyo North Sub County,Kapchemutwa Ward,2450,Kapchemutwa Ward,85,Elgeyo Marakwet,1436,Keiyo North,false,true,false,true,NAME_VARIANT_SAME_IDENTITY,County and SubCounty differ textually but resolve to the same normalized relational identities.
745,ELGEYO-MARAKWET,Keiyo South Sub County,Kaptarakwa Ward,2451,Kaptarakwa Ward,85,Elgeyo Marakwet,1437,Keiyo South,false,true,false,true,NAME_VARIANT_SAME_IDENTITY,County and SubCounty differ textually but resolve to the same normalized relational identities.
746,ELGEYO-MARAKWET,Keiyo South Sub County,Chepkorio Ward,2452,Chepkorio Ward,85,Elgeyo Marakwet,1437,Keiyo South,false,true,false,true,NAME_VARIANT_SAME_IDENTITY,County and SubCounty differ textually but resolve to the same normalized relational identities.
750,ELGEYO-MARAKWET,Keiyo South Sub County,Metkei Ward,2453,Metkei Ward,85,Elgeyo Marakwet,1437,Keiyo South,false,true,false,true,NAME_VARIANT_SAME_IDENTITY,County and SubCounty differ textually but resolve to the same normalized relational identities.
751,NANDI,Tinderet Sub County,Songhor/Soba Ward,2454,Songhor/Soba Ward,88,Nandi,1445,Tinderet,false,true,false,true,NAME_VARIANT_SAME_IDENTITY,County and SubCounty differ textually but resolve to the same normalized relational identities.
752,NANDI,Tinderet Sub County,Tinderet Ward,2455,Tinderet Ward,88,Nandi,1445,Tinderet,false,true,false,true,NAME_VARIANT_SAME_IDENTITY,County and SubCounty differ textually but resolve to the same normalized relational identities.
753,NANDI,Tinderet Sub County,Chemelil/chemase Ward,2456,Chemelil/chemase Ward,88,Nandi,1445,Tinderet,false,true,false,true,NAME_VARIANT_SAME_IDENTITY,County and SubCounty differ textually but resolve to the same normalized relational identities.
754,NANDI,Nandi East Sub County,Kapsimotwo Ward,2457,Kapsimotwo Ward,88,Nandi,1442,Nandi East,false,true,false,true,NAME_VARIANT_SAME_IDENTITY,County and SubCounty differ textually but resolve to the same normalized relational identities.
763,NANDI,Nandi East Sub County,Ol'lessos Ward,2458,Ol'lessos Ward,88,Nandi,1442,Nandi East,false,true,false,true,NAME_VARIANT_SAME_IDENTITY,County and SubCounty differ textually but resolve to the same normalized relational identities.
764,NANDI,Nandi East Sub County,Kapchorua Ward,2459,Kapchorua Ward,88,Nandi,1442,Nandi East,false,true,false,true,NAME_VARIANT_SAME_IDENTITY,County and SubCounty differ textually but resolve to the same normalized relational identities.
766,NANDI,Chesumei Sub County,Kosirai Ward,2460,Kosirai Ward,88,Nandi,1440,Chesumei,false,true,false,true,NAME_VARIANT_SAME_IDENTITY,County and SubCounty differ textually but resolve to the same normalized relational identities.
768,NANDI,Chesumei Sub County,Kaptel/kamoiywo Ward,2461,Kaptel/kamoiywo Ward,88,Nandi,1440,Chesumei,false,true,false,true,NAME_VARIANT_SAME_IDENTITY,County and SubCounty differ textually but resolve to the same normalized relational identities.
769,NANDI,Chesumei Sub County,Kiptuiya Ward,2462,Kiptuiya Ward,88,Nandi,1440,Chesumei,false,true,false,true,NAME_VARIANT_SAME_IDENTITY,County and SubCounty differ textually but resolve to the same normalized relational identities.
771,NANDI,Emgwen Sub County,Kapkangani Ward,2463,Kapkangani Ward,88,Nandi,456,Emgwen Sub County,false,true,true,true,NAME_VARIANT_SAME_IDENTITY,County differs textually but resolves to the same normalized County identity.
774,NANDI,Mosop Sub County,Chepterwai Ward,2464,Chepterwai Ward,88,Nandi,462,Mosop Sub County,false,true,true,true,NAME_VARIANT_SAME_IDENTITY,County differs textually but resolves to the same normalized County identity.
775,NANDI,Mosop Sub County,Kipkaren Ward,2465,Kipkaren Ward,88,Nandi,462,Mosop Sub County,false,true,true,true,NAME_VARIANT_SAME_IDENTITY,County differs textually but resolves to the same normalized County identity.
776,NANDI,Mosop Sub County,Kurgung/surungai Ward,2466,Kurgung/surungai Ward,88,Nandi,462,Mosop Sub County,false,true,true,true,NAME_VARIANT_SAME_IDENTITY,County differs textually but resolves to the same normalized County identity.
777,NANDI,Mosop Sub County,Kabiyet Ward,2467,Kabiyet Ward,88,Nandi,462,Mosop Sub County,false,true,true,true,NAME_VARIANT_SAME_IDENTITY,County differs textually but resolves to the same normalized County identity.
779,NANDI,Mosop Sub County,Kabisaga Ward,2468,Kabisaga Ward,88,Nandi,462,Mosop Sub County,false,true,true,true,NAME_VARIANT_SAME_IDENTITY,County differs textually but resolves to the same normalized County identity.
813,LAIKIPIA,Laikipia West Sub County,Githiga Ward,2469,Githiga Ward,91,Laikipia,1457,Laikipia West,false,true,false,true,NAME_VARIANT_SAME_IDENTITY,County and SubCounty differ textually but resolve to the same normalized relational identities.
956,KERICHO,Bureti Sub County,Kapkatet Ward,2470,Kapkatet Ward,56,Kericho,1483,Bureti,false,true,false,true,NAME_VARIANT_SAME_IDENTITY,County and SubCounty differ textually but resolve to the same normalized relational identities.
959,KERICHO,Belgut Sub County,Cheptororiet/seretut Ward,2471,Cheptororiet/seretut Ward,56,Kericho,1482,Belgut,false,true,false,true,NAME_VARIANT_SAME_IDENTITY,County and SubCounty differ textually but resolve to the same normalized relational identities.