gid,authoritativeCounty,authoritativeSubCounty,authoritativeWard,normalizedCounty,normalizedSubCounty,actualWardId,actualCountyId,actualCountyName,actualSubCountyId,actualSubCountyName,candidateCountyIds,candidateSubCountyIds,candidateSubCountyNames,status,reason
241,ISIOLO,Isiolo Sub County,WABERA,isiolo,isiolo,1024,48,Isiolo,1310,Isiolo,48,1310,Isiolo,EXACT_MATCH,sourceGID located the Ward and its County/SubCounty relationships match the unique normalized authoritative identity.
1455,Migori,Rongo Sub County,North Kamagambo Ward,migori,rongo,1025,49,Migori,1552,Rongo,49,1552,Rongo,EXACT_MATCH,sourceGID located the Ward and its County/SubCounty relationships match the unique normalized authoritative identity.
1456,Migori,Rongo Sub County,Central Kamagambo Ward,migori,rongo,1026,49,Migori,1552,Rongo,49,1552,Rongo,EXACT_MATCH,sourceGID located the Ward and its County/SubCounty relationships match the unique normalized authoritative identity.
1457,Migori,Rongo Sub County,South Kamagambo Ward,migori,rongo,1027,49,Migori,1552,Rongo,49,1552,Rongo,EXACT_MATCH,sourceGID located the Ward and its County/SubCounty relationships match the unique normalized authoritative identity.
1458,Migori,Awendo Sub County,North Sakwa Ward,migori,awendo,1028,49,Migori,1548,Awendo,49,1548,Awendo,EXACT_MATCH,sourceGID located the Ward and its County/SubCounty relationships match the unique normalized authoritative identity.
1459,Migori,Awendo Sub County,South Sakwa Ward,migori,awendo,1029,49,Migori,1548,Awendo,49,1548,Awendo,EXACT_MATCH,sourceGID located the Ward and its County/SubCounty relationships match the unique normalized authoritative identity.
1460,Migori,Awendo Sub County,West Sakwa Ward,migori,awendo,1030,49,Migori,1548,Awendo,49,1548,Awendo,EXACT_MATCH,sourceGID located the Ward and its County/SubCounty relationships match the unique normalized authoritative identity.
1461,Migori,Awendo Sub County,Central Sakwa Ward,migori,awendo,1031,49,Migori,1548,Awendo,49,1548,Awendo,EXACT_MATCH,sourceGID located the Ward and its County/SubCounty relationships match the unique normalized authoritative identity.
1462,Migori,Suna East Sub County,God Jope  Ward,migori,sunaeast,1032,49,Migori,1553,Suna East,49,1553,Suna East,EXACT_MATCH,sourceGID located the Ward and its County/SubCounty relationships match the unique normalized authoritative identity.
1463,Migori,Suna East Sub County,Suna Central Ward,migori,sunaeast,1033,49,Migori,1553,Suna East,49,1553,Suna East,EXACT_MATCH,sourceGID located the Ward and its County/SubCounty relationships match the unique normalized authoritative identity.
1464,Migori,Suna East Sub County,Kakrao Ward,migori,sunaeast,1034,49,Migori,1553,Suna East,49,1553,Suna East,EXACT_MATCH,sourceGID located the Ward and its County/SubCounty relationships match the unique normalized authoritative identity.
1465,Migori,Suna East Sub County,Kwa Ward,migori,sunaeast,1035,49,Migori,1553,Suna East,49,1553,Suna East,EXACT_MATCH,sourceGID located the Ward and its County/SubCounty relationships match the unique normalized authoritative identity.
1466,Migori,Suna West Sub County,Wiga Ward,migori,sunawest,1036,49,Migori,1554,Suna West,49,1554,Suna West,EXACT_MATCH,sourceGID located the Ward and its County/SubCounty relationships match the unique normalized authoritative identity.
1467,Migori,Suna West Sub County,Waseweta Ii Ward,migori,sunawest,1037,49,Migori,1554,Suna West,49,1554,Suna West,EXACT_MATCH,sourceGID located the Ward and its County/SubCounty relationships match the unique normalized authoritative identity.
1468,Migori,Suna West Sub County,Ragana-oruba Ward,migori,sunawest,1038,49,Migori,1554,Suna West,49,1554,Suna West,EXACT_MATCH,sourceGID located the Ward and its County/SubCounty relationships match the unique normalized authoritative identity.
1469,Migori,Suna West Sub County,Wasimbete Ward,migori,sunawest,1039,49,Migori,1554,Suna West,49,1554,Suna West,EXACT_MATCH,sourceGID located the Ward and its County/SubCounty relationships match the unique normalized authoritative identity.
1470,Migori,Uriri Sub County,West Kanyamkago Ward,migori,uriri,1040,49,Migori,1555,Uriri,49,1555,Uriri,EXACT_MATCH,sourceGID located the Ward and its County/SubCounty relationships match the unique normalized authoritative identity.
1471,Migori,Uriri Sub County,North  Kanyamkago Ward,migori,uriri,1041,49,Migori,1555,Uriri,49,1555,Uriri,EXACT_MATCH,sourceGID located the Ward and its County/SubCounty relationships match the unique normalized authoritative identity.
1472,Migori,Uriri Sub County,Central Kanyamkago Ward,migori,uriri,1042,49,Migori,1555,Uriri,49,1555,Uriri,EXACT_MATCH,sourceGID located the Ward and its County/SubCounty relationships match the unique normalized authoritative identity.
1473,Migori,Uriri Sub County,South Kanyamkago Ward,migori,uriri,1043,49,Migori,1555,Uriri,49,1555,Uriri,EXACT_MATCH,sourceGID located the Ward and its County/SubCounty relationships match the unique normalized authoritative identity.
1474,Migori,Uriri Sub County,East Kanyamkago Ward,migori,uriri,1044,49,Migori,1555,Uriri,49,1555,Uriri,EXACT_MATCH,sourceGID located the Ward and its County/SubCounty relationships match the unique normalized authoritative identity.
1475,Migori,Nyatike Sub County,Kachieng' Ward,migori,nyatike,1045,49,Migori,1551,Nyatike,49,1551,Nyatike,EXACT_MATCH,sourceGID located the Ward and its County/SubCounty relationships match the unique normalized authoritative identity.
1486,Migori,Kuria West Sub County,Masaba Ward,migori,kuriawest,1046,49,Migori,1550,Kuria West,49,1550,Kuria West,EXACT_MATCH,sourceGID located the Ward and its County/SubCounty relationships match the unique normalized authoritative identity.
1490,Migori,Kuria East Sub County,Ntimaru West Ward,migori,kuriaeast,1047,49,Migori,1549,Kuria East,49,1549,Kuria East,EXACT_MATCH,sourceGID located the Ward and its County/SubCounty relationships match the unique normalized authoritative identity.
1520,Machakos,Athi River Sub County,Mathatani Ward,machakos,athiriver,1048,50,Machakos,1351,Athi River,50,1351,Athi River,EXACT_MATCH,sourceGID located the Ward and its County/SubCounty relationships match the unique normalized authoritative identity.
1521,Machakos,Athi River Sub County,Syokimau-mulolongo Ward,machakos,athiriver,1049,50,Machakos,1351,Athi River,50,1351,Athi River,EXACT_MATCH,sourceGID located the Ward and its County/SubCounty relationships match the unique normalized authoritative identity.
1522,Machakos,Machakos Sub County,Kalama Ward,machakos,machakos,1050,50,Machakos,1355,Machakos,50,1355,Machakos,EXACT_MATCH,sourceGID located the Ward and its County/SubCounty relationships match the unique normalized authoritative identity.
1523,Machakos,Machakos Sub County,Mua Ward,machakos,machakos,1051,50,Machakos,1355,Machakos,50,1355,Machakos,EXACT_MATCH,sourceGID located the Ward and its County/SubCounty relationships match the unique normalized authoritative identity.
1524,Machakos,Machakos Sub County,Mutituni Ward,machakos,machakos,1052,50,Machakos,1355,Machakos,50,1355,Machakos,EXACT_MATCH,sourceGID located the Ward and its County/SubCounty relationships match the unique normalized authoritative identity.
1525,Machakos,Machakos Sub County,Township Ward,machakos,machakos,1053,50,Machakos,1355,Machakos,50,1355,Machakos,EXACT_MATCH,sourceGID located the Ward and its County/SubCounty relationships match the unique normalized authoritative identity.
1526,Machakos,Machakos Sub County,Mumbuni North Ward,machakos,machakos,1054,50,Machakos,1355,Machakos,50,1355,Machakos,EXACT_MATCH,sourceGID located the Ward and its County/SubCounty relationships match the unique normalized authoritative identity.
1527,Machakos,Machakos Sub County,Muvuti-kiima-kimwe Ward,machakos,machakos,1055,50,Machakos,1355,Machakos,50,1355,Machakos,EXACT_MATCH,sourceGID located the Ward and its County/SubCounty relationships match the unique normalized authoritative identity.
1528,Machakos,Machakos Sub County,Kola Ward,machakos,machakos,1056,50,Machakos,1355,Machakos,50,1355,Machakos,EXACT_MATCH,sourceGID located the Ward and its County/SubCounty relationships match the unique normalized authoritative identity.
1529,Machakos,Mwala Sub County,Mbiuni Ward,machakos,mwala,1057,50,Machakos,1358,Mwala,50,1358,Mwala,EXACT_MATCH,sourceGID located the Ward and its County/SubCounty relationships match the unique normalized authoritative identity.
1530,Machakos,Mwala Sub County,Makutano-mwala Ward,machakos,mwala,1058,50,Machakos,1358,Mwala,50,1358,Mwala,EXACT_MATCH,sourceGID located the Ward and its County/SubCounty relationships match the unique normalized authoritative identity.
1531,Machakos,Mwala Sub County,Masii Ward,machakos,mwala,1059,50,Machakos,1358,Mwala,50,1358,Mwala,EXACT_MATCH,sourceGID located the Ward and its County/SubCounty relationships match the unique normalized authoritative identity.
1532,Machakos,Mwala Sub County,Muthetheni Ward,machakos,mwala,1060,50,Machakos,1358,Mwala,50,1358,Mwala,EXACT_MATCH,sourceGID located the Ward and its County/SubCounty relationships match the unique normalized authoritative identity.
1533,Machakos,Mwala Sub County,Wamunyu Ward,machakos,mwala,1061,50,Machakos,1358,Mwala,50,1358,Mwala,EXACT_MATCH,sourceGID located the Ward and its County/SubCounty relationships match the unique normalized authoritative identity.
1534,Machakos,Mwala Sub County,Kibauni Ward,machakos,mwala,1062,50,Machakos,1358,Mwala,50,1358,Mwala,EXACT_MATCH,sourceGID located the Ward and its County/SubCounty relationships match the unique normalized authoritative identity.
1535,Homa Bay,Kasipul Sub County,West Kasipul Ward,homabay,kasipul,1063,51,Homa Bay,267,Kasipul Sub County,51,267,Kasipul Sub County,EXACT_MATCH,sourceGID located the Ward and its County/SubCounty relationships match the unique normalized authoritative identity.
1536,Homa Bay,Kasipul Sub County,South Kasipul Ward,homabay,kasipul,1064,51,Homa Bay,267,Kasipul Sub County,51,267,Kasipul Sub County,EXACT_MATCH,sourceGID located the Ward and its County/SubCounty relationships match the unique normalized authoritative identity.
1537,Homa Bay,Kasipul Sub County,Central Kasipul Ward,homabay,kasipul,1065,51,Homa Bay,267,Kasipul Sub County,51,267,Kasipul Sub County,EXACT_MATCH,sourceGID located the Ward and its County/SubCounty relationships match the unique normalized authoritative identity.
1538,Homa Bay,Kasipul Sub County,East Kamagak Ward,homabay,kasipul,1066,51,Homa Bay,267,Kasipul Sub County,51,267,Kasipul Sub County,EXACT_MATCH,sourceGID located the Ward and its County/SubCounty relationships match the unique normalized authoritative identity.
1539,Homa Bay,Kasipul Sub County,West Kamagak Ward,homabay,kasipul,1067,51,Homa Bay,267,Kasipul Sub County,51,267,Kasipul Sub County,EXACT_MATCH,sourceGID located the Ward and its County/SubCounty relationships match the unique normalized authoritative identity.
1540,Homa Bay,Kabondo Kasipul Sub County,Kabondo East Ward,homabay,kabondokasipul,1068,51,Homa Bay,268,Kabondo Kasipul Sub County,51,268,Kabondo Kasipul Sub County,EXACT_MATCH,sourceGID located the Ward and its County/SubCounty relationships match the unique normalized authoritative identity.
1541,Homa Bay,Kabondo Kasipul Sub County,Kabondo West Ward,homabay,kabondokasipul,1069,51,Homa Bay,268,Kabondo Kasipul Sub County,51,268,Kabondo Kasipul Sub County,EXACT_MATCH,sourceGID located the Ward and its County/SubCounty relationships match the unique normalized authoritative identity.
1542,Homa Bay,Kabondo Kasipul Sub County,Kokwanyo/kakelo Ward,homabay,kabondokasipul,1070,51,Homa Bay,268,Kabondo Kasipul Sub County,51,268,Kabondo Kasipul Sub County,EXACT_MATCH,sourceGID located the Ward and its County/SubCounty relationships match the unique normalized authoritative identity.
1543,Homa Bay,Kabondo Kasipul Sub County,Kojwach Ward,homabay,kabondokasipul,1071,51,Homa Bay,268,Kabondo Kasipul Sub County,51,268,Kabondo Kasipul Sub County,EXACT_MATCH,sourceGID located the Ward and its County/SubCounty relationships match the unique normalized authoritative identity.
1544,Homa Bay,Karachuonyo Sub County,West Karachuonyo Ward,homabay,karachuonyo,1072,51,Homa Bay,269,Karachuonyo Sub County,51,269,Karachuonyo Sub County,EXACT_MATCH,sourceGID located the Ward and its County/SubCounty relationships match the unique normalized authoritative identity.
1545,Homa Bay,Karachuonyo Sub County,North Karachuonyo Ward,homabay,karachuonyo,1073,51,Homa Bay,269,Karachuonyo Sub County,51,269,Karachuonyo Sub County,EXACT_MATCH,sourceGID located the Ward and its County/SubCounty relationships match the unique normalized authoritative identity.
1546,Homa Bay,Karachuonyo Sub County,Central Ward,homabay,karachuonyo,1074,51,Homa Bay,269,Karachuonyo Sub County,51,269,Karachuonyo Sub County,EXACT_MATCH,sourceGID located the Ward and its County/SubCounty relationships match the unique normalized authoritative identity.
1547,Homa Bay,Karachuonyo Sub County,Kanyaluo Ward,homabay,karachuonyo,1075,51,Homa Bay,269,Karachuonyo Sub County,51,269,Karachuonyo Sub County,EXACT_MATCH,sourceGID located the Ward and its County/SubCounty relationships match the unique normalized authoritative identity.
1553,Homa Bay,Rangwe Sub County,Kagan Ward,homabay,rangwe,1076,51,Homa Bay,1545,Rangwe,51,1545,Rangwe,EXACT_MATCH,sourceGID located the Ward and its County/SubCounty relationships match the unique normalized authoritative identity.
1554,Homa Bay,Rangwe Sub County,Kochia Ward,homabay,rangwe,1077,51,Homa Bay,1545,Rangwe,51,1545,Rangwe,EXACT_MATCH,sourceGID located the Ward and its County/SubCounty relationships match the unique normalized authoritative identity.
1555,Homa Bay,Homa Bay Town Sub County,Homa Bay Central Ward,homabay,homabaytown,1078,51,Homa Bay,271,Homa Bay Town Sub County,51,271,Homa Bay Town Sub County,EXACT_MATCH,sourceGID located the Ward and its County/SubCounty relationships match the unique normalized authoritative identity.
1556,Homa Bay,Homa Bay Town Sub County,Homa Bay Arujo Ward,homabay,homabaytown,1079,51,Homa Bay,271,Homa Bay Town Sub County,51,271,Homa Bay Town Sub County,EXACT_MATCH,sourceGID located the Ward and its County/SubCounty relationships match the unique normalized authoritative identity.
1558,Homa Bay,Homa Bay Town Sub County,Homa Bay East Ward,homabay,homabaytown,1080,51,Homa Bay,271,Homa Bay Town Sub County,51,271,Homa Bay Town Sub County,EXACT_MATCH,sourceGID located the Ward and its County/SubCounty relationships match the unique normalized authoritative identity.
1559,Homa Bay,Ndhiwa Sub County,Kwabwai Ward,homabay,ndhiwa,1081,51,Homa Bay,1541,Ndhiwa,51,1541,Ndhiwa,EXACT_MATCH,sourceGID located the Ward and its County/SubCounty relationships match the unique normalized authoritative identity.
1560,Homa Bay,Ndhiwa Sub County,Kanyadoto Ward,homabay,ndhiwa,1082,51,Homa Bay,1541,Ndhiwa,51,1541,Ndhiwa,EXACT_MATCH,sourceGID located the Ward and its County/SubCounty relationships match the unique normalized authoritative identity.
1561,Homa Bay,Ndhiwa Sub County,Kanyikela Ward,homabay,ndhiwa,1083,51,Homa Bay,1541,Ndhiwa,51,1541,Ndhiwa,EXACT_MATCH,sourceGID located the Ward and its County/SubCounty relationships match the unique normalized authoritative identity.
1562,Homa Bay,Ndhiwa Sub County,Kabouch North Ward,homabay,ndhiwa,1084,51,Homa Bay,1541,Ndhiwa,51,1541,Ndhiwa,EXACT_MATCH,sourceGID located the Ward and its County/SubCounty relationships match the unique normalized authoritative identity.
1563,Homa Bay,Ndhiwa Sub County,Kabuoch South/pala Ward,homabay,ndhiwa,1085,51,Homa Bay,1541,Ndhiwa,51,1541,Ndhiwa,EXACT_MATCH,sourceGID located the Ward and its County/SubCounty relationships match the unique normalized authoritative identity.
1565,Homa Bay,Ndhiwa Sub County,Kanyamwa Kosewe Ward,homabay,ndhiwa,1086,51,Homa Bay,1541,Ndhiwa,51,1541,Ndhiwa,EXACT_MATCH,sourceGID located the Ward and its County/SubCounty relationships match the unique normalized authoritative identity.
1566,Homa Bay,Mbita Sub County,Mfangano Island Ward,homabay,mbita,1087,51,Homa Bay,273,Mbita Sub County,51,273,Mbita Sub County,EXACT_MATCH,sourceGID located the Ward and its County/SubCounty relationships match the unique normalized authoritative identity.
1567,Homa Bay,Mbita Sub County,Rusinga Island Ward,homabay,mbita,1088,51,Homa Bay,273,Mbita Sub County,51,273,Mbita Sub County,EXACT_MATCH,sourceGID located the Ward and its County/SubCounty relationships match the unique normalized authoritative identity.
1568,Homa Bay,Mbita Sub County,Kasgunga Ward,homabay,mbita,1089,51,Homa Bay,273,Mbita Sub County,51,273,Mbita Sub County,EXACT_MATCH,sourceGID located the Ward and its County/SubCounty relationships match the unique normalized authoritative identity.
1579,Vihiga,Sabatia Sub County,Chavakali Ward,vihiga,sabatia,1090,52,Vihiga,1508,Sabatia,52,1508,Sabatia,EXACT_MATCH,sourceGID located the Ward and its County/SubCounty relationships match the unique normalized authoritative identity.
1582,Vihiga,Sabatia Sub County,Busali Ward,vihiga,sabatia,1091,52,Vihiga,1508,Sabatia,52,1508,Sabatia,EXACT_MATCH,sourceGID located the Ward and its County/SubCounty relationships match the unique normalized authoritative identity.
1583,Vihiga,Hamisi Sub County,Shiru Ward,vihiga,hamisi,1092,52,Vihiga,1510,Hamisi,52,1510,Hamisi,EXACT_MATCH,sourceGID located the Ward and its County/SubCounty relationships match the unique normalized authoritative identity.
1584,Vihiga,Hamisi Sub County,Gisambai Ward,vihiga,hamisi,1093,52,Vihiga,1510,Hamisi,52,1510,Hamisi,EXACT_MATCH,sourceGID located the Ward and its County/SubCounty relationships match the unique normalized authoritative identity.
1585,Vihiga,Hamisi Sub County,Muhudu Ward,vihiga,hamisi,1094,52,Vihiga,1510,Hamisi,52,1510,Hamisi,EXACT_MATCH,sourceGID located the Ward and its County/SubCounty relationships match the unique normalized authoritative identity.
1586,Vihiga,Hamisi Sub County,Tambua Ward,vihiga,hamisi,1095,52,Vihiga,1510,Hamisi,52,1510,Hamisi,EXACT_MATCH,sourceGID located the Ward and its County/SubCounty relationships match the unique normalized authoritative identity.
1587,Vihiga,Hamisi Sub County,Jepkoyai Ward,vihiga,hamisi,1096,52,Vihiga,1510,Hamisi,52,1510,Hamisi,EXACT_MATCH,sourceGID located the Ward and its County/SubCounty relationships match the unique normalized authoritative identity.
1591,Vihiga,Luanda Sub County,Luanda South Ward,vihiga,luanda,1097,52,Vihiga,1509,Luanda,52,1509,Luanda,EXACT_MATCH,sourceGID located the Ward and its County/SubCounty relationships match the unique normalized authoritative identity.
1593,Vihiga,Emuhaya Sub County,North East Bunyore Ward,vihiga,emuhaya,1098,52,Vihiga,1506,Emuhaya,52,1506,Emuhaya,EXACT_MATCH,sourceGID located the Ward and its County/SubCounty relationships match the unique normalized authoritative identity.
1596,Vihiga,Hamisi Sub County,Banja Ward,vihiga,hamisi,1099,52,Vihiga,1510,Hamisi,52,1510,Hamisi,EXACT_MATCH,sourceGID located the Ward and its County/SubCounty relationships match the unique normalized authoritative identity.
1597,Vihiga,Vihiga Sub County,South Maragoli Ward,vihiga,vihiga,1100,52,Vihiga,1507,Vihiga,52,1507,Vihiga,EXACT_MATCH,sourceGID located the Ward and its County/SubCounty relationships match the unique normalized authoritative identity.
1598,Vihiga,Hamisi Sub County,Shamakhokho Ward,vihiga,hamisi,1101,52,Vihiga,1510,Hamisi,52,1510,Hamisi,EXACT_MATCH,sourceGID located the Ward and its County/SubCounty relationships match the unique normalized authoritative identity.
1600,Bungoma,Cheptais Sub County,Cheptais Ward,bungoma,cheptais,1102,53,Bungoma,1516,Cheptais,53,1516,Cheptais,EXACT_MATCH,sourceGID located the Ward and its County/SubCounty relationships match the unique normalized authoritative identity.
1603,Bungoma,Cheptais Sub County,Kakateny Ward,bungoma,cheptais,1103,53,Bungoma,1516,Cheptais,53,1516,Cheptais,EXACT_MATCH,sourceGID located the Ward and its County/SubCounty relationships match the unique normalized authoritative identity.
1604,Bungoma,Mt Elgon Sub County,Kaptama Ward,bungoma,mtelgon,1104,53,Bungoma,280,Mt Elgon Sub County,53,280,Mt Elgon Sub County,EXACT_MATCH,sourceGID located the Ward and its County/SubCounty relationships match the unique normalized authoritative identity.
1607,Bungoma,Sirisia Sub County,Malakisi/south Kulisiru Ward,bungoma,sirisia,1105,53,Bungoma,281,Sirisia Sub County,53,281,Sirisia Sub County,EXACT_MATCH,sourceGID located the Ward and its County/SubCounty relationships match the unique normalized authoritative identity.
1608,Bungoma,Sirisia Sub County,Lwandanyi Ward,bungoma,sirisia,1106,53,Bungoma,281,Sirisia Sub County,53,281,Sirisia Sub County,EXACT_MATCH,sourceGID located the Ward and its County/SubCounty relationships match the unique normalized authoritative identity.
1610,Bungoma,Kabuchai Sub County,West Nalondo Ward,bungoma,kabuchai,1107,53,Bungoma,282,Kabuchai Sub County,53,282,Kabuchai Sub County,EXACT_MATCH,sourceGID located the Ward and its County/SubCounty relationships match the unique normalized authoritative identity.
1612,Bungoma,Kabuchai Sub County,Mukuyuni Ward,bungoma,kabuchai,1108,53,Bungoma,282,Kabuchai Sub County,53,282,Kabuchai Sub County,EXACT_MATCH,sourceGID located the Ward and its County/SubCounty relationships match the unique normalized authoritative identity.
1616,Bungoma,Bumula Sub County,Kabula  Ward,bungoma,bumula,1109,53,Bungoma,1511,Bumula,53,1511,Bumula,EXACT_MATCH,sourceGID located the Ward and its County/SubCounty relationships match the unique normalized authoritative identity.
1617,Bungoma,Bumula Sub County,Kimaeti Ward,bungoma,bumula,1110,53,Bungoma,1511,Bumula,53,1511,Bumula,EXACT_MATCH,sourceGID located the Ward and its County/SubCounty relationships match the unique normalized authoritative identity.
1619,Bungoma,Bumula Sub County,Siboti Ward,bungoma,bumula,1111,53,Bungoma,1511,Bumula,53,1511,Bumula,EXACT_MATCH,sourceGID located the Ward and its County/SubCounty relationships match the unique normalized authoritative identity.
1620,Bungoma,Kanduyi Sub County,Bukembe West Ward,bungoma,kanduyi,1112,53,Bungoma,284,Kanduyi Sub County,53,284,Kanduyi Sub County,EXACT_MATCH,sourceGID located the Ward and its County/SubCounty relationships match the unique normalized authoritative identity.
1621,Bungoma,Kanduyi Sub County,Bukembe East Ward,bungoma,kanduyi,1113,53,Bungoma,284,Kanduyi Sub County,53,284,Kanduyi Sub County,EXACT_MATCH,sourceGID located the Ward and its County/SubCounty relationships match the unique normalized authoritative identity.
1634,Bungoma,Webuye West Sub County,Bokoli Ward,bungoma,webuyewest,1114,53,Bungoma,1520,Webuye West,53,1520,Webuye West,EXACT_MATCH,sourceGID located the Ward and its County/SubCounty relationships match the unique normalized authoritative identity.
1635,Bungoma,Kimilili Sub County,Kibingei Ward,bungoma,kimilili,1115,53,Bungoma,1517,Kimilili,53,1517,Kimilili,EXACT_MATCH,sourceGID located the Ward and its County/SubCounty relationships match the unique normalized authoritative identity.
1636,Bungoma,Kimilili Sub County,Kimilili Ward,bungoma,kimilili,1116,53,Bungoma,1517,Kimilili,53,1517,Kimilili,EXACT_MATCH,sourceGID located the Ward and its County/SubCounty relationships match the unique normalized authoritative identity.
1637,Bungoma,Kimilili Sub County,Maeni Ward,bungoma,kimilili,1117,53,Bungoma,1517,Kimilili,53,1517,Kimilili,EXACT_MATCH,sourceGID located the Ward and its County/SubCounty relationships match the unique normalized authoritative identity.
1638,Bungoma,Kimilili Sub County,Kamukuywa Ward,bungoma,kimilili,1118,53,Bungoma,1517,Kimilili,53,1517,Kimilili,EXACT_MATCH,sourceGID located the Ward and its County/SubCounty relationships match the unique normalized authoritative identity.
1639,Bungoma,Tongaren Sub County,Mbakalo Ward,bungoma,tongaren,1119,53,Bungoma,1519,Tongaren,53,1519,Tongaren,EXACT_MATCH,sourceGID located the Ward and its County/SubCounty relationships match the unique normalized authoritative identity.
1640,Bungoma,Tongaren Sub County,Naitiri/kabuyefwe Ward,bungoma,tongaren,1120,53,Bungoma,1519,Tongaren,53,1519,Tongaren,EXACT_MATCH,sourceGID located the Ward and its County/SubCounty relationships match the unique normalized authoritative identity.
1641,Bungoma,Tongaren Sub County,Milima Ward,bungoma,tongaren,1121,53,Bungoma,1519,Tongaren,53,1519,Tongaren,EXACT_MATCH,sourceGID located the Ward and its County/SubCounty relationships match the unique normalized authoritative identity.
1642,Bungoma,Tongaren Sub County,Ndalu/ Tabani Ward,bungoma,tongaren,1122,53,Bungoma,1519,Tongaren,53,1519,Tongaren,EXACT_MATCH,sourceGID located the Ward and its County/SubCounty relationships match the unique normalized authoritative identity.
1643,Bungoma,Tongaren Sub County,Tongaren Ward,bungoma,tongaren,1123,53,Bungoma,1519,Tongaren,53,1519,Tongaren,EXACT_MATCH,sourceGID located the Ward and its County/SubCounty relationships match the unique normalized authoritative identity.
1644,Bungoma,Tongaren Sub County,Soysambu/ Mitua Ward,bungoma,tongaren,1124,53,Bungoma,1519,Tongaren,53,1519,Tongaren,EXACT_MATCH,sourceGID located the Ward and its County/SubCounty relationships match the unique normalized authoritative identity.
1645,Kakamega,Lugari Sub County,Mautuma Ward,kakamega,lugari,1125,54,Kakamega,1500,Lugari,54,1500,Lugari,EXACT_MATCH,sourceGID located the Ward and its County/SubCounty relationships match the unique normalized authoritative identity.
1646,Kakamega,Lugari Sub County,Lugari Ward,kakamega,lugari,1126,54,Kakamega,1500,Lugari,54,1500,Lugari,EXACT_MATCH,sourceGID located the Ward and its County/SubCounty relationships match the unique normalized authoritative identity.
1647,Kakamega,Lugari Sub County,Lumakanda Ward,kakamega,lugari,1127,54,Kakamega,1500,Lugari,54,1500,Lugari,EXACT_MATCH,sourceGID located the Ward and its County/SubCounty relationships match the unique normalized authoritative identity.
1648,Kakamega,Lugari Sub County,Chekalini Ward,kakamega,lugari,1128,54,Kakamega,1500,Lugari,54,1500,Lugari,EXACT_MATCH,sourceGID located the Ward and its County/SubCounty relationships match the unique normalized authoritative identity.
1649,Kakamega,Lugari Sub County,Chevaywa Ward,kakamega,lugari,1129,54,Kakamega,1500,Lugari,54,1500,Lugari,EXACT_MATCH,sourceGID located the Ward and its County/SubCounty relationships match the unique normalized authoritative identity.
1650,Kakamega,Lugari Sub County,Lwandeti Ward,kakamega,lugari,1130,54,Kakamega,1500,Lugari,54,1500,Lugari,EXACT_MATCH,sourceGID located the Ward and its County/SubCounty relationships match the unique normalized authoritative identity.
1651,Kakamega,Likuyani Sub County,Likuyani Ward,kakamega,likuyani,1131,54,Kakamega,1499,Likuyani,54,1499,Likuyani,EXACT_MATCH,sourceGID located the Ward and its County/SubCounty relationships match the unique normalized authoritative identity.
1652,Kakamega,Likuyani Sub County,Sango Ward,kakamega,likuyani,1132,54,Kakamega,1499,Likuyani,54,1499,Likuyani,EXACT_MATCH,sourceGID located the Ward and its County/SubCounty relationships match the unique normalized authoritative identity.
1653,Kakamega,Likuyani Sub County,Kongoni Ward,kakamega,likuyani,1133,54,Kakamega,1499,Likuyani,54,1499,Likuyani,EXACT_MATCH,sourceGID located the Ward and its County/SubCounty relationships match the unique normalized authoritative identity.
1654,Kakamega,Likuyani Sub County,Nzoia Ward,kakamega,likuyani,1134,54,Kakamega,1499,Likuyani,54,1499,Likuyani,EXACT_MATCH,sourceGID located the Ward and its County/SubCounty relationships match the unique normalized authoritative identity.
1655,Kakamega,Likuyani Sub County,Sinoko Ward,kakamega,likuyani,1135,54,Kakamega,1499,Likuyani,54,1499,Likuyani,EXACT_MATCH,sourceGID located the Ward and its County/SubCounty relationships match the unique normalized authoritative identity.
1656,Kakamega,Malava Sub County,West Kabras Ward,kakamega,malava,1136,54,Kakamega,290,Malava Sub County,54,290,Malava Sub County,EXACT_MATCH,sourceGID located the Ward and its County/SubCounty relationships match the unique normalized authoritative identity.
1657,Kakamega,Malava Sub County,Chemuche Ward,kakamega,malava,1137,54,Kakamega,290,Malava Sub County,54,290,Malava Sub County,EXACT_MATCH,sourceGID located the Ward and its County/SubCounty relationships match the unique normalized authoritative identity.
1658,Kakamega,Malava Sub County,East Kabras Ward,kakamega,malava,1138,54,Kakamega,290,Malava Sub County,54,290,Malava Sub County,EXACT_MATCH,sourceGID located the Ward and its County/SubCounty relationships match the unique normalized authoritative identity.
1659,Kakamega,Malava Sub County,Butali Chegulo Ward,kakamega,malava,1139,54,Kakamega,290,Malava Sub County,54,290,Malava Sub County,EXACT_MATCH,sourceGID located the Ward and its County/SubCounty relationships match the unique normalized authoritative identity.
1660,Kakamega,Malava Sub County,Manda-shivanga Ward,kakamega,malava,1140,54,Kakamega,290,Malava Sub County,54,290,Malava Sub County,EXACT_MATCH,sourceGID located the Ward and its County/SubCounty relationships match the unique normalized authoritative identity.
1661,Kakamega,Malava Sub County,Shirungu-mugai Ward,kakamega,malava,1141,54,Kakamega,290,Malava Sub County,54,290,Malava Sub County,EXACT_MATCH,sourceGID located the Ward and its County/SubCounty relationships match the unique normalized authoritative identity.
1662,Kakamega,Malava Sub County,South Kabras Ward,kakamega,malava,1142,54,Kakamega,290,Malava Sub County,54,290,Malava Sub County,EXACT_MATCH,sourceGID located the Ward and its County/SubCounty relationships match the unique normalized authoritative identity.
1663,Kakamega,Lurambi Sub County,Butsotso East Ward,kakamega,lurambi,1143,54,Kakamega,291,Lurambi Sub County,54,291,Lurambi Sub County,EXACT_MATCH,sourceGID located the Ward and its County/SubCounty relationships match the unique normalized authoritative identity.
1664,Kakamega,Lurambi Sub County,Butsotso South  Ward,kakamega,lurambi,1144,54,Kakamega,291,Lurambi Sub County,54,291,Lurambi Sub County,EXACT_MATCH,sourceGID located the Ward and its County/SubCounty relationships match the unique normalized authoritative identity.
1665,Kakamega,Lurambi Sub County,Butsotso Central Ward,kakamega,lurambi,1145,54,Kakamega,291,Lurambi Sub County,54,291,Lurambi Sub County,EXACT_MATCH,sourceGID located the Ward and its County/SubCounty relationships match the unique normalized authoritative identity.
1666,Kakamega,Lurambi Sub County,Sheywe Ward,kakamega,lurambi,1146,54,Kakamega,291,Lurambi Sub County,54,291,Lurambi Sub County,EXACT_MATCH,sourceGID located the Ward and its County/SubCounty relationships match the unique normalized authoritative identity.
1667,Kakamega,Lurambi Sub County,Mahiakalo Ward,kakamega,lurambi,1147,54,Kakamega,291,Lurambi Sub County,54,291,Lurambi Sub County,EXACT_MATCH,sourceGID located the Ward and its County/SubCounty relationships match the unique normalized authoritative identity.
1668,Kakamega,Lurambi Sub County,Shirere Ward,kakamega,lurambi,1148,54,Kakamega,291,Lurambi Sub County,54,291,Lurambi Sub County,EXACT_MATCH,sourceGID located the Ward and its County/SubCounty relationships match the unique normalized authoritative identity.
1669,Kakamega,Navakholo Sub County,Ingoste-matiha Ward,kakamega,navakholo,1149,54,Kakamega,1505,Navakholo,54,1505,Navakholo,EXACT_MATCH,sourceGID located the Ward and its County/SubCounty relationships match the unique normalized authoritative identity.
1670,Kakamega,Navakholo Sub County,Shinoyi-shikomari-esumeiya Ward,kakamega,navakholo,1150,54,Kakamega,1505,Navakholo,54,1505,Navakholo,EXACT_MATCH,sourceGID located the Ward and its County/SubCounty relationships match the unique normalized authoritative identity.
1671,Kakamega,Navakholo Sub County,Bunyala West Ward,kakamega,navakholo,1151,54,Kakamega,1505,Navakholo,54,1505,Navakholo,EXACT_MATCH,sourceGID located the Ward and its County/SubCounty relationships match the unique normalized authoritative identity.
1672,Kakamega,Navakholo Sub County,Bunyala East Ward,kakamega,navakholo,1152,54,Kakamega,1505,Navakholo,54,1505,Navakholo,EXACT_MATCH,sourceGID located the Ward and its County/SubCounty relationships match the unique normalized authoritative identity.
1673,Kakamega,Navakholo Sub County,Bunyala Central Ward,kakamega,navakholo,1153,54,Kakamega,1505,Navakholo,54,1505,Navakholo,EXACT_MATCH,sourceGID located the Ward and its County/SubCounty relationships match the unique normalized authoritative identity.
1674,Kakamega,Mumias West  Sub County,Mumias Central Ward,kakamega,mumiaswest,1154,54,Kakamega,1504,Mumias West,54,1504,Mumias West,EXACT_MATCH,sourceGID located the Ward and its County/SubCounty relationships match the unique normalized authoritative identity.
1796,Mombasa,Changamwe Sub County,Kipevu Ward,mombasa,changamwe,1155,55,Mombasa,1251,Changamwe,55,1251,Changamwe,EXACT_MATCH,sourceGID located the Ward and its County/SubCounty relationships match the unique normalized authoritative identity.
961,KERICHO,AINAMOI,BELGUT,kericho,ainamoi,1156,56,Kericho,295,AINAMOI,56,295,AINAMOI,EXACT_MATCH,sourceGID located the Ward and its County/SubCounty relationships match the unique normalized authoritative identity.
94,TANA RIVER,Galole Sub County,Chewani Ward,tanariver,galole,1157,57,Tana River,296,Galole Sub County,57,296,Galole Sub County,EXACT_MATCH,sourceGID located the Ward and its County/SubCounty relationships match the unique normalized authoritative identity.
92,TANA RIVER,Galole Sub County,Kinakomba Ward,tanariver,galole,1158,57,Tana River,296,Galole Sub County,57,296,Galole Sub County,EXACT_MATCH,sourceGID located the Ward and its County/SubCounty relationships match the unique normalized authoritative identity.
1476,Migori,Nyatike Sub County,Kanyasa Ward,migori,nyatike,1159,49,Migori,1551,Nyatike,49,1551,Nyatike,EXACT_MATCH,sourceGID located the Ward and its County/SubCounty relationships match the unique normalized authoritative identity.
1477,Migori,Nyatike Sub County,North Kadem Ward,migori,nyatike,1160,49,Migori,1551,Nyatike,49,1551,Nyatike,EXACT_MATCH,sourceGID located the Ward and its County/SubCounty relationships match the unique normalized authoritative identity.
1478,Migori,Nyatike Sub County,Macalder/kanyarwanda Ward,migori,nyatike,1161,49,Migori,1551,Nyatike,49,1551,Nyatike,EXACT_MATCH,sourceGID located the Ward and its County/SubCounty relationships match the unique normalized authoritative identity.
1479,Migori,Nyatike Sub County,Kaler Ward,migori,nyatike,1162,49,Migori,1551,Nyatike,49,1551,Nyatike,EXACT_MATCH,sourceGID located the Ward and its County/SubCounty relationships match the unique normalized authoritative identity.
1480,Migori,Nyatike Sub County,Got Kachola Ward,migori,nyatike,1163,49,Migori,1551,Nyatike,49,1551,Nyatike,EXACT_MATCH,sourceGID located the Ward and its County/SubCounty relationships match the unique normalized authoritative identity.
1481,Migori,Nyatike Sub County,Muhuru Ward,migori,nyatike,1164,49,Migori,1551,Nyatike,49,1551,Nyatike,EXACT_MATCH,sourceGID located the Ward and its County/SubCounty relationships match the unique normalized authoritative identity.
1482,Migori,Kuria West Sub County,Bukira East Ward,migori,kuriawest,1165,49,Migori,1550,Kuria West,49,1550,Kuria West,EXACT_MATCH,sourceGID located the Ward and its County/SubCounty relationships match the unique normalized authoritative identity.
1483,Migori,Kuria West Sub County,Bukira Central/ikerege Ward,migori,kuriawest,1166,49,Migori,1550,Kuria West,49,1550,Kuria West,EXACT_MATCH,sourceGID located the Ward and its County/SubCounty relationships match the unique normalized authoritative identity.
1484,Migori,Kuria West Sub County,Isibania Ward,migori,kuriawest,1167,49,Migori,1550,Kuria West,49,1550,Kuria West,EXACT_MATCH,sourceGID located the Ward and its County/SubCounty relationships match the unique normalized authoritative identity.
1797,Mombasa,Changamwe Sub County,Airport Ward,mombasa,changamwe,1168,55,Mombasa,1251,Changamwe,55,1251,Changamwe,EXACT_MATCH,sourceGID located the Ward and its County/SubCounty relationships match the unique normalized authoritative identity.
101,LAMU,LAMU EAST,FAZA,lamu,lamueast,1169,58,Lamu,1274,Lamu East,58,1274,Lamu East,EXACT_MATCH,sourceGID located the Ward and its County/SubCounty relationships match the unique normalized authoritative identity.
102,LAMU,LAMU EAST,KIUNGA,lamu,lamueast,1170,58,Lamu,1274,Lamu East,58,1274,Lamu East,EXACT_MATCH,sourceGID located the Ward and its County/SubCounty relationships match the unique normalized authoritative identity.
103,LAMU,LAMU EAST,BASUBA,lamu,lamueast,1171,58,Lamu,1274,Lamu East,58,1274,Lamu East,EXACT_MATCH,sourceGID located the Ward and its County/SubCounty relationships match the unique normalized authoritative identity.
104,LAMU,LAMU WEST,SHELLA,lamu,lamuwest,1172,58,Lamu,1275,Lamu West,58,1275,Lamu West,EXACT_MATCH,sourceGID located the Ward and its County/SubCounty relationships match the unique normalized authoritative identity.
105,LAMU,LAMU WEST,MKOMAMI,lamu,lamuwest,1173,58,Lamu,1275,Lamu West,58,1275,Lamu West,EXACT_MATCH,sourceGID located the Ward and its County/SubCounty relationships match the unique normalized authoritative identity.
106,LAMU,LAMU WEST,HINDI,lamu,lamuwest,1174,58,Lamu,1275,Lamu West,58,1275,Lamu West,EXACT_MATCH,sourceGID located the Ward and its County/SubCounty relationships match the unique normalized authoritative identity.
98,TANA RIVER,Bura Sub County,Bangale Ward,tanariver,bura,1175,57,Tana River,299,Bura Sub County,57,299,Bura Sub County,EXACT_MATCH,sourceGID located the Ward and its County/SubCounty relationships match the unique normalized authoritative identity.
99,TANA RIVER,Bura Sub County,Sala Ward,tanariver,bura,1176,57,Tana River,299,Bura Sub County,57,299,Bura Sub County,EXACT_MATCH,sourceGID located the Ward and its County/SubCounty relationships match the unique normalized authoritative identity.
108,LAMU,LAMU WEST,HONGWE,lamu,lamuwest,1177,58,Lamu,1275,Lamu West,58,1275,Lamu West,EXACT_MATCH,sourceGID located the Ward and its County/SubCounty relationships match the unique normalized authoritative identity.
1678,Kakamega,Mumias East Sub County,Lusheya Lubinu Ward,kakamega,mumiaseast,1178,54,Kakamega,1503,Mumias East,54,1503,Mumias East,EXACT_MATCH,sourceGID located the Ward and its County/SubCounty relationships match the unique normalized authoritative identity.
1679,Kakamega,Mumias East Sub County,Malaha Isongo Makunga Ward,kakamega,mumiaseast,1179,54,Kakamega,1503,Mumias East,54,1503,Mumias East,EXACT_MATCH,sourceGID located the Ward and its County/SubCounty relationships match the unique normalized authoritative identity.
1680,Kakamega,Mumias East Sub County,East Wanga Ward,kakamega,mumiaseast,1180,54,Kakamega,1503,Mumias East,54,1503,Mumias East,EXACT_MATCH,sourceGID located the Ward and its County/SubCounty relationships match the unique normalized authoritative identity.
1681,Kakamega,Matungu Sub County,Koyonzo Ward,kakamega,matungu,1181,54,Kakamega,1502,Matungu,54,1502,Matungu,EXACT_MATCH,sourceGID located the Ward and its County/SubCounty relationships match the unique normalized authoritative identity.
1682,Kakamega,Matungu Sub County,Kholera Ward,kakamega,matungu,1182,54,Kakamega,1502,Matungu,54,1502,Matungu,EXACT_MATCH,sourceGID located the Ward and its County/SubCounty relationships match the unique normalized authoritative identity.
1683,Kakamega,Matungu Sub County,Khalaba Ward,kakamega,matungu,1183,54,Kakamega,1502,Matungu,54,1502,Matungu,EXACT_MATCH,sourceGID located the Ward and its County/SubCounty relationships match the unique normalized authoritative identity.
111,TAITA TAVETA,Taveta Sub County,Chala Ward,taitataveta,taveta,1184,59,Taita Taveta,1278,Taveta,59,1278,Taveta,EXACT_MATCH,sourceGID located the Ward and its County/SubCounty relationships match the unique normalized authoritative identity.
1485,Migori,Kuria West Sub County,Mokerero Ward,migori,kuriawest,1185,49,Migori,1550,Kuria West,49,1550,Kuria West,EXACT_MATCH,sourceGID located the Ward and its County/SubCounty relationships match the unique normalized authoritative identity.
115,TAITA TAVETA,Taveta Sub County,Mata Ward,taitataveta,taveta,1186,59,Taita Taveta,1278,Taveta,59,1278,Taveta,EXACT_MATCH,sourceGID located the Ward and its County/SubCounty relationships match the unique normalized authoritative identity.
1487,Migori,Kuria West Sub County,Tagare Ward,migori,kuriawest,1187,49,Migori,1550,Kuria West,49,1550,Kuria West,EXACT_MATCH,sourceGID located the Ward and its County/SubCounty relationships match the unique normalized authoritative identity.
116,TAITA TAVETA,Wundanyi Sub County,Wundanyi/mbale Ward,taitataveta,wundanyi,1188,59,Taita Taveta,303,Wundanyi Sub County,59,303,Wundanyi Sub County,EXACT_MATCH,sourceGID located the Ward and its County/SubCounty relationships match the unique normalized authoritative identity.
118,TAITA TAVETA,Wundanyi Sub County,Wumingu/kishushe Ward,taitataveta,wundanyi,1189,59,Taita Taveta,303,Wundanyi Sub County,59,303,Wundanyi Sub County,EXACT_MATCH,sourceGID located the Ward and its County/SubCounty relationships match the unique normalized authoritative identity.
1488,Migori,Kuria West Sub County,Nyamosense/komosoko Ward,migori,kuriawest,1190,49,Migori,1550,Kuria West,49,1550,Kuria West,EXACT_MATCH,sourceGID located the Ward and its County/SubCounty relationships match the unique normalized authoritative identity.
1489,Migori,Kuria East Sub County,Gokeharaka/getambwega Ward,migori,kuriaeast,1191,49,Migori,1549,Kuria East,49,1549,Kuria East,EXACT_MATCH,sourceGID located the Ward and its County/SubCounty relationships match the unique normalized authoritative identity.
1491,Migori,Kuria East Sub County,Ntimaru East Ward,migori,kuriaeast,1192,49,Migori,1549,Kuria East,49,1549,Kuria East,EXACT_MATCH,sourceGID located the Ward and its County/SubCounty relationships match the unique normalized authoritative identity.
1492,Migori,Kuria East Sub County,Nyabasi East Ward,migori,kuriaeast,1193,49,Migori,1549,Kuria East,49,1549,Kuria East,EXACT_MATCH,sourceGID located the Ward and its County/SubCounty relationships match the unique normalized authoritative identity.
1493,Migori,Kuria East Sub County,Nyabasi West Ward,migori,kuriaeast,1194,49,Migori,1549,Kuria East,49,1549,Kuria East,EXACT_MATCH,sourceGID located the Ward and its County/SubCounty relationships match the unique normalized authoritative identity.
1494,Migori,Rongo Sub County,East Kamagambo Ward,migori,rongo,1195,49,Migori,1552,Rongo,49,1552,Rongo,EXACT_MATCH,sourceGID located the Ward and its County/SubCounty relationships match the unique normalized authoritative identity.
1495,Machakos,Masinga Sub County,Kivaa Ward,machakos,masinga,1196,50,Machakos,1356,Masinga,50,1356,Masinga,EXACT_MATCH,sourceGID located the Ward and its County/SubCounty relationships match the unique normalized authoritative identity.
1496,Machakos,Masinga Sub County,Masinga Central Ward,machakos,masinga,1197,50,Machakos,1356,Masinga,50,1356,Masinga,EXACT_MATCH,sourceGID located the Ward and its County/SubCounty relationships match the unique normalized authoritative identity.
1497,Machakos,Masinga Sub County,Ekalakala Ward,machakos,masinga,1198,50,Machakos,1356,Masinga,50,1356,Masinga,EXACT_MATCH,sourceGID located the Ward and its County/SubCounty relationships match the unique normalized authoritative identity.
1498,Machakos,Masinga Sub County,Muthesya Ward,machakos,masinga,1199,50,Machakos,1356,Masinga,50,1356,Masinga,EXACT_MATCH,sourceGID located the Ward and its County/SubCounty relationships match the unique normalized authoritative identity.
1499,Machakos,Masinga Sub County,Mananja Ward,machakos,masinga,1200,50,Machakos,1356,Masinga,50,1356,Masinga,EXACT_MATCH,sourceGID located the Ward and its County/SubCounty relationships match the unique normalized authoritative identity.
1500,Machakos,Yatta Sub County,Ndalani Ward,machakos,yatta,1201,50,Machakos,1359,Yatta,50,1359,Yatta,EXACT_MATCH,sourceGID located the Ward and its County/SubCounty relationships match the unique normalized authoritative identity.
1501,Machakos,Yatta Sub County,Matuu Ward,machakos,yatta,1202,50,Machakos,1359,Yatta,50,1359,Yatta,EXACT_MATCH,sourceGID located the Ward and its County/SubCounty relationships match the unique normalized authoritative identity.
1502,Machakos,Yatta Sub County,Kithimani Ward,machakos,yatta,1203,50,Machakos,1359,Yatta,50,1359,Yatta,EXACT_MATCH,sourceGID located the Ward and its County/SubCounty relationships match the unique normalized authoritative identity.
1503,Machakos,Yatta Sub County,Ikombe Ward,machakos,yatta,1204,50,Machakos,1359,Yatta,50,1359,Yatta,EXACT_MATCH,sourceGID located the Ward and its County/SubCounty relationships match the unique normalized authoritative identity.
1504,Machakos,Yatta Sub County,Katangi Ward,machakos,yatta,1205,50,Machakos,1359,Yatta,50,1359,Yatta,EXACT_MATCH,sourceGID located the Ward and its County/SubCounty relationships match the unique normalized authoritative identity.
1505,Machakos,Kangundo Sub County,Kangundo North Ward,machakos,kangundo,1206,50,Machakos,1353,Kangundo,50,1353,Kangundo,EXACT_MATCH,sourceGID located the Ward and its County/SubCounty relationships match the unique normalized authoritative identity.
1506,Machakos,Kangundo Sub County,Kangundo Central Ward,machakos,kangundo,1207,50,Machakos,1353,Kangundo,50,1353,Kangundo,EXACT_MATCH,sourceGID located the Ward and its County/SubCounty relationships match the unique normalized authoritative identity.
1507,Machakos,Kangundo Sub County,Kangundo East Ward,machakos,kangundo,1208,50,Machakos,1353,Kangundo,50,1353,Kangundo,EXACT_MATCH,sourceGID located the Ward and its County/SubCounty relationships match the unique normalized authoritative identity.
1508,Machakos,Kangundo Sub County,Kangundo West Ward,machakos,kangundo,1209,50,Machakos,1353,Kangundo,50,1353,Kangundo,EXACT_MATCH,sourceGID located the Ward and its County/SubCounty relationships match the unique normalized authoritative identity.
1509,Machakos,Matungulu Sub County,Tala Ward,machakos,matungulu,1210,50,Machakos,1357,Matungulu,50,1357,Matungulu,EXACT_MATCH,sourceGID located the Ward and its County/SubCounty relationships match the unique normalized authoritative identity.
1510,Machakos,Matungulu Sub County,Matungulu North Ward,machakos,matungulu,1211,50,Machakos,1357,Matungulu,50,1357,Matungulu,EXACT_MATCH,sourceGID located the Ward and its County/SubCounty relationships match the unique normalized authoritative identity.
1511,Machakos,Matungulu Sub County,Matungulu East Ward,machakos,matungulu,1212,50,Machakos,1357,Matungulu,50,1357,Matungulu,EXACT_MATCH,sourceGID located the Ward and its County/SubCounty relationships match the unique normalized authoritative identity.
1512,Machakos,Matungulu Sub County,Matungulu West Ward,machakos,matungulu,1213,50,Machakos,1357,Matungulu,50,1357,Matungulu,EXACT_MATCH,sourceGID located the Ward and its County/SubCounty relationships match the unique normalized authoritative identity.
1513,Machakos,Matungulu Sub County,Kyeleni Ward,machakos,matungulu,1214,50,Machakos,1357,Matungulu,50,1357,Matungulu,EXACT_MATCH,sourceGID located the Ward and its County/SubCounty relationships match the unique normalized authoritative identity.
1514,Machakos,Kathiani Sub County,Mitamboni Ward,machakos,kathiani,1215,50,Machakos,1354,Kathiani,50,1354,Kathiani,EXACT_MATCH,sourceGID located the Ward and its County/SubCounty relationships match the unique normalized authoritative identity.
1515,Machakos,Kathiani Sub County,Kathiani Central Ward,machakos,kathiani,1216,50,Machakos,1354,Kathiani,50,1354,Kathiani,EXACT_MATCH,sourceGID located the Ward and its County/SubCounty relationships match the unique normalized authoritative identity.
1516,Machakos,Kathiani Sub County,Upper Kaewa-iveti Ward,machakos,kathiani,1217,50,Machakos,1354,Kathiani,50,1354,Kathiani,EXACT_MATCH,sourceGID located the Ward and its County/SubCounty relationships match the unique normalized authoritative identity.
1517,Machakos,Kathiani Sub County,Lower Kaewa-kaani Ward,machakos,kathiani,1218,50,Machakos,1354,Kathiani,50,1354,Kathiani,EXACT_MATCH,sourceGID located the Ward and its County/SubCounty relationships match the unique normalized authoritative identity.
1518,Machakos,Athi River Sub County,Athi River Ward,machakos,athiriver,1219,50,Machakos,1351,Athi River,50,1351,Athi River,EXACT_MATCH,sourceGID located the Ward and its County/SubCounty relationships match the unique normalized authoritative identity.
1519,Machakos,Athi River Sub County,Kinanie Ward,machakos,athiriver,1220,50,Machakos,1351,Athi River,50,1351,Athi River,EXACT_MATCH,sourceGID located the Ward and its County/SubCounty relationships match the unique normalized authoritative identity.
1548,Homa Bay,Karachuonyo Sub County,Kibiri Ward,homabay,karachuonyo,1221,51,Homa Bay,269,Karachuonyo Sub County,51,269,Karachuonyo Sub County,EXACT_MATCH,sourceGID located the Ward and its County/SubCounty relationships match the unique normalized authoritative identity.
1549,Homa Bay,Karachuonyo Sub County,Wang'chieng Ward,homabay,karachuonyo,1222,51,Homa Bay,269,Karachuonyo Sub County,51,269,Karachuonyo Sub County,EXACT_MATCH,sourceGID located the Ward and its County/SubCounty relationships match the unique normalized authoritative identity.
1550,Homa Bay,Karachuonyo Sub County,Kendu Bay Town Ward,homabay,karachuonyo,1223,51,Homa Bay,269,Karachuonyo Sub County,51,269,Karachuonyo Sub County,EXACT_MATCH,sourceGID located the Ward and its County/SubCounty relationships match the unique normalized authoritative identity.
1551,Homa Bay,Rangwe Sub County,West Gem Ward,homabay,rangwe,1224,51,Homa Bay,1545,Rangwe,51,1545,Rangwe,EXACT_MATCH,sourceGID located the Ward and its County/SubCounty relationships match the unique normalized authoritative identity.
1552,Homa Bay,Rangwe Sub County,East Gem Ward,homabay,rangwe,1225,51,Homa Bay,1545,Rangwe,51,1545,Rangwe,EXACT_MATCH,sourceGID located the Ward and its County/SubCounty relationships match the unique normalized authoritative identity.
1557,Homa Bay,Homa Bay Town Sub County,Homa Bay West Ward,homabay,homabaytown,1226,51,Homa Bay,271,Homa Bay Town Sub County,51,271,Homa Bay Town Sub County,EXACT_MATCH,sourceGID located the Ward and its County/SubCounty relationships match the unique normalized authoritative identity.
131,GARISSA,Garissa Sub County,Township Ward,garissa,garissa,1227,60,Garissa,1283,Garissa,60,1283,Garissa,EXACT_MATCH,sourceGID located the Ward and its County/SubCounty relationships match the unique normalized authoritative identity.
1564,Homa Bay,Ndhiwa Sub County,Kanyamwa Kologi Ward,homabay,ndhiwa,1228,51,Homa Bay,1541,Ndhiwa,51,1541,Ndhiwa,EXACT_MATCH,sourceGID located the Ward and its County/SubCounty relationships match the unique normalized authoritative identity.
1569,Homa Bay,Mbita Sub County,Gembe Ward,homabay,mbita,1229,51,Homa Bay,273,Mbita Sub County,51,273,Mbita Sub County,EXACT_MATCH,sourceGID located the Ward and its County/SubCounty relationships match the unique normalized authoritative identity.
1570,Homa Bay,Mbita Sub County,Lambwe Ward,homabay,mbita,1230,51,Homa Bay,273,Mbita Sub County,51,273,Mbita Sub County,EXACT_MATCH,sourceGID located the Ward and its County/SubCounty relationships match the unique normalized authoritative identity.
1571,Homa Bay,Suba Sub County,Gwassi South Ward,homabay,suba,1231,51,Homa Bay,310,Suba Sub County,51,310,Suba Sub County,EXACT_MATCH,sourceGID located the Ward and its County/SubCounty relationships match the unique normalized authoritative identity.
1572,Homa Bay,Suba Sub County,Gwassi North Ward,homabay,suba,1232,51,Homa Bay,310,Suba Sub County,51,310,Suba Sub County,EXACT_MATCH,sourceGID located the Ward and its County/SubCounty relationships match the unique normalized authoritative identity.
1573,Homa Bay,Suba Sub County,Kaksingiri West Ward,homabay,suba,1233,51,Homa Bay,310,Suba Sub County,51,310,Suba Sub County,EXACT_MATCH,sourceGID located the Ward and its County/SubCounty relationships match the unique normalized authoritative identity.
134,GARISSA,Garissa Sub County,Waberi Ward,garissa,garissa,1234,60,Garissa,1283,Garissa,60,1283,Garissa,EXACT_MATCH,sourceGID located the Ward and its County/SubCounty relationships match the unique normalized authoritative identity.
135,GARISSA,Balambala Sub County,Balambala Ward,garissa,balambala,1235,60,Garissa,1280,Balambala,60,1280,Balambala,EXACT_MATCH,sourceGID located the Ward and its County/SubCounty relationships match the unique normalized authoritative identity.
136,GARISSA,Balambala Sub County,Danyere Ward,garissa,balambala,1236,60,Garissa,1280,Balambala,60,1280,Balambala,EXACT_MATCH,sourceGID located the Ward and its County/SubCounty relationships match the unique normalized authoritative identity.
137,GARISSA,Balambala Sub County,Jarajara Ward,garissa,balambala,1237,60,Garissa,1280,Balambala,60,1280,Balambala,EXACT_MATCH,sourceGID located the Ward and its County/SubCounty relationships match the unique normalized authoritative identity.
138,GARISSA,Balambala Sub County,Saka Ward,garissa,balambala,1238,60,Garissa,1280,Balambala,60,1280,Balambala,EXACT_MATCH,sourceGID located the Ward and its County/SubCounty relationships match the unique normalized authoritative identity.
139,GARISSA,Garissa Sub County,Sankuri Ward,garissa,garissa,1239,60,Garissa,1283,Garissa,60,1283,Garissa,EXACT_MATCH,sourceGID located the Ward and its County/SubCounty relationships match the unique normalized authoritative identity.
140,GARISSA,Lagdera Sub County,Modogashe Ward,garissa,lagdera,1240,60,Garissa,1286,Lagdera,60,1286,Lagdera,EXACT_MATCH,sourceGID located the Ward and its County/SubCounty relationships match the unique normalized authoritative identity.
141,GARISSA,Lagdera Sub County,Benane Ward,garissa,lagdera,1241,60,Garissa,1286,Lagdera,60,1286,Lagdera,EXACT_MATCH,sourceGID located the Ward and its County/SubCounty relationships match the unique normalized authoritative identity.
142,GARISSA,Lagdera Sub County,Goreale Ward,garissa,lagdera,1242,60,Garissa,1286,Lagdera,60,1286,Lagdera,EXACT_MATCH,sourceGID located the Ward and its County/SubCounty relationships match the unique normalized authoritative identity.
1798,Mombasa,Changamwe Sub County,Changamwe Ward,mombasa,changamwe,1243,55,Mombasa,1251,Changamwe,55,1251,Changamwe,EXACT_MATCH,sourceGID located the Ward and its County/SubCounty relationships match the unique normalized authoritative identity.
1574,Homa Bay,Suba Sub County,Ruma-kaksingiri East Ward,homabay,suba,1244,51,Homa Bay,310,Suba Sub County,51,310,Suba Sub County,EXACT_MATCH,sourceGID located the Ward and its County/SubCounty relationships match the unique normalized authoritative identity.
1575,Vihiga,Vihiga Sub County,Lugaga-wamuluma Ward,vihiga,vihiga,1245,52,Vihiga,1507,Vihiga,52,1507,Vihiga,EXACT_MATCH,sourceGID located the Ward and its County/SubCounty relationships match the unique normalized authoritative identity.
1576,Vihiga,Vihiga Sub County,Central Maragoli Ward,vihiga,vihiga,1246,52,Vihiga,1507,Vihiga,52,1507,Vihiga,EXACT_MATCH,sourceGID located the Ward and its County/SubCounty relationships match the unique normalized authoritative identity.
1577,Vihiga,Sabatia Sub County,Lyaduywa/izava Ward,vihiga,sabatia,1247,52,Vihiga,1508,Sabatia,52,1508,Sabatia,EXACT_MATCH,sourceGID located the Ward and its County/SubCounty relationships match the unique normalized authoritative identity.
1578,Vihiga,Sabatia Sub County,West Sabatia Ward,vihiga,sabatia,1248,52,Vihiga,1508,Sabatia,52,1508,Sabatia,EXACT_MATCH,sourceGID located the Ward and its County/SubCounty relationships match the unique normalized authoritative identity.
156,GARISSA,Fafi Sub County,Nanighi Ward,garissa,fafi,1249,60,Garissa,1282,Fafi,60,1282,Fafi,EXACT_MATCH,sourceGID located the Ward and its County/SubCounty relationships match the unique normalized authoritative identity.
157,GARISSA,Hulugho Sub County,Hulugho Ward,garissa,hulugho,1250,60,Garissa,1284,Hulugho,60,1284,Hulugho,EXACT_MATCH,sourceGID located the Ward and its County/SubCounty relationships match the unique normalized authoritative identity.
158,GARISSA,Hulugho Sub County,Sangailu Ward,garissa,hulugho,1251,60,Garissa,1284,Hulugho,60,1284,Hulugho,EXACT_MATCH,sourceGID located the Ward and its County/SubCounty relationships match the unique normalized authoritative identity.
1580,Vihiga,Sabatia Sub County,North Maragoli Ward,vihiga,sabatia,1252,52,Vihiga,1508,Sabatia,52,1508,Sabatia,EXACT_MATCH,sourceGID located the Ward and its County/SubCounty relationships match the unique normalized authoritative identity.
1581,Vihiga,Sabatia Sub County,Wodanga Ward,vihiga,sabatia,1253,52,Vihiga,1508,Sabatia,52,1508,Sabatia,EXACT_MATCH,sourceGID located the Ward and its County/SubCounty relationships match the unique normalized authoritative identity.
1588,Vihiga,Luanda Sub County,Luanda Township Ward,vihiga,luanda,1254,52,Vihiga,1509,Luanda,52,1509,Luanda,EXACT_MATCH,sourceGID located the Ward and its County/SubCounty relationships match the unique normalized authoritative identity.
1589,Vihiga,Luanda Sub County,Wemilabi Ward,vihiga,luanda,1255,52,Vihiga,1509,Luanda,52,1509,Luanda,EXACT_MATCH,sourceGID located the Ward and its County/SubCounty relationships match the unique normalized authoritative identity.
1590,Vihiga,Luanda Sub County,Mwibona Ward,vihiga,luanda,1256,52,Vihiga,1509,Luanda,52,1509,Luanda,EXACT_MATCH,sourceGID located the Ward and its County/SubCounty relationships match the unique normalized authoritative identity.
164,WAJIR,Wajir North Sub County,Malkagufu Ward,wajir,wajirnorth,1257,61,Wajir,1292,Wajir North,61,1292,Wajir North,EXACT_MATCH,sourceGID located the Ward and its County/SubCounty relationships match the unique normalized authoritative identity.
165,WAJIR,Wajir North Sub County,Batalu Ward,wajir,wajirnorth,1258,61,Wajir,1292,Wajir North,61,1292,Wajir North,EXACT_MATCH,sourceGID located the Ward and its County/SubCounty relationships match the unique normalized authoritative identity.
1592,Vihiga,Luanda Sub County,Emabungo Ward,vihiga,luanda,1259,52,Vihiga,1509,Luanda,52,1509,Luanda,EXACT_MATCH,sourceGID located the Ward and its County/SubCounty relationships match the unique normalized authoritative identity.
167,WAJIR,Wajir North Sub County,Godoma Ward,wajir,wajirnorth,1260,61,Wajir,1292,Wajir North,61,1292,Wajir North,EXACT_MATCH,sourceGID located the Ward and its County/SubCounty relationships match the unique normalized authoritative identity.
1594,Vihiga,Emuhaya Sub County,Central Bunyore Ward,vihiga,emuhaya,1261,52,Vihiga,1506,Emuhaya,52,1506,Emuhaya,EXACT_MATCH,sourceGID located the Ward and its County/SubCounty relationships match the unique normalized authoritative identity.
1595,Vihiga,Emuhaya Sub County,West Bunyore Ward,vihiga,emuhaya,1262,52,Vihiga,1506,Emuhaya,52,1506,Emuhaya,EXACT_MATCH,sourceGID located the Ward and its County/SubCounty relationships match the unique normalized authoritative identity.
93,TANA RIVER,Galole Sub County,Mikinduni Ward,tanariver,galole,1263,57,Tana River,296,Galole Sub County,57,296,Galole Sub County,EXACT_MATCH,sourceGID located the Ward and its County/SubCounty relationships match the unique normalized authoritative identity.
171,WAJIR,Wajir East Sub County,Khorof/Harar Ward,wajir,wajireast,1264,61,Wajir,1291,Wajir East,61,1291,Wajir East,EXACT_MATCH,sourceGID located the Ward and its County/SubCounty relationships match the unique normalized authoritative identity.
172,WAJIR,Tarbaj Sub County,Elben Ward,wajir,tarbaj,1265,61,Wajir,1290,Tarbaj,61,1290,Tarbaj,EXACT_MATCH,sourceGID located the Ward and its County/SubCounty relationships match the unique normalized authoritative identity.
173,WAJIR,Tarbaj Sub County,Sarman Ward,wajir,tarbaj,1266,61,Wajir,1290,Tarbaj,61,1290,Tarbaj,EXACT_MATCH,sourceGID located the Ward and its County/SubCounty relationships match the unique normalized authoritative identity.
174,WAJIR,Tarbaj Sub County,Tarbaj Ward,wajir,tarbaj,1267,61,Wajir,1290,Tarbaj,61,1290,Tarbaj,EXACT_MATCH,sourceGID located the Ward and its County/SubCounty relationships match the unique normalized authoritative identity.
175,WAJIR,Tarbaj Sub County,Wargadud Ward,wajir,tarbaj,1268,61,Wajir,1290,Tarbaj,61,1290,Tarbaj,EXACT_MATCH,sourceGID located the Ward and its County/SubCounty relationships match the unique normalized authoritative identity.
122,TAITA TAVETA,Mwatate Sub County,Bura Ward,taitataveta,mwatate,1269,59,Taita Taveta,1276,Mwatate,59,1276,Mwatate,EXACT_MATCH,sourceGID located the Ward and its County/SubCounty relationships match the unique normalized authoritative identity.
177,WAJIR,Wajir West Sub County,Hadado Athibohol Ward,wajir,wajirwest,1270,61,Wajir,1294,Wajir West,61,1294,Wajir West,EXACT_MATCH,sourceGID located the Ward and its County/SubCounty relationships match the unique normalized authoritative identity.
1800,Mombasa,Jomvu  Sub County,Jomvu Kuu Ward,mombasa,jomvu,1271,55,Mombasa,1252,Jomvu,55,1252,Jomvu,EXACT_MATCH,sourceGID located the Ward and its County/SubCounty relationships match the unique normalized authoritative identity.
1599,Vihiga,Vihiga Sub County,Mungoma Ward,vihiga,vihiga,1272,52,Vihiga,1507,Vihiga,52,1507,Vihiga,EXACT_MATCH,sourceGID located the Ward and its County/SubCounty relationships match the unique normalized authoritative identity.
1601,Bungoma,Cheptais Sub County,Chesikaki Ward,bungoma,cheptais,1273,53,Bungoma,1516,Cheptais,53,1516,Cheptais,EXACT_MATCH,sourceGID located the Ward and its County/SubCounty relationships match the unique normalized authoritative identity.
1602,Bungoma,Cheptais Sub County,Chepyuk Ward,bungoma,cheptais,1274,53,Bungoma,1516,Cheptais,53,1516,Cheptais,EXACT_MATCH,sourceGID located the Ward and its County/SubCounty relationships match the unique normalized authoritative identity.
1605,Bungoma,Mt Elgon Sub County,Elgon Ward,bungoma,mtelgon,1275,53,Bungoma,280,Mt Elgon Sub County,53,280,Mt Elgon Sub County,EXACT_MATCH,sourceGID located the Ward and its County/SubCounty relationships match the unique normalized authoritative identity.
1691,Kakamega,Khwisero Sub County,Kisa North Ward,kakamega,khwisero,1276,54,Kakamega,1498,Khwisero,54,1498,Khwisero,EXACT_MATCH,sourceGID located the Ward and its County/SubCounty relationships match the unique normalized authoritative identity.
1717,Busia,Nambale Sub County,Nambale Township Ward,busia,nambale,1277,62,Busia,1525,Nambale,62,1525,Nambale,EXACT_MATCH,sourceGID located the Ward and its County/SubCounty relationships match the unique normalized authoritative identity.
1718,Busia,Nambale Sub County,Bukhayo North Walatsi Ward,busia,nambale,1278,62,Busia,1525,Nambale,62,1525,Nambale,EXACT_MATCH,sourceGID located the Ward and its County/SubCounty relationships match the unique normalized authoritative identity.
1719,Busia,Nambale Sub County,Bukhayo East Ward,busia,nambale,1279,62,Busia,1525,Nambale,62,1525,Nambale,EXACT_MATCH,sourceGID located the Ward and its County/SubCounty relationships match the unique normalized authoritative identity.
1720,Busia,Nambale Sub County,Bukhayo Central Ward,busia,nambale,1280,62,Busia,1525,Nambale,62,1525,Nambale,EXACT_MATCH,sourceGID located the Ward and its County/SubCounty relationships match the unique normalized authoritative identity.
1721,Busia,Matayos Sub County,Bukhayo West Ward,busia,matayos,1281,62,Busia,323,Matayos Sub County,62,323,Matayos Sub County,EXACT_MATCH,sourceGID located the Ward and its County/SubCounty relationships match the unique normalized authoritative identity.
203,MANDERA,MANDERA NORTH,MAROTHILE,mandera,manderanorth,2472,63,Mandera,1301,Mandera North,63,1301,Mandera North,EXACT_MATCH,sourceGID located the Ward and its County/SubCounty relationships match the unique normalized authoritative identity.
204,MANDERA,MANDERA NORTH,RHAMU,mandera,manderanorth,1282,63,Mandera,1301,Mandera North,63,1301,Mandera North,EXACT_MATCH,sourceGID located the Ward and its County/SubCounty relationships match the unique normalized authoritative identity.
205,MANDERA,MANDERA NORTH,RHAMU DIMTU,mandera,manderanorth,1283,63,Mandera,1301,Mandera North,63,1301,Mandera North,EXACT_MATCH,sourceGID located the Ward and its County/SubCounty relationships match the unique normalized authoritative identity.
207,MANDERA,MANDERA SOUTH,KOTULO,mandera,manderasouth,1284,63,Mandera,325,MANDERA SOUTH,63,325,MANDERA SOUTH,EXACT_MATCH,sourceGID located the Ward and its County/SubCounty relationships match the unique normalized authoritative identity.
208,MANDERA,MANDERA SOUTH,ELWAK SOUTH,mandera,manderasouth,1285,63,Mandera,325,MANDERA SOUTH,63,325,MANDERA SOUTH,EXACT_MATCH,sourceGID located the Ward and its County/SubCounty relationships match the unique normalized authoritative identity.
210,MANDERA,MANDERA SOUTH,SHAMBIR FATUMA,mandera,manderasouth,1286,63,Mandera,325,MANDERA SOUTH,63,325,MANDERA SOUTH,EXACT_MATCH,sourceGID located the Ward and its County/SubCounty relationships match the unique normalized authoritative identity.
211,MANDERA,MANDERA EAST,ARABIA,mandera,manderaeast,1287,63,Mandera,1300,Mandera East,63,1300,Mandera East,EXACT_MATCH,sourceGID located the Ward and its County/SubCounty relationships match the unique normalized authoritative identity.
221,MARSABIT,MOYALE,BUTIYE,marsabit,moyale,1288,64,Marsabit,1306,Moyale,64,1306,Moyale,EXACT_MATCH,sourceGID located the Ward and its County/SubCounty relationships match the unique normalized authoritative identity.
222,MARSABIT,MOYALE,SOLOLO,marsabit,moyale,1289,64,Marsabit,1306,Moyale,64,1306,Moyale,EXACT_MATCH,sourceGID located the Ward and its County/SubCounty relationships match the unique normalized authoritative identity.
223,MARSABIT,MOYALE,HEILLU/MANYATTA,marsabit,moyale,1290,64,Marsabit,1306,Moyale,64,1306,Moyale,EXACT_MATCH,sourceGID located the Ward and its County/SubCounty relationships match the unique normalized authoritative identity.
224,MARSABIT,MOYALE,GOLBO,marsabit,moyale,1291,64,Marsabit,1306,Moyale,64,1306,Moyale,EXACT_MATCH,sourceGID located the Ward and its County/SubCounty relationships match the unique normalized authoritative identity.
231,MARSABIT,NORTH HORR,NORTH HORR,marsabit,northhorr,1292,64,Marsabit,1307,North Horr,64,1307,North Horr,EXACT_MATCH,sourceGID located the Ward and its County/SubCounty relationships match the unique normalized authoritative identity.
232,MARSABIT,NORTH HORR,ILLERET,marsabit,northhorr,1293,64,Marsabit,1307,North Horr,64,1307,North Horr,EXACT_MATCH,sourceGID located the Ward and its County/SubCounty relationships match the unique normalized authoritative identity.
233,MARSABIT,SAKU,SAGANTE/JALDESA,marsabit,saku,1294,64,Marsabit,329,SAKU,64,329,SAKU,EXACT_MATCH,sourceGID located the Ward and its County/SubCounty relationships match the unique normalized authoritative identity.
1723,Busia,Matayos Sub County,Matayos South Ward,busia,matayos,1295,62,Busia,323,Matayos Sub County,62,323,Matayos Sub County,EXACT_MATCH,sourceGID located the Ward and its County/SubCounty relationships match the unique normalized authoritative identity.
1724,Busia,Matayos Sub County,Busibwabo Ward,busia,matayos,1296,62,Busia,323,Matayos Sub County,62,323,Matayos Sub County,EXACT_MATCH,sourceGID located the Ward and its County/SubCounty relationships match the unique normalized authoritative identity.
1725,Busia,Matayos Sub County,Burumba Ward,busia,matayos,1297,62,Busia,323,Matayos Sub County,62,323,Matayos Sub County,EXACT_MATCH,sourceGID located the Ward and its County/SubCounty relationships match the unique normalized authoritative identity.
240,MARSABIT,LAISAMIS,LAISAMIS,marsabit,laisamis,1298,64,Marsabit,330,LAISAMIS,64,330,LAISAMIS,EXACT_MATCH,sourceGID located the Ward and its County/SubCounty relationships match the unique normalized authoritative identity.
251,MERU,Igembe South Sub County,Maua Ward,meru,igembesouth,1299,65,Meru,1316,Igembe South,65,1316,Igembe South,EXACT_MATCH,sourceGID located the Ward and its County/SubCounty relationships match the unique normalized authoritative identity.
252,MERU,Igembe South Sub County,Kiegoi/antubochiu Ward,meru,igembesouth,1300,65,Meru,1316,Igembe South,65,1316,Igembe South,EXACT_MATCH,sourceGID located the Ward and its County/SubCounty relationships match the unique normalized authoritative identity.
253,MERU,Igembe South Sub County,Athiru gaiti Ward,meru,igembesouth,1301,65,Meru,1316,Igembe South,65,1316,Igembe South,EXACT_MATCH,sourceGID located the Ward and its County/SubCounty relationships match the unique normalized authoritative identity.
254,MERU,Igembe South Sub County,Akachiu Ward,meru,igembesouth,1302,65,Meru,1316,Igembe South,65,1316,Igembe South,EXACT_MATCH,sourceGID located the Ward and its County/SubCounty relationships match the unique normalized authoritative identity.
255,MERU,Igembe South Sub County,Kanuni Ward,meru,igembesouth,1303,65,Meru,1316,Igembe South,65,1316,Igembe South,EXACT_MATCH,sourceGID located the Ward and its County/SubCounty relationships match the unique normalized authoritative identity.
256,MERU,Igembe Central Sub County,Akirang'ondu Ward,meru,igembecentral,1304,65,Meru,1314,Igembe Central,65,1314,Igembe Central,EXACT_MATCH,sourceGID located the Ward and its County/SubCounty relationships match the unique normalized authoritative identity.
257,MERU,Igembe Central Sub County,Athiru ruujine Ward,meru,igembecentral,1305,65,Meru,1314,Igembe Central,65,1314,Igembe Central,EXACT_MATCH,sourceGID located the Ward and its County/SubCounty relationships match the unique normalized authoritative identity.
258,MERU,Igembe Central Sub County,Kiengu/Igembe East ward,meru,igembecentral,1306,65,Meru,1314,Igembe Central,65,1314,Igembe Central,EXACT_MATCH,sourceGID located the Ward and its County/SubCounty relationships match the unique normalized authoritative identity.
259,MERU,Igembe Central Sub County,Njia Ward,meru,igembecentral,1307,65,Meru,1314,Igembe Central,65,1314,Igembe Central,EXACT_MATCH,sourceGID located the Ward and its County/SubCounty relationships match the unique normalized authoritative identity.
260,MERU,Igembe Central Sub County,Kangeta Ward,meru,igembecentral,1308,65,Meru,1314,Igembe Central,65,1314,Igembe Central,EXACT_MATCH,sourceGID located the Ward and its County/SubCounty relationships match the unique normalized authoritative identity.
261,MERU,Igembe North Sub County,Antuambui Ward,meru,igembenorth,1309,65,Meru,1315,Igembe North,65,1315,Igembe North,EXACT_MATCH,sourceGID located the Ward and its County/SubCounty relationships match the unique normalized authoritative identity.
262,MERU,Igembe North Sub County,Ntunene Ward,meru,igembenorth,1310,65,Meru,1315,Igembe North,65,1315,Igembe North,EXACT_MATCH,sourceGID located the Ward and its County/SubCounty relationships match the unique normalized authoritative identity.
263,MERU,Igembe North Sub County,Antubetwe kiongo Ward,meru,igembenorth,1311,65,Meru,1315,Igembe North,65,1315,Igembe North,EXACT_MATCH,sourceGID located the Ward and its County/SubCounty relationships match the unique normalized authoritative identity.
264,MERU,Igembe North Sub County,Naathu Ward,meru,igembenorth,1312,65,Meru,1315,Igembe North,65,1315,Igembe North,EXACT_MATCH,sourceGID located the Ward and its County/SubCounty relationships match the unique normalized authoritative identity.
265,MERU,Igembe North Sub County,Amwathi Ward,meru,igembenorth,1313,65,Meru,1315,Igembe North,65,1315,Igembe North,EXACT_MATCH,sourceGID located the Ward and its County/SubCounty relationships match the unique normalized authoritative identity.
266,MERU,Tigania West Sub County,Athwana Ward,meru,tiganiawest,1314,65,Meru,1322,Tigania West,65,1322,Tigania West,EXACT_MATCH,sourceGID located the Ward and its County/SubCounty relationships match the unique normalized authoritative identity.
267,MERU,Tigania West Sub County,Akithii Ward,meru,tiganiawest,1315,65,Meru,1322,Tigania West,65,1322,Tigania West,EXACT_MATCH,sourceGID located the Ward and its County/SubCounty relationships match the unique normalized authoritative identity.
268,MERU,Tigania West Sub County,Kianjai Ward,meru,tiganiawest,1316,65,Meru,1322,Tigania West,65,1322,Tigania West,EXACT_MATCH,sourceGID located the Ward and its County/SubCounty relationships match the unique normalized authoritative identity.
269,MERU,Tigania West Sub County,Nkomo Ward,meru,tiganiawest,1317,65,Meru,1322,Tigania West,65,1322,Tigania West,EXACT_MATCH,sourceGID located the Ward and its County/SubCounty relationships match the unique normalized authoritative identity.
270,MERU,Tigania West Sub County,Mbeu Ward,meru,tiganiawest,1318,65,Meru,1322,Tigania West,65,1322,Tigania West,EXACT_MATCH,sourceGID located the Ward and its County/SubCounty relationships match the unique normalized authoritative identity.
271,MERU,Tigania East Sub County,Thangatha Ward,meru,tiganiaeast,1319,65,Meru,1321,Tigania East,65,1321,Tigania East,EXACT_MATCH,sourceGID located the Ward and its County/SubCounty relationships match the unique normalized authoritative identity.
272,MERU,Tigania East Sub County,Mikinduri Ward,meru,tiganiaeast,1320,65,Meru,1321,Tigania East,65,1321,Tigania East,EXACT_MATCH,sourceGID located the Ward and its County/SubCounty relationships match the unique normalized authoritative identity.
273,MERU,Tigania East Sub County,Kiguchwa Ward,meru,tiganiaeast,1321,65,Meru,1321,Tigania East,65,1321,Tigania East,EXACT_MATCH,sourceGID located the Ward and its County/SubCounty relationships match the unique normalized authoritative identity.
274,MERU,Tigania East Sub County,Muthara Ward,meru,tiganiaeast,1322,65,Meru,1321,Tigania East,65,1321,Tigania East,EXACT_MATCH,sourceGID located the Ward and its County/SubCounty relationships match the unique normalized authoritative identity.
275,MERU,Tigania East Sub County,Karama Ward,meru,tiganiaeast,1323,65,Meru,1321,Tigania East,65,1321,Tigania East,EXACT_MATCH,sourceGID located the Ward and its County/SubCounty relationships match the unique normalized authoritative identity.
276,MERU,Imenti North Sub County,Municipality Ward,meru,imentinorth,1324,65,Meru,1317,Imenti North,65,1317,Imenti North,EXACT_MATCH,sourceGID located the Ward and its County/SubCounty relationships match the unique normalized authoritative identity.
277,MERU,Imenti North Sub County,Ntima east Ward,meru,imentinorth,1325,65,Meru,1317,Imenti North,65,1317,Imenti North,EXACT_MATCH,sourceGID located the Ward and its County/SubCounty relationships match the unique normalized authoritative identity.
278,MERU,Imenti North Sub County,Ntima west Ward,meru,imentinorth,1326,65,Meru,1317,Imenti North,65,1317,Imenti North,EXACT_MATCH,sourceGID located the Ward and its County/SubCounty relationships match the unique normalized authoritative identity.
279,MERU,Imenti North Sub County,Nyaki west Ward,meru,imentinorth,1327,65,Meru,1317,Imenti North,65,1317,Imenti North,EXACT_MATCH,sourceGID located the Ward and its County/SubCounty relationships match the unique normalized authoritative identity.
280,MERU,Imenti North Sub County,Nyaki east Ward,meru,imentinorth,1328,65,Meru,1317,Imenti North,65,1317,Imenti North,EXACT_MATCH,sourceGID located the Ward and its County/SubCounty relationships match the unique normalized authoritative identity.
281,MERU,Buuri Sub County,Timau Ward,meru,buuri,1329,65,Meru,337,Buuri Sub County,65,337,Buuri Sub County,EXACT_MATCH,sourceGID located the Ward and its County/SubCounty relationships match the unique normalized authoritative identity.
282,MERU,Buuri Sub County,Kisima Ward,meru,buuri,1330,65,Meru,337,Buuri Sub County,65,337,Buuri Sub County,EXACT_MATCH,sourceGID located the Ward and its County/SubCounty relationships match the unique normalized authoritative identity.
283,MERU,Buuri Sub County,Kiirua Naari Ward,meru,buuri,1331,65,Meru,337,Buuri Sub County,65,337,Buuri Sub County,EXACT_MATCH,sourceGID located the Ward and its County/SubCounty relationships match the unique normalized authoritative identity.
284,MERU,Buuri Sub County,Ruiru Rwawera Ward,meru,buuri,1332,65,Meru,337,Buuri Sub County,65,337,Buuri Sub County,EXACT_MATCH,sourceGID located the Ward and its County/SubCounty relationships match the unique normalized authoritative identity.
285,MERU,Imenti Central Sub County,Mwangathia Ward,meru,imenticentral,1333,65,Meru,338,Imenti Central Sub County,65,338,Imenti Central Sub County,EXACT_MATCH,sourceGID located the Ward and its County/SubCounty relationships match the unique normalized authoritative identity.
286,MERU,Imenti Central Sub County,Abothuguchi central Ward,meru,imenticentral,1334,65,Meru,338,Imenti Central Sub County,65,338,Imenti Central Sub County,EXACT_MATCH,sourceGID located the Ward and its County/SubCounty relationships match the unique normalized authoritative identity.
287,MERU,Imenti Central Sub County,Abothuguchi west Ward,meru,imenticentral,1335,65,Meru,338,Imenti Central Sub County,65,338,Imenti Central Sub County,EXACT_MATCH,sourceGID located the Ward and its County/SubCounty relationships match the unique normalized authoritative identity.
288,MERU,Imenti Central Sub County,Kiagu Ward,meru,imenticentral,1336,65,Meru,338,Imenti Central Sub County,65,338,Imenti Central Sub County,EXACT_MATCH,sourceGID located the Ward and its County/SubCounty relationships match the unique normalized authoritative identity.
289,MERU,Buuri Sub County,Kibirichia Ward,meru,buuri,1337,65,Meru,337,Buuri Sub County,65,337,Buuri Sub County,EXACT_MATCH,sourceGID located the Ward and its County/SubCounty relationships match the unique normalized authoritative identity.
290,MERU,Imenti South Sub County,Mitunguu Ward,meru,imentisouth,1338,65,Meru,1318,Imenti South,65,1318,Imenti South,EXACT_MATCH,sourceGID located the Ward and its County/SubCounty relationships match the unique normalized authoritative identity.
291,MERU,Imenti South Sub County,Igoji east Ward,meru,imentisouth,1339,65,Meru,1318,Imenti South,65,1318,Imenti South,EXACT_MATCH,sourceGID located the Ward and its County/SubCounty relationships match the unique normalized authoritative identity.
292,MERU,Imenti South Sub County,Igoji west Ward,meru,imentisouth,1340,65,Meru,1318,Imenti South,65,1318,Imenti South,EXACT_MATCH,sourceGID located the Ward and its County/SubCounty relationships match the unique normalized authoritative identity.
293,MERU,Imenti South Sub County,Abogeta east Ward,meru,imentisouth,1341,65,Meru,1318,Imenti South,65,1318,Imenti South,EXACT_MATCH,sourceGID located the Ward and its County/SubCounty relationships match the unique normalized authoritative identity.
294,MERU,Imenti South Sub County,Abogeta west Ward,meru,imentisouth,1342,65,Meru,1318,Imenti South,65,1318,Imenti South,EXACT_MATCH,sourceGID located the Ward and its County/SubCounty relationships match the unique normalized authoritative identity.
295,MERU,Imenti South Sub County,Nkuene Ward,meru,imentisouth,1343,65,Meru,1318,Imenti South,65,1318,Imenti South,EXACT_MATCH,sourceGID located the Ward and its County/SubCounty relationships match the unique normalized authoritative identity.
296,THARAKA-NITHI,Muthambi Sub County,Mitheru Ward,tharakanithi,muthambi,1344,66,Tharaka Nithi,340,Muthambi Sub County,66,340,Muthambi Sub County,EXACT_MATCH,sourceGID located the Ward and its County/SubCounty relationships match the unique normalized authoritative identity.
297,THARAKA-NITHI,Muthambi Sub County,Muthambi Ward,tharakanithi,muthambi,1345,66,Tharaka Nithi,340,Muthambi Sub County,66,340,Muthambi Sub County,EXACT_MATCH,sourceGID located the Ward and its County/SubCounty relationships match the unique normalized authoritative identity.
298,THARAKA-NITHI,Mwimbi Sub County,Mwimbi Ward,tharakanithi,mwimbi,1346,66,Tharaka Nithi,341,Mwimbi Sub County,66,341,Mwimbi Sub County,EXACT_MATCH,sourceGID located the Ward and its County/SubCounty relationships match the unique normalized authoritative identity.
1606,Bungoma,Sirisia Sub County,Namwela Ward,bungoma,sirisia,1347,53,Bungoma,281,Sirisia Sub County,53,281,Sirisia Sub County,EXACT_MATCH,sourceGID located the Ward and its County/SubCounty relationships match the unique normalized authoritative identity.
461,NYANDARUA,Oljoroorok Sub County,Charagita Ward,nyandarua,oljoroorok,1348,67,Nyandarua,342,Oljoroorok Sub County,67,342,Oljoroorok Sub County,EXACT_MATCH,sourceGID located the Ward and its County/SubCounty relationships match the unique normalized authoritative identity.
1609,Bungoma,Kabuchai Sub County,Kabuchai/chwele Ward,bungoma,kabuchai,1349,53,Bungoma,282,Kabuchai Sub County,53,282,Kabuchai Sub County,EXACT_MATCH,sourceGID located the Ward and its County/SubCounty relationships match the unique normalized authoritative identity.
1611,Bungoma,Kabuchai Sub County,Bwake/luuya Ward,bungoma,kabuchai,1350,53,Bungoma,282,Kabuchai Sub County,53,282,Kabuchai Sub County,EXACT_MATCH,sourceGID located the Ward and its County/SubCounty relationships match the unique normalized authoritative identity.
333,KITUI,Mwingi North Sub County,Mumoni Ward,kitui,mwinginorth,1351,68,Kitui,343,Mwingi North Sub County,68,343,Mwingi North Sub County,EXACT_MATCH,sourceGID located the Ward and its County/SubCounty relationships match the unique normalized authoritative identity.
334,KITUI,Mwingi North Sub County,Tseikuru Ward,kitui,mwinginorth,1352,68,Kitui,343,Mwingi North Sub County,68,343,Mwingi North Sub County,EXACT_MATCH,sourceGID located the Ward and its County/SubCounty relationships match the unique normalized authoritative identity.
335,KITUI,Mwingi North Sub County,Tharaka Ward,kitui,mwinginorth,1353,68,Kitui,343,Mwingi North Sub County,68,343,Mwingi North Sub County,EXACT_MATCH,sourceGID located the Ward and its County/SubCounty relationships match the unique normalized authoritative identity.
336,KITUI,Mwingi West Sub County,Kyome/thaana Ward,kitui,mwingiwest,1354,68,Kitui,344,Mwingi West Sub County,68,344,Mwingi West Sub County,EXACT_MATCH,sourceGID located the Ward and its County/SubCounty relationships match the unique normalized authoritative identity.
337,KITUI,Mwingi West Sub County,Nguutani Ward,kitui,mwingiwest,1355,68,Kitui,344,Mwingi West Sub County,68,344,Mwingi West Sub County,EXACT_MATCH,sourceGID located the Ward and its County/SubCounty relationships match the unique normalized authoritative identity.
338,KITUI,Mwingi West Sub County,Migwani Ward,kitui,mwingiwest,1356,68,Kitui,344,Mwingi West Sub County,68,344,Mwingi West Sub County,EXACT_MATCH,sourceGID located the Ward and its County/SubCounty relationships match the unique normalized authoritative identity.
339,KITUI,Mwingi West Sub County,Kiomo/kyethani Ward,kitui,mwingiwest,1357,68,Kitui,344,Mwingi West Sub County,68,344,Mwingi West Sub County,EXACT_MATCH,sourceGID located the Ward and its County/SubCounty relationships match the unique normalized authoritative identity.
340,KITUI,Mwingi Central Sub- County,Central Ward,kitui,mwingicentral,1358,68,Kitui,1346,Mwingi Central,68,1346,Mwingi Central,EXACT_MATCH,sourceGID located the Ward and its County/SubCounty relationships match the unique normalized authoritative identity.
341,KITUI,Mwingi Central Sub- County,Kivou Ward,kitui,mwingicentral,1359,68,Kitui,1346,Mwingi Central,68,1346,Mwingi Central,EXACT_MATCH,sourceGID located the Ward and its County/SubCounty relationships match the unique normalized authoritative identity.
342,KITUI,Mwingi Central Sub- County,Nguni Ward,kitui,mwingicentral,1360,68,Kitui,1346,Mwingi Central,68,1346,Mwingi Central,EXACT_MATCH,sourceGID located the Ward and its County/SubCounty relationships match the unique normalized authoritative identity.
343,KITUI,Mwingi Central Sub- County,Nuu Ward,kitui,mwingicentral,1361,68,Kitui,1346,Mwingi Central,68,1346,Mwingi Central,EXACT_MATCH,sourceGID located the Ward and its County/SubCounty relationships match the unique normalized authoritative identity.
344,KITUI,Mwingi Central Sub- County,Mui Ward,kitui,mwingicentral,1362,68,Kitui,1346,Mwingi Central,68,1346,Mwingi Central,EXACT_MATCH,sourceGID located the Ward and its County/SubCounty relationships match the unique normalized authoritative identity.
1613,Bungoma,Bumula Sub County,South Bukusu Ward,bungoma,bumula,1363,53,Bungoma,1511,Bumula,53,1511,Bumula,EXACT_MATCH,sourceGID located the Ward and its County/SubCounty relationships match the unique normalized authoritative identity.
484,NYERI,Nyeri South Sub County,Iria-ini Ward,nyeri,nyerisouth,1364,69,Nyeri,1381,Nyeri South,69,1381,Nyeri South,EXACT_MATCH,sourceGID located the Ward and its County/SubCounty relationships match the unique normalized authoritative identity.
485,NYERI,Nyeri South Sub County,Chinga Ward,nyeri,nyerisouth,1365,69,Nyeri,1381,Nyeri South,69,1381,Nyeri South,EXACT_MATCH,sourceGID located the Ward and its County/SubCounty relationships match the unique normalized authoritative identity.
616,TURKANA,Turkana West Sub County,Nakalale Ward,turkana,turkanawest,1366,70,Turkana,1416,Turkana West,70,1416,Turkana West,EXACT_MATCH,sourceGID located the Ward and its County/SubCounty relationships match the unique normalized authoritative identity.
352,KITUI,Kitui Rural Sub County,Kwavonza/yatta Ward,kitui,kituirural,1367,68,Kitui,348,Kitui Rural Sub County,68,348,Kitui Rural Sub County,EXACT_MATCH,sourceGID located the Ward and its County/SubCounty relationships match the unique normalized authoritative identity.
353,KITUI,Kitui Rural Sub County,Kanyangi Ward,kitui,kituirural,1368,68,Kitui,348,Kitui Rural Sub County,68,348,Kitui Rural Sub County,EXACT_MATCH,sourceGID located the Ward and its County/SubCounty relationships match the unique normalized authoritative identity.
354,KITUI,Kitui Central  Sub County,Miambani Ward,kitui,kituicentral,1369,68,Kitui,1336,Kitui Central,68,1336,Kitui Central,EXACT_MATCH,sourceGID located the Ward and its County/SubCounty relationships match the unique normalized authoritative identity.
355,KITUI,Kitui Central  Sub County,Township Ward,kitui,kituicentral,1370,68,Kitui,1336,Kitui Central,68,1336,Kitui Central,EXACT_MATCH,sourceGID located the Ward and its County/SubCounty relationships match the unique normalized authoritative identity.
356,KITUI,Kitui Central  Sub County,Kyangwithya west Ward,kitui,kituicentral,1371,68,Kitui,1336,Kitui Central,68,1336,Kitui Central,EXACT_MATCH,sourceGID located the Ward and its County/SubCounty relationships match the unique normalized authoritative identity.
641,WEST POKOT,West Pokot Sub County,Riwo Ward,westpokot,westpokot,1372,71,West Pokot,1421,West Pokot,71,1421,West Pokot,EXACT_MATCH,sourceGID located the Ward and its County/SubCounty relationships match the unique normalized authoritative identity.
651,WEST POKOT,Pokot North Sub County,Suam Ward,westpokot,pokotnorth,1373,71,West Pokot,1419,Pokot North,71,1419,Pokot North,EXACT_MATCH,sourceGID located the Ward and its County/SubCounty relationships match the unique normalized authoritative identity.
652,WEST POKOT,Pokot North Sub County,Kodich Ward,westpokot,pokotnorth,1374,71,West Pokot,1419,Pokot North,71,1419,Pokot North,EXACT_MATCH,sourceGID located the Ward and its County/SubCounty relationships match the unique normalized authoritative identity.
653,WEST POKOT,Pokot North Sub County,Kasei Ward,westpokot,pokotnorth,1375,71,West Pokot,1419,Pokot North,71,1419,Pokot North,EXACT_MATCH,sourceGID located the Ward and its County/SubCounty relationships match the unique normalized authoritative identity.
654,WEST POKOT,Pokot North Sub County,Kapchok Ward,westpokot,pokotnorth,1376,71,West Pokot,1419,Pokot North,71,1419,Pokot North,EXACT_MATCH,sourceGID located the Ward and its County/SubCounty relationships match the unique normalized authoritative identity.
655,WEST POKOT,Pokot North Sub County,Kiwawa Ward,westpokot,pokotnorth,1377,71,West Pokot,1419,Pokot North,71,1419,Pokot North,EXACT_MATCH,sourceGID located the Ward and its County/SubCounty relationships match the unique normalized authoritative identity.
1801,Mombasa,Jomvu  Sub County,Miritini Ward,mombasa,jomvu,1378,55,Mombasa,1252,Jomvu,55,1252,Jomvu,EXACT_MATCH,sourceGID located the Ward and its County/SubCounty relationships match the unique normalized authoritative identity.
960,KERICHO,Belgut Sub County,Chaik Ward,kericho,belgut,1379,56,Kericho,1482,Belgut,56,1482,Belgut,EXACT_MATCH,sourceGID located the Ward and its County/SubCounty relationships match the unique normalized authoritative identity.
1614,Bungoma,Bumula Sub County,Bumula Ward,bungoma,bumula,1380,53,Bungoma,1511,Bumula,53,1511,Bumula,EXACT_MATCH,sourceGID located the Ward and its County/SubCounty relationships match the unique normalized authoritative identity.
1615,Bungoma,Bumula Sub County,Khasoko Ward,bungoma,bumula,1381,53,Bungoma,1511,Bumula,53,1511,Bumula,EXACT_MATCH,sourceGID located the Ward and its County/SubCounty relationships match the unique normalized authoritative identity.
663,SAMBURU,Samburu Central Sub County,Maralal Ward,samburu,samburucentral,1382,72,Samburu,1422,Samburu Central,72,1422,Samburu Central,EXACT_MATCH,sourceGID located the Ward and its County/SubCounty relationships match the unique normalized authoritative identity.
162,WAJIR,Wajir North Sub County,Bute Ward,wajir,wajirnorth,1383,61,Wajir,1292,Wajir North,61,1292,Wajir North,EXACT_MATCH,sourceGID located the Ward and its County/SubCounty relationships match the unique normalized authoritative identity.
360,KITUI,Kitui East Sub County,Nzambani Ward,kitui,kituieast,1384,68,Kitui,354,Kitui East Sub County,68,354,Kitui East Sub County,EXACT_MATCH,sourceGID located the Ward and its County/SubCounty relationships match the unique normalized authoritative identity.
1618,Bungoma,Bumula Sub County,West Bukusu Ward,bungoma,bumula,1385,53,Bungoma,1511,Bumula,53,1511,Bumula,EXACT_MATCH,sourceGID located the Ward and its County/SubCounty relationships match the unique normalized authoritative identity.
1622,Bungoma,Kanduyi Sub County,Township Ward,bungoma,kanduyi,1386,53,Bungoma,284,Kanduyi Sub County,53,284,Kanduyi Sub County,EXACT_MATCH,sourceGID located the Ward and its County/SubCounty relationships match the unique normalized authoritative identity.
1623,Bungoma,Kanduyi Sub County,Khalaba Ward,bungoma,kanduyi,1387,53,Bungoma,284,Kanduyi Sub County,53,284,Kanduyi Sub County,EXACT_MATCH,sourceGID located the Ward and its County/SubCounty relationships match the unique normalized authoritative identity.
1624,Bungoma,Kanduyi Sub County,Musikoma Ward,bungoma,kanduyi,1388,53,Bungoma,284,Kanduyi Sub County,53,284,Kanduyi Sub County,EXACT_MATCH,sourceGID located the Ward and its County/SubCounty relationships match the unique normalized authoritative identity.
1625,Bungoma,Kanduyi Sub County,East Sang'alo Ward,bungoma,kanduyi,1389,53,Bungoma,284,Kanduyi Sub County,53,284,Kanduyi Sub County,EXACT_MATCH,sourceGID located the Ward and its County/SubCounty relationships match the unique normalized authoritative identity.
1626,Bungoma,Kanduyi Sub County,Marakaru/tuuti Ward,bungoma,kanduyi,1390,53,Bungoma,284,Kanduyi Sub County,53,284,Kanduyi Sub County,EXACT_MATCH,sourceGID located the Ward and its County/SubCounty relationships match the unique normalized authoritative identity.
1627,Bungoma,Kanduyi Sub County,West Sang'alo Ward,bungoma,kanduyi,1391,53,Bungoma,284,Kanduyi Sub County,53,284,Kanduyi Sub County,EXACT_MATCH,sourceGID located the Ward and its County/SubCounty relationships match the unique normalized authoritative identity.
1628,Bungoma,Webuye  East Sub County,Mihuu Ward,bungoma,webuyeeast,1392,53,Bungoma,355,Webuye  East Sub County,53,355,Webuye  East Sub County,EXACT_MATCH,sourceGID located the Ward and its County/SubCounty relationships match the unique normalized authoritative identity.
1629,Bungoma,Webuye  East Sub County,Ndivisi Ward,bungoma,webuyeeast,1393,53,Bungoma,355,Webuye  East Sub County,53,355,Webuye  East Sub County,EXACT_MATCH,sourceGID located the Ward and its County/SubCounty relationships match the unique normalized authoritative identity.
1630,Bungoma,Webuye  East Sub County,Maraka Ward,bungoma,webuyeeast,1394,53,Bungoma,355,Webuye  East Sub County,53,355,Webuye  East Sub County,EXACT_MATCH,sourceGID located the Ward and its County/SubCounty relationships match the unique normalized authoritative identity.
1631,Bungoma,Webuye West Sub County,Misikhu Ward,bungoma,webuyewest,1395,53,Bungoma,1520,Webuye West,53,1520,Webuye West,EXACT_MATCH,sourceGID located the Ward and its County/SubCounty relationships match the unique normalized authoritative identity.
1632,Bungoma,Webuye West Sub County,Sitikho Ward,bungoma,webuyewest,1396,53,Bungoma,1520,Webuye West,53,1520,Webuye West,EXACT_MATCH,sourceGID located the Ward and its County/SubCounty relationships match the unique normalized authoritative identity.
1633,Bungoma,Webuye West Sub County,Matulo Ward,bungoma,webuyewest,1397,53,Bungoma,1520,Webuye West,53,1520,Webuye West,EXACT_MATCH,sourceGID located the Ward and its County/SubCounty relationships match the unique normalized authoritative identity.
97,TANA RIVER,Bura Sub County,Hirimani Ward,tanariver,bura,1398,57,Tana River,299,Bura Sub County,57,299,Bura Sub County,EXACT_MATCH,sourceGID located the Ward and its County/SubCounty relationships match the unique normalized authoritative identity.
1831,Kilifi,Kilifi North Sub County,Mnarani Ward,kilifi,kilifinorth,1399,73,Kilifi,1266,Kilifi North,73,1266,Kilifi North,EXACT_MATCH,sourceGID located the Ward and its County/SubCounty relationships match the unique normalized authoritative identity.
1675,Kakamega,Mumias West  Sub County,Mumias North Ward,kakamega,mumiaswest,1400,54,Kakamega,1504,Mumias West,54,1504,Mumias West,EXACT_MATCH,sourceGID located the Ward and its County/SubCounty relationships match the unique normalized authoritative identity.
95,TANA RIVER,Galole Sub County,Wayu Ward,tanariver,galole,1401,57,Tana River,296,Galole Sub County,57,296,Galole Sub County,EXACT_MATCH,sourceGID located the Ward and its County/SubCounty relationships match the unique normalized authoritative identity.
368,KITUI,Kitui South Sub County,Ikutha Ward,kitui,kituisouth,1402,68,Kitui,357,Kitui South Sub County,68,357,Kitui South Sub County,EXACT_MATCH,sourceGID located the Ward and its County/SubCounty relationships match the unique normalized authoritative identity.
370,KITUI,Kitui South Sub County,Athi Ward,kitui,kituisouth,1403,68,Kitui,357,Kitui South Sub County,68,357,Kitui South Sub County,EXACT_MATCH,sourceGID located the Ward and its County/SubCounty relationships match the unique normalized authoritative identity.
411,MAKUENI,Mbooni  Sub County,Tulimani Ward,makueni,mbooni,1404,74,Makueni,358,Mbooni  Sub County,74,358,Mbooni  Sub County,EXACT_MATCH,sourceGID located the Ward and its County/SubCounty relationships match the unique normalized authoritative identity.
412,MAKUENI,Mbooni  Sub County,Mbooni Ward,makueni,mbooni,1405,74,Makueni,358,Mbooni  Sub County,74,358,Mbooni  Sub County,EXACT_MATCH,sourceGID located the Ward and its County/SubCounty relationships match the unique normalized authoritative identity.
413,MAKUENI,Mbooni  Sub County,Kithungo/Kitundu Ward,makueni,mbooni,1406,74,Makueni,358,Mbooni  Sub County,74,358,Mbooni  Sub County,EXACT_MATCH,sourceGID located the Ward and its County/SubCounty relationships match the unique normalized authoritative identity.
414,MAKUENI,Mbooni  Sub County,Kiteta-Kisau Ward,makueni,mbooni,1407,74,Makueni,358,Mbooni  Sub County,74,358,Mbooni  Sub County,EXACT_MATCH,sourceGID located the Ward and its County/SubCounty relationships match the unique normalized authoritative identity.
415,MAKUENI,Mbooni  Sub County,Waia/Kako Ward,makueni,mbooni,1408,74,Makueni,358,Mbooni  Sub County,74,358,Mbooni  Sub County,EXACT_MATCH,sourceGID located the Ward and its County/SubCounty relationships match the unique normalized authoritative identity.
416,MAKUENI,Mbooni  Sub County,Kalawa/ Kathulumbi Ward,makueni,mbooni,1409,74,Makueni,358,Mbooni  Sub County,74,358,Mbooni  Sub County,EXACT_MATCH,sourceGID located the Ward and its County/SubCounty relationships match the unique normalized authoritative identity.
417,MAKUENI,Kilome Sub County,Kasikeu Ward,makueni,kilome,1410,74,Makueni,359,Kilome Sub County,74,359,Kilome Sub County,EXACT_MATCH,sourceGID located the Ward and its County/SubCounty relationships match the unique normalized authoritative identity.
418,MAKUENI,Kilome Sub County,Mukaa Ward,makueni,kilome,1411,74,Makueni,359,Kilome Sub County,74,359,Kilome Sub County,EXACT_MATCH,sourceGID located the Ward and its County/SubCounty relationships match the unique normalized authoritative identity.
419,MAKUENI,Kilome Sub County,Kiima Kiu/Kalanzoni Ward,makueni,kilome,1412,74,Makueni,359,Kilome Sub County,74,359,Kilome Sub County,EXACT_MATCH,sourceGID located the Ward and its County/SubCounty relationships match the unique normalized authoritative identity.
420,MAKUENI,Kaiti  Sub County,Ukia ward,makueni,kaiti,1413,74,Makueni,360,Kaiti  Sub County,74,360,Kaiti  Sub County,EXACT_MATCH,sourceGID located the Ward and its County/SubCounty relationships match the unique normalized authoritative identity.
421,MAKUENI,Kaiti  Sub County,Kee ward,makueni,kaiti,1414,74,Makueni,360,Kaiti  Sub County,74,360,Kaiti  Sub County,EXACT_MATCH,sourceGID located the Ward and its County/SubCounty relationships match the unique normalized authoritative identity.
422,MAKUENI,Kaiti  Sub County,Kilungu ward,makueni,kaiti,1415,74,Makueni,360,Kaiti  Sub County,74,360,Kaiti  Sub County,EXACT_MATCH,sourceGID located the Ward and its County/SubCounty relationships match the unique normalized authoritative identity.
423,MAKUENI,Kaiti  Sub County,Ilima ward,makueni,kaiti,1416,74,Makueni,360,Kaiti  Sub County,74,360,Kaiti  Sub County,EXACT_MATCH,sourceGID located the Ward and its County/SubCounty relationships match the unique normalized authoritative identity.
424,MAKUENI,Makueni  Sub County,Wote Ward,makueni,makueni,1417,74,Makueni,1364,Makueni,74,1364,Makueni,EXACT_MATCH,sourceGID located the Ward and its County/SubCounty relationships match the unique normalized authoritative identity.
425,MAKUENI,Makueni  Sub County,Muvau/Kikumini Ward,makueni,makueni,1418,74,Makueni,1364,Makueni,74,1364,Makueni,EXACT_MATCH,sourceGID located the Ward and its County/SubCounty relationships match the unique normalized authoritative identity.
426,MAKUENI,Makueni  Sub County,Mavindini Ward,makueni,makueni,1419,74,Makueni,1364,Makueni,74,1364,Makueni,EXACT_MATCH,sourceGID located the Ward and its County/SubCounty relationships match the unique normalized authoritative identity.
427,MAKUENI,Makueni  Sub County,Kitise/Kithuki Ward,makueni,makueni,1420,74,Makueni,1364,Makueni,74,1364,Makueni,EXACT_MATCH,sourceGID located the Ward and its County/SubCounty relationships match the unique normalized authoritative identity.
428,MAKUENI,Makueni  Sub County,Kathonzweni Ward,makueni,makueni,1421,74,Makueni,1364,Makueni,74,1364,Makueni,EXACT_MATCH,sourceGID located the Ward and its County/SubCounty relationships match the unique normalized authoritative identity.
429,MAKUENI,Makueni  Sub County,Nzaui/Kilili/Kalamba Ward,makueni,makueni,1422,74,Makueni,1364,Makueni,74,1364,Makueni,EXACT_MATCH,sourceGID located the Ward and its County/SubCounty relationships match the unique normalized authoritative identity.
430,MAKUENI,Makueni  Sub County,Mbitini Ward,makueni,makueni,1423,74,Makueni,1364,Makueni,74,1364,Makueni,EXACT_MATCH,sourceGID located the Ward and its County/SubCounty relationships match the unique normalized authoritative identity.
431,MAKUENI,Kibwezi West  Sub County,Makindu Ward,makueni,kibweziwest,1424,74,Makueni,362,Kibwezi West  Sub County,74,362,Kibwezi West  Sub County,EXACT_MATCH,sourceGID located the Ward and its County/SubCounty relationships match the unique normalized authoritative identity.
432,MAKUENI,Kibwezi West  Sub County,Nguumo Ward,makueni,kibweziwest,1425,74,Makueni,362,Kibwezi West  Sub County,74,362,Kibwezi West  Sub County,EXACT_MATCH,sourceGID located the Ward and its County/SubCounty relationships match the unique normalized authoritative identity.
433,MAKUENI,Kibwezi West  Sub County,Kikumbulyu North Ward,makueni,kibweziwest,1426,74,Makueni,362,Kibwezi West  Sub County,74,362,Kibwezi West  Sub County,EXACT_MATCH,sourceGID located the Ward and its County/SubCounty relationships match the unique normalized authoritative identity.
434,MAKUENI,Kibwezi West  Sub County,Kikumbulyu South Ward,makueni,kibweziwest,1427,74,Makueni,362,Kibwezi West  Sub County,74,362,Kibwezi West  Sub County,EXACT_MATCH,sourceGID located the Ward and its County/SubCounty relationships match the unique normalized authoritative identity.
435,MAKUENI,Kibwezi West  Sub County,Nguu/Masumba Ward,makueni,kibweziwest,1428,74,Makueni,362,Kibwezi West  Sub County,74,362,Kibwezi West  Sub County,EXACT_MATCH,sourceGID located the Ward and its County/SubCounty relationships match the unique normalized authoritative identity.
1676,Kakamega,Mumias West  Sub County,Etenje Ward,kakamega,mumiaswest,1429,54,Kakamega,1504,Mumias West,54,1504,Mumias West,EXACT_MATCH,sourceGID located the Ward and its County/SubCounty relationships match the unique normalized authoritative identity.
1677,Kakamega,Mumias West  Sub County,Musanda Ward,kakamega,mumiaswest,1430,54,Kakamega,1504,Mumias West,54,1504,Mumias West,EXACT_MATCH,sourceGID located the Ward and its County/SubCounty relationships match the unique normalized authoritative identity.
113,TAITA TAVETA,Taveta Sub County,Bomani Ward,taitataveta,taveta,1431,59,Taita Taveta,1278,Taveta,59,1278,Taveta,EXACT_MATCH,sourceGID located the Ward and its County/SubCounty relationships match the unique normalized authoritative identity.
114,TAITA TAVETA,Taveta Sub County,Mboghoni Ward,taitataveta,taveta,1432,59,Taita Taveta,1278,Taveta,59,1278,Taveta,EXACT_MATCH,sourceGID located the Ward and its County/SubCounty relationships match the unique normalized authoritative identity.
129,TAITA TAVETA,Voi Sub County,Kasigau Ward,taitataveta,voi,1433,59,Taita Taveta,1279,Voi,59,1279,Voi,EXACT_MATCH,sourceGID located the Ward and its County/SubCounty relationships match the unique normalized authoritative identity.
154,GARISSA,Fafi Sub County,Jarajila Ward,garissa,fafi,1434,60,Garissa,1282,Fafi,60,1282,Fafi,EXACT_MATCH,sourceGID located the Ward and its County/SubCounty relationships match the unique normalized authoritative identity.
155,GARISSA,Fafi Sub County,Fafi Ward,garissa,fafi,1435,60,Garissa,1282,Fafi,60,1282,Fafi,EXACT_MATCH,sourceGID located the Ward and its County/SubCounty relationships match the unique normalized authoritative identity.
163,WAJIR,Wajir North Sub County,Korondile Ward,wajir,wajirnorth,1436,61,Wajir,1292,Wajir North,61,1292,Wajir North,EXACT_MATCH,sourceGID located the Ward and its County/SubCounty relationships match the unique normalized authoritative identity.
183,WAJIR,Eldas Sub County,Elnur/tula tula Ward,wajir,eldas,1437,61,Wajir,1288,Eldas,61,1288,Eldas,EXACT_MATCH,sourceGID located the Ward and its County/SubCounty relationships match the unique normalized authoritative identity.
191,MANDERA,MANDERA WEST,TAKABA SOUTH,mandera,manderawest,1438,63,Mandera,1295,Mandera West,63,1295,Mandera West,EXACT_MATCH,sourceGID located the Ward and its County/SubCounty relationships match the unique normalized authoritative identity.
192,MANDERA,MANDERA WEST,TAKABA,mandera,manderawest,1439,63,Mandera,1295,Mandera West,63,1295,Mandera West,EXACT_MATCH,sourceGID located the Ward and its County/SubCounty relationships match the unique normalized authoritative identity.
184,WAJIR,Wajir South Sub County,Benane Ward,wajir,wajirsouth,1440,61,Wajir,1293,Wajir South,61,1293,Wajir South,EXACT_MATCH,sourceGID located the Ward and its County/SubCounty relationships match the unique normalized authoritative identity.
185,WAJIR,Wajir South Sub County,Burder Ward,wajir,wajirsouth,1441,61,Wajir,1293,Wajir South,61,1293,Wajir South,EXACT_MATCH,sourceGID located the Ward and its County/SubCounty relationships match the unique normalized authoritative identity.
1832,Kilifi,Kilifi South Sub County,Junju Ward,kilifi,kilifisouth,1442,73,Kilifi,1267,Kilifi South,73,1267,Kilifi South,EXACT_MATCH,sourceGID located the Ward and its County/SubCounty relationships match the unique normalized authoritative identity.
1684,Kakamega,Matungu Sub County,Mayoni Ward,kakamega,matungu,1443,54,Kakamega,1502,Matungu,54,1502,Matungu,EXACT_MATCH,sourceGID located the Ward and its County/SubCounty relationships match the unique normalized authoritative identity.
1685,Kakamega,Matungu Sub County,Namamali Ward,kakamega,matungu,1444,54,Kakamega,1502,Matungu,54,1502,Matungu,EXACT_MATCH,sourceGID located the Ward and its County/SubCounty relationships match the unique normalized authoritative identity.
1686,Kakamega,Butere Sub County,Marama West Ward,kakamega,butere,1445,54,Kakamega,1493,Butere,54,1493,Butere,EXACT_MATCH,sourceGID located the Ward and its County/SubCounty relationships match the unique normalized authoritative identity.
1687,Kakamega,Butere Sub County,Marama Central Ward,kakamega,butere,1446,54,Kakamega,1493,Butere,54,1493,Butere,EXACT_MATCH,sourceGID located the Ward and its County/SubCounty relationships match the unique normalized authoritative identity.
1688,Kakamega,Butere Sub County,Marenyo-shianda Ward,kakamega,butere,1447,54,Kakamega,1493,Butere,54,1493,Butere,EXACT_MATCH,sourceGID located the Ward and its County/SubCounty relationships match the unique normalized authoritative identity.
1689,Kakamega,Butere Sub County,Marama North Ward,kakamega,butere,1448,54,Kakamega,1493,Butere,54,1493,Butere,EXACT_MATCH,sourceGID located the Ward and its County/SubCounty relationships match the unique normalized authoritative identity.
1690,Kakamega,Butere Sub County,Marama South Ward,kakamega,butere,1449,54,Kakamega,1493,Butere,54,1493,Butere,EXACT_MATCH,sourceGID located the Ward and its County/SubCounty relationships match the unique normalized authoritative identity.
1692,Kakamega,Khwisero Sub County,Kisa East Ward,kakamega,khwisero,1450,54,Kakamega,1498,Khwisero,54,1498,Khwisero,EXACT_MATCH,sourceGID located the Ward and its County/SubCounty relationships match the unique normalized authoritative identity.
1693,Kakamega,Khwisero Sub County,Kisa West Ward,kakamega,khwisero,1451,54,Kakamega,1498,Khwisero,54,1498,Khwisero,EXACT_MATCH,sourceGID located the Ward and its County/SubCounty relationships match the unique normalized authoritative identity.
1694,Kakamega,Khwisero Sub County,Kisa Central Ward,kakamega,khwisero,1452,54,Kakamega,1498,Khwisero,54,1498,Khwisero,EXACT_MATCH,sourceGID located the Ward and its County/SubCounty relationships match the unique normalized authoritative identity.
1695,Kakamega,Shinyalu Sub County,Isukha North Ward,kakamega,shinyalu,1453,54,Kakamega,369,Shinyalu Sub County,54,369,Shinyalu Sub County,EXACT_MATCH,sourceGID located the Ward and its County/SubCounty relationships match the unique normalized authoritative identity.
1696,Kakamega,Shinyalu Sub County,Murhanda Ward,kakamega,shinyalu,1454,54,Kakamega,369,Shinyalu Sub County,54,369,Shinyalu Sub County,EXACT_MATCH,sourceGID located the Ward and its County/SubCounty relationships match the unique normalized authoritative identity.
1697,Kakamega,Shinyalu Sub County,Isukha Central Ward,kakamega,shinyalu,1455,54,Kakamega,369,Shinyalu Sub County,54,369,Shinyalu Sub County,EXACT_MATCH,sourceGID located the Ward and its County/SubCounty relationships match the unique normalized authoritative identity.
1698,Kakamega,Shinyalu Sub County,Isukha South Ward,kakamega,shinyalu,1456,54,Kakamega,369,Shinyalu Sub County,54,369,Shinyalu Sub County,EXACT_MATCH,sourceGID located the Ward and its County/SubCounty relationships match the unique normalized authoritative identity.
1699,Kakamega,Shinyalu Sub County,Isukha East Ward,kakamega,shinyalu,1457,54,Kakamega,369,Shinyalu Sub County,54,369,Shinyalu Sub County,EXACT_MATCH,sourceGID located the Ward and its County/SubCounty relationships match the unique normalized authoritative identity.
1700,Kakamega,Shinyalu Sub County,Isukha West Ward,kakamega,shinyalu,1458,54,Kakamega,369,Shinyalu Sub County,54,369,Shinyalu Sub County,EXACT_MATCH,sourceGID located the Ward and its County/SubCounty relationships match the unique normalized authoritative identity.
1701,Kakamega,Ikolomani Sub County,Idakho South Ward,kakamega,ikolomani,1459,54,Kakamega,370,Ikolomani Sub County,54,370,Ikolomani Sub County,EXACT_MATCH,sourceGID located the Ward and its County/SubCounty relationships match the unique normalized authoritative identity.
1702,Kakamega,Ikolomani Sub County,Idakho East Ward,kakamega,ikolomani,1460,54,Kakamega,370,Ikolomani Sub County,54,370,Ikolomani Sub County,EXACT_MATCH,sourceGID located the Ward and its County/SubCounty relationships match the unique normalized authoritative identity.
1703,Kakamega,Ikolomani Sub County,Idakho North Ward,kakamega,ikolomani,1461,54,Kakamega,370,Ikolomani Sub County,54,370,Ikolomani Sub County,EXACT_MATCH,sourceGID located the Ward and its County/SubCounty relationships match the unique normalized authoritative identity.
1704,Kakamega,Ikolomani Sub County,Idakho Central Ward,kakamega,ikolomani,1462,54,Kakamega,370,Ikolomani Sub County,54,370,Ikolomani Sub County,EXACT_MATCH,sourceGID located the Ward and its County/SubCounty relationships match the unique normalized authoritative identity.
1705,Busia,Teso North Sub County,Malaba Central Ward,busia,tesonorth,1463,62,Busia,1527,Teso North,62,1527,Teso North,EXACT_MATCH,sourceGID located the Ward and its County/SubCounty relationships match the unique normalized authoritative identity.
1706,Busia,Teso North Sub County,Malaba North Ward,busia,tesonorth,1464,62,Busia,1527,Teso North,62,1527,Teso North,EXACT_MATCH,sourceGID located the Ward and its County/SubCounty relationships match the unique normalized authoritative identity.
1707,Busia,Teso North Sub County,Ang'urai South Ward,busia,tesonorth,1465,62,Busia,1527,Teso North,62,1527,Teso North,EXACT_MATCH,sourceGID located the Ward and its County/SubCounty relationships match the unique normalized authoritative identity.
1708,Busia,Teso North Sub County,Ang'urai North Ward,busia,tesonorth,1466,62,Busia,1527,Teso North,62,1527,Teso North,EXACT_MATCH,sourceGID located the Ward and its County/SubCounty relationships match the unique normalized authoritative identity.
1709,Busia,Teso North Sub County,Ang'urai East Ward,busia,tesonorth,1467,62,Busia,1527,Teso North,62,1527,Teso North,EXACT_MATCH,sourceGID located the Ward and its County/SubCounty relationships match the unique normalized authoritative identity.
1710,Busia,Teso North Sub County,Malaba South Ward,busia,tesonorth,1468,62,Busia,1527,Teso North,62,1527,Teso North,EXACT_MATCH,sourceGID located the Ward and its County/SubCounty relationships match the unique normalized authoritative identity.
1711,Busia,Teso South Sub County,Ang'orom Ward,busia,tesosouth,1469,62,Busia,1528,Teso South,62,1528,Teso South,EXACT_MATCH,sourceGID located the Ward and its County/SubCounty relationships match the unique normalized authoritative identity.
1712,Busia,Teso South Sub County,Chakol South Ward,busia,tesosouth,1470,62,Busia,1528,Teso South,62,1528,Teso South,EXACT_MATCH,sourceGID located the Ward and its County/SubCounty relationships match the unique normalized authoritative identity.
1713,Busia,Teso South Sub County,Chakol North Ward,busia,tesosouth,1471,62,Busia,1528,Teso South,62,1528,Teso South,EXACT_MATCH,sourceGID located the Ward and its County/SubCounty relationships match the unique normalized authoritative identity.
1714,Busia,Teso South Sub County,Amukura West Ward,busia,tesosouth,1472,62,Busia,1528,Teso South,62,1528,Teso South,EXACT_MATCH,sourceGID located the Ward and its County/SubCounty relationships match the unique normalized authoritative identity.
1715,Busia,Teso South Sub County,Amukura East Ward,busia,tesosouth,1473,62,Busia,1528,Teso South,62,1528,Teso South,EXACT_MATCH,sourceGID located the Ward and its County/SubCounty relationships match the unique normalized authoritative identity.
452,NYANDARUA,Kipipiri Sub County,Githioro Ward,nyandarua,kipipiri,1474,67,Nyandarua,1372,Kipipiri,67,1372,Kipipiri,EXACT_MATCH,sourceGID located the Ward and its County/SubCounty relationships match the unique normalized authoritative identity.
351,KITUI,Kitui Rural Sub County,Mbitini Ward,kitui,kituirural,1475,68,Kitui,348,Kitui Rural Sub County,68,348,Kitui Rural Sub County,EXACT_MATCH,sourceGID located the Ward and its County/SubCounty relationships match the unique normalized authoritative identity.
454,NYANDARUA,Olkalou Sub County,Kanjuiri range Ward,nyandarua,olkalou,1476,67,Nyandarua,374,Olkalou Sub County,67,374,Olkalou Sub County,EXACT_MATCH,sourceGID located the Ward and its County/SubCounty relationships match the unique normalized authoritative identity.
1716,Busia,Teso South Sub County,Amukura Central Ward,busia,tesosouth,1477,62,Busia,1528,Teso South,62,1528,Teso South,EXACT_MATCH,sourceGID located the Ward and its County/SubCounty relationships match the unique normalized authoritative identity.
359,KITUI,Kitui East Sub County,Zombe/mwitika Ward,kitui,kituieast,1478,68,Kitui,354,Kitui East Sub County,68,354,Kitui East Sub County,EXACT_MATCH,sourceGID located the Ward and its County/SubCounty relationships match the unique normalized authoritative identity.
225,MARSABIT,MOYALE,MOYALE TOWNSHIP,marsabit,moyale,1479,64,Marsabit,1306,Moyale,64,1306,Moyale,EXACT_MATCH,sourceGID located the Ward and its County/SubCounty relationships match the unique normalized authoritative identity.
226,MARSABIT,MOYALE,URAN,marsabit,moyale,1480,64,Marsabit,1306,Moyale,64,1306,Moyale,EXACT_MATCH,sourceGID located the Ward and its County/SubCounty relationships match the unique normalized authoritative identity.
227,MARSABIT,MOYALE,OBBU,marsabit,moyale,1481,64,Marsabit,1306,Moyale,64,1306,Moyale,EXACT_MATCH,sourceGID located the Ward and its County/SubCounty relationships match the unique normalized authoritative identity.
228,MARSABIT,NORTH HORR,DUKANA,marsabit,northhorr,1482,64,Marsabit,1307,North Horr,64,1307,North Horr,EXACT_MATCH,sourceGID located the Ward and its County/SubCounty relationships match the unique normalized authoritative identity.
229,MARSABIT,NORTH HORR,MAIKONA,marsabit,northhorr,1483,64,Marsabit,1307,North Horr,64,1307,North Horr,EXACT_MATCH,sourceGID located the Ward and its County/SubCounty relationships match the unique normalized authoritative identity.
206,MANDERA,MANDERA SOUTH,WARGADUD,mandera,manderasouth,1484,63,Mandera,325,MANDERA SOUTH,63,325,MANDERA SOUTH,EXACT_MATCH,sourceGID located the Ward and its County/SubCounty relationships match the unique normalized authoritative identity.
457,NYANDARUA,Olkalou Sub County,Rurii Ward,nyandarua,olkalou,1485,67,Nyandarua,374,Olkalou Sub County,67,374,Olkalou Sub County,EXACT_MATCH,sourceGID located the Ward and its County/SubCounty relationships match the unique normalized authoritative identity.
96,TANA RIVER,Bura Sub County,Chewele Ward,tanariver,bura,1486,57,Tana River,299,Bura Sub County,57,299,Bura Sub County,EXACT_MATCH,sourceGID located the Ward and its County/SubCounty relationships match the unique normalized authoritative identity.
234,MARSABIT,SAKU,KARARE,marsabit,saku,1487,64,Marsabit,329,SAKU,64,329,SAKU,EXACT_MATCH,sourceGID located the Ward and its County/SubCounty relationships match the unique normalized authoritative identity.
235,MARSABIT,SAKU,MARSABIT CENTRAL,marsabit,saku,1488,64,Marsabit,329,SAKU,64,329,SAKU,EXACT_MATCH,sourceGID located the Ward and its County/SubCounty relationships match the unique normalized authoritative identity.
236,MARSABIT,LAISAMIS,LOIYANGALANI,marsabit,laisamis,1489,64,Marsabit,330,LAISAMIS,64,330,LAISAMIS,EXACT_MATCH,sourceGID located the Ward and its County/SubCounty relationships match the unique normalized authoritative identity.
100,TANA RIVER,Bura Sub County,Madogo Ward,tanariver,bura,1490,57,Tana River,299,Bura Sub County,57,299,Bura Sub County,EXACT_MATCH,sourceGID located the Ward and its County/SubCounty relationships match the unique normalized authoritative identity.
1722,Busia,Matayos Sub County,Mayenje Ward,busia,matayos,1491,62,Busia,323,Matayos Sub County,62,323,Matayos Sub County,EXACT_MATCH,sourceGID located the Ward and its County/SubCounty relationships match the unique normalized authoritative identity.
1726,Busia,Butula Sub County,Marachi West Ward,busia,butula,1492,62,Busia,1524,Butula,62,1524,Butula,EXACT_MATCH,sourceGID located the Ward and its County/SubCounty relationships match the unique normalized authoritative identity.
486,NYERI,Nyeri South Sub County,Karima Ward,nyeri,nyerisouth,1493,69,Nyeri,1381,Nyeri South,69,1381,Nyeri South,EXACT_MATCH,sourceGID located the Ward and its County/SubCounty relationships match the unique normalized authoritative identity.
487,NYERI,Mukurweini Sub County,Gikondi Ward,nyeri,mukurweini,1494,69,Nyeri,376,Mukurweini Sub County,69,376|1382,Mukurweini Sub County|Mukurwe-ini,AMBIGUOUS,"Authoritative identity nyeri|mukurweini resolves to multiple current SubCounty IDs: 376, 1382. Evaluator abstains rather than selecting one."
488,NYERI,Mukurweini Sub County,Rugi Ward,nyeri,mukurweini,1495,69,Nyeri,376,Mukurweini Sub County,69,376|1382,Mukurweini Sub County|Mukurwe-ini,AMBIGUOUS,"Authoritative identity nyeri|mukurweini resolves to multiple current SubCounty IDs: 376, 1382. Evaluator abstains rather than selecting one."
489,NYERI,Mukurweini Sub County,Mukurwe-ini west Ward,nyeri,mukurweini,1496,69,Nyeri,376,Mukurweini Sub County,69,376|1382,Mukurweini Sub County|Mukurwe-ini,AMBIGUOUS,"Authoritative identity nyeri|mukurweini resolves to multiple current SubCounty IDs: 376, 1382. Evaluator abstains rather than selecting one."
490,NYERI,Mukurweini Sub County,Mukurwe-ini central Ward,nyeri,mukurweini,1497,69,Nyeri,376,Mukurweini Sub County,69,376|1382,Mukurweini Sub County|Mukurwe-ini,AMBIGUOUS,"Authoritative identity nyeri|mukurweini resolves to multiple current SubCounty IDs: 376, 1382. Evaluator abstains rather than selecting one."
491,NYERI,Nyeri Central Sub County,Kiganjo/mathari Ward,nyeri,nyericentral,1498,69,Nyeri,1383,Nyeri Central,69,1383,Nyeri Central,EXACT_MATCH,sourceGID located the Ward and its County/SubCounty relationships match the unique normalized authoritative identity.
492,NYERI,Nyeri Central Sub County,Rware Ward,nyeri,nyericentral,1499,69,Nyeri,1383,Nyeri Central,69,1383,Nyeri Central,EXACT_MATCH,sourceGID located the Ward and its County/SubCounty relationships match the unique normalized authoritative identity.
493,NYERI,Nyeri Central Sub County,Gatitu/muruguru Ward,nyeri,nyericentral,1500,69,Nyeri,1383,Nyeri Central,69,1383,Nyeri Central,EXACT_MATCH,sourceGID located the Ward and its County/SubCounty relationships match the unique normalized authoritative identity.
494,NYERI,Nyeri Central Sub County,RURING'U / Karia Ward,nyeri,nyericentral,1501,69,Nyeri,1383,Nyeri Central,69,1383,Nyeri Central,EXACT_MATCH,sourceGID located the Ward and its County/SubCounty relationships match the unique normalized authoritative identity.
495,NYERI,Nyeri Central Sub County,Kamakwa/mukaro Ward,nyeri,nyericentral,1502,69,Nyeri,1383,Nyeri Central,69,1383,Nyeri Central,EXACT_MATCH,sourceGID located the Ward and its County/SubCounty relationships match the unique normalized authoritative identity.
496,KIRINYAGA,Kirinyaga North/Mwea West Sub County,Mutithi Ward,kirinyaga,kirinyaganorthmweawest,1503,75,Kirinyaga,378,Kirinyaga North/Mwea West Sub County,75,378,Kirinyaga North/Mwea West Sub County,EXACT_MATCH,sourceGID located the Ward and its County/SubCounty relationships match the unique normalized authoritative identity.
497,KIRINYAGA,Kirinyaga North/Mwea West Sub County,Kangai Ward,kirinyaga,kirinyaganorthmweawest,1504,75,Kirinyaga,378,Kirinyaga North/Mwea West Sub County,75,378,Kirinyaga North/Mwea West Sub County,EXACT_MATCH,sourceGID located the Ward and its County/SubCounty relationships match the unique normalized authoritative identity.
498,KIRINYAGA,Kirinyaga North/Mwea West Sub County,Thiba Ward,kirinyaga,kirinyaganorthmweawest,1505,75,Kirinyaga,378,Kirinyaga North/Mwea West Sub County,75,378,Kirinyaga North/Mwea West Sub County,EXACT_MATCH,sourceGID located the Ward and its County/SubCounty relationships match the unique normalized authoritative identity.
499,KIRINYAGA,Kirinyaga North/Mwea West Sub County,Wamumu Ward,kirinyaga,kirinyaganorthmweawest,1506,75,Kirinyaga,378,Kirinyaga North/Mwea West Sub County,75,378,Kirinyaga North/Mwea West Sub County,EXACT_MATCH,sourceGID located the Ward and its County/SubCounty relationships match the unique normalized authoritative identity.
500,KIRINYAGA,Kirinyaga South Sub County,Nyangati Ward,kirinyaga,kirinyagasouth,1507,75,Kirinyaga,379,Kirinyaga South Sub County,75,379,Kirinyaga South Sub County,EXACT_MATCH,sourceGID located the Ward and its County/SubCounty relationships match the unique normalized authoritative identity.
501,KIRINYAGA,Kirinyaga South Sub County,Murinduko Ward,kirinyaga,kirinyagasouth,1508,75,Kirinyaga,379,Kirinyaga South Sub County,75,379,Kirinyaga South Sub County,EXACT_MATCH,sourceGID located the Ward and its County/SubCounty relationships match the unique normalized authoritative identity.
502,KIRINYAGA,Kirinyaga South Sub County,Gathigiriri Ward,kirinyaga,kirinyagasouth,1509,75,Kirinyaga,379,Kirinyaga South Sub County,75,379,Kirinyaga South Sub County,EXACT_MATCH,sourceGID located the Ward and its County/SubCounty relationships match the unique normalized authoritative identity.
503,KIRINYAGA,Kirinyaga South Sub County,Tebere Ward,kirinyaga,kirinyagasouth,1510,75,Kirinyaga,379,Kirinyaga South Sub County,75,379,Kirinyaga South Sub County,EXACT_MATCH,sourceGID located the Ward and its County/SubCounty relationships match the unique normalized authoritative identity.
504,KIRINYAGA,Kirinyaga East Sub County,Kabare Ward,kirinyaga,kirinyagaeast,1511,75,Kirinyaga,1385,Kirinyaga East,75,1385,Kirinyaga East,EXACT_MATCH,sourceGID located the Ward and its County/SubCounty relationships match the unique normalized authoritative identity.
505,KIRINYAGA,Kirinyaga East Sub County,Baragwi Ward,kirinyaga,kirinyagaeast,1512,75,Kirinyaga,1385,Kirinyaga East,75,1385,Kirinyaga East,EXACT_MATCH,sourceGID located the Ward and its County/SubCounty relationships match the unique normalized authoritative identity.
506,KIRINYAGA,Kirinyaga East Sub County,Njukiine Ward,kirinyaga,kirinyagaeast,1513,75,Kirinyaga,1385,Kirinyaga East,75,1385,Kirinyaga East,EXACT_MATCH,sourceGID located the Ward and its County/SubCounty relationships match the unique normalized authoritative identity.
507,KIRINYAGA,Kirinyaga East Sub County,Ngariama Ward,kirinyaga,kirinyagaeast,1514,75,Kirinyaga,1385,Kirinyaga East,75,1385,Kirinyaga East,EXACT_MATCH,sourceGID located the Ward and its County/SubCounty relationships match the unique normalized authoritative identity.
508,KIRINYAGA,Kirinyaga East Sub County,Karumandi Ward,kirinyaga,kirinyagaeast,1515,75,Kirinyaga,1385,Kirinyaga East,75,1385,Kirinyaga East,EXACT_MATCH,sourceGID located the Ward and its County/SubCounty relationships match the unique normalized authoritative identity.
509,KIRINYAGA,Kirinyaga West Sub County,Mukure Ward,kirinyaga,kirinyagawest,1516,75,Kirinyaga,1386,Kirinyaga West,75,1386,Kirinyaga West,EXACT_MATCH,sourceGID located the Ward and its County/SubCounty relationships match the unique normalized authoritative identity.
510,KIRINYAGA,Kirinyaga West Sub County,Kiine Ward,kirinyaga,kirinyagawest,1517,75,Kirinyaga,1386,Kirinyaga West,75,1386,Kirinyaga West,EXACT_MATCH,sourceGID located the Ward and its County/SubCounty relationships match the unique normalized authoritative identity.
511,KIRINYAGA,Kirinyaga West Sub County,Kariti Ward,kirinyaga,kirinyagawest,1518,75,Kirinyaga,1386,Kirinyaga West,75,1386,Kirinyaga West,EXACT_MATCH,sourceGID located the Ward and its County/SubCounty relationships match the unique normalized authoritative identity.
1729,Busia,Butula Sub County,Marachi East Ward,busia,butula,1519,62,Busia,1524,Butula,62,1524,Butula,EXACT_MATCH,sourceGID located the Ward and its County/SubCounty relationships match the unique normalized authoritative identity.
1730,Busia,Butula Sub County,Marachi North Ward,busia,butula,1520,62,Busia,1524,Butula,62,1524,Butula,EXACT_MATCH,sourceGID located the Ward and its County/SubCounty relationships match the unique normalized authoritative identity.
1731,Busia,Butula Sub County,Elugulu Ward,busia,butula,1521,62,Busia,1524,Butula,62,1524,Butula,EXACT_MATCH,sourceGID located the Ward and its County/SubCounty relationships match the unique normalized authoritative identity.
1732,Busia,Samia Sub County,Namboboto Nambuku Ward,busia,samia,1522,62,Busia,1526,Samia,62,1526,Samia,EXACT_MATCH,sourceGID located the Ward and its County/SubCounty relationships match the unique normalized authoritative identity.
1733,Busia,Samia Sub County,Nangina Ward,busia,samia,1523,62,Busia,1526,Samia,62,1526,Samia,EXACT_MATCH,sourceGID located the Ward and its County/SubCounty relationships match the unique normalized authoritative identity.
1734,Busia,Samia Sub County,Ageng'a Nanguba Ward,busia,samia,1524,62,Busia,1526,Samia,62,1526,Samia,EXACT_MATCH,sourceGID located the Ward and its County/SubCounty relationships match the unique normalized authoritative identity.
1735,Busia,Samia Sub County,Bwiri Ward,busia,samia,1525,62,Busia,1526,Samia,62,1526,Samia,EXACT_MATCH,sourceGID located the Ward and its County/SubCounty relationships match the unique normalized authoritative identity.
2097,Muranga,Mathioya Sub County,Kiru Ward,muranga,mathioya,1526,76,Murang'a,1391,Mathioya,76,1391,Mathioya,EXACT_MATCH,sourceGID located the Ward and its County/SubCounty relationships match the unique normalized authoritative identity.
2098,Muranga,Mathioya Sub County,Kamacharia Ward,muranga,mathioya,1527,76,Murang'a,1391,Mathioya,76,1391,Mathioya,EXACT_MATCH,sourceGID located the Ward and its County/SubCounty relationships match the unique normalized authoritative identity.
2099,Muranga,Kiharu Sub County,Wangu Ward,muranga,kiharu,1528,76,Murang'a,384,Kiharu Sub County,76,384,Kiharu Sub County,EXACT_MATCH,sourceGID located the Ward and its County/SubCounty relationships match the unique normalized authoritative identity.
2100,Muranga,Kiharu Sub County,Mugoiri Ward,muranga,kiharu,1529,76,Murang'a,384,Kiharu Sub County,76,384,Kiharu Sub County,EXACT_MATCH,sourceGID located the Ward and its County/SubCounty relationships match the unique normalized authoritative identity.
2101,Muranga,Kiharu Sub County,Mbiri Ward,muranga,kiharu,1530,76,Murang'a,384,Kiharu Sub County,76,384,Kiharu Sub County,EXACT_MATCH,sourceGID located the Ward and its County/SubCounty relationships match the unique normalized authoritative identity.
2102,Muranga,Kiharu Sub County,Township Ward,muranga,kiharu,1531,76,Murang'a,384,Kiharu Sub County,76,384,Kiharu Sub County,EXACT_MATCH,sourceGID located the Ward and its County/SubCounty relationships match the unique normalized authoritative identity.
2103,Muranga,Kiharu Sub County,Murarandia Ward,muranga,kiharu,1532,76,Murang'a,384,Kiharu Sub County,76,384,Kiharu Sub County,EXACT_MATCH,sourceGID located the Ward and its County/SubCounty relationships match the unique normalized authoritative identity.
1741,Nakuru,Molo  Sub County,Elburgon Ward,nakuru,molo,1533,77,Nakuru,1462,Molo,77,1462,Molo,EXACT_MATCH,sourceGID located the Ward and its County/SubCounty relationships match the unique normalized authoritative identity.
1749,Nakuru,Njoro  Sub County,Njoro Ward,nakuru,njoro,1534,77,Nakuru,1467,Njoro,77,1467,Njoro,EXACT_MATCH,sourceGID located the Ward and its County/SubCounty relationships match the unique normalized authoritative identity.
1750,Nakuru,Naivasha  Sub County,Biashara Ward,nakuru,naivasha,1535,77,Nakuru,1463,Naivasha,77,1463,Naivasha,EXACT_MATCH,sourceGID located the Ward and its County/SubCounty relationships match the unique normalized authoritative identity.
1751,Nakuru,Naivasha  Sub County,Hells Gate Ward,nakuru,naivasha,1536,77,Nakuru,1463,Naivasha,77,1463,Naivasha,EXACT_MATCH,sourceGID located the Ward and its County/SubCounty relationships match the unique normalized authoritative identity.
2104,Muranga,Kiharu Sub County,Gaturi Ward,muranga,kiharu,1537,76,Murang'a,384,Kiharu Sub County,76,384,Kiharu Sub County,EXACT_MATCH,sourceGID located the Ward and its County/SubCounty relationships match the unique normalized authoritative identity.
2105,Muranga,Kigumo Sub County,Kahumbu Ward,muranga,kigumo,1538,76,Murang'a,1395,Kigumo,76,1395,Kigumo,EXACT_MATCH,sourceGID located the Ward and its County/SubCounty relationships match the unique normalized authoritative identity.
1763,Nakuru,Kuresoi South  Sub County,Amalo Ward,nakuru,kuresoisouth,1539,77,Nakuru,1461,Kuresoi South,77,1461,Kuresoi South,EXACT_MATCH,sourceGID located the Ward and its County/SubCounty relationships match the unique normalized authoritative identity.
1764,Nakuru,Kuresoi South  Sub County,Keringet Ward,nakuru,kuresoisouth,1540,77,Nakuru,1461,Kuresoi South,77,1461,Kuresoi South,EXACT_MATCH,sourceGID located the Ward and its County/SubCounty relationships match the unique normalized authoritative identity.
1765,Nakuru,Kuresoi South  Sub County,Kiptagich Ward,nakuru,kuresoisouth,1541,77,Nakuru,1461,Kuresoi South,77,1461,Kuresoi South,EXACT_MATCH,sourceGID located the Ward and its County/SubCounty relationships match the unique normalized authoritative identity.
1766,Nakuru,Kuresoi South  Sub County,Tinet Ward,nakuru,kuresoisouth,1542,77,Nakuru,1461,Kuresoi South,77,1461,Kuresoi South,EXACT_MATCH,sourceGID located the Ward and its County/SubCounty relationships match the unique normalized authoritative identity.
611,TURKANA,Turkana North Sub County,Kaeris Ward,turkana,turkananorth,1543,70,Turkana,1414,Turkana North,70,1414,Turkana North,EXACT_MATCH,sourceGID located the Ward and its County/SubCounty relationships match the unique normalized authoritative identity.
612,TURKANA,Turkana North Sub County,Lakezone Ward,turkana,turkananorth,1544,70,Turkana,1414,Turkana North,70,1414,Turkana North,EXACT_MATCH,sourceGID located the Ward and its County/SubCounty relationships match the unique normalized authoritative identity.
613,TURKANA,Turkana North Sub County,Lapur Ward,turkana,turkananorth,1545,70,Turkana,1414,Turkana North,70,1414,Turkana North,EXACT_MATCH,sourceGID located the Ward and its County/SubCounty relationships match the unique normalized authoritative identity.
614,TURKANA,Kibish Sub County,Kaaleng/kaikor Ward,turkana,kibish,1546,70,Turkana,1410,Kibish,70,1410,Kibish,EXACT_MATCH,sourceGID located the Ward and its County/SubCounty relationships match the unique normalized authoritative identity.
2106,Muranga,Kigumo Sub County,Muthithi Ward,muranga,kigumo,1547,76,Murang'a,1395,Kigumo,76,1395,Kigumo,EXACT_MATCH,sourceGID located the Ward and its County/SubCounty relationships match the unique normalized authoritative identity.
2107,Muranga,Kigumo Sub County,Kigumo Ward,muranga,kigumo,1548,76,Murang'a,1395,Kigumo,76,1395,Kigumo,EXACT_MATCH,sourceGID located the Ward and its County/SubCounty relationships match the unique normalized authoritative identity.
2108,Muranga,Kigumo Sub County,Kangari Ward,muranga,kigumo,1549,76,Murang'a,1395,Kigumo,76,1395,Kigumo,EXACT_MATCH,sourceGID located the Ward and its County/SubCounty relationships match the unique normalized authoritative identity.
2109,Muranga,Kigumo Sub County,Kinyona Ward,muranga,kigumo,1550,76,Murang'a,1395,Kigumo,76,1395,Kigumo,EXACT_MATCH,sourceGID located the Ward and its County/SubCounty relationships match the unique normalized authoritative identity.
2110,Muranga,Muranga South Sub County,Kimorori/wempa Ward,muranga,murangasouth,1551,76,Murang'a,1393,Murang'a South,76,1393,Murang'a South,EXACT_MATCH,sourceGID located the Ward and its County/SubCounty relationships match the unique normalized authoritative identity.
2111,Muranga,Muranga South Sub County,Makuyu Ward,muranga,murangasouth,1552,76,Murang'a,1393,Murang'a South,76,1393,Murang'a South,EXACT_MATCH,sourceGID located the Ward and its County/SubCounty relationships match the unique normalized authoritative identity.
2112,Muranga,Muranga South Sub County,Kambiti Ward,muranga,murangasouth,1553,76,Murang'a,1393,Murang'a South,76,1393,Murang'a South,EXACT_MATCH,sourceGID located the Ward and its County/SubCounty relationships match the unique normalized authoritative identity.
2113,Muranga,Muranga South Sub County,Kamahuhu Ward,muranga,murangasouth,1554,76,Murang'a,1393,Murang'a South,76,1393,Murang'a South,EXACT_MATCH,sourceGID located the Ward and its County/SubCounty relationships match the unique normalized authoritative identity.
2114,Muranga,Muranga South Sub County,Ichagaki Ward,muranga,murangasouth,1555,76,Murang'a,1393,Murang'a South,76,1393,Murang'a South,EXACT_MATCH,sourceGID located the Ward and its County/SubCounty relationships match the unique normalized authoritative identity.
2115,Muranga,Muranga South Sub County,Nginda Ward,muranga,murangasouth,1556,76,Murang'a,1393,Murang'a South,76,1393,Murang'a South,EXACT_MATCH,sourceGID located the Ward and its County/SubCounty relationships match the unique normalized authoritative identity.
2116,Muranga,Kandara Sub County,Ng'araria Ward,muranga,kandara,1557,76,Murang'a,1396,Kandara,76,1396,Kandara,EXACT_MATCH,sourceGID located the Ward and its County/SubCounty relationships match the unique normalized authoritative identity.
2117,Muranga,Kandara Sub County,Muruka Ward,muranga,kandara,1558,76,Murang'a,1396,Kandara,76,1396,Kandara,EXACT_MATCH,sourceGID located the Ward and its County/SubCounty relationships match the unique normalized authoritative identity.
2118,Muranga,Kandara Sub County,Kagundu-ini Ward,muranga,kandara,1559,76,Murang'a,1396,Kandara,76,1396,Kandara,EXACT_MATCH,sourceGID located the Ward and its County/SubCounty relationships match the unique normalized authoritative identity.
2119,Muranga,Kandara Sub County,Gaichanjiru Ward,muranga,kandara,1560,76,Murang'a,1396,Kandara,76,1396,Kandara,EXACT_MATCH,sourceGID located the Ward and its County/SubCounty relationships match the unique normalized authoritative identity.
2120,Muranga,Kandara Sub County,Ithiru Ward,muranga,kandara,1561,76,Murang'a,1396,Kandara,76,1396,Kandara,EXACT_MATCH,sourceGID located the Ward and its County/SubCounty relationships match the unique normalized authoritative identity.
2121,Muranga,Kandara Sub County,Ruchu Ward,muranga,kandara,1562,76,Murang'a,1396,Kandara,76,1396,Kandara,EXACT_MATCH,sourceGID located the Ward and its County/SubCounty relationships match the unique normalized authoritative identity.
2122,Muranga,Gatanga Sub County,Ithanga Ward,muranga,gatanga,1563,76,Murang'a,1394,Gatanga,76,1394,Gatanga,EXACT_MATCH,sourceGID located the Ward and its County/SubCounty relationships match the unique normalized authoritative identity.
2123,Muranga,Gatanga Sub County,Kakuzi/mitubiri Ward,muranga,gatanga,1564,76,Murang'a,1394,Gatanga,76,1394,Gatanga,EXACT_MATCH,sourceGID located the Ward and its County/SubCounty relationships match the unique normalized authoritative identity.
1727,Busia,Butula Sub County,Kingandole Ward,busia,butula,1565,62,Busia,1524,Butula,62,1524,Butula,EXACT_MATCH,sourceGID located the Ward and its County/SubCounty relationships match the unique normalized authoritative identity.
462,NYANDARUA,Ndaragwa Sub County,Leshau/pondo Ward,nyandarua,ndaragwa,1566,67,Nyandarua,395,Ndaragwa Sub County,67,395,Ndaragwa Sub County,EXACT_MATCH,sourceGID located the Ward and its County/SubCounty relationships match the unique normalized authoritative identity.
618,TURKANA,Turkana West Sub County,Lopur Ward,turkana,turkanawest,1567,70,Turkana,1416,Turkana West,70,1416,Turkana West,EXACT_MATCH,sourceGID located the Ward and its County/SubCounty relationships match the unique normalized authoritative identity.
619,TURKANA,Turkana West Sub County,Letea Ward,turkana,turkanawest,1568,70,Turkana,1416,Turkana West,70,1416,Turkana West,EXACT_MATCH,sourceGID located the Ward and its County/SubCounty relationships match the unique normalized authoritative identity.
620,TURKANA,Turkana West Sub County,Songot Ward,turkana,turkanawest,1569,70,Turkana,1416,Turkana West,70,1416,Turkana West,EXACT_MATCH,sourceGID located the Ward and its County/SubCounty relationships match the unique normalized authoritative identity.
2124,Muranga,Gatanga Sub County,Mugumo-ini Ward,muranga,gatanga,1570,76,Murang'a,1394,Gatanga,76,1394,Gatanga,EXACT_MATCH,sourceGID located the Ward and its County/SubCounty relationships match the unique normalized authoritative identity.
2125,Muranga,Gatanga Sub County,Kihumbu-ini Ward,muranga,gatanga,1571,76,Murang'a,1394,Gatanga,76,1394,Gatanga,EXACT_MATCH,sourceGID located the Ward and its County/SubCounty relationships match the unique normalized authoritative identity.
2126,Muranga,Gatanga Sub County,Gatanga Ward,muranga,gatanga,1572,76,Murang'a,1394,Gatanga,76,1394,Gatanga,EXACT_MATCH,sourceGID located the Ward and its County/SubCounty relationships match the unique normalized authoritative identity.
2127,Muranga,Gatanga Sub County,Kariara Ward,muranga,gatanga,1573,76,Murang'a,1394,Gatanga,76,1394,Gatanga,EXACT_MATCH,sourceGID located the Ward and its County/SubCounty relationships match the unique normalized authoritative identity.
2128,Uasin Gishu,Soy Sub County,Moi's Bridge Ward,uasingishu,soy,1574,78,Uasin Gishu,1434,Soy,78,1434,Soy,EXACT_MATCH,sourceGID located the Ward and its County/SubCounty relationships match the unique normalized authoritative identity.
160,GARISSA,Ijara Sub County,Masalani Ward,garissa,ijara,1575,60,Garissa,1285,Ijara,60,1285,Ijara,EXACT_MATCH,sourceGID located the Ward and its County/SubCounty relationships match the unique normalized authoritative identity.
2129,Uasin Gishu,Soy Sub County,Kapkures Ward,uasingishu,soy,1576,78,Uasin Gishu,1434,Soy,78,1434,Soy,EXACT_MATCH,sourceGID located the Ward and its County/SubCounty relationships match the unique normalized authoritative identity.
2130,Uasin Gishu,Soy Sub County,Ziwa Ward,uasingishu,soy,1577,78,Uasin Gishu,1434,Soy,78,1434,Soy,EXACT_MATCH,sourceGID located the Ward and its County/SubCounty relationships match the unique normalized authoritative identity.
2133,Uasin Gishu,Soy Sub County,Soy Ward,uasingishu,soy,1578,78,Uasin Gishu,1434,Soy,78,1434,Soy,EXACT_MATCH,sourceGID located the Ward and its County/SubCounty relationships match the unique normalized authoritative identity.
2134,Uasin Gishu,Soy Sub County,Kuinet/kapsuswa Ward,uasingishu,soy,1579,78,Uasin Gishu,1434,Soy,78,1434,Soy,EXACT_MATCH,sourceGID located the Ward and its County/SubCounty relationships match the unique normalized authoritative identity.
2135,Uasin Gishu,Turbo Sub County,Ngenyilel Ward,uasingishu,turbo,1580,78,Uasin Gishu,1435,Turbo,78,1435,Turbo,EXACT_MATCH,sourceGID located the Ward and its County/SubCounty relationships match the unique normalized authoritative identity.
2136,Uasin Gishu,Turbo Sub County,Tapsagoi Ward,uasingishu,turbo,1581,78,Uasin Gishu,1435,Turbo,78,1435,Turbo,EXACT_MATCH,sourceGID located the Ward and its County/SubCounty relationships match the unique normalized authoritative identity.
2137,Uasin Gishu,Turbo Sub County,Kamagut Ward,uasingishu,turbo,1582,78,Uasin Gishu,1435,Turbo,78,1435,Turbo,EXACT_MATCH,sourceGID located the Ward and its County/SubCounty relationships match the unique normalized authoritative identity.
2138,Uasin Gishu,Turbo Sub County,Kiplombe Ward,uasingishu,turbo,1583,78,Uasin Gishu,1435,Turbo,78,1435,Turbo,EXACT_MATCH,sourceGID located the Ward and its County/SubCounty relationships match the unique normalized authoritative identity.
2139,Uasin Gishu,Turbo Sub County,Kapsaos Ward,uasingishu,turbo,1584,78,Uasin Gishu,1435,Turbo,78,1435,Turbo,EXACT_MATCH,sourceGID located the Ward and its County/SubCounty relationships match the unique normalized authoritative identity.
2140,Uasin Gishu,Turbo Sub County,Huruma Ward,uasingishu,turbo,1585,78,Uasin Gishu,1435,Turbo,78,1435,Turbo,EXACT_MATCH,sourceGID located the Ward and its County/SubCounty relationships match the unique normalized authoritative identity.
161,WAJIR,Wajir North Sub County,Gurar Ward,wajir,wajirnorth,1586,61,Wajir,1292,Wajir North,61,1292,Wajir North,EXACT_MATCH,sourceGID located the Ward and its County/SubCounty relationships match the unique normalized authoritative identity.
345,KITUI,Mwingi Central Sub- County,Waita Ward,kitui,mwingicentral,1587,68,Kitui,1346,Mwingi Central,68,1346,Mwingi Central,EXACT_MATCH,sourceGID located the Ward and its County/SubCounty relationships match the unique normalized authoritative identity.
346,KITUI,Kitui West  Sub County,Mutongoni Ward,kitui,kituiwest,1588,68,Kitui,1337,Kitui West,68,1337,Kitui West,EXACT_MATCH,sourceGID located the Ward and its County/SubCounty relationships match the unique normalized authoritative identity.
347,KITUI,Kitui West  Sub County,Kauwi Ward,kitui,kituiwest,1589,68,Kitui,1337,Kitui West,68,1337,Kitui West,EXACT_MATCH,sourceGID located the Ward and its County/SubCounty relationships match the unique normalized authoritative identity.
348,KITUI,Kitui West  Sub County,Matinyani Ward,kitui,kituiwest,1590,68,Kitui,1337,Kitui West,68,1337,Kitui West,EXACT_MATCH,sourceGID located the Ward and its County/SubCounty relationships match the unique normalized authoritative identity.
349,KITUI,Kitui West  Sub County,Kwamutonga/kithumula Ward,kitui,kituiwest,1591,68,Kitui,1337,Kitui West,68,1337,Kitui West,EXACT_MATCH,sourceGID located the Ward and its County/SubCounty relationships match the unique normalized authoritative identity.
482,NYERI,Mathira East Sub County,Karatina town Ward,nyeri,mathiraeast,1592,69,Nyeri,1379,Mathira East,69,1379,Mathira East,EXACT_MATCH,sourceGID located the Ward and its County/SubCounty relationships match the unique normalized authoritative identity.
483,NYERI,Nyeri South Sub County,Mahiga Ward,nyeri,nyerisouth,1593,69,Nyeri,1381,Nyeri South,69,1381,Nyeri South,EXACT_MATCH,sourceGID located the Ward and its County/SubCounty relationships match the unique normalized authoritative identity.
362,KITUI,Kitui East Sub County,Voo/kyamatu Ward,kitui,kituieast,1594,68,Kitui,354,Kitui East Sub County,68,354,Kitui East Sub County,EXACT_MATCH,sourceGID located the Ward and its County/SubCounty relationships match the unique normalized authoritative identity.
363,KITUI,Kitui East Sub County,Endau/malalani Ward,kitui,kituieast,1595,68,Kitui,354,Kitui East Sub County,68,354,Kitui East Sub County,EXACT_MATCH,sourceGID located the Ward and its County/SubCounty relationships match the unique normalized authoritative identity.
364,KITUI,Kitui East Sub County,Mutitu/kaliku Ward,kitui,kituieast,1596,68,Kitui,354,Kitui East Sub County,68,354,Kitui East Sub County,EXACT_MATCH,sourceGID located the Ward and its County/SubCounty relationships match the unique normalized authoritative identity.
365,KITUI,Kitui South Sub County,Ikanga/kyatune Ward,kitui,kituisouth,1597,68,Kitui,357,Kitui South Sub County,68,357,Kitui South Sub County,EXACT_MATCH,sourceGID located the Ward and its County/SubCounty relationships match the unique normalized authoritative identity.
436,MAKUENI,Kibwezi West  Sub County,Emali/Mulala Ward,makueni,kibweziwest,1598,74,Makueni,362,Kibwezi West  Sub County,74,362,Kibwezi West  Sub County,EXACT_MATCH,sourceGID located the Ward and its County/SubCounty relationships match the unique normalized authoritative identity.
437,MAKUENI,Kibwezi East  Sub County,Masongaleni Ward,makueni,kibwezieast,1599,74,Makueni,401,Kibwezi East  Sub County,74,401,Kibwezi East  Sub County,EXACT_MATCH,sourceGID located the Ward and its County/SubCounty relationships match the unique normalized authoritative identity.
438,MAKUENI,Kibwezi East  Sub County,Mtito Andei Ward,makueni,kibwezieast,1600,74,Makueni,401,Kibwezi East  Sub County,74,401,Kibwezi East  Sub County,EXACT_MATCH,sourceGID located the Ward and its County/SubCounty relationships match the unique normalized authoritative identity.
439,MAKUENI,Kibwezi East  Sub County,Thange Ward,makueni,kibwezieast,1601,74,Makueni,401,Kibwezi East  Sub County,74,401,Kibwezi East  Sub County,EXACT_MATCH,sourceGID located the Ward and its County/SubCounty relationships match the unique normalized authoritative identity.
440,MAKUENI,Kibwezi East  Sub County,Ivingoni/Nzambani Ward,makueni,kibwezieast,1602,74,Makueni,401,Kibwezi East  Sub County,74,401,Kibwezi East  Sub County,EXACT_MATCH,sourceGID located the Ward and its County/SubCounty relationships match the unique normalized authoritative identity.
441,NYANDARUA,Kinangop Sub County,Engineer Ward,nyandarua,kinangop,1603,67,Nyandarua,1369,Kinangop,67,1369,Kinangop,EXACT_MATCH,sourceGID located the Ward and its County/SubCounty relationships match the unique normalized authoritative identity.
442,NYANDARUA,Kinangop Sub County,Gathara Ward,nyandarua,kinangop,1604,67,Nyandarua,1369,Kinangop,67,1369,Kinangop,EXACT_MATCH,sourceGID located the Ward and its County/SubCounty relationships match the unique normalized authoritative identity.
443,NYANDARUA,Kinangop Sub County,North kinangop Ward,nyandarua,kinangop,1605,67,Nyandarua,1369,Kinangop,67,1369,Kinangop,EXACT_MATCH,sourceGID located the Ward and its County/SubCounty relationships match the unique normalized authoritative identity.
444,NYANDARUA,Kinangop Sub County,Murungaru Ward,nyandarua,kinangop,1606,67,Nyandarua,1369,Kinangop,67,1369,Kinangop,EXACT_MATCH,sourceGID located the Ward and its County/SubCounty relationships match the unique normalized authoritative identity.
449,NYANDARUA,Kipipiri Sub County,Wanjohi Ward,nyandarua,kipipiri,1607,67,Nyandarua,1372,Kipipiri,67,1372,Kipipiri,EXACT_MATCH,sourceGID located the Ward and its County/SubCounty relationships match the unique normalized authoritative identity.
450,NYANDARUA,Kipipiri Sub County,Kipipiri Ward,nyandarua,kipipiri,1608,67,Nyandarua,1372,Kipipiri,67,1372,Kipipiri,EXACT_MATCH,sourceGID located the Ward and its County/SubCounty relationships match the unique normalized authoritative identity.
512,KIRINYAGA,Kirinyaga Central Sub County,Mutira Ward,kirinyaga,kirinyagacentral,1609,75,Kirinyaga,1384,Kirinyaga Central,75,1384,Kirinyaga Central,EXACT_MATCH,sourceGID located the Ward and its County/SubCounty relationships match the unique normalized authoritative identity.
513,KIRINYAGA,Kirinyaga Central Sub County,Kanyekini Ward,kirinyaga,kirinyagacentral,1610,75,Kirinyaga,1384,Kirinyaga Central,75,1384,Kirinyaga Central,EXACT_MATCH,sourceGID located the Ward and its County/SubCounty relationships match the unique normalized authoritative identity.
514,KIRINYAGA,Kirinyaga Central Sub County,Kerugoya Ward,kirinyaga,kirinyagacentral,1611,75,Kirinyaga,1384,Kirinyaga Central,75,1384,Kirinyaga Central,EXACT_MATCH,sourceGID located the Ward and its County/SubCounty relationships match the unique normalized authoritative identity.
515,KIRINYAGA,Kirinyaga Central Sub County,Inoi Ward,kirinyaga,kirinyagacentral,1612,75,Kirinyaga,1384,Kirinyaga Central,75,1384,Kirinyaga Central,EXACT_MATCH,sourceGID located the Ward and its County/SubCounty relationships match the unique normalized authoritative identity.
624,TURKANA,Turkana Central Sub County,Kerio Delta Ward,turkana,turkanacentral,1613,70,Turkana,1412,Turkana Central,70,1412,Turkana Central,EXACT_MATCH,sourceGID located the Ward and its County/SubCounty relationships match the unique normalized authoritative identity.
625,TURKANA,Turkana Central Sub County,KANG'ATOTHA Ward,turkana,turkanacentral,1614,70,Turkana,1412,Turkana Central,70,1412,Turkana Central,EXACT_MATCH,sourceGID located the Ward and its County/SubCounty relationships match the unique normalized authoritative identity.
626,TURKANA,Turkana Central Sub County,Kalokol Ward,turkana,turkanacentral,1615,70,Turkana,1412,Turkana Central,70,1412,Turkana Central,EXACT_MATCH,sourceGID located the Ward and its County/SubCounty relationships match the unique normalized authoritative identity.
2044,Nairobi,Ruaraka  Sub County,Mathare North Ward,nairobi,ruaraka,1616,79,Nairobi City,405,Ruaraka  Sub County,,,,UNRESOLVED,"Authoritative County ""Nairobi"" does not resolve to a current County identity."
1728,Busia,Butula Sub County,Marachi Central Ward,busia,butula,1617,62,Busia,1524,Butula,62,1524,Butula,EXACT_MATCH,sourceGID located the Ward and its County/SubCounty relationships match the unique normalized authoritative identity.
1736,Busia,Bunyala Sub County,Bunyala Central Ward,busia,bunyala,1618,62,Busia,1522,Bunyala,62,1522,Bunyala,EXACT_MATCH,sourceGID located the Ward and its County/SubCounty relationships match the unique normalized authoritative identity.
2047,Nairobi,Embakasi South Sub County,Imara Daima Ward,nairobi,embakasisouth,1619,79,Nairobi City,407,Embakasi South Sub County,,,,UNRESOLVED,"Authoritative County ""Nairobi"" does not resolve to a current County identity."
2141,Uasin Gishu,Moiben Sub County,Tembelio Ward,uasingishu,moiben,1620,78,Uasin Gishu,1433,Moiben,78,1433,Moiben,EXACT_MATCH,sourceGID located the Ward and its County/SubCounty relationships match the unique normalized authoritative identity.
2142,Uasin Gishu,Moiben Sub County,Sergoit Ward,uasingishu,moiben,1621,78,Uasin Gishu,1433,Moiben,78,1433,Moiben,EXACT_MATCH,sourceGID located the Ward and its County/SubCounty relationships match the unique normalized authoritative identity.
2143,Uasin Gishu,Moiben Sub County,Karuna/meibeki Ward,uasingishu,moiben,1622,78,Uasin Gishu,1433,Moiben,78,1433,Moiben,EXACT_MATCH,sourceGID located the Ward and its County/SubCounty relationships match the unique normalized authoritative identity.
2144,Uasin Gishu,Moiben Sub County,Moiben Ward,uasingishu,moiben,1623,78,Uasin Gishu,1433,Moiben,78,1433,Moiben,EXACT_MATCH,sourceGID located the Ward and its County/SubCounty relationships match the unique normalized authoritative identity.
2145,Uasin Gishu,Moiben Sub County,Kimumu Ward,uasingishu,moiben,1624,78,Uasin Gishu,1433,Moiben,78,1433,Moiben,EXACT_MATCH,sourceGID located the Ward and its County/SubCounty relationships match the unique normalized authoritative identity.
2146,Uasin Gishu,Ainabkoi Sub County,Kapsoya Ward,uasingishu,ainabkoi,1625,78,Uasin Gishu,1430,Ainabkoi,78,1430,Ainabkoi,EXACT_MATCH,sourceGID located the Ward and its County/SubCounty relationships match the unique normalized authoritative identity.
2147,Uasin Gishu,Ainabkoi Sub County,Kaptagat Ward,uasingishu,ainabkoi,1626,78,Uasin Gishu,1430,Ainabkoi,78,1430,Ainabkoi,EXACT_MATCH,sourceGID located the Ward and its County/SubCounty relationships match the unique normalized authoritative identity.
2148,Uasin Gishu,Ainabkoi Sub County,Ainabkoi/olare Ward,uasingishu,ainabkoi,1627,78,Uasin Gishu,1430,Ainabkoi,78,1430,Ainabkoi,EXACT_MATCH,sourceGID located the Ward and its County/SubCounty relationships match the unique normalized authoritative identity.
2149,Uasin Gishu,Kapseret Sub County,Simat/ Kapseret Ward,uasingishu,kapseret,1628,78,Uasin Gishu,1431,Kapseret,78,1431,Kapseret,EXACT_MATCH,sourceGID located the Ward and its County/SubCounty relationships match the unique normalized authoritative identity.
2150,Uasin Gishu,Kapseret Sub County,Kipkenyo Ward,uasingishu,kapseret,1629,78,Uasin Gishu,1431,Kapseret,78,1431,Kapseret,EXACT_MATCH,sourceGID located the Ward and its County/SubCounty relationships match the unique normalized authoritative identity.
1737,Busia,Bunyala Sub County,Bunyala North Ward,busia,bunyala,1630,62,Busia,1522,Bunyala,62,1522,Bunyala,EXACT_MATCH,sourceGID located the Ward and its County/SubCounty relationships match the unique normalized authoritative identity.
1738,Busia,Bunyala Sub County,Bunyala West Ward,busia,bunyala,1631,62,Busia,1522,Bunyala,62,1522,Bunyala,EXACT_MATCH,sourceGID located the Ward and its County/SubCounty relationships match the unique normalized authoritative identity.
1739,Busia,Bunyala Sub County,Bunyala South Ward,busia,bunyala,1632,62,Busia,1522,Bunyala,62,1522,Bunyala,EXACT_MATCH,sourceGID located the Ward and its County/SubCounty relationships match the unique normalized authoritative identity.
1740,Nakuru,Molo  Sub County,Mariashoni Ward,nakuru,molo,1633,77,Nakuru,1462,Molo,77,1462,Molo,EXACT_MATCH,sourceGID located the Ward and its County/SubCounty relationships match the unique normalized authoritative identity.
1742,Nakuru,Molo  Sub County,Turi Ward,nakuru,molo,1634,77,Nakuru,1462,Molo,77,1462,Molo,EXACT_MATCH,sourceGID located the Ward and its County/SubCounty relationships match the unique normalized authoritative identity.
1743,Nakuru,Molo  Sub County,Molo Ward,nakuru,molo,1635,77,Nakuru,1462,Molo,77,1462,Molo,EXACT_MATCH,sourceGID located the Ward and its County/SubCounty relationships match the unique normalized authoritative identity.
1744,Nakuru,Njoro  Sub County,Mau Narok Ward,nakuru,njoro,1636,77,Nakuru,1467,Njoro,77,1467,Njoro,EXACT_MATCH,sourceGID located the Ward and its County/SubCounty relationships match the unique normalized authoritative identity.
1745,Nakuru,Njoro  Sub County,Mauche Ward,nakuru,njoro,1637,77,Nakuru,1467,Njoro,77,1467,Njoro,EXACT_MATCH,sourceGID located the Ward and its County/SubCounty relationships match the unique normalized authoritative identity.
1746,Nakuru,Njoro  Sub County,Kihingo Ward,nakuru,njoro,1638,77,Nakuru,1467,Njoro,77,1467,Njoro,EXACT_MATCH,sourceGID located the Ward and its County/SubCounty relationships match the unique normalized authoritative identity.
1747,Nakuru,Njoro  Sub County,Nessuit Ward,nakuru,njoro,1639,77,Nakuru,1467,Njoro,77,1467,Njoro,EXACT_MATCH,sourceGID located the Ward and its County/SubCounty relationships match the unique normalized authoritative identity.
1748,Nakuru,Njoro  Sub County,Lare Ward,nakuru,njoro,1640,77,Nakuru,1467,Njoro,77,1467,Njoro,EXACT_MATCH,sourceGID located the Ward and its County/SubCounty relationships match the unique normalized authoritative identity.
2158,Narok,Transmara West Sub County,Kilgoris Central  Ward,narok,transmarawest,1641,80,Narok,411,Transmara West Sub County,80,411|1475,Transmara West Sub County|Trans Mara West,AMBIGUOUS,"Authoritative identity narok|transmarawest resolves to multiple current SubCounty IDs: 411, 1475. Evaluator abstains rather than selecting one."
1752,Nakuru,Naivasha  Sub County,Lake View Ward,nakuru,naivasha,1642,77,Nakuru,1463,Naivasha,77,1463,Naivasha,EXACT_MATCH,sourceGID located the Ward and its County/SubCounty relationships match the unique normalized authoritative identity.
1753,Nakuru,Naivasha  Sub County,Mai Mahiu Ward,nakuru,naivasha,1643,77,Nakuru,1463,Naivasha,77,1463,Naivasha,EXACT_MATCH,sourceGID located the Ward and its County/SubCounty relationships match the unique normalized authoritative identity.
1754,Nakuru,Naivasha  Sub County,Maeilla Ward,nakuru,naivasha,1644,77,Nakuru,1463,Naivasha,77,1463,Naivasha,EXACT_MATCH,sourceGID located the Ward and its County/SubCounty relationships match the unique normalized authoritative identity.
1755,Nakuru,Naivasha  Sub County,Olkaria Ward,nakuru,naivasha,1645,77,Nakuru,1463,Naivasha,77,1463,Naivasha,EXACT_MATCH,sourceGID located the Ward and its County/SubCounty relationships match the unique normalized authoritative identity.
1756,Nakuru,Naivasha  Sub County,Naivasha East Ward,nakuru,naivasha,1646,77,Nakuru,1463,Naivasha,77,1463,Naivasha,EXACT_MATCH,sourceGID located the Ward and its County/SubCounty relationships match the unique normalized authoritative identity.
1757,Nakuru,Naivasha  Sub County,Viwandani Ward,nakuru,naivasha,1647,77,Nakuru,1463,Naivasha,77,1463,Naivasha,EXACT_MATCH,sourceGID located the Ward and its County/SubCounty relationships match the unique normalized authoritative identity.
1758,Nakuru,Gilgil Sub County,Gilgil Ward,nakuru,gilgil,1648,77,Nakuru,1459,Gilgil,77,1459,Gilgil,EXACT_MATCH,sourceGID located the Ward and its County/SubCounty relationships match the unique normalized authoritative identity.
1759,Nakuru,Gilgil Sub County,Elementaita Ward,nakuru,gilgil,1649,77,Nakuru,1459,Gilgil,77,1459,Gilgil,EXACT_MATCH,sourceGID located the Ward and its County/SubCounty relationships match the unique normalized authoritative identity.
1760,Nakuru,Gilgil Sub County,Mbaruk/eburu Ward,nakuru,gilgil,1650,77,Nakuru,1459,Gilgil,77,1459,Gilgil,EXACT_MATCH,sourceGID located the Ward and its County/SubCounty relationships match the unique normalized authoritative identity.
1761,Nakuru,Gilgil Sub County,Malewa West Ward,nakuru,gilgil,1651,77,Nakuru,1459,Gilgil,77,1459,Gilgil,EXACT_MATCH,sourceGID located the Ward and its County/SubCounty relationships match the unique normalized authoritative identity.
1762,Nakuru,Gilgil Sub County,Murindat Ward,nakuru,gilgil,1652,77,Nakuru,1459,Gilgil,77,1459,Gilgil,EXACT_MATCH,sourceGID located the Ward and its County/SubCounty relationships match the unique normalized authoritative identity.
615,TURKANA,Kibish Sub County,Kibish Ward,turkana,kibish,1653,70,Turkana,1410,Kibish,70,1410,Kibish,EXACT_MATCH,sourceGID located the Ward and its County/SubCounty relationships match the unique normalized authoritative identity.
622,TURKANA,Turkana West Sub County,Lokichoggio Ward,turkana,turkanawest,1654,70,Turkana,1416,Turkana West,70,1416,Turkana West,EXACT_MATCH,sourceGID located the Ward and its County/SubCounty relationships match the unique normalized authoritative identity.
630,TURKANA,Loima Sub County,Turkwel Ward,turkana,loima,1655,70,Turkana,1411,Loima,70,1411,Loima,EXACT_MATCH,sourceGID located the Ward and its County/SubCounty relationships match the unique normalized authoritative identity.
632,TURKANA,Loima Sub County,Lokiriama/Lorengippi Ward,turkana,loima,1656,70,Turkana,1411,Loima,70,1411,Loima,EXACT_MATCH,sourceGID located the Ward and its County/SubCounty relationships match the unique normalized authoritative identity.
633,TURKANA,Turkana South Sub County,Kaputir Ward,turkana,turkanasouth,1657,70,Turkana,1415,Turkana South,70,1415,Turkana South,EXACT_MATCH,sourceGID located the Ward and its County/SubCounty relationships match the unique normalized authoritative identity.
635,TURKANA,Turkana South Sub County,Lobokat Ward,turkana,turkanasouth,1658,70,Turkana,1415,Turkana South,70,1415,Turkana South,EXACT_MATCH,sourceGID located the Ward and its County/SubCounty relationships match the unique normalized authoritative identity.
636,TURKANA,Turkana South Sub County,Kalapata Ward,turkana,turkanasouth,1659,70,Turkana,1415,Turkana South,70,1415,Turkana South,EXACT_MATCH,sourceGID located the Ward and its County/SubCounty relationships match the unique normalized authoritative identity.
642,WEST POKOT,West Pokot Sub County,Kapenguria Ward,westpokot,westpokot,1660,71,West Pokot,1421,West Pokot,71,1421,West Pokot,EXACT_MATCH,sourceGID located the Ward and its County/SubCounty relationships match the unique normalized authoritative identity.
643,WEST POKOT,West Pokot Sub County,Mnagei Ward,westpokot,westpokot,1661,71,West Pokot,1421,West Pokot,71,1421,West Pokot,EXACT_MATCH,sourceGID located the Ward and its County/SubCounty relationships match the unique normalized authoritative identity.
644,WEST POKOT,West Pokot Sub County,Siyoi Ward,westpokot,westpokot,1662,71,West Pokot,1421,West Pokot,71,1421,West Pokot,EXACT_MATCH,sourceGID located the Ward and its County/SubCounty relationships match the unique normalized authoritative identity.
645,WEST POKOT,West Pokot Sub County,Endugh Ward,westpokot,westpokot,1663,71,West Pokot,1421,West Pokot,71,1421,West Pokot,EXACT_MATCH,sourceGID located the Ward and its County/SubCounty relationships match the unique normalized authoritative identity.
646,WEST POKOT,West Pokot Sub County,Sook Ward,westpokot,westpokot,1664,71,West Pokot,1421,West Pokot,71,1421,West Pokot,EXACT_MATCH,sourceGID located the Ward and its County/SubCounty relationships match the unique normalized authoritative identity.
647,WEST POKOT,Pokot Central Sub County,Sekerr Ward,westpokot,pokotcentral,1665,71,West Pokot,1418,Pokot Central,71,1418,Pokot Central,EXACT_MATCH,sourceGID located the Ward and its County/SubCounty relationships match the unique normalized authoritative identity.
648,WEST POKOT,Pokot Central Sub County,Masool Ward,westpokot,pokotcentral,1666,71,West Pokot,1418,Pokot Central,71,1418,Pokot Central,EXACT_MATCH,sourceGID located the Ward and its County/SubCounty relationships match the unique normalized authoritative identity.
166,WAJIR,Wajir North Sub County,Danaba Ward,wajir,wajirnorth,1667,61,Wajir,1292,Wajir North,61,1292,Wajir North,EXACT_MATCH,sourceGID located the Ward and its County/SubCounty relationships match the unique normalized authoritative identity.
649,WEST POKOT,Pokot Central Sub County,Lomut Ward,westpokot,pokotcentral,1668,71,West Pokot,1418,Pokot Central,71,1418,Pokot Central,EXACT_MATCH,sourceGID located the Ward and its County/SubCounty relationships match the unique normalized authoritative identity.
650,WEST POKOT,Pokot Central Sub County,Wei wei Ward,westpokot,pokotcentral,1669,71,West Pokot,1418,Pokot Central,71,1418,Pokot Central,EXACT_MATCH,sourceGID located the Ward and its County/SubCounty relationships match the unique normalized authoritative identity.
2172,Narok,Narok North Sub County,Olorropil Ward,narok,naroknorth,1670,80,Narok,1471,Narok North,80,1471,Narok North,EXACT_MATCH,sourceGID located the Ward and its County/SubCounty relationships match the unique normalized authoritative identity.
2173,Narok,Narok North Sub County,Melili Ward,narok,naroknorth,1671,80,Narok,1471,Narok North,80,1471,Narok North,EXACT_MATCH,sourceGID located the Ward and its County/SubCounty relationships match the unique normalized authoritative identity.
2174,Narok,Narok East Sub County,Mosiro Ward,narok,narokeast,1672,80,Narok,1470,Narok East,80,1470,Narok East,EXACT_MATCH,sourceGID located the Ward and its County/SubCounty relationships match the unique normalized authoritative identity.
2175,Narok,Narok East Sub County,Ildamat Ward,narok,narokeast,1673,80,Narok,1470,Narok East,80,1470,Narok East,EXACT_MATCH,sourceGID located the Ward and its County/SubCounty relationships match the unique normalized authoritative identity.
2176,Narok,Narok East Sub County,Keekonyokie Ward,narok,narokeast,1674,80,Narok,1470,Narok East,80,1470,Narok East,EXACT_MATCH,sourceGID located the Ward and its County/SubCounty relationships match the unique normalized authoritative identity.
2177,Narok,Narok East Sub County,Suswa Ward,narok,narokeast,1675,80,Narok,1470,Narok East,80,1470,Narok East,EXACT_MATCH,sourceGID located the Ward and its County/SubCounty relationships match the unique normalized authoritative identity.
2178,Narok,Narok South Sub County,Maji Moto/naroosura Ward,narok,naroksouth,1676,80,Narok,1472,Narok South,80,1472,Narok South,EXACT_MATCH,sourceGID located the Ward and its County/SubCounty relationships match the unique normalized authoritative identity.
2179,Narok,Narok South Sub County,Ololulung'a Ward,narok,naroksouth,1677,80,Narok,1472,Narok South,80,1472,Narok South,EXACT_MATCH,sourceGID located the Ward and its County/SubCounty relationships match the unique normalized authoritative identity.
2180,Narok,Narok South Sub County,Melelo Ward,narok,naroksouth,1678,80,Narok,1472,Narok South,80,1472,Narok South,EXACT_MATCH,sourceGID located the Ward and its County/SubCounty relationships match the unique normalized authoritative identity.
2181,Narok,Narok South Sub County,Loita Ward,narok,naroksouth,1679,80,Narok,1472,Narok South,80,1472,Narok South,EXACT_MATCH,sourceGID located the Ward and its County/SubCounty relationships match the unique normalized authoritative identity.
2182,Narok,Narok South Sub County,Sogoo Ward,narok,naroksouth,1680,80,Narok,1472,Narok South,80,1472,Narok South,EXACT_MATCH,sourceGID located the Ward and its County/SubCounty relationships match the unique normalized authoritative identity.
2183,Narok,Narok South Sub County,Sagamian Ward,narok,naroksouth,1681,80,Narok,1472,Narok South,80,1472,Narok South,EXACT_MATCH,sourceGID located the Ward and its County/SubCounty relationships match the unique normalized authoritative identity.
2184,Narok,Narok West Sub County,Ilmotiook Ward,narok,narokwest,1682,80,Narok,1473,Narok West,80,1473,Narok West,EXACT_MATCH,sourceGID located the Ward and its County/SubCounty relationships match the unique normalized authoritative identity.
2185,Narok,Narok West Sub County,Mara Ward,narok,narokwest,1683,80,Narok,1473,Narok West,80,1473,Narok West,EXACT_MATCH,sourceGID located the Ward and its County/SubCounty relationships match the unique normalized authoritative identity.
2186,Narok,Narok West Sub County,Siana Ward,narok,narokwest,1684,80,Narok,1473,Narok West,80,1473,Narok West,EXACT_MATCH,sourceGID located the Ward and its County/SubCounty relationships match the unique normalized authoritative identity.
664,SAMBURU,Samburu Central Sub County,Loosuk Ward,samburu,samburucentral,1685,72,Samburu,1422,Samburu Central,72,1422,Samburu Central,EXACT_MATCH,sourceGID located the Ward and its County/SubCounty relationships match the unique normalized authoritative identity.
665,SAMBURU,Samburu Central Sub County,Porro Ward,samburu,samburucentral,1686,72,Samburu,1422,Samburu Central,72,1422,Samburu Central,EXACT_MATCH,sourceGID located the Ward and its County/SubCounty relationships match the unique normalized authoritative identity.
666,SAMBURU,Samburu North Sub County,El-barta Ward,samburu,samburunorth,1687,72,Samburu,1424,Samburu North,72,1424,Samburu North,EXACT_MATCH,sourceGID located the Ward and its County/SubCounty relationships match the unique normalized authoritative identity.
667,SAMBURU,Samburu North Sub County,Nachola Ward,samburu,samburunorth,1688,72,Samburu,1424,Samburu North,72,1424,Samburu North,EXACT_MATCH,sourceGID located the Ward and its County/SubCounty relationships match the unique normalized authoritative identity.
668,SAMBURU,Samburu North Sub County,Ndoto Ward,samburu,samburunorth,1689,72,Samburu,1424,Samburu North,72,1424,Samburu North,EXACT_MATCH,sourceGID located the Ward and its County/SubCounty relationships match the unique normalized authoritative identity.
669,SAMBURU,Samburu North Sub County,Nyiro Ward,samburu,samburunorth,1690,72,Samburu,1424,Samburu North,72,1424,Samburu North,EXACT_MATCH,sourceGID located the Ward and its County/SubCounty relationships match the unique normalized authoritative identity.
670,SAMBURU,Samburu Central Sub County,Angata nayokie Ward,samburu,samburucentral,1691,72,Samburu,1422,Samburu Central,72,1422,Samburu Central,EXACT_MATCH,sourceGID located the Ward and its County/SubCounty relationships match the unique normalized authoritative identity.
671,SAMBURU,Samburu Central Sub County,Baawa Ward,samburu,samburucentral,1692,72,Samburu,1422,Samburu Central,72,1422,Samburu Central,EXACT_MATCH,sourceGID located the Ward and its County/SubCounty relationships match the unique normalized authoritative identity.
672,SAMBURU,Samburu East Sub County,Waso Ward,samburu,samburueast,1693,72,Samburu,421,Samburu East Sub County,72,421,Samburu East Sub County,EXACT_MATCH,sourceGID located the Ward and its County/SubCounty relationships match the unique normalized authoritative identity.
673,SAMBURU,Samburu East Sub County,Wamba west Ward,samburu,samburueast,1694,72,Samburu,421,Samburu East Sub County,72,421,Samburu East Sub County,EXACT_MATCH,sourceGID located the Ward and its County/SubCounty relationships match the unique normalized authoritative identity.
674,SAMBURU,Samburu East Sub County,Wamba east Ward,samburu,samburueast,1695,72,Samburu,421,Samburu East Sub County,72,421,Samburu East Sub County,EXACT_MATCH,sourceGID located the Ward and its County/SubCounty relationships match the unique normalized authoritative identity.
675,SAMBURU,Samburu East Sub County,Wamba north Ward,samburu,samburueast,1696,72,Samburu,421,Samburu East Sub County,72,421,Samburu East Sub County,EXACT_MATCH,sourceGID located the Ward and its County/SubCounty relationships match the unique normalized authoritative identity.
676,TRANS NZOIA,Kwanza  Sub County,Kapomboi Ward,transnzoia,kwanza,1697,81,Trans Nzoia,1427,Kwanza,81,1427,Kwanza,EXACT_MATCH,sourceGID located the Ward and its County/SubCounty relationships match the unique normalized authoritative identity.
677,TRANS NZOIA,Kwanza  Sub County,Kwanza Ward,transnzoia,kwanza,1698,81,Trans Nzoia,1427,Kwanza,81,1427,Kwanza,EXACT_MATCH,sourceGID located the Ward and its County/SubCounty relationships match the unique normalized authoritative identity.
1841,Kilifi,Rabai Sub County,Mwawesa Ward,kilifi,rabai,1699,73,Kilifi,1270,Rabai,73,1270,Rabai,EXACT_MATCH,sourceGID located the Ward and its County/SubCounty relationships match the unique normalized authoritative identity.
680,TRANS NZOIA,Endebess Sub County,Chepchoina Ward,transnzoia,endebess,1700,81,Trans Nzoia,1428,Endebess,81,1428,Endebess,EXACT_MATCH,sourceGID located the Ward and its County/SubCounty relationships match the unique normalized authoritative identity.
681,TRANS NZOIA,Endebess Sub County,Endebess Ward,transnzoia,endebess,1701,81,Trans Nzoia,1428,Endebess,81,1428,Endebess,EXACT_MATCH,sourceGID located the Ward and its County/SubCounty relationships match the unique normalized authoritative identity.
682,TRANS NZOIA,Endebess Sub County,Matumbei Ward,transnzoia,endebess,1702,81,Trans Nzoia,1428,Endebess,81,1428,Endebess,EXACT_MATCH,sourceGID located the Ward and its County/SubCounty relationships match the unique normalized authoritative identity.
683,TRANS NZOIA,Saboti  Sub County,Kinyoro Ward,transnzoia,saboti,1703,81,Trans Nzoia,425,Saboti  Sub County,81,425,Saboti  Sub County,EXACT_MATCH,sourceGID located the Ward and its County/SubCounty relationships match the unique normalized authoritative identity.
684,TRANS NZOIA,Saboti  Sub County,Matisi Ward,transnzoia,saboti,1704,81,Trans Nzoia,425,Saboti  Sub County,81,425,Saboti  Sub County,EXACT_MATCH,sourceGID located the Ward and its County/SubCounty relationships match the unique normalized authoritative identity.
1803,Mombasa,Kisauni  Sub County,Mjambere Ward,mombasa,kisauni,1705,55,Mombasa,1253,Kisauni,55,1253,Kisauni,EXACT_MATCH,sourceGID located the Ward and its County/SubCounty relationships match the unique normalized authoritative identity.
2187,Narok,Narok West Sub County,Naikarra Ward,narok,narokwest,1706,80,Narok,1473,Narok West,80,1473,Narok West,EXACT_MATCH,sourceGID located the Ward and its County/SubCounty relationships match the unique normalized authoritative identity.
2188,Kiambu,Githunguri Sub County,Githiga Ward,kiambu,githunguri,1707,82,Kiambu,1399,Githunguri,82,1399,Githunguri,EXACT_MATCH,sourceGID located the Ward and its County/SubCounty relationships match the unique normalized authoritative identity.
2189,Kiambu,Githunguri Sub County,Ikinu Ward,kiambu,githunguri,1708,82,Kiambu,1399,Githunguri,82,1399,Githunguri,EXACT_MATCH,sourceGID located the Ward and its County/SubCounty relationships match the unique normalized authoritative identity.
2190,Kiambu,Githunguri Sub County,Ngewa Ward,kiambu,githunguri,1709,82,Kiambu,1399,Githunguri,82,1399,Githunguri,EXACT_MATCH,sourceGID located the Ward and its County/SubCounty relationships match the unique normalized authoritative identity.
2191,Kiambu,Githunguri Sub County,Komothai Ward,kiambu,githunguri,1710,82,Kiambu,1399,Githunguri,82,1399,Githunguri,EXACT_MATCH,sourceGID located the Ward and its County/SubCounty relationships match the unique normalized authoritative identity.
2192,Kiambu,Kiambu Town Sub County,Ting'ang'a Ward,kiambu,kiambutown,1711,82,Kiambu,428,Kiambu Town Sub County,82,428,Kiambu Town Sub County,EXACT_MATCH,sourceGID located the Ward and its County/SubCounty relationships match the unique normalized authoritative identity.
2193,Kiambu,Kiambu Town Sub County,Ndumberi Ward,kiambu,kiambutown,1712,82,Kiambu,428,Kiambu Town Sub County,82,428,Kiambu Town Sub County,EXACT_MATCH,sourceGID located the Ward and its County/SubCounty relationships match the unique normalized authoritative identity.
2194,Kiambu,Kiambu Town Sub County,Riabai Ward,kiambu,kiambutown,1713,82,Kiambu,428,Kiambu Town Sub County,82,428,Kiambu Town Sub County,EXACT_MATCH,sourceGID located the Ward and its County/SubCounty relationships match the unique normalized authoritative identity.
2195,Kiambu,Kiambu Town Sub County,Kiambu Township Ward,kiambu,kiambutown,1714,82,Kiambu,428,Kiambu Town Sub County,82,428,Kiambu Town Sub County,EXACT_MATCH,sourceGID located the Ward and its County/SubCounty relationships match the unique normalized authoritative identity.
2196,Kiambu,Kiambaa Sub County,Cianda Ward,kiambu,kiambaa,1715,82,Kiambu,1402,Kiambaa,82,1402,Kiambaa,EXACT_MATCH,sourceGID located the Ward and its County/SubCounty relationships match the unique normalized authoritative identity.
2197,Kiambu,Kiambaa Sub County,Karuri Ward,kiambu,kiambaa,1716,82,Kiambu,1402,Kiambaa,82,1402,Kiambaa,EXACT_MATCH,sourceGID located the Ward and its County/SubCounty relationships match the unique normalized authoritative identity.
2198,Kiambu,Kiambaa Sub County,Ndenderu Ward,kiambu,kiambaa,1717,82,Kiambu,1402,Kiambaa,82,1402,Kiambaa,EXACT_MATCH,sourceGID located the Ward and its County/SubCounty relationships match the unique normalized authoritative identity.
2199,Kiambu,Kiambaa Sub County,Muchatha Ward,kiambu,kiambaa,1718,82,Kiambu,1402,Kiambaa,82,1402,Kiambaa,EXACT_MATCH,sourceGID located the Ward and its County/SubCounty relationships match the unique normalized authoritative identity.
2200,Kiambu,Kiambaa Sub County,Kihara Ward,kiambu,kiambaa,1719,82,Kiambu,1402,Kiambaa,82,1402,Kiambaa,EXACT_MATCH,sourceGID located the Ward and its County/SubCounty relationships match the unique normalized authoritative identity.
1767,Nakuru,Kuresoi North  Sub County,Kiptororo Ward,nakuru,kuresoinorth,1720,77,Nakuru,1460,Kuresoi North,77,1460,Kuresoi North,EXACT_MATCH,sourceGID located the Ward and its County/SubCounty relationships match the unique normalized authoritative identity.
1768,Nakuru,Kuresoi North  Sub County,Nyota Ward,nakuru,kuresoinorth,1721,77,Nakuru,1460,Kuresoi North,77,1460,Kuresoi North,EXACT_MATCH,sourceGID located the Ward and its County/SubCounty relationships match the unique normalized authoritative identity.
1769,Nakuru,Kuresoi North  Sub County,Sirikwa Ward,nakuru,kuresoinorth,1722,77,Nakuru,1460,Kuresoi North,77,1460,Kuresoi North,EXACT_MATCH,sourceGID located the Ward and its County/SubCounty relationships match the unique normalized authoritative identity.
2201,Kiambu,Kabete Sub County,Gitaru,kiambu,kabete,1723,82,Kiambu,1401,Kabete,82,1401,Kabete,EXACT_MATCH,sourceGID located the Ward and its County/SubCounty relationships match the unique normalized authoritative identity.
2202,Kiambu,Kabete Sub County,Muguga,kiambu,kabete,1724,82,Kiambu,1401,Kabete,82,1401,Kabete,EXACT_MATCH,sourceGID located the Ward and its County/SubCounty relationships match the unique normalized authoritative identity.
2203,Kiambu,Kabete Sub County,Nyadhuna Ward,kiambu,kabete,1725,82,Kiambu,1401,Kabete,82,1401,Kabete,EXACT_MATCH,sourceGID located the Ward and its County/SubCounty relationships match the unique normalized authoritative identity.
2204,Kiambu,Kabete Sub County,Kabete Ward,kiambu,kabete,1726,82,Kiambu,1401,Kabete,82,1401,Kabete,EXACT_MATCH,sourceGID located the Ward and its County/SubCounty relationships match the unique normalized authoritative identity.
688,TRANS NZOIA,Kiminini  Sub County,Kiminini Ward,transnzoia,kiminini,1727,81,Trans Nzoia,1429,Kiminini,81,1429,Kiminini,EXACT_MATCH,sourceGID located the Ward and its County/SubCounty relationships match the unique normalized authoritative identity.
689,TRANS NZOIA,Kiminini  Sub County,Waitaluk Ward,transnzoia,kiminini,1728,81,Trans Nzoia,1429,Kiminini,81,1429,Kiminini,EXACT_MATCH,sourceGID located the Ward and its County/SubCounty relationships match the unique normalized authoritative identity.
690,TRANS NZOIA,Kiminini  Sub County,Sirende Ward,transnzoia,kiminini,1729,81,Trans Nzoia,1429,Kiminini,81,1429,Kiminini,EXACT_MATCH,sourceGID located the Ward and its County/SubCounty relationships match the unique normalized authoritative identity.
1771,Nakuru,Subukia  Sub County,Subukia Ward,nakuru,subukia,1730,77,Nakuru,1469,Subukia,77,1469,Subukia,EXACT_MATCH,sourceGID located the Ward and its County/SubCounty relationships match the unique normalized authoritative identity.
189,WAJIR,Wajir South Sub County,Ibrahim ure Ward,wajir,wajirsouth,1731,61,Wajir,1293,Wajir South,61,1293,Wajir South,EXACT_MATCH,sourceGID located the Ward and its County/SubCounty relationships match the unique normalized authoritative identity.
1774,Nakuru,Rongai  Sub County,Menengai West Ward,nakuru,rongai,1732,77,Nakuru,1468,Rongai,77,1468,Rongai,EXACT_MATCH,sourceGID located the Ward and its County/SubCounty relationships match the unique normalized authoritative identity.
2216,Kiambu,Lari Sub County,Kinale Ward,kiambu,lari,1733,82,Kiambu,1405,Lari,82,1405,Lari,EXACT_MATCH,sourceGID located the Ward and its County/SubCounty relationships match the unique normalized authoritative identity.
2218,Kiambu,Lari Sub County,Nyanduma Ward,kiambu,lari,1734,82,Kiambu,1405,Lari,82,1405,Lari,EXACT_MATCH,sourceGID located the Ward and its County/SubCounty relationships match the unique normalized authoritative identity.
2219,Kiambu,Lari Sub County,Kamburu Ward,kiambu,lari,1735,82,Kiambu,1405,Lari,82,1405,Lari,EXACT_MATCH,sourceGID located the Ward and its County/SubCounty relationships match the unique normalized authoritative identity.
2220,Kiambu,Lari Sub County,Lari/kirenga Ward,kiambu,lari,1736,82,Kiambu,1405,Lari,82,1405,Lari,EXACT_MATCH,sourceGID located the Ward and its County/SubCounty relationships match the unique normalized authoritative identity.
2221,Kiambu,Gatundu South Sub County,Kiamwangi Ward,kiambu,gatundusouth,1737,82,Kiambu,1398,Gatundu South,82,1398,Gatundu South,EXACT_MATCH,sourceGID located the Ward and its County/SubCounty relationships match the unique normalized authoritative identity.
2222,Kiambu,Gatundu South Sub County,Kiganjo Ward,kiambu,gatundusouth,1738,82,Kiambu,1398,Gatundu South,82,1398,Gatundu South,EXACT_MATCH,sourceGID located the Ward and its County/SubCounty relationships match the unique normalized authoritative identity.
2223,Kiambu,Gatundu South Sub County,Ndarugu Ward,kiambu,gatundusouth,1739,82,Kiambu,1398,Gatundu South,82,1398,Gatundu South,EXACT_MATCH,sourceGID located the Ward and its County/SubCounty relationships match the unique normalized authoritative identity.
2224,Kiambu,Gatundu South Sub County,Ngenda Ward,kiambu,gatundusouth,1740,82,Kiambu,1398,Gatundu South,82,1398,Gatundu South,EXACT_MATCH,sourceGID located the Ward and its County/SubCounty relationships match the unique normalized authoritative identity.
2225,Kiambu,Gatundu North Sub County,Gituamba Ward,kiambu,gatundunorth,1741,82,Kiambu,1397,Gatundu North,82,1397,Gatundu North,EXACT_MATCH,sourceGID located the Ward and its County/SubCounty relationships match the unique normalized authoritative identity.
2226,Kiambu,Gatundu North Sub County,Githobokoni Ward,kiambu,gatundunorth,1742,82,Kiambu,1397,Gatundu North,82,1397,Gatundu North,EXACT_MATCH,sourceGID located the Ward and its County/SubCounty relationships match the unique normalized authoritative identity.
2227,Kiambu,Gatundu North Sub County,Chania Ward,kiambu,gatundunorth,1743,82,Kiambu,1397,Gatundu North,82,1397,Gatundu North,EXACT_MATCH,sourceGID located the Ward and its County/SubCounty relationships match the unique normalized authoritative identity.
2228,Kiambu,Gatundu North Sub County,Mang'u Ward,kiambu,gatundunorth,1744,82,Kiambu,1397,Gatundu North,82,1397,Gatundu North,EXACT_MATCH,sourceGID located the Ward and its County/SubCounty relationships match the unique normalized authoritative identity.
2229,Kiambu,Juja Sub County,Murera Ward,kiambu,juja,1745,82,Kiambu,1400,Juja,82,1400,Juja,EXACT_MATCH,sourceGID located the Ward and its County/SubCounty relationships match the unique normalized authoritative identity.
2230,Kiambu,Juja Sub County,Theta Ward,kiambu,juja,1746,82,Kiambu,1400,Juja,82,1400,Juja,EXACT_MATCH,sourceGID located the Ward and its County/SubCounty relationships match the unique normalized authoritative identity.
1776,Nakuru,Rongai  Sub County,Visoi Ward,nakuru,rongai,1747,77,Nakuru,1468,Rongai,77,1468,Rongai,EXACT_MATCH,sourceGID located the Ward and its County/SubCounty relationships match the unique normalized authoritative identity.
2231,Kiambu,Juja Sub County,Juja Ward,kiambu,juja,1748,82,Kiambu,1400,Juja,82,1400,Juja,EXACT_MATCH,sourceGID located the Ward and its County/SubCounty relationships match the unique normalized authoritative identity.
2232,Kiambu,Juja Sub County,Witeithie Ward,kiambu,juja,1749,82,Kiambu,1400,Juja,82,1400,Juja,EXACT_MATCH,sourceGID located the Ward and its County/SubCounty relationships match the unique normalized authoritative identity.
2233,Kiambu,Juja Sub County,Kalimoni Ward,kiambu,juja,1750,82,Kiambu,1400,Juja,82,1400,Juja,EXACT_MATCH,sourceGID located the Ward and its County/SubCounty relationships match the unique normalized authoritative identity.
2234,Kiambu,Thika Town Sub County,Thika Township Ward,kiambu,thikatown,1751,82,Kiambu,439,Thika Town Sub County,82,439,Thika Town Sub County,EXACT_MATCH,sourceGID located the Ward and its County/SubCounty relationships match the unique normalized authoritative identity.
2235,Kiambu,Thika Town Sub County,Kamenu Ward,kiambu,thikatown,1752,82,Kiambu,439,Thika Town Sub County,82,439,Thika Town Sub County,EXACT_MATCH,sourceGID located the Ward and its County/SubCounty relationships match the unique normalized authoritative identity.
2236,Kiambu,Thika Town Sub County,Hospital Ward,kiambu,thikatown,1753,82,Kiambu,439,Thika Town Sub County,82,439,Thika Town Sub County,EXACT_MATCH,sourceGID located the Ward and its County/SubCounty relationships match the unique normalized authoritative identity.
1779,Nakuru,Nakuru North  Sub County,Dundori Ward,nakuru,nakurunorth,1754,77,Nakuru,1465,Nakuru North,77,1465,Nakuru North,EXACT_MATCH,sourceGID located the Ward and its County/SubCounty relationships match the unique normalized authoritative identity.
1842,Kilifi,Rabai Sub County,Rurumaward,kilifi,rabai,1755,73,Kilifi,1270,Rabai,73,1270,Rabai,EXACT_MATCH,sourceGID located the Ward and its County/SubCounty relationships match the unique normalized authoritative identity.
695,TRANS NZOIA,Cherangany Sub County,Makutano Ward,transnzoia,cherangany,1756,81,Trans Nzoia,441,Cherangany Sub County,81,441,Cherangany Sub County,EXACT_MATCH,sourceGID located the Ward and its County/SubCounty relationships match the unique normalized authoritative identity.
696,TRANS NZOIA,Cherangany Sub County,Kaplamai Ward,transnzoia,cherangany,1757,81,Trans Nzoia,441,Cherangany Sub County,81,441,Cherangany Sub County,EXACT_MATCH,sourceGID located the Ward and its County/SubCounty relationships match the unique normalized authoritative identity.
697,TRANS NZOIA,Cherangany Sub County,Motosiet Ward,transnzoia,cherangany,1758,81,Trans Nzoia,441,Cherangany Sub County,81,441,Cherangany Sub County,EXACT_MATCH,sourceGID located the Ward and its County/SubCounty relationships match the unique normalized authoritative identity.
698,TRANS NZOIA,Cherangany Sub County,Cherangany/suwerwa Ward,transnzoia,cherangany,1759,81,Trans Nzoia,441,Cherangany Sub County,81,441,Cherangany Sub County,EXACT_MATCH,sourceGID located the Ward and its County/SubCounty relationships match the unique normalized authoritative identity.
699,TRANS NZOIA,Cherangany Sub County,Chepsiro/kiptoror Ward,transnzoia,cherangany,1760,81,Trans Nzoia,441,Cherangany Sub County,81,441,Cherangany Sub County,EXACT_MATCH,sourceGID located the Ward and its County/SubCounty relationships match the unique normalized authoritative identity.
1808,Mombasa,Kisauni  Sub County,Magogoni Ward,mombasa,kisauni,1761,55,Mombasa,1253,Kisauni,55,1253,Kisauni,EXACT_MATCH,sourceGID located the Ward and its County/SubCounty relationships match the unique normalized authoritative identity.
1876,Siaya,Rarieda Sub County,North Uyoma Ward,siaya,rarieda,1762,83,Siaya,1534,Rarieda,83,1534,Rarieda,EXACT_MATCH,sourceGID located the Ward and its County/SubCounty relationships match the unique normalized authoritative identity.
1877,Siaya,Rarieda Sub County,South Uyoma Ward,siaya,rarieda,1763,83,Siaya,1534,Rarieda,83,1534,Rarieda,EXACT_MATCH,sourceGID located the Ward and its County/SubCounty relationships match the unique normalized authoritative identity.
1878,Siaya,Rarieda Sub County,West Uyoma Ward,siaya,rarieda,1764,83,Siaya,1534,Rarieda,83,1534,Rarieda,EXACT_MATCH,sourceGID located the Ward and its County/SubCounty relationships match the unique normalized authoritative identity.
1891,Kwale,Msambweni Sub County,Ukunda Ward,kwale,msambweni,1765,84,Kwale,1260,Msambweni,84,1260,Msambweni,EXACT_MATCH,sourceGID located the Ward and its County/SubCounty relationships match the unique normalized authoritative identity.
1892,Kwale,Msambweni Sub County,Kinondo Ward,kwale,msambweni,1766,84,Kwale,1260,Msambweni,84,1260,Msambweni,EXACT_MATCH,sourceGID located the Ward and its County/SubCounty relationships match the unique normalized authoritative identity.
1893,Kwale,Msambweni Sub County,Ramisi Ward,kwale,msambweni,1767,84,Kwale,1260,Msambweni,84,1260,Msambweni,EXACT_MATCH,sourceGID located the Ward and its County/SubCounty relationships match the unique normalized authoritative identity.
1894,Kwale,Lunga Lunga Sub County,Pongwe Kikoneni Ward,kwale,lungalunga,1768,84,Kwale,1258,Lunga Lunga,84,1258,Lunga Lunga,EXACT_MATCH,sourceGID located the Ward and its County/SubCounty relationships match the unique normalized authoritative identity.
1895,Kwale,Lunga Lunga Sub County,Dzombo Ward,kwale,lungalunga,1769,84,Kwale,1258,Lunga Lunga,84,1258,Lunga Lunga,EXACT_MATCH,sourceGID located the Ward and its County/SubCounty relationships match the unique normalized authoritative identity.
1896,Kwale,Lunga Lunga Sub County,Mwereni Ward,kwale,lungalunga,1770,84,Kwale,1258,Lunga Lunga,84,1258,Lunga Lunga,EXACT_MATCH,sourceGID located the Ward and its County/SubCounty relationships match the unique normalized authoritative identity.
1897,Kwale,Lunga Lunga Sub County,Vanga Ward,kwale,lungalunga,1771,84,Kwale,1258,Lunga Lunga,84,1258,Lunga Lunga,EXACT_MATCH,sourceGID located the Ward and its County/SubCounty relationships match the unique normalized authoritative identity.
1780,Nakuru,Nakuru North  Sub County,Kabatini Ward,nakuru,nakurunorth,1772,77,Nakuru,1465,Nakuru North,77,1465,Nakuru North,EXACT_MATCH,sourceGID located the Ward and its County/SubCounty relationships match the unique normalized authoritative identity.
1898,Kwale,Matuga Sub County,Tsimba Golini Ward,kwale,matuga,1773,84,Kwale,1259,Matuga,84,1259,Matuga,EXACT_MATCH,sourceGID located the Ward and its County/SubCounty relationships match the unique normalized authoritative identity.
1899,Kwale,Matuga Sub County,Waa Ngombeni Ward,kwale,matuga,1774,84,Kwale,1259,Matuga,84,1259,Matuga,EXACT_MATCH,sourceGID located the Ward and its County/SubCounty relationships match the unique normalized authoritative identity.
1770,Nakuru,Kuresoi North  Sub County,Kamara Ward,nakuru,kuresoinorth,1775,77,Nakuru,1460,Kuresoi North,77,1460,Kuresoi North,EXACT_MATCH,sourceGID located the Ward and its County/SubCounty relationships match the unique normalized authoritative identity.
1900,Kwale,Matuga Sub County,Tiwi Ward,kwale,matuga,1776,84,Kwale,1259,Matuga,84,1259,Matuga,EXACT_MATCH,sourceGID located the Ward and its County/SubCounty relationships match the unique normalized authoritative identity.
1901,Kwale,Matuga Sub County,Kubo South Ward,kwale,matuga,1777,84,Kwale,1259,Matuga,84,1259,Matuga,EXACT_MATCH,sourceGID located the Ward and its County/SubCounty relationships match the unique normalized authoritative identity.
1772,Nakuru,Subukia  Sub County,Waseges Ward,nakuru,subukia,1778,77,Nakuru,1469,Subukia,77,1469,Subukia,EXACT_MATCH,sourceGID located the Ward and its County/SubCounty relationships match the unique normalized authoritative identity.
1773,Nakuru,Subukia  Sub County,Kabazi Ward,nakuru,subukia,1779,77,Nakuru,1469,Subukia,77,1469,Subukia,EXACT_MATCH,sourceGID located the Ward and its County/SubCounty relationships match the unique normalized authoritative identity.
731,ELGEYO-MARAKWET,Marakwet East sub-county,Kapyego Ward,elgeyomarakwet,marakweteast,1780,85,Elgeyo Marakwet,1438,Marakwet East,85,1438,Marakwet East,EXACT_MATCH,sourceGID located the Ward and its County/SubCounty relationships match the unique normalized authoritative identity.
732,ELGEYO-MARAKWET,Marakwet East sub-county,Sambirir Ward,elgeyomarakwet,marakweteast,1781,85,Elgeyo Marakwet,1438,Marakwet East,85,1438,Marakwet East,EXACT_MATCH,sourceGID located the Ward and its County/SubCounty relationships match the unique normalized authoritative identity.
1902,Kwale,Matuga Sub County,Mkongani Ward,kwale,matuga,1782,84,Kwale,1259,Matuga,84,1259,Matuga,EXACT_MATCH,sourceGID located the Ward and its County/SubCounty relationships match the unique normalized authoritative identity.
1903,Kwale,Kinango Sub County,Ndavaya Ward,kwale,kinango,1783,84,Kwale,1257,Kinango,84,1257,Kinango,EXACT_MATCH,sourceGID located the Ward and its County/SubCounty relationships match the unique normalized authoritative identity.
1904,Kwale,Kinango Sub County,Puma Ward,kwale,kinango,1784,84,Kwale,1257,Kinango,84,1257,Kinango,EXACT_MATCH,sourceGID located the Ward and its County/SubCounty relationships match the unique normalized authoritative identity.
1905,Kwale,Kinango Sub County,Kinango Ward,kwale,kinango,1785,84,Kwale,1257,Kinango,84,1257,Kinango,EXACT_MATCH,sourceGID located the Ward and its County/SubCounty relationships match the unique normalized authoritative identity.
1906,Kwale,Kinango Sub County,Mackinon Road Ward,kwale,kinango,1786,84,Kwale,1257,Kinango,84,1257,Kinango,EXACT_MATCH,sourceGID located the Ward and its County/SubCounty relationships match the unique normalized authoritative identity.
1907,Kwale,Kinango Sub County,Chengoni/samburu Ward,kwale,kinango,1787,84,Kwale,1257,Kinango,84,1257,Kinango,EXACT_MATCH,sourceGID located the Ward and its County/SubCounty relationships match the unique normalized authoritative identity.
1908,Kwale,Kinango Sub County,Mwavumbo Ward,kwale,kinango,1788,84,Kwale,1257,Kinango,84,1257,Kinango,EXACT_MATCH,sourceGID located the Ward and its County/SubCounty relationships match the unique normalized authoritative identity.
1781,Nakuru,Nakuru North  Sub County,Kiamaina Ward,nakuru,nakurunorth,1789,77,Nakuru,1465,Nakuru North,77,1465,Nakuru North,EXACT_MATCH,sourceGID located the Ward and its County/SubCounty relationships match the unique normalized authoritative identity.
1909,Kwale,Kinango Sub County,Kasemeni Ward,kwale,kinango,1790,84,Kwale,1257,Kinango,84,1257,Kinango,EXACT_MATCH,sourceGID located the Ward and its County/SubCounty relationships match the unique normalized authoritative identity.
2237,Kiambu,Thika Town Sub County,Gatuanyaga Ward,kiambu,thikatown,1791,82,Kiambu,439,Thika Town Sub County,82,439,Thika Town Sub County,EXACT_MATCH,sourceGID located the Ward and its County/SubCounty relationships match the unique normalized authoritative identity.
2238,Kiambu,Thika Town Sub County,Ngoliba Ward,kiambu,thikatown,1792,82,Kiambu,439,Thika Town Sub County,82,439,Thika Town Sub County,EXACT_MATCH,sourceGID located the Ward and its County/SubCounty relationships match the unique normalized authoritative identity.
2239,Kiambu,Ruiru Sub County,Gitothua,kiambu,ruiru,1793,82,Kiambu,1407,Ruiru,82,1407,Ruiru,EXACT_MATCH,sourceGID located the Ward and its County/SubCounty relationships match the unique normalized authoritative identity.
112,TAITA TAVETA,Taveta Sub County,Mahoo Ward,taitataveta,taveta,1794,59,Taita Taveta,1278,Taveta,59,1278,Taveta,EXACT_MATCH,sourceGID located the Ward and its County/SubCounty relationships match the unique normalized authoritative identity.
2269,Bomet,Konoin Sub County,Kimulot Ward,bomet,konoin,1795,86,Bomet,1490,Konoin,86,1490,Konoin,EXACT_MATCH,sourceGID located the Ward and its County/SubCounty relationships match the unique normalized authoritative identity.
2270,Bomet,Konoin Sub County,Mogogosiek Ward,bomet,konoin,1796,86,Bomet,1490,Konoin,86,1490,Konoin,EXACT_MATCH,sourceGID located the Ward and its County/SubCounty relationships match the unique normalized authoritative identity.
2271,Bomet,Konoin Sub County,Boito Ward,bomet,konoin,1797,86,Bomet,1490,Konoin,86,1490,Konoin,EXACT_MATCH,sourceGID located the Ward and its County/SubCounty relationships match the unique normalized authoritative identity.
2272,Bomet,Konoin Sub County,Embomos Ward,bomet,konoin,1798,86,Bomet,1490,Konoin,86,1490,Konoin,EXACT_MATCH,sourceGID located the Ward and its County/SubCounty relationships match the unique normalized authoritative identity.
2273,Kisii,Bomachoge Borabu Sub County,BOMBABA BORABU,kisii,bomachogeborabu,1799,87,Kisii,450,Bomachoge Borabu Sub County,87,450,Bomachoge Borabu Sub County,EXACT_MATCH,sourceGID located the Ward and its County/SubCounty relationships match the unique normalized authoritative identity.
1775,Nakuru,Rongai  Sub County,Soin Ward,nakuru,rongai,1800,77,Nakuru,1468,Rongai,77,1468,Rongai,EXACT_MATCH,sourceGID located the Ward and its County/SubCounty relationships match the unique normalized authoritative identity.
757,NANDI,Aldai Sub County,Kemeloi-maraba Ward,nandi,aldai,1801,88,Nandi,451,Aldai Sub County,88,451,Aldai Sub County,EXACT_MATCH,sourceGID located the Ward and its County/SubCounty relationships match the unique normalized authoritative identity.
758,NANDI,Aldai Sub County,Kobujoi Ward,nandi,aldai,1802,88,Nandi,451,Aldai Sub County,88,451,Aldai Sub County,EXACT_MATCH,sourceGID located the Ward and its County/SubCounty relationships match the unique normalized authoritative identity.
759,NANDI,Aldai Sub County,Kaptumo/kaboi Ward,nandi,aldai,1803,88,Nandi,451,Aldai Sub County,88,451,Aldai Sub County,EXACT_MATCH,sourceGID located the Ward and its County/SubCounty relationships match the unique normalized authoritative identity.
760,NANDI,Aldai Sub County,Koyo/ndurio Ward,nandi,aldai,1804,88,Nandi,451,Aldai Sub County,88,451,Aldai Sub County,EXACT_MATCH,sourceGID located the Ward and its County/SubCounty relationships match the unique normalized authoritative identity.
761,NANDI,Nandi East Sub County,Nandi hills Ward,nandi,nandieast,1805,88,Nandi,1442,Nandi East,88,1442,Nandi East,EXACT_MATCH,sourceGID located the Ward and its County/SubCounty relationships match the unique normalized authoritative identity.
762,NANDI,Nandi East Sub County,Chepkunyuk Ward,nandi,nandieast,1806,88,Nandi,1442,Nandi East,88,1442,Nandi East,EXACT_MATCH,sourceGID located the Ward and its County/SubCounty relationships match the unique normalized authoritative identity.
119,TAITA TAVETA,Wundanyi Sub County,Mwanda/mgange Ward,taitataveta,wundanyi,1807,59,Taita Taveta,303,Wundanyi Sub County,59,303,Wundanyi Sub County,EXACT_MATCH,sourceGID located the Ward and its County/SubCounty relationships match the unique normalized authoritative identity.
120,TAITA TAVETA,Mwatate Sub County,Ronge Ward,taitataveta,mwatate,1808,59,Taita Taveta,1276,Mwatate,59,1276,Mwatate,EXACT_MATCH,sourceGID located the Ward and its County/SubCounty relationships match the unique normalized authoritative identity.
305,THARAKA-NITHI,Igambang'ombe Sub County,Igambang`ombe Ward,tharakanithi,igambangombe,1809,66,Tharaka Nithi,1323,Igambang'ombe,66,1323,Igambang'ombe,EXACT_MATCH,sourceGID located the Ward and its County/SubCounty relationships match the unique normalized authoritative identity.
767,NANDI,Chesumei Sub County,Lelmoko/ngechek Ward,nandi,chesumei,1810,88,Nandi,1440,Chesumei,88,1440,Chesumei,EXACT_MATCH,sourceGID located the Ward and its County/SubCounty relationships match the unique normalized authoritative identity.
121,TAITA TAVETA,Mwatate Sub County,Mwatate Ward,taitataveta,mwatate,1811,59,Taita Taveta,1276,Mwatate,59,1276,Mwatate,EXACT_MATCH,sourceGID located the Ward and its County/SubCounty relationships match the unique normalized authoritative identity.
124,TAITA TAVETA,Mwatate Sub County,Wusi/kishamba Ward,taitataveta,mwatate,1812,59,Taita Taveta,1276,Mwatate,59,1276,Mwatate,EXACT_MATCH,sourceGID located the Ward and its County/SubCounty relationships match the unique normalized authoritative identity.
329,EMBU,Mbeere North  Sub County,Muminji Ward,embu,mbeerenorth,1813,89,Embu,1332,Mbeere North,89,1332,Mbeere North,EXACT_MATCH,sourceGID located the Ward and its County/SubCounty relationships match the unique normalized authoritative identity.
330,EMBU,Mbeere North  Sub County,Evurore Ward,embu,mbeerenorth,1814,89,Embu,1332,Mbeere North,89,1332,Mbeere North,EXACT_MATCH,sourceGID located the Ward and its County/SubCounty relationships match the unique normalized authoritative identity.
1782,Nakuru,Nakuru North  Sub County,Lanet/umoja Ward,nakuru,nakurunorth,1815,77,Nakuru,1465,Nakuru North,77,1465,Nakuru North,EXACT_MATCH,sourceGID located the Ward and its County/SubCounty relationships match the unique normalized authoritative identity.
770,NANDI,Emgwen Sub County,Chepkumia Ward,nandi,emgwen,1816,88,Nandi,456,Emgwen Sub County,88,456,Emgwen Sub County,EXACT_MATCH,sourceGID located the Ward and its County/SubCounty relationships match the unique normalized authoritative identity.
1783,Nakuru,Nakuru North  Sub County,Bahati Ward,nakuru,nakurunorth,1817,77,Nakuru,1465,Nakuru North,77,1465,Nakuru North,EXACT_MATCH,sourceGID located the Ward and its County/SubCounty relationships match the unique normalized authoritative identity.
1786,Nakuru,Nakuru West  Sub County,Kaptembwo Ward,nakuru,nakuruwest,1818,77,Nakuru,1466,Nakuru West,77,1466,Nakuru West,EXACT_MATCH,sourceGID located the Ward and its County/SubCounty relationships match the unique normalized authoritative identity.
479,NYERI,Mathira East Sub County,Iriaini Ward,nyeri,mathiraeast,1819,69,Nyeri,1379,Mathira East,69,1379,Mathira East,EXACT_MATCH,sourceGID located the Ward and its County/SubCounty relationships match the unique normalized authoritative identity.
480,NYERI,Mathira East Sub County,Konyu Ward,nyeri,mathiraeast,1820,69,Nyeri,1379,Mathira East,69,1379,Mathira East,EXACT_MATCH,sourceGID located the Ward and its County/SubCounty relationships match the unique normalized authoritative identity.
772,NANDI,Emgwen Sub County,Kapsabet Ward,nandi,emgwen,1821,88,Nandi,456,Emgwen Sub County,88,456,Emgwen Sub County,EXACT_MATCH,sourceGID located the Ward and its County/SubCounty relationships match the unique normalized authoritative identity.
773,NANDI,Emgwen Sub County,Kilibwoni Ward,nandi,emgwen,1822,88,Nandi,456,Emgwen Sub County,88,456,Emgwen Sub County,EXACT_MATCH,sourceGID located the Ward and its County/SubCounty relationships match the unique normalized authoritative identity.
1810,Mombasa,Nyali  Sub County,Frere Town Ward,mombasa,nyali,1823,55,Mombasa,1256,Nyali,55,1256,Nyali,EXACT_MATCH,sourceGID located the Ward and its County/SubCounty relationships match the unique normalized authoritative identity.
481,NYERI,Mathira West Sub County,Kirimukuyu Ward,nyeri,mathirawest,1824,69,Nyeri,1380,Mathira West,69,1380,Mathira West,EXACT_MATCH,sourceGID located the Ward and its County/SubCounty relationships match the unique normalized authoritative identity.
1787,Nakuru,Nakuru West  Sub County,Kapkures Ward,nakuru,nakuruwest,1825,77,Nakuru,1466,Nakuru West,77,1466,Nakuru West,EXACT_MATCH,sourceGID located the Ward and its County/SubCounty relationships match the unique normalized authoritative identity.
662,SAMBURU,Samburu Central Sub County,Suguta Marmar Ward,samburu,samburucentral,1826,72,Samburu,1422,Samburu Central,72,1422,Samburu Central,EXACT_MATCH,sourceGID located the Ward and its County/SubCounty relationships match the unique normalized authoritative identity.
1788,Nakuru,Nakuru West  Sub County,Rhoda Ward,nakuru,nakuruwest,1827,77,Nakuru,1466,Nakuru West,77,1466,Nakuru West,EXACT_MATCH,sourceGID located the Ward and its County/SubCounty relationships match the unique normalized authoritative identity.
1789,Nakuru,Nakuru West  Sub County,Shaabab Ward,nakuru,nakuruwest,1828,77,Nakuru,1466,Nakuru West,77,1466,Nakuru West,EXACT_MATCH,sourceGID located the Ward and its County/SubCounty relationships match the unique normalized authoritative identity.
747,ELGEYO-MARAKWET,Keiyo South Sub County,Soy North Ward,elgeyomarakwet,keiyosouth,1829,85,Elgeyo Marakwet,1437,Keiyo South,85,1437,Keiyo South,EXACT_MATCH,sourceGID located the Ward and its County/SubCounty relationships match the unique normalized authoritative identity.
748,ELGEYO-MARAKWET,Keiyo South Sub County,Soy South Ward,elgeyomarakwet,keiyosouth,1830,85,Elgeyo Marakwet,1437,Keiyo South,85,1437,Keiyo South,EXACT_MATCH,sourceGID located the Ward and its County/SubCounty relationships match the unique normalized authoritative identity.
1790,Nakuru,Nakuru East  Sub County,Biashara Ward,nakuru,nakurueast,1831,77,Nakuru,1464,Nakuru East,77,1464,Nakuru East,EXACT_MATCH,sourceGID located the Ward and its County/SubCounty relationships match the unique normalized authoritative identity.
755,NANDI,Aldai Sub County,Kabwareng Ward,nandi,aldai,1832,88,Nandi,451,Aldai Sub County,88,451,Aldai Sub County,EXACT_MATCH,sourceGID located the Ward and its County/SubCounty relationships match the unique normalized authoritative identity.
778,NANDI,Mosop Sub County,Ndalat Ward,nandi,mosop,1833,88,Nandi,462,Mosop Sub County,88,462,Mosop Sub County,EXACT_MATCH,sourceGID located the Ward and its County/SubCounty relationships match the unique normalized authoritative identity.
1791,Nakuru,Nakuru East  Sub County,Kivumbini Ward,nakuru,nakurueast,1834,77,Nakuru,1464,Nakuru East,77,1464,Nakuru East,EXACT_MATCH,sourceGID located the Ward and its County/SubCounty relationships match the unique normalized authoritative identity.
1792,Nakuru,Nakuru East  Sub County,Flamingo Ward,nakuru,nakurueast,1835,77,Nakuru,1464,Nakuru East,77,1464,Nakuru East,EXACT_MATCH,sourceGID located the Ward and its County/SubCounty relationships match the unique normalized authoritative identity.
1793,Nakuru,Nakuru East  Sub County,Menengai Ward,nakuru,nakurueast,1836,77,Nakuru,1464,Nakuru East,77,1464,Nakuru East,EXACT_MATCH,sourceGID located the Ward and its County/SubCounty relationships match the unique normalized authoritative identity.
781,BARINGO,Tiaty Sub County,Tirioko Ward,baringo,tiaty,1837,90,Baringo,757,Tiaty East,90,,,KNOWN_SEMANTIC_EXCEPTION,"Authoritative identity is Tiaty Sub County, while the repaired canonical database identity is Tiaty East (ID 757). V15.2 explicitly established this semantic mapping; no general alias rule is being used."
782,BARINGO,Tiaty Sub County,Kolowa Ward,baringo,tiaty,1838,90,Baringo,757,Tiaty East,90,,,KNOWN_SEMANTIC_EXCEPTION,"Authoritative identity is Tiaty Sub County, while the repaired canonical database identity is Tiaty East (ID 757). V15.2 explicitly established this semantic mapping; no general alias rule is being used."
783,BARINGO,Tiaty Sub County,Ribkwo Ward,baringo,tiaty,1839,90,Baringo,757,Tiaty East,90,,,KNOWN_SEMANTIC_EXCEPTION,"Authoritative identity is Tiaty Sub County, while the repaired canonical database identity is Tiaty East (ID 757). V15.2 explicitly established this semantic mapping; no general alias rule is being used."
784,BARINGO,Tiaty Sub County,Silale Ward,baringo,tiaty,1840,90,Baringo,757,Tiaty East,90,,,KNOWN_SEMANTIC_EXCEPTION,"Authoritative identity is Tiaty Sub County, while the repaired canonical database identity is Tiaty East (ID 757). V15.2 explicitly established this semantic mapping; no general alias rule is being used."
785,BARINGO,Tiaty Sub County,Loiyamorok Ward,baringo,tiaty,1841,90,Baringo,757,Tiaty East,90,,,KNOWN_SEMANTIC_EXCEPTION,"Authoritative identity is Tiaty Sub County, while the repaired canonical database identity is Tiaty East (ID 757). V15.2 explicitly established this semantic mapping; no general alias rule is being used."
1813,Mombasa,Nyali  Sub County,Kongowea Ward,mombasa,nyali,1842,55,Mombasa,1256,Nyali,55,1256,Nyali,EXACT_MATCH,sourceGID located the Ward and its County/SubCounty relationships match the unique normalized authoritative identity.
814,LAIKIPIA,Laikipia West Sub County,Marmanet Ward,laikipia,laikipiawest,1843,91,Laikipia,1457,Laikipia West,91,1457,Laikipia West,EXACT_MATCH,sourceGID located the Ward and its County/SubCounty relationships match the unique normalized authoritative identity.
815,LAIKIPIA,Laikipia West Sub County,Igwamiti Ward,laikipia,laikipiawest,1844,91,Laikipia,1457,Laikipia West,91,1457,Laikipia West,EXACT_MATCH,sourceGID located the Ward and its County/SubCounty relationships match the unique normalized authoritative identity.
816,LAIKIPIA,Laikipia West Sub County,Salama Ward,laikipia,laikipiawest,1845,91,Laikipia,1457,Laikipia West,91,1457,Laikipia West,EXACT_MATCH,sourceGID located the Ward and its County/SubCounty relationships match the unique normalized authoritative identity.
817,LAIKIPIA,Laikipia East Sub County,Ngobit Ward,laikipia,laikipiaeast,1846,91,Laikipia,1455,Laikipia East,91,1455,Laikipia East,EXACT_MATCH,sourceGID located the Ward and its County/SubCounty relationships match the unique normalized authoritative identity.
818,LAIKIPIA,Laikipia East Sub County,Tigithi Ward,laikipia,laikipiaeast,1847,91,Laikipia,1455,Laikipia East,91,1455,Laikipia East,EXACT_MATCH,sourceGID located the Ward and its County/SubCounty relationships match the unique normalized authoritative identity.
819,LAIKIPIA,Laikipia East Sub County,Thingithu Ward,laikipia,laikipiaeast,1848,91,Laikipia,1455,Laikipia East,91,1455,Laikipia East,EXACT_MATCH,sourceGID located the Ward and its County/SubCounty relationships match the unique normalized authoritative identity.
820,LAIKIPIA,Laikipia East Sub County,Nanyuki Ward,laikipia,laikipiaeast,1849,91,Laikipia,1455,Laikipia East,91,1455,Laikipia East,EXACT_MATCH,sourceGID located the Ward and its County/SubCounty relationships match the unique normalized authoritative identity.
1821,Mombasa,Mvita  Sub County,Tudor Ward,mombasa,mvita,1850,55,Mombasa,1255,Mvita,55,1255,Mvita,EXACT_MATCH,sourceGID located the Ward and its County/SubCounty relationships match the unique normalized authoritative identity.
1777,Nakuru,Rongai  Sub County,Mosop Ward,nakuru,rongai,1851,77,Nakuru,1468,Rongai,77,1468,Rongai,EXACT_MATCH,sourceGID located the Ward and its County/SubCounty relationships match the unique normalized authoritative identity.
1778,Nakuru,Rongai  Sub County,Solai Ward,nakuru,rongai,1852,77,Nakuru,1468,Rongai,77,1468,Rongai,EXACT_MATCH,sourceGID located the Ward and its County/SubCounty relationships match the unique normalized authoritative identity.
117,TAITA TAVETA,Wundanyi Sub County,Werugha Ward,taitataveta,wundanyi,1853,59,Taita Taveta,303,Wundanyi Sub County,59,303,Wundanyi Sub County,EXACT_MATCH,sourceGID located the Ward and its County/SubCounty relationships match the unique normalized authoritative identity.
1784,Nakuru,Nakuru West  Sub County,Barut Ward,nakuru,nakuruwest,1854,77,Nakuru,1466,Nakuru West,77,1466,Nakuru West,EXACT_MATCH,sourceGID located the Ward and its County/SubCounty relationships match the unique normalized authoritative identity.
1785,Nakuru,Nakuru West  Sub County,London Ward,nakuru,nakuruwest,1855,77,Nakuru,1466,Nakuru West,77,1466,Nakuru West,EXACT_MATCH,sourceGID located the Ward and its County/SubCounty relationships match the unique normalized authoritative identity.
1799,Mombasa,Changamwe Sub County,Chaani Ward,mombasa,changamwe,1856,55,Mombasa,1251,Changamwe,55,1251,Changamwe,EXACT_MATCH,sourceGID located the Ward and its County/SubCounty relationships match the unique normalized authoritative identity.
911,KAJIADO,Kajiado North Sub County,Olkeri Ward,kajiado,kajiadonorth,1857,92,Kajiado,1478,Kajiado North,92,1478,Kajiado North,EXACT_MATCH,sourceGID located the Ward and its County/SubCounty relationships match the unique normalized authoritative identity.
912,KAJIADO,Kajiado North Sub County,Ongata rongai Ward,kajiado,kajiadonorth,1858,92,Kajiado,1478,Kajiado North,92,1478,Kajiado North,EXACT_MATCH,sourceGID located the Ward and its County/SubCounty relationships match the unique normalized authoritative identity.
913,KAJIADO,Kajiado North Sub County,Nkaimurunya Ward,kajiado,kajiadonorth,1859,92,Kajiado,1478,Kajiado North,92,1478,Kajiado North,EXACT_MATCH,sourceGID located the Ward and its County/SubCounty relationships match the unique normalized authoritative identity.
914,KAJIADO,Kajiado North Sub County,Oloolua Ward,kajiado,kajiadonorth,1860,92,Kajiado,1478,Kajiado North,92,1478,Kajiado North,EXACT_MATCH,sourceGID located the Ward and its County/SubCounty relationships match the unique normalized authoritative identity.
915,KAJIADO,Kajiado North Sub County,Ngong Ward,kajiado,kajiadonorth,1861,92,Kajiado,1478,Kajiado North,92,1478,Kajiado North,EXACT_MATCH,sourceGID located the Ward and its County/SubCounty relationships match the unique normalized authoritative identity.
916,KAJIADO,Kajiado Central Sub County,Purko Ward,kajiado,kajiadocentral,1862,92,Kajiado,1477,Kajiado Central,92,1477,Kajiado Central,EXACT_MATCH,sourceGID located the Ward and its County/SubCounty relationships match the unique normalized authoritative identity.
917,KAJIADO,Kajiado Central Sub County,Ildamat Ward,kajiado,kajiadocentral,1863,92,Kajiado,1477,Kajiado Central,92,1477,Kajiado Central,EXACT_MATCH,sourceGID located the Ward and its County/SubCounty relationships match the unique normalized authoritative identity.
918,KAJIADO,Kajiado Central Sub County,Dalalekutuk Ward,kajiado,kajiadocentral,1864,92,Kajiado,1477,Kajiado Central,92,1477,Kajiado Central,EXACT_MATCH,sourceGID located the Ward and its County/SubCounty relationships match the unique normalized authoritative identity.
919,KAJIADO,Kajiado Central Sub County,Matapato north Ward,kajiado,kajiadocentral,1865,92,Kajiado,1477,Kajiado Central,92,1477,Kajiado Central,EXACT_MATCH,sourceGID located the Ward and its County/SubCounty relationships match the unique normalized authoritative identity.
920,KAJIADO,Kajiado Central Sub County,Matapato south Ward,kajiado,kajiadocentral,1866,92,Kajiado,1477,Kajiado Central,92,1477,Kajiado Central,EXACT_MATCH,sourceGID located the Ward and its County/SubCounty relationships match the unique normalized authoritative identity.
921,KAJIADO,Kajiado East Sub County,Kaputiei north Ward,kajiado,kajiadoeast,1867,92,Kajiado,469,Kajiado East Sub County,92,469,Kajiado East Sub County,EXACT_MATCH,sourceGID located the Ward and its County/SubCounty relationships match the unique normalized authoritative identity.
922,KAJIADO,Kajiado East Sub County,Kitengela Ward,kajiado,kajiadoeast,1868,92,Kajiado,469,Kajiado East Sub County,92,469,Kajiado East Sub County,EXACT_MATCH,sourceGID located the Ward and its County/SubCounty relationships match the unique normalized authoritative identity.
923,KAJIADO,Kajiado East Sub County,Oloosirkon/sholinke Ward,kajiado,kajiadoeast,1869,92,Kajiado,469,Kajiado East Sub County,92,469,Kajiado East Sub County,EXACT_MATCH,sourceGID located the Ward and its County/SubCounty relationships match the unique normalized authoritative identity.
924,KAJIADO,Kajiado East Sub County,Kenyawa-poka Ward,kajiado,kajiadoeast,1870,92,Kajiado,469,Kajiado East Sub County,92,469,Kajiado East Sub County,EXACT_MATCH,sourceGID located the Ward and its County/SubCounty relationships match the unique normalized authoritative identity.
925,KAJIADO,Kajiado East Sub County,Imaroro Ward,kajiado,kajiadoeast,1871,92,Kajiado,469,Kajiado East Sub County,92,469,Kajiado East Sub County,EXACT_MATCH,sourceGID located the Ward and its County/SubCounty relationships match the unique normalized authoritative identity.
926,KAJIADO,Kajiado West Sub County,Keekonyokie Ward,kajiado,kajiadowest,1872,92,Kajiado,1479,Kajiado West,92,1479,Kajiado West,EXACT_MATCH,sourceGID located the Ward and its County/SubCounty relationships match the unique normalized authoritative identity.
1912,Kisumu,Kisumu East Sub County,Manyatta B Ward,kisumu,kisumueast,1873,93,Kisumu,1535,Kisumu East,93,1535,Kisumu East,EXACT_MATCH,sourceGID located the Ward and its County/SubCounty relationships match the unique normalized authoritative identity.
943,KERICHO,Kipkelion West Sub County,Chilchila Ward,kericho,kipkelionwest,1874,56,Kericho,472,Kipkelion West Sub County,56,472,Kipkelion West Sub County,EXACT_MATCH,sourceGID located the Ward and its County/SubCounty relationships match the unique normalized authoritative identity.
944,KERICHO,Ainamoi Sub County,Kapsoit Ward,kericho,ainamoi,1875,56,Kericho,295,AINAMOI,56,295,AINAMOI,EXACT_MATCH,sourceGID located the Ward and its County/SubCounty relationships match the unique normalized authoritative identity.
945,KERICHO,Ainamoi Sub County,Ainamoi Ward,kericho,ainamoi,1876,56,Kericho,295,AINAMOI,56,295,AINAMOI,EXACT_MATCH,sourceGID located the Ward and its County/SubCounty relationships match the unique normalized authoritative identity.
946,KERICHO,Ainamoi Sub County,Kapkugerwet Ward,kericho,ainamoi,1877,56,Kericho,295,AINAMOI,56,295,AINAMOI,EXACT_MATCH,sourceGID located the Ward and its County/SubCounty relationships match the unique normalized authoritative identity.
947,KERICHO,Ainamoi Sub County,Kipchebor Ward,kericho,ainamoi,1878,56,Kericho,295,AINAMOI,56,295,AINAMOI,EXACT_MATCH,sourceGID located the Ward and its County/SubCounty relationships match the unique normalized authoritative identity.
948,KERICHO,Ainamoi Sub County,Kipchimchim Ward,kericho,ainamoi,1879,56,Kericho,295,AINAMOI,56,295,AINAMOI,EXACT_MATCH,sourceGID located the Ward and its County/SubCounty relationships match the unique normalized authoritative identity.
949,KERICHO,Ainamoi Sub County,Kapsaos Ward,kericho,ainamoi,1880,56,Kericho,295,AINAMOI,56,295,AINAMOI,EXACT_MATCH,sourceGID located the Ward and its County/SubCounty relationships match the unique normalized authoritative identity.
950,KERICHO,Bureti Sub County,Kisiara Ward,kericho,bureti,1881,56,Kericho,1483,Bureti,56,1483,Bureti,EXACT_MATCH,sourceGID located the Ward and its County/SubCounty relationships match the unique normalized authoritative identity.
951,KERICHO,Bureti Sub County,Tebesonik Ward,kericho,bureti,1882,56,Kericho,1483,Bureti,56,1483,Bureti,EXACT_MATCH,sourceGID located the Ward and its County/SubCounty relationships match the unique normalized authoritative identity.
952,KERICHO,Bureti Sub County,Cheboin Ward,kericho,bureti,1883,56,Kericho,1483,Bureti,56,1483,Bureti,EXACT_MATCH,sourceGID located the Ward and its County/SubCounty relationships match the unique normalized authoritative identity.
953,KERICHO,Bureti Sub County,Chemosot Ward,kericho,bureti,1884,56,Kericho,1483,Bureti,56,1483,Bureti,EXACT_MATCH,sourceGID located the Ward and its County/SubCounty relationships match the unique normalized authoritative identity.
954,KERICHO,Bureti Sub County,Litein Ward,kericho,bureti,1885,56,Kericho,1483,Bureti,56,1483,Bureti,EXACT_MATCH,sourceGID located the Ward and its County/SubCounty relationships match the unique normalized authoritative identity.
955,KERICHO,Bureti Sub County,Cheplanget Ward,kericho,bureti,1886,56,Kericho,1483,Bureti,56,1483,Bureti,EXACT_MATCH,sourceGID located the Ward and its County/SubCounty relationships match the unique normalized authoritative identity.
957,KERICHO,Belgut Sub County,Waldai Ward,kericho,belgut,1887,56,Kericho,1482,Belgut,56,1482,Belgut,EXACT_MATCH,sourceGID located the Ward and its County/SubCounty relationships match the unique normalized authoritative identity.
958,KERICHO,Belgut Sub County,Kabianga Ward,kericho,belgut,1888,56,Kericho,1482,Belgut,56,1482,Belgut,EXACT_MATCH,sourceGID located the Ward and its County/SubCounty relationships match the unique normalized authoritative identity.
1814,Mombasa,Nyali  Sub County,Kadzandani Ward,mombasa,nyali,1889,55,Mombasa,1256,Nyali,55,1256,Nyali,EXACT_MATCH,sourceGID located the Ward and its County/SubCounty relationships match the unique normalized authoritative identity.
1794,Nakuru,Nakuru East  Sub County,Nakuru East Ward,nakuru,nakurueast,1890,77,Nakuru,1464,Nakuru East,77,1464,Nakuru East,EXACT_MATCH,sourceGID located the Ward and its County/SubCounty relationships match the unique normalized authoritative identity.
1795,Mombasa,Changamwe Sub County,Port Reitz Ward,mombasa,changamwe,1891,55,Mombasa,1251,Changamwe,55,1251,Changamwe,EXACT_MATCH,sourceGID located the Ward and its County/SubCounty relationships match the unique normalized authoritative identity.
962,KERICHO,Sigowet/Soin Sub County,Sigowet Ward,kericho,sigowetsoin,1892,56,Kericho,474,Sigowet/Soin Sub County,56,474,Sigowet/Soin Sub County,EXACT_MATCH,sourceGID located the Ward and its County/SubCounty relationships match the unique normalized authoritative identity.
963,KERICHO,Sigowet/Soin Sub County,Kaplelartet Ward,kericho,sigowetsoin,1893,56,Kericho,474,Sigowet/Soin Sub County,56,474,Sigowet/Soin Sub County,EXACT_MATCH,sourceGID located the Ward and its County/SubCounty relationships match the unique normalized authoritative identity.
964,KERICHO,Sigowet/Soin Sub County,Soliat Ward,kericho,sigowetsoin,1894,56,Kericho,474,Sigowet/Soin Sub County,56,474,Sigowet/Soin Sub County,EXACT_MATCH,sourceGID located the Ward and its County/SubCounty relationships match the unique normalized authoritative identity.
965,KERICHO,Sigowet/Soin Sub County,Soin Ward,kericho,sigowetsoin,1895,56,Kericho,474,Sigowet/Soin Sub County,56,474,Sigowet/Soin Sub County,EXACT_MATCH,sourceGID located the Ward and its County/SubCounty relationships match the unique normalized authoritative identity.
1816,Mombasa,Likoni  Sub County,Shika Adabu Ward,mombasa,likoni,1896,55,Mombasa,1254,Likoni,55,1254,Likoni,EXACT_MATCH,sourceGID located the Ward and its County/SubCounty relationships match the unique normalized authoritative identity.
1804,Mombasa,Kisauni  Sub County,Junda Ward,mombasa,kisauni,1897,55,Mombasa,1253,Kisauni,55,1253,Kisauni,EXACT_MATCH,sourceGID located the Ward and its County/SubCounty relationships match the unique normalized authoritative identity.
1805,Mombasa,Kisauni  Sub County,Bamburi Ward,mombasa,kisauni,1898,55,Mombasa,1253,Kisauni,55,1253,Kisauni,EXACT_MATCH,sourceGID located the Ward and its County/SubCounty relationships match the unique normalized authoritative identity.
1806,Mombasa,Kisauni  Sub County,Mwakirunge Ward,mombasa,kisauni,1899,55,Mombasa,1253,Kisauni,55,1253,Kisauni,EXACT_MATCH,sourceGID located the Ward and its County/SubCounty relationships match the unique normalized authoritative identity.
1807,Mombasa,Kisauni  Sub County,Mtopanga Ward,mombasa,kisauni,1900,55,Mombasa,1253,Kisauni,55,1253,Kisauni,EXACT_MATCH,sourceGID located the Ward and its County/SubCounty relationships match the unique normalized authoritative identity.
1913,Kisumu,Kisumu East Sub County,Nyalenda A Ward,kisumu,kisumueast,1901,93,Kisumu,1535,Kisumu East,93,1535,Kisumu East,EXACT_MATCH,sourceGID located the Ward and its County/SubCounty relationships match the unique normalized authoritative identity.
1809,Mombasa,Kisauni  Sub County,Shanzu Ward,mombasa,kisauni,1902,55,Mombasa,1253,Kisauni,55,1253,Kisauni,EXACT_MATCH,sourceGID located the Ward and its County/SubCounty relationships match the unique normalized authoritative identity.
1811,Mombasa,Nyali  Sub County,Ziwa La Ng'ombe Ward,mombasa,nyali,1903,55,Mombasa,1256,Nyali,55,1256,Nyali,EXACT_MATCH,sourceGID located the Ward and its County/SubCounty relationships match the unique normalized authoritative identity.
1812,Mombasa,Nyali  Sub County,Mkomani Ward,mombasa,nyali,1904,55,Mombasa,1256,Nyali,55,1256,Nyali,EXACT_MATCH,sourceGID located the Ward and its County/SubCounty relationships match the unique normalized authoritative identity.
1815,Mombasa,Likoni  Sub County,Mtongwe Ward,mombasa,likoni,1905,55,Mombasa,1254,Likoni,55,1254,Likoni,EXACT_MATCH,sourceGID located the Ward and its County/SubCounty relationships match the unique normalized authoritative identity.
125,TAITA TAVETA,Voi Sub County,Mbololo Ward,taitataveta,voi,1906,59,Taita Taveta,1279,Voi,59,1279,Voi,EXACT_MATCH,sourceGID located the Ward and its County/SubCounty relationships match the unique normalized authoritative identity.
1817,Mombasa,Likoni  Sub County,Bofu Ward,mombasa,likoni,1907,55,Mombasa,1254,Likoni,55,1254,Likoni,EXACT_MATCH,sourceGID located the Ward and its County/SubCounty relationships match the unique normalized authoritative identity.
1826,Kilifi,Kilifi North Sub County,Sokoni Ward,kilifi,kilifinorth,1908,73,Kilifi,1266,Kilifi North,73,1266,Kilifi North,EXACT_MATCH,sourceGID located the Ward and its County/SubCounty relationships match the unique normalized authoritative identity.
1828,Kilifi,Kilifi North Sub County,Dabaso Ward,kilifi,kilifinorth,1909,73,Kilifi,1266,Kilifi North,73,1266,Kilifi North,EXACT_MATCH,sourceGID located the Ward and its County/SubCounty relationships match the unique normalized authoritative identity.
1830,Kilifi,Kilifi North Sub County,Watamu Ward,kilifi,kilifinorth,1910,73,Kilifi,1266,Kilifi North,73,1266,Kilifi North,EXACT_MATCH,sourceGID located the Ward and its County/SubCounty relationships match the unique normalized authoritative identity.
1833,Kilifi,Kilifi South Sub County,Mwarakaya Ward,kilifi,kilifisouth,1911,73,Kilifi,1267,Kilifi South,73,1267,Kilifi South,EXACT_MATCH,sourceGID located the Ward and its County/SubCounty relationships match the unique normalized authoritative identity.
1835,Kilifi,Kilifi South Sub County,Chasimba Ward,kilifi,kilifisouth,1912,73,Kilifi,1267,Kilifi South,73,1267,Kilifi South,EXACT_MATCH,sourceGID located the Ward and its County/SubCounty relationships match the unique normalized authoritative identity.
1836,Kilifi,Kilifi South Sub County,Mtepeni Ward,kilifi,kilifisouth,1913,73,Kilifi,1267,Kilifi South,73,1267,Kilifi South,EXACT_MATCH,sourceGID located the Ward and its County/SubCounty relationships match the unique normalized authoritative identity.
1837,Kilifi,Kaloleni Sub County,Mariakani Ward,kilifi,kaloleni,1914,73,Kilifi,1264,Kaloleni,73,1264,Kaloleni,EXACT_MATCH,sourceGID located the Ward and its County/SubCounty relationships match the unique normalized authoritative identity.
1838,Kilifi,Kaloleni Sub County,Kayafungo Ward,kilifi,kaloleni,1915,73,Kilifi,1264,Kaloleni,73,1264,Kaloleni,EXACT_MATCH,sourceGID located the Ward and its County/SubCounty relationships match the unique normalized authoritative identity.
1839,Kilifi,Kaloleni Sub County,Kaloleni Ward,kilifi,kaloleni,1916,73,Kilifi,1264,Kaloleni,73,1264,Kaloleni,EXACT_MATCH,sourceGID located the Ward and its County/SubCounty relationships match the unique normalized authoritative identity.
1840,Kilifi,Kaloleni Sub County,Mwanamwinga Ward,kilifi,kaloleni,1917,73,Kilifi,1264,Kaloleni,73,1264,Kaloleni,EXACT_MATCH,sourceGID located the Ward and its County/SubCounty relationships match the unique normalized authoritative identity.
1843,Kilifi,Rabai Sub County,Kambe/ribe Ward,kilifi,rabai,1918,73,Kilifi,1270,Rabai,73,1270,Rabai,EXACT_MATCH,sourceGID located the Ward and its County/SubCounty relationships match the unique normalized authoritative identity.
1922,Kisumu,Kisumu Central Sub County,Shauri Moyo Kaloleni Ward,kisumu,kisumucentral,1919,93,Kisumu,1536,Kisumu Central,93,1536,Kisumu Central,EXACT_MATCH,sourceGID located the Ward and its County/SubCounty relationships match the unique normalized authoritative identity.
1846,Kilifi,Ganze Sub County,Bamba Ward,kilifi,ganze,1920,73,Kilifi,1263,Ganze,73,1263,Ganze,EXACT_MATCH,sourceGID located the Ward and its County/SubCounty relationships match the unique normalized authoritative identity.
1847,Kilifi,Ganze Sub County,Jaribuni Ward,kilifi,ganze,1921,73,Kilifi,1263,Ganze,73,1263,Ganze,EXACT_MATCH,sourceGID located the Ward and its County/SubCounty relationships match the unique normalized authoritative identity.
1849,Kilifi,Malindi Sub County,Jilore Ward,kilifi,malindi,1922,73,Kilifi,1269,Malindi,73,1269,Malindi,EXACT_MATCH,sourceGID located the Ward and its County/SubCounty relationships match the unique normalized authoritative identity.
1850,Kilifi,Malindi Sub County,Kakuyuni Ward,kilifi,malindi,1923,73,Kilifi,1269,Malindi,73,1269,Malindi,EXACT_MATCH,sourceGID located the Ward and its County/SubCounty relationships match the unique normalized authoritative identity.
1853,Kilifi,Malindi Sub County,Shella Ward,kilifi,malindi,1924,73,Kilifi,1269,Malindi,73,1269,Malindi,EXACT_MATCH,sourceGID located the Ward and its County/SubCounty relationships match the unique normalized authoritative identity.
1854,Kilifi,Magarini Sub County,Marafa Ward,kilifi,magarini,1925,73,Kilifi,1268,Magarini,73,1268,Magarini,EXACT_MATCH,sourceGID located the Ward and its County/SubCounty relationships match the unique normalized authoritative identity.
1855,Kilifi,Magarini Sub County,Magarini Ward,kilifi,magarini,1926,73,Kilifi,1268,Magarini,73,1268,Magarini,EXACT_MATCH,sourceGID located the Ward and its County/SubCounty relationships match the unique normalized authoritative identity.
1879,Siaya,Ugenya Sub County,West Ugenya Ward,siaya,ugenya,1927,83,Siaya,1531,Ugenya,83,1531,Ugenya,EXACT_MATCH,sourceGID located the Ward and its County/SubCounty relationships match the unique normalized authoritative identity.
1880,Siaya,Ugenya Sub County,Ukwala Ward,siaya,ugenya,1928,83,Siaya,1531,Ugenya,83,1531,Ugenya,EXACT_MATCH,sourceGID located the Ward and its County/SubCounty relationships match the unique normalized authoritative identity.
1881,Siaya,Ugenya Sub County,North Ugenya Ward,siaya,ugenya,1929,83,Siaya,1531,Ugenya,83,1531,Ugenya,EXACT_MATCH,sourceGID located the Ward and its County/SubCounty relationships match the unique normalized authoritative identity.
1882,Siaya,Ugenya Sub County,East Ugenya Ward,siaya,ugenya,1930,83,Siaya,1531,Ugenya,83,1531,Ugenya,EXACT_MATCH,sourceGID located the Ward and its County/SubCounty relationships match the unique normalized authoritative identity.
1883,Siaya,Ugunja Sub County,Sidindi Ward,siaya,ugunja,1931,83,Siaya,1532,Ugunja,83,1532,Ugunja,EXACT_MATCH,sourceGID located the Ward and its County/SubCounty relationships match the unique normalized authoritative identity.
1884,Siaya,Ugunja Sub County,Sigomere Ward,siaya,ugunja,1932,83,Siaya,1532,Ugunja,83,1532,Ugunja,EXACT_MATCH,sourceGID located the Ward and its County/SubCounty relationships match the unique normalized authoritative identity.
1885,Siaya,Ugunja Sub County,Ugunja Ward,siaya,ugunja,1933,83,Siaya,1532,Ugunja,83,1532,Ugunja,EXACT_MATCH,sourceGID located the Ward and its County/SubCounty relationships match the unique normalized authoritative identity.
1886,Siaya,Alego Usonga Sub County,Usonga Ward,siaya,alegousonga,1934,83,Siaya,483,Alego Usonga Sub County,83,483,Alego Usonga Sub County,EXACT_MATCH,sourceGID located the Ward and its County/SubCounty relationships match the unique normalized authoritative identity.
1887,Siaya,Alego Usonga Sub County,West Alego Ward,siaya,alegousonga,1935,83,Siaya,483,Alego Usonga Sub County,83,483,Alego Usonga Sub County,EXACT_MATCH,sourceGID located the Ward and its County/SubCounty relationships match the unique normalized authoritative identity.
1888,Siaya,Alego Usonga Sub County,Central Alego Ward,siaya,alegousonga,1936,83,Siaya,483,Alego Usonga Sub County,83,483,Alego Usonga Sub County,EXACT_MATCH,sourceGID located the Ward and its County/SubCounty relationships match the unique normalized authoritative identity.
1889,Siaya,Alego Usonga Sub County,Siaya Township Ward,siaya,alegousonga,1937,83,Siaya,483,Alego Usonga Sub County,83,483,Alego Usonga Sub County,EXACT_MATCH,sourceGID located the Ward and its County/SubCounty relationships match the unique normalized authoritative identity.
1890,Kwale,Msambweni Sub County,Gombato Bongwe Ward,kwale,msambweni,1938,84,Kwale,1260,Msambweni,84,1260,Msambweni,EXACT_MATCH,sourceGID located the Ward and its County/SubCounty relationships match the unique normalized authoritative identity.
126,TAITA TAVETA,Voi Sub County,Sagala Ward,taitataveta,voi,1939,59,Taita Taveta,1279,Voi,59,1279,Voi,EXACT_MATCH,sourceGID located the Ward and its County/SubCounty relationships match the unique normalized authoritative identity.
1915,Kisumu,Kisumu West Sub County,South West Kisumu Ward,kisumu,kisumuwest,1940,93,Kisumu,1537,Kisumu West,93,1537,Kisumu West,EXACT_MATCH,sourceGID located the Ward and its County/SubCounty relationships match the unique normalized authoritative identity.
2005,Kisii,Kitutu Chache South Sub County,Nyakoe Ward,kisii,kitutuchachesouth,1941,87,Kisii,485,Kitutu Chache South Sub County,87,485,Kitutu Chache South Sub County,EXACT_MATCH,sourceGID located the Ward and its County/SubCounty relationships match the unique normalized authoritative identity.
2006,Kisii,Kitutu Chache South Sub County,Kisii Central Ward,kisii,kitutuchachesouth,1942,87,Kisii,485,Kitutu Chache South Sub County,87,485,Kitutu Chache South Sub County,EXACT_MATCH,sourceGID located the Ward and its County/SubCounty relationships match the unique normalized authoritative identity.
2008,Nairobi,Westlands  Sub County,Parklands/highridge Ward,nairobi,westlands,1943,79,Nairobi City,486,Westlands  Sub County,,,,UNRESOLVED,"Authoritative County ""Nairobi"" does not resolve to a current County identity."
2012,Nairobi,Dagoretti North Sub County,Kilimani Ward,nairobi,dagorettinorth,1944,79,Nairobi City,487,Dagoretti North Sub County,,,,UNRESOLVED,"Authoritative County ""Nairobi"" does not resolve to a current County identity."
2015,Nairobi,Dagoretti North Sub County,Kileleshwa Ward,nairobi,dagorettinorth,1945,79,Nairobi City,487,Dagoretti North Sub County,,,,UNRESOLVED,"Authoritative County ""Nairobi"" does not resolve to a current County identity."
802,BARINGO,Mogotio Sub County,Mogotio Ward,baringo,mogotio,1946,90,Baringo,1451,Mogotio,90,1451,Mogotio,EXACT_MATCH,sourceGID located the Ward and its County/SubCounty relationships match the unique normalized authoritative identity.
803,BARINGO,Mogotio Sub County,Emining Ward,baringo,mogotio,1947,90,Baringo,1451,Mogotio,90,1451,Mogotio,EXACT_MATCH,sourceGID located the Ward and its County/SubCounty relationships match the unique normalized authoritative identity.
804,BARINGO,Mogotio Sub County,Kisanana Ward,baringo,mogotio,1948,90,Baringo,1451,Mogotio,90,1451,Mogotio,EXACT_MATCH,sourceGID located the Ward and its County/SubCounty relationships match the unique normalized authoritative identity.
805,BARINGO,Koibatek Sub County,Lembus Ward,baringo,koibatek,1949,90,Baringo,1449,Koibatek,90,1449,Koibatek,EXACT_MATCH,sourceGID located the Ward and its County/SubCounty relationships match the unique normalized authoritative identity.
806,BARINGO,Koibatek Sub County,Lembus kwen Ward,baringo,koibatek,1950,90,Baringo,1449,Koibatek,90,1449,Koibatek,EXACT_MATCH,sourceGID located the Ward and its County/SubCounty relationships match the unique normalized authoritative identity.
807,BARINGO,Koibatek Sub County,Ravine Ward,baringo,koibatek,1951,90,Baringo,1449,Koibatek,90,1449,Koibatek,EXACT_MATCH,sourceGID located the Ward and its County/SubCounty relationships match the unique normalized authoritative identity.
808,BARINGO,Koibatek Sub County,Mumberes/Maji Mazuri Ward,baringo,koibatek,1952,90,Baringo,1449,Koibatek,90,1449,Koibatek,EXACT_MATCH,sourceGID located the Ward and its County/SubCounty relationships match the unique normalized authoritative identity.
809,BARINGO,Koibatek Sub County,Lembus/Perkerra Ward,baringo,koibatek,1953,90,Baringo,1449,Koibatek,90,1449,Koibatek,EXACT_MATCH,sourceGID located the Ward and its County/SubCounty relationships match the unique normalized authoritative identity.
810,BARINGO,Koibatek Sub County,Koibatek Ward,baringo,koibatek,1954,90,Baringo,1449,Koibatek,90,1449,Koibatek,EXACT_MATCH,sourceGID located the Ward and its County/SubCounty relationships match the unique normalized authoritative identity.
811,LAIKIPIA,Laikipia West Sub County,Ol-Moran Ward,laikipia,laikipiawest,1955,91,Laikipia,1457,Laikipia West,91,1457,Laikipia West,EXACT_MATCH,sourceGID located the Ward and its County/SubCounty relationships match the unique normalized authoritative identity.
812,LAIKIPIA,Laikipia West Sub County,Rumuruti Township Ward,laikipia,laikipiawest,1956,91,Laikipia,1457,Laikipia West,91,1457,Laikipia West,EXACT_MATCH,sourceGID located the Ward and its County/SubCounty relationships match the unique normalized authoritative identity.
2030,Nairobi,Kibra  Sub County,Woodley/kenyatta Golf Course Ward,nairobi,kibra,1957,79,Nairobi City,1576,Kibra,,,,UNRESOLVED,"Authoritative County ""Nairobi"" does not resolve to a current County identity."
937,KERICHO,Kipkelion East Sub County,Kedowa/kimugul Ward,kericho,kipkelioneast,1958,56,Kericho,491,Kipkelion East Sub County,56,491,Kipkelion East Sub County,EXACT_MATCH,sourceGID located the Ward and its County/SubCounty relationships match the unique normalized authoritative identity.
938,KERICHO,Kipkelion East Sub County,Chepseon Ward,kericho,kipkelioneast,1959,56,Kericho,491,Kipkelion East Sub County,56,491,Kipkelion East Sub County,EXACT_MATCH,sourceGID located the Ward and its County/SubCounty relationships match the unique normalized authoritative identity.
939,KERICHO,Kipkelion East Sub County,Tendeno/sorget Ward,kericho,kipkelioneast,1960,56,Kericho,491,Kipkelion East Sub County,56,491,Kipkelion East Sub County,EXACT_MATCH,sourceGID located the Ward and its County/SubCounty relationships match the unique normalized authoritative identity.
940,KERICHO,Kipkelion West Sub County,Kunyak Ward,kericho,kipkelionwest,1961,56,Kericho,472,Kipkelion West Sub County,56,472,Kipkelion West Sub County,EXACT_MATCH,sourceGID located the Ward and its County/SubCounty relationships match the unique normalized authoritative identity.
941,KERICHO,Kipkelion West Sub County,Kamasian Ward,kericho,kipkelionwest,1962,56,Kericho,472,Kipkelion West Sub County,56,472,Kipkelion West Sub County,EXACT_MATCH,sourceGID located the Ward and its County/SubCounty relationships match the unique normalized authoritative identity.
942,KERICHO,Kipkelion West Sub County,Kipkelion Ward,kericho,kipkelionwest,1963,56,Kericho,472,Kipkelion West Sub County,56,472,Kipkelion West Sub County,EXACT_MATCH,sourceGID located the Ward and its County/SubCounty relationships match the unique normalized authoritative identity.
1818,Mombasa,Likoni  Sub County,Likoni Ward,mombasa,likoni,1964,55,Mombasa,1254,Likoni,55,1254,Likoni,EXACT_MATCH,sourceGID located the Ward and its County/SubCounty relationships match the unique normalized authoritative identity.
2034,Nairobi,Roysambu  Sub County,Zimmerman Ward,nairobi,roysambu,1965,79,Nairobi City,492,Roysambu  Sub County,,,,UNRESOLVED,"Authoritative County ""Nairobi"" does not resolve to a current County identity."
2035,Nairobi,Roysambu  Sub County,Roysambu Ward,nairobi,roysambu,1966,79,Nairobi City,492,Roysambu  Sub County,,,,UNRESOLVED,"Authoritative County ""Nairobi"" does not resolve to a current County identity."
2038,Nairobi,Kasarani  Sub County,Mwiki Ward,nairobi,kasarani,1967,79,Nairobi City,1575,Kasarani,,,,UNRESOLVED,"Authoritative County ""Nairobi"" does not resolve to a current County identity."
2039,Nairobi,Kasarani  Sub County,Kasarani Ward,nairobi,kasarani,1968,79,Nairobi City,1575,Kasarani,,,,UNRESOLVED,"Authoritative County ""Nairobi"" does not resolve to a current County identity."
1923,Kisumu,Kisumu Central Sub County,Market Milimani Ward,kisumu,kisumucentral,1969,93,Kisumu,1536,Kisumu Central,93,1536,Kisumu Central,EXACT_MATCH,sourceGID located the Ward and its County/SubCounty relationships match the unique normalized authoritative identity.
2045,Nairobi,Ruaraka  Sub County,Lucky Summer Ward,nairobi,ruaraka,1970,79,Nairobi City,405,Ruaraka  Sub County,,,,UNRESOLVED,"Authoritative County ""Nairobi"" does not resolve to a current County identity."
2046,Nairobi,Ruaraka  Sub County,Korogocho Ward,nairobi,ruaraka,1971,79,Nairobi City,405,Ruaraka  Sub County,,,,UNRESOLVED,"Authoritative County ""Nairobi"" does not resolve to a current County identity."
1827,Kilifi,Kilifi North Sub County,Kibarani Ward,kilifi,kilifinorth,1972,73,Kilifi,1266,Kilifi North,73,1266,Kilifi North,EXACT_MATCH,sourceGID located the Ward and its County/SubCounty relationships match the unique normalized authoritative identity.
1829,Kilifi,Kilifi North Sub County,Matsangoni Ward,kilifi,kilifinorth,1973,73,Kilifi,1266,Kilifi North,73,1266,Kilifi North,EXACT_MATCH,sourceGID located the Ward and its County/SubCounty relationships match the unique normalized authoritative identity.
2050,Nairobi,Embakasi South Sub County,Pipeline Ward,nairobi,embakasisouth,1974,79,Nairobi City,407,Embakasi South Sub County,,,,UNRESOLVED,"Authoritative County ""Nairobi"" does not resolve to a current County identity."
1924,Kisumu,Kisumu Central Sub County,Kondele Ward,kisumu,kisumucentral,1975,93,Kisumu,1536,Kisumu Central,93,1536,Kisumu Central,EXACT_MATCH,sourceGID located the Ward and its County/SubCounty relationships match the unique normalized authoritative identity.
1819,Mombasa,Likoni  Sub County,Timbwani Ward,mombasa,likoni,1976,55,Mombasa,1254,Likoni,55,1254,Likoni,EXACT_MATCH,sourceGID located the Ward and its County/SubCounty relationships match the unique normalized authoritative identity.
1925,Kisumu,Kisumu Central Sub County,Nyalenda B Ward,kisumu,kisumucentral,1977,93,Kisumu,1536,Kisumu Central,93,1536,Kisumu Central,EXACT_MATCH,sourceGID located the Ward and its County/SubCounty relationships match the unique normalized authoritative identity.
1926,Kisumu,Seme Sub County,West Seme Ward,kisumu,seme,1978,93,Kisumu,1538,Seme,93,1538,Seme,EXACT_MATCH,sourceGID located the Ward and its County/SubCounty relationships match the unique normalized authoritative identity.
1927,Kisumu,Seme Sub County,Central Seme Ward,kisumu,seme,1979,93,Kisumu,1538,Seme,93,1538,Seme,EXACT_MATCH,sourceGID located the Ward and its County/SubCounty relationships match the unique normalized authoritative identity.
1928,Kisumu,Seme Sub County,East Seme Ward,kisumu,seme,1980,93,Kisumu,1538,Seme,93,1538,Seme,EXACT_MATCH,sourceGID located the Ward and its County/SubCounty relationships match the unique normalized authoritative identity.
1929,Kisumu,Seme Sub County,North Seme Ward,kisumu,seme,1981,93,Kisumu,1538,Seme,93,1538,Seme,EXACT_MATCH,sourceGID located the Ward and its County/SubCounty relationships match the unique normalized authoritative identity.
1930,Kisumu,Nyando Sub County,East Kano/wawidhi Ward,kisumu,nyando,1982,93,Kisumu,495,Nyando Sub County,93,495,Nyando Sub County,EXACT_MATCH,sourceGID located the Ward and its County/SubCounty relationships match the unique normalized authoritative identity.
1931,Kisumu,Nyando Sub County,Kabonyo Kanyagwal,kisumu,nyando,1983,93,Kisumu,495,Nyando Sub County,93,495,Nyando Sub County,EXACT_MATCH,sourceGID located the Ward and its County/SubCounty relationships match the unique normalized authoritative identity.
1932,Kisumu,Nyando Sub County,Kobura Ward,kisumu,nyando,1984,93,Kisumu,495,Nyando Sub County,93,495,Nyando Sub County,EXACT_MATCH,sourceGID located the Ward and its County/SubCounty relationships match the unique normalized authoritative identity.
1933,Kisumu,Muhoroni Sub County,Miwani Ward,kisumu,muhoroni,1985,93,Kisumu,1539,Muhoroni,93,1539,Muhoroni,EXACT_MATCH,sourceGID located the Ward and its County/SubCounty relationships match the unique normalized authoritative identity.
1934,Kisumu,Muhoroni Sub County,Ombeyi Ward,kisumu,muhoroni,1986,93,Kisumu,1539,Muhoroni,93,1539,Muhoroni,EXACT_MATCH,sourceGID located the Ward and its County/SubCounty relationships match the unique normalized authoritative identity.
1935,Kisumu,Muhoroni Sub County,Masogo/nyang'oma Ward,kisumu,muhoroni,1987,93,Kisumu,1539,Muhoroni,93,1539,Muhoroni,EXACT_MATCH,sourceGID located the Ward and its County/SubCounty relationships match the unique normalized authoritative identity.
1936,Kisumu,Muhoroni Sub County,Chemelil Ward,kisumu,muhoroni,1988,93,Kisumu,1539,Muhoroni,93,1539,Muhoroni,EXACT_MATCH,sourceGID located the Ward and its County/SubCounty relationships match the unique normalized authoritative identity.
1937,Kisumu,Muhoroni Sub County,Muhoroni Koru Ward,kisumu,muhoroni,1989,93,Kisumu,1539,Muhoroni,93,1539,Muhoroni,EXACT_MATCH,sourceGID located the Ward and its County/SubCounty relationships match the unique normalized authoritative identity.
1938,Kisumu,Nyakach Sub County,South West Nyakach Ward,kisumu,nyakach,1990,93,Kisumu,497,Nyakach Sub County,93,497,Nyakach Sub County,EXACT_MATCH,sourceGID located the Ward and its County/SubCounty relationships match the unique normalized authoritative identity.
1939,Kisumu,Nyakach Sub County,North Nyakach Ward,kisumu,nyakach,1991,93,Kisumu,497,Nyakach Sub County,93,497,Nyakach Sub County,EXACT_MATCH,sourceGID located the Ward and its County/SubCounty relationships match the unique normalized authoritative identity.
1940,Kisumu,Nyakach Sub County,Central Nyakach Ward,kisumu,nyakach,1992,93,Kisumu,497,Nyakach Sub County,93,497,Nyakach Sub County,EXACT_MATCH,sourceGID located the Ward and its County/SubCounty relationships match the unique normalized authoritative identity.
1941,Kisumu,Nyakach Sub County,West Nyakach Ward,kisumu,nyakach,1993,93,Kisumu,497,Nyakach Sub County,93,497,Nyakach Sub County,EXACT_MATCH,sourceGID located the Ward and its County/SubCounty relationships match the unique normalized authoritative identity.
1942,Kisumu,Nyakach Sub County,South East Nyakach Ward,kisumu,nyakach,1994,93,Kisumu,497,Nyakach Sub County,93,497,Nyakach Sub County,EXACT_MATCH,sourceGID located the Ward and its County/SubCounty relationships match the unique normalized authoritative identity.
1943,Kisumu,Nyando Sub County,Awasi/onjiko Ward,kisumu,nyando,1995,93,Kisumu,495,Nyando Sub County,93,495,Nyando Sub County,EXACT_MATCH,sourceGID located the Ward and its County/SubCounty relationships match the unique normalized authoritative identity.
1944,Kisumu,Nyando Sub County,Ahero Ward,kisumu,nyando,1996,93,Kisumu,495,Nyando Sub County,93,495,Nyando Sub County,EXACT_MATCH,sourceGID located the Ward and its County/SubCounty relationships match the unique normalized authoritative identity.
1945,Nyamira,Masaba North Sub County,Rigoma Ward,nyamira,masabanorth,1997,94,Nyamira,1569,Masaba North,94,1569,Masaba North,EXACT_MATCH,sourceGID located the Ward and its County/SubCounty relationships match the unique normalized authoritative identity.
1946,Nyamira,Masaba North Sub County,Gachuba Ward,nyamira,masabanorth,1998,94,Nyamira,1569,Masaba North,94,1569,Masaba North,EXACT_MATCH,sourceGID located the Ward and its County/SubCounty relationships match the unique normalized authoritative identity.
1947,Nyamira,Manga Sub County,Kamera Ward,nyamira,manga,1999,94,Nyamira,1568,Manga,94,1568,Manga,EXACT_MATCH,sourceGID located the Ward and its County/SubCounty relationships match the unique normalized authoritative identity.
1948,Nyamira,Manga Sub County,Magombo Ward,nyamira,manga,2000,94,Nyamira,1568,Manga,94,1568,Manga,EXACT_MATCH,sourceGID located the Ward and its County/SubCounty relationships match the unique normalized authoritative identity.
1949,Nyamira,Manga Sub County,Manga Ward,nyamira,manga,2001,94,Nyamira,1568,Manga,94,1568,Manga,EXACT_MATCH,sourceGID located the Ward and its County/SubCounty relationships match the unique normalized authoritative identity.
1950,Nyamira,Masaba North Sub County,Gesima Ward,nyamira,masabanorth,2002,94,Nyamira,1569,Masaba North,94,1569,Masaba North,EXACT_MATCH,sourceGID located the Ward and its County/SubCounty relationships match the unique normalized authoritative identity.
1951,Nyamira,Nyamira Sub County,Nyamaiya Ward,nyamira,nyamira,2003,94,Nyamira,500,Nyamira Sub County,94,500,Nyamira Sub County,EXACT_MATCH,sourceGID located the Ward and its County/SubCounty relationships match the unique normalized authoritative identity.
1952,Nyamira,Nyamira Sub County,Bogichora Ward,nyamira,nyamira,2004,94,Nyamira,500,Nyamira Sub County,94,500,Nyamira Sub County,EXACT_MATCH,sourceGID located the Ward and its County/SubCounty relationships match the unique normalized authoritative identity.
1953,Nyamira,Nyamira Sub County,Bosamaro Ward,nyamira,nyamira,2005,94,Nyamira,500,Nyamira Sub County,94,500,Nyamira Sub County,EXACT_MATCH,sourceGID located the Ward and its County/SubCounty relationships match the unique normalized authoritative identity.
1954,Nyamira,Nyamira Sub County,Bonyamatuta Ward,nyamira,nyamira,2006,94,Nyamira,500,Nyamira Sub County,94,500,Nyamira Sub County,EXACT_MATCH,sourceGID located the Ward and its County/SubCounty relationships match the unique normalized authoritative identity.
1955,Nyamira,Nyamira Sub County,Township Ward,nyamira,nyamira,2007,94,Nyamira,500,Nyamira Sub County,94,500,Nyamira Sub County,EXACT_MATCH,sourceGID located the Ward and its County/SubCounty relationships match the unique normalized authoritative identity.
1956,Nyamira,Nyamira North Sub County,Itibo Ward,nyamira,nyamiranorth,2008,94,Nyamira,1570,Nyamira North,94,1570,Nyamira North,EXACT_MATCH,sourceGID located the Ward and its County/SubCounty relationships match the unique normalized authoritative identity.
1957,Nyamira,Nyamira North Sub County,Bomwagamo Ward,nyamira,nyamiranorth,2009,94,Nyamira,1570,Nyamira North,94,1570,Nyamira North,EXACT_MATCH,sourceGID located the Ward and its County/SubCounty relationships match the unique normalized authoritative identity.
1958,Nyamira,Nyamira North Sub County,Bokeira Ward,nyamira,nyamiranorth,2010,94,Nyamira,1570,Nyamira North,94,1570,Nyamira North,EXACT_MATCH,sourceGID located the Ward and its County/SubCounty relationships match the unique normalized authoritative identity.
1959,Nyamira,Nyamira North Sub County,Magwagwa Ward,nyamira,nyamiranorth,2011,94,Nyamira,1570,Nyamira North,94,1570,Nyamira North,EXACT_MATCH,sourceGID located the Ward and its County/SubCounty relationships match the unique normalized authoritative identity.
1960,Nyamira,Nyamira North Sub County,Ekerenyo Ward,nyamira,nyamiranorth,2012,94,Nyamira,1570,Nyamira North,94,1570,Nyamira North,EXACT_MATCH,sourceGID located the Ward and its County/SubCounty relationships match the unique normalized authoritative identity.
1961,Nyamira,Borabu Sub County,Mekenene Ward,nyamira,borabu,2013,94,Nyamira,1567,Borabu,94,1567,Borabu,EXACT_MATCH,sourceGID located the Ward and its County/SubCounty relationships match the unique normalized authoritative identity.
1962,Nyamira,Borabu Sub County,Kiabonyoru Ward,nyamira,borabu,2014,94,Nyamira,1567,Borabu,94,1567,Borabu,EXACT_MATCH,sourceGID located the Ward and its County/SubCounty relationships match the unique normalized authoritative identity.
1963,Nyamira,Borabu Sub County,Nyansiongo Ward,nyamira,borabu,2015,94,Nyamira,1567,Borabu,94,1567,Borabu,EXACT_MATCH,sourceGID located the Ward and its County/SubCounty relationships match the unique normalized authoritative identity.
1964,Nyamira,Borabu Sub County,Esise Ward,nyamira,borabu,2016,94,Nyamira,1567,Borabu,94,1567,Borabu,EXACT_MATCH,sourceGID located the Ward and its County/SubCounty relationships match the unique normalized authoritative identity.
1965,Kisii,Bonchari  Sub County,Bomariba Ward,kisii,bonchari,2017,87,Kisii,503,Bonchari  Sub County,87,503,Bonchari  Sub County,EXACT_MATCH,sourceGID located the Ward and its County/SubCounty relationships match the unique normalized authoritative identity.
1966,Kisii,Bonchari  Sub County,Bogiakumu Ward,kisii,bonchari,2018,87,Kisii,503,Bonchari  Sub County,87,503,Bonchari  Sub County,EXACT_MATCH,sourceGID located the Ward and its County/SubCounty relationships match the unique normalized authoritative identity.
1967,Kisii,Bonchari  Sub County,Bomorenda Ward,kisii,bonchari,2019,87,Kisii,503,Bonchari  Sub County,87,503,Bonchari  Sub County,EXACT_MATCH,sourceGID located the Ward and its County/SubCounty relationships match the unique normalized authoritative identity.
1968,Kisii,Bonchari  Sub County,Riana Ward,kisii,bonchari,2020,87,Kisii,503,Bonchari  Sub County,87,503,Bonchari  Sub County,EXACT_MATCH,sourceGID located the Ward and its County/SubCounty relationships match the unique normalized authoritative identity.
1969,Kisii,South Mugirango Sub County,Tabaka Ward,kisii,southmugirango,2021,87,Kisii,504,South Mugirango Sub County,87,504,South Mugirango Sub County,EXACT_MATCH,sourceGID located the Ward and its County/SubCounty relationships match the unique normalized authoritative identity.
1970,Kisii,South Mugirango Sub County,Boikanga Ward,kisii,southmugirango,2022,87,Kisii,504,South Mugirango Sub County,87,504,South Mugirango Sub County,EXACT_MATCH,sourceGID located the Ward and its County/SubCounty relationships match the unique normalized authoritative identity.
1971,Kisii,South Mugirango Sub County,Bogetenga Ward,kisii,southmugirango,2023,87,Kisii,504,South Mugirango Sub County,87,504,South Mugirango Sub County,EXACT_MATCH,sourceGID located the Ward and its County/SubCounty relationships match the unique normalized authoritative identity.
1972,Kisii,South Mugirango Sub County,Borabu Chitago Ward,kisii,southmugirango,2024,87,Kisii,504,South Mugirango Sub County,87,504,South Mugirango Sub County,EXACT_MATCH,sourceGID located the Ward and its County/SubCounty relationships match the unique normalized authoritative identity.
1973,Kisii,South Mugirango Sub County,Moticho Ward,kisii,southmugirango,2025,87,Kisii,504,South Mugirango Sub County,87,504,South Mugirango Sub County,EXACT_MATCH,sourceGID located the Ward and its County/SubCounty relationships match the unique normalized authoritative identity.
1974,Kisii,South Mugirango Sub County,Getenga Ward,kisii,southmugirango,2026,87,Kisii,504,South Mugirango Sub County,87,504,South Mugirango Sub County,EXACT_MATCH,sourceGID located the Ward and its County/SubCounty relationships match the unique normalized authoritative identity.
1975,Kisii,Bomachoge Borabu Sub County,Bokimonge Ward,kisii,bomachogeborabu,2027,87,Kisii,450,Bomachoge Borabu Sub County,87,450,Bomachoge Borabu Sub County,EXACT_MATCH,sourceGID located the Ward and its County/SubCounty relationships match the unique normalized authoritative identity.
1976,Kisii,Bomachoge Borabu Sub County,Magenche Ward,kisii,bomachogeborabu,2028,87,Kisii,450,Bomachoge Borabu Sub County,87,450,Bomachoge Borabu Sub County,EXACT_MATCH,sourceGID located the Ward and its County/SubCounty relationships match the unique normalized authoritative identity.
1977,Kisii,Bobasi Sub County,Masige West Ward,kisii,bobasi,2029,87,Kisii,505,Bobasi Sub County,87,505,Bobasi Sub County,EXACT_MATCH,sourceGID located the Ward and its County/SubCounty relationships match the unique normalized authoritative identity.
1978,Kisii,Bobasi Sub County,Masige East Ward,kisii,bobasi,2030,87,Kisii,505,Bobasi Sub County,87,505,Bobasi Sub County,EXACT_MATCH,sourceGID located the Ward and its County/SubCounty relationships match the unique normalized authoritative identity.
1979,Kisii,Bobasi Sub County,Basi Central Ward,kisii,bobasi,2031,87,Kisii,505,Bobasi Sub County,87,505,Bobasi Sub County,EXACT_MATCH,sourceGID located the Ward and its County/SubCounty relationships match the unique normalized authoritative identity.
1980,Kisii,Bobasi Sub County,Nyacheki Ward,kisii,bobasi,2032,87,Kisii,505,Bobasi Sub County,87,505,Bobasi Sub County,EXACT_MATCH,sourceGID located the Ward and its County/SubCounty relationships match the unique normalized authoritative identity.
1981,Kisii,Bobasi Sub County,Bassi Bogetaorio Ward,kisii,bobasi,2033,87,Kisii,505,Bobasi Sub County,87,505,Bobasi Sub County,EXACT_MATCH,sourceGID located the Ward and its County/SubCounty relationships match the unique normalized authoritative identity.
1982,Kisii,Bobasi Sub County,Bobasi Chache Ward,kisii,bobasi,2034,87,Kisii,505,Bobasi Sub County,87,505,Bobasi Sub County,EXACT_MATCH,sourceGID located the Ward and its County/SubCounty relationships match the unique normalized authoritative identity.
1983,Kisii,Bobasi Sub County,Sameta Mokwerero Ward,kisii,bobasi,2035,87,Kisii,505,Bobasi Sub County,87,505,Bobasi Sub County,EXACT_MATCH,sourceGID located the Ward and its County/SubCounty relationships match the unique normalized authoritative identity.
1984,Kisii,Bobasi Sub County,Bobasi Boitangare Ward,kisii,bobasi,2036,87,Kisii,505,Bobasi Sub County,87,505,Bobasi Sub County,EXACT_MATCH,sourceGID located the Ward and its County/SubCounty relationships match the unique normalized authoritative identity.
1985,Kisii,Bomachoge Chache Sub County,Majoge Basi Ward,kisii,bomachogechache,2037,87,Kisii,506,Bomachoge Chache Sub County,87,506,Bomachoge Chache Sub County,EXACT_MATCH,sourceGID located the Ward and its County/SubCounty relationships match the unique normalized authoritative identity.
1986,Kisii,Bomachoge Chache Sub County,Boochi Tendere Ward,kisii,bomachogechache,2038,87,Kisii,506,Bomachoge Chache Sub County,87,506,Bomachoge Chache Sub County,EXACT_MATCH,sourceGID located the Ward and its County/SubCounty relationships match the unique normalized authoritative identity.
1987,Kisii,Bomachoge Chache Sub County,Bosoti Sengera Ward,kisii,bomachogechache,2039,87,Kisii,506,Bomachoge Chache Sub County,87,506,Bomachoge Chache Sub County,EXACT_MATCH,sourceGID located the Ward and its County/SubCounty relationships match the unique normalized authoritative identity.
1988,Kisii,Nyaribari Masaba Sub County,Ichuni Ward,kisii,nyaribarimasaba,2040,87,Kisii,507,Nyaribari Masaba Sub County,87,507,Nyaribari Masaba Sub County,EXACT_MATCH,sourceGID located the Ward and its County/SubCounty relationships match the unique normalized authoritative identity.
1989,Kisii,Nyaribari Masaba Sub County,Nyamasibi Ward,kisii,nyaribarimasaba,2041,87,Kisii,507,Nyaribari Masaba Sub County,87,507,Nyaribari Masaba Sub County,EXACT_MATCH,sourceGID located the Ward and its County/SubCounty relationships match the unique normalized authoritative identity.
1990,Kisii,Nyaribari Masaba Sub County,Masimba Ward,kisii,nyaribarimasaba,2042,87,Kisii,507,Nyaribari Masaba Sub County,87,507,Nyaribari Masaba Sub County,EXACT_MATCH,sourceGID located the Ward and its County/SubCounty relationships match the unique normalized authoritative identity.
1991,Kisii,Nyaribari Masaba Sub County,Gesusu Ward,kisii,nyaribarimasaba,2043,87,Kisii,507,Nyaribari Masaba Sub County,87,507,Nyaribari Masaba Sub County,EXACT_MATCH,sourceGID located the Ward and its County/SubCounty relationships match the unique normalized authoritative identity.
1992,Kisii,Nyaribari Masaba Sub County,Kiamokama Ward,kisii,nyaribarimasaba,2044,87,Kisii,507,Nyaribari Masaba Sub County,87,507,Nyaribari Masaba Sub County,EXACT_MATCH,sourceGID located the Ward and its County/SubCounty relationships match the unique normalized authoritative identity.
1993,Kisii,Nyaribari Chache  Sub County,Bobaracho Ward,kisii,nyaribarichache,2045,87,Kisii,508,Nyaribari Chache  Sub County,87,508,Nyaribari Chache  Sub County,EXACT_MATCH,sourceGID located the Ward and its County/SubCounty relationships match the unique normalized authoritative identity.
1994,Kisii,Nyaribari Chache  Sub County,Kisii Central Ward,kisii,nyaribarichache,2628,87,Kisii,508,Nyaribari Chache  Sub County,87,508,Nyaribari Chache  Sub County,EXACT_MATCH,sourceGID located the Ward and its County/SubCounty relationships match the unique normalized authoritative identity.
1995,Kisii,Nyaribari Chache  Sub County,Keumbu Ward,kisii,nyaribarichache,2046,87,Kisii,508,Nyaribari Chache  Sub County,87,508,Nyaribari Chache  Sub County,EXACT_MATCH,sourceGID located the Ward and its County/SubCounty relationships match the unique normalized authoritative identity.
1996,Kisii,Nyaribari Chache  Sub County,Kiogoro Ward,kisii,nyaribarichache,2047,87,Kisii,508,Nyaribari Chache  Sub County,87,508,Nyaribari Chache  Sub County,EXACT_MATCH,sourceGID located the Ward and its County/SubCounty relationships match the unique normalized authoritative identity.
1997,Kisii,Nyaribari Chache  Sub County,Birongo Ward,kisii,nyaribarichache,2048,87,Kisii,508,Nyaribari Chache  Sub County,87,508,Nyaribari Chache  Sub County,EXACT_MATCH,sourceGID located the Ward and its County/SubCounty relationships match the unique normalized authoritative identity.
128,TAITA TAVETA,Voi Sub County,Marungu Ward,taitataveta,voi,2049,59,Taita Taveta,1279,Voi,59,1279,Voi,EXACT_MATCH,sourceGID located the Ward and its County/SubCounty relationships match the unique normalized authoritative identity.
2063,Nairobi,Embakasi East Sub County,Lower Savanna Ward,nairobi,embakasieast,2050,79,Nairobi City,509,Embakasi East Sub County,,,,UNRESOLVED,"Authoritative County ""Nairobi"" does not resolve to a current County identity."
2064,Nairobi,Embakasi East Sub County,Embakasi Ward,nairobi,embakasieast,2051,79,Nairobi City,509,Embakasi East Sub County,,,,UNRESOLVED,"Authoritative County ""Nairobi"" does not resolve to a current County identity."
2065,Nairobi,Embakasi East Sub County,Utawala Ward,nairobi,embakasieast,2052,79,Nairobi City,509,Embakasi East Sub County,,,,UNRESOLVED,"Authoritative County ""Nairobi"" does not resolve to a current County identity."
2066,Nairobi,Embakasi East Sub County,Mihango Ward,nairobi,embakasieast,2053,79,Nairobi City,509,Embakasi East Sub County,,,,UNRESOLVED,"Authoritative County ""Nairobi"" does not resolve to a current County identity."
130,TAITA TAVETA,Voi Sub County,Ngolia Ward,taitataveta,voi,2054,59,Taita Taveta,1279,Voi,59,1279,Voi,EXACT_MATCH,sourceGID located the Ward and its County/SubCounty relationships match the unique normalized authoritative identity.
2000,Kisii,Kitutu Chache North Sub County,Sensi Ward,kisii,kitutuchachenorth,2055,87,Kisii,510,Kitutu Chache North Sub County,87,510,Kitutu Chache North Sub County,EXACT_MATCH,sourceGID located the Ward and its County/SubCounty relationships match the unique normalized authoritative identity.
2072,Nairobi,Makadara  Sub County,Viwandani Ward,nairobi,makadara,2056,79,Nairobi City,1578,Makadara,,,,UNRESOLVED,"Authoritative County ""Nairobi"" does not resolve to a current County identity."
2073,Nairobi,Makadara  Sub County,Harambee Ward,nairobi,makadara,2057,79,Nairobi City,1578,Makadara,,,,UNRESOLVED,"Authoritative County ""Nairobi"" does not resolve to a current County identity."
2077,Nairobi,Kamukunji  Sub County,Eastleigh South Ward,nairobi,kamukunji,2058,79,Nairobi City,1574,Kamukunji,,,,UNRESOLVED,"Authoritative County ""Nairobi"" does not resolve to a current County identity."
749,ELGEYO-MARAKWET,Keiyo South Sub County,Kabiemit Ward,elgeyomarakwet,keiyosouth,2059,85,Elgeyo Marakwet,1437,Keiyo South,85,1437,Keiyo South,EXACT_MATCH,sourceGID located the Ward and its County/SubCounty relationships match the unique normalized authoritative identity.
143,GARISSA,Lagdera Sub County,Maalimin Ward,garissa,lagdera,2060,60,Garissa,1286,Lagdera,60,1286,Lagdera,EXACT_MATCH,sourceGID located the Ward and its County/SubCounty relationships match the unique normalized authoritative identity.
144,GARISSA,Lagdera Sub County,Sabena Ward,garissa,lagdera,2061,60,Garissa,1286,Lagdera,60,1286,Lagdera,EXACT_MATCH,sourceGID located the Ward and its County/SubCounty relationships match the unique normalized authoritative identity.
145,GARISSA,Lagdera Sub County,Baraki Ward,garissa,lagdera,2062,60,Garissa,1286,Lagdera,60,1286,Lagdera,EXACT_MATCH,sourceGID located the Ward and its County/SubCounty relationships match the unique normalized authoritative identity.
765,NANDI,Chesumei Sub County,Chemundu/kapng'etunyi Ward,nandi,chesumei,2063,88,Nandi,1440,Chesumei,88,1440,Chesumei,EXACT_MATCH,sourceGID located the Ward and its County/SubCounty relationships match the unique normalized authoritative identity.
2013,Nairobi,Dagoretti North Sub County,Kawangware Ward,nairobi,dagorettinorth,2064,79,Nairobi City,487,Dagoretti North Sub County,,,,UNRESOLVED,"Authoritative County ""Nairobi"" does not resolve to a current County identity."
2084,Nairobi,Starehe  Sub County,Landimawe Ward,nairobi,starehe,2065,79,Nairobi City,513,Starehe  Sub County,,,,UNRESOLVED,"Authoritative County ""Nairobi"" does not resolve to a current County identity."
2085,Nairobi,Starehe  Sub County,Nairobi South Ward,nairobi,starehe,2066,79,Nairobi City,513,Starehe  Sub County,,,,UNRESOLVED,"Authoritative County ""Nairobi"" does not resolve to a current County identity."
2088,Nairobi,Mathare  Sub County,Huruma Ward,nairobi,mathare,2067,79,Nairobi City,1579,Mathare,,,,UNRESOLVED,"Authoritative County ""Nairobi"" does not resolve to a current County identity."
2131,Uasin Gishu,Soy Sub County,Segeroi/barsombe Ward,uasingishu,soy,2068,78,Uasin Gishu,1434,Soy,78,1434,Soy,EXACT_MATCH,sourceGID located the Ward and its County/SubCounty relationships match the unique normalized authoritative identity.
2132,Uasin Gishu,Soy Sub County,Kipsomba Ward,uasingishu,soy,2069,78,Uasin Gishu,1434,Soy,78,1434,Soy,EXACT_MATCH,sourceGID located the Ward and its County/SubCounty relationships match the unique normalized authoritative identity.
2152,Uasin Gishu,Kapseret Sub County,Megun Ward,uasingishu,kapseret,2070,78,Uasin Gishu,1431,Kapseret,78,1431,Kapseret,EXACT_MATCH,sourceGID located the Ward and its County/SubCounty relationships match the unique normalized authoritative identity.
2159,Narok,Transmara West Sub County,Keyian Ward,narok,transmarawest,2071,80,Narok,411,Transmara West Sub County,80,411|1475,Transmara West Sub County|Trans Mara West,AMBIGUOUS,"Authoritative identity narok|transmarawest resolves to multiple current SubCounty IDs: 411, 1475. Evaluator abstains rather than selecting one."
2160,Narok,Transmara West Sub County,Angata Barikoi Ward,narok,transmarawest,2072,80,Narok,411,Transmara West Sub County,80,411|1475,Transmara West Sub County|Trans Mara West,AMBIGUOUS,"Authoritative identity narok|transmarawest resolves to multiple current SubCounty IDs: 411, 1475. Evaluator abstains rather than selecting one."
2161,Narok,Transmara West Sub County,Shankoe Ward,narok,transmarawest,2073,80,Narok,411,Transmara West Sub County,80,411|1475,Transmara West Sub County|Trans Mara West,AMBIGUOUS,"Authoritative identity narok|transmarawest resolves to multiple current SubCounty IDs: 411, 1475. Evaluator abstains rather than selecting one."
2162,Narok,Transmara West Sub County,Kimintet Ward,narok,transmarawest,2074,80,Narok,411,Transmara West Sub County,80,411|1475,Transmara West Sub County|Trans Mara West,AMBIGUOUS,"Authoritative identity narok|transmarawest resolves to multiple current SubCounty IDs: 411, 1475. Evaluator abstains rather than selecting one."
2163,Narok,Transmara West Sub County,Lolgorian Ward,narok,transmarawest,2075,80,Narok,411,Transmara West Sub County,80,411|1475,Transmara West Sub County|Trans Mara West,AMBIGUOUS,"Authoritative identity narok|transmarawest resolves to multiple current SubCounty IDs: 411, 1475. Evaluator abstains rather than selecting one."
2164,Narok,Transmara East Sub County,Iikerin Ward,narok,transmaraeast,2076,80,Narok,515,Transmara East Sub County,80,515|1474,Transmara East Sub County|Trans Mara East,AMBIGUOUS,"Authoritative identity narok|transmaraeast resolves to multiple current SubCounty IDs: 515, 1474. Evaluator abstains rather than selecting one."
2165,Narok,Transmara East Sub County,Ololmasani Ward,narok,transmaraeast,2077,80,Narok,515,Transmara East Sub County,80,515|1474,Transmara East Sub County|Trans Mara East,AMBIGUOUS,"Authoritative identity narok|transmaraeast resolves to multiple current SubCounty IDs: 515, 1474. Evaluator abstains rather than selecting one."
2166,Narok,Transmara East Sub County,Mogondo Ward,narok,transmaraeast,2078,80,Narok,515,Transmara East Sub County,80,515|1474,Transmara East Sub County|Trans Mara East,AMBIGUOUS,"Authoritative identity narok|transmaraeast resolves to multiple current SubCounty IDs: 515, 1474. Evaluator abstains rather than selecting one."
2217,Kiambu,Lari Sub County,Kijabe Ward,kiambu,lari,2079,82,Kiambu,1405,Lari,82,1405,Lari,EXACT_MATCH,sourceGID located the Ward and its County/SubCounty relationships match the unique normalized authoritative identity.
2241,Kiambu,Ruiru Sub County,Gatongora Ward,kiambu,ruiru,2080,82,Kiambu,1407,Ruiru,82,1407,Ruiru,EXACT_MATCH,sourceGID located the Ward and its County/SubCounty relationships match the unique normalized authoritative identity.
306,THARAKA-NITHI,Tharaka North Sub County,Gatunga Ward,tharakanithi,tharakanorth,2081,66,Tharaka Nithi,1326,Tharaka North,66,1326,Tharaka North,EXACT_MATCH,sourceGID located the Ward and its County/SubCounty relationships match the unique normalized authoritative identity.
307,THARAKA-NITHI,Tharaka North Sub County,Mukothima Ward,tharakanithi,tharakanorth,2082,66,Tharaka Nithi,1326,Tharaka North,66,1326,Tharaka North,EXACT_MATCH,sourceGID located the Ward and its County/SubCounty relationships match the unique normalized authoritative identity.
2243,Kiambu,Ruiru Sub County,Kahawa Wendani Ward,kiambu,ruiru,2083,82,Kiambu,1407,Ruiru,82,1407,Ruiru,EXACT_MATCH,sourceGID located the Ward and its County/SubCounty relationships match the unique normalized authoritative identity.
2274,Kisii,Bomachoge Borabu Sub County,BOOCHI BORABU,kisii,bomachogeborabu,2084,87,Kisii,450,Bomachoge Borabu Sub County,87,450,Bomachoge Borabu Sub County,EXACT_MATCH,sourceGID located the Ward and its County/SubCounty relationships match the unique normalized authoritative identity.
86,TANA RIVER,Garsen Sub County,Kipini east Ward,tanariver,garsen,2085,57,Tana River,517,Garsen Sub County,57,517,Garsen Sub County,EXACT_MATCH,sourceGID located the Ward and its County/SubCounty relationships match the unique normalized authoritative identity.
87,TANA RIVER,Garsen Sub County,Garsen south Ward,tanariver,garsen,2086,57,Tana River,517,Garsen Sub County,57,517,Garsen Sub County,EXACT_MATCH,sourceGID located the Ward and its County/SubCounty relationships match the unique normalized authoritative identity.
196,MANDERA,BANISSA,BANISSA,mandera,banissa,2087,63,Mandera,518,BANISSA,63,518,BANISSA,EXACT_MATCH,sourceGID located the Ward and its County/SubCounty relationships match the unique normalized authoritative identity.
197,MANDERA,BANISSA,DERKHALE,mandera,banissa,2088,63,Mandera,518,BANISSA,63,518,BANISSA,EXACT_MATCH,sourceGID located the Ward and its County/SubCounty relationships match the unique normalized authoritative identity.
242,ISIOLO,Isiolo Sub County,BULA PESA,isiolo,isiolo,2089,48,Isiolo,1310,Isiolo,48,1310,Isiolo,EXACT_MATCH,sourceGID located the Ward and its County/SubCounty relationships match the unique normalized authoritative identity.
243,ISIOLO,Merti Sub County,CHARI,isiolo,merti,2090,48,Isiolo,1311,Merti,48,1311,Merti,EXACT_MATCH,sourceGID located the Ward and its County/SubCounty relationships match the unique normalized authoritative identity.
244,ISIOLO,Merti Sub County,CHERAB,isiolo,merti,2091,48,Isiolo,1311,Merti,48,1311,Merti,EXACT_MATCH,sourceGID located the Ward and its County/SubCounty relationships match the unique normalized authoritative identity.
245,ISIOLO,Isiolo Sub County,NGARE MARA,isiolo,isiolo,2092,48,Isiolo,1310,Isiolo,48,1310,Isiolo,EXACT_MATCH,sourceGID located the Ward and its County/SubCounty relationships match the unique normalized authoritative identity.
246,ISIOLO,Isiolo Sub County,BURAT,isiolo,isiolo,2093,48,Isiolo,1310,Isiolo,48,1310,Isiolo,EXACT_MATCH,sourceGID located the Ward and its County/SubCounty relationships match the unique normalized authoritative identity.
247,ISIOLO,Isiolo Sub County,OLDONYIRO,isiolo,isiolo,2094,48,Isiolo,1310,Isiolo,48,1310,Isiolo,EXACT_MATCH,sourceGID located the Ward and its County/SubCounty relationships match the unique normalized authoritative identity.
248,ISIOLO,Garbatulla Sub County,GARBATULLA,isiolo,garbatulla,2095,48,Isiolo,1309,Garbatulla,48,1309,Garbatulla,EXACT_MATCH,sourceGID located the Ward and its County/SubCounty relationships match the unique normalized authoritative identity.
249,ISIOLO,Garbatulla Sub County,KINNA,isiolo,garbatulla,2096,48,Isiolo,1309,Garbatulla,48,1309,Garbatulla,EXACT_MATCH,sourceGID located the Ward and its County/SubCounty relationships match the unique normalized authoritative identity.
250,ISIOLO,Garbatulla Sub County,SERICHO,isiolo,garbatulla,2097,48,Isiolo,1309,Garbatulla,48,1309,Garbatulla,EXACT_MATCH,sourceGID located the Ward and its County/SubCounty relationships match the unique normalized authoritative identity.
193,MANDERA,MANDERA WEST,LAGHSURE,mandera,manderawest,2098,63,Mandera,1295,Mandera West,63,1295,Mandera West,EXACT_MATCH,sourceGID located the Ward and its County/SubCounty relationships match the unique normalized authoritative identity.
201,MANDERA,MANDERA NORTH,ASHABITO,mandera,manderanorth,2099,63,Mandera,1301,Mandera North,63,1301,Mandera North,EXACT_MATCH,sourceGID located the Ward and its County/SubCounty relationships match the unique normalized authoritative identity.
202,MANDERA,MANDERA NORTH,GUTICHA,mandera,manderanorth,2100,63,Mandera,1301,Mandera North,63,1301,Mandera North,EXACT_MATCH,sourceGID located the Ward and its County/SubCounty relationships match the unique normalized authoritative identity.
212,MANDERA,MANDERA EAST,BULLA MPYA,mandera,manderaeast,2101,63,Mandera,1300,Mandera East,63,1300,Mandera East,EXACT_MATCH,sourceGID located the Ward and its County/SubCounty relationships match the unique normalized authoritative identity.
213,MANDERA,MANDERA EAST,KHALALIO,mandera,manderaeast,2102,63,Mandera,1300,Mandera East,63,1300,Mandera East,EXACT_MATCH,sourceGID located the Ward and its County/SubCounty relationships match the unique normalized authoritative identity.
214,MANDERA,MANDERA EAST,NEBOI,mandera,manderaeast,2103,63,Mandera,1300,Mandera East,63,1300,Mandera East,EXACT_MATCH,sourceGID located the Ward and its County/SubCounty relationships match the unique normalized authoritative identity.
215,MANDERA,MANDERA EAST,TOWNSHIP,mandera,manderaeast,2104,63,Mandera,1300,Mandera East,63,1300,Mandera East,EXACT_MATCH,sourceGID located the Ward and its County/SubCounty relationships match the unique normalized authoritative identity.
216,MANDERA,LAFEY,LIBEHIA,mandera,lafey,2105,63,Mandera,1298,Lafey,63,1298,Lafey,EXACT_MATCH,sourceGID located the Ward and its County/SubCounty relationships match the unique normalized authoritative identity.
217,MANDERA,LAFEY,FINO,mandera,lafey,2106,63,Mandera,1298,Lafey,63,1298,Lafey,EXACT_MATCH,sourceGID located the Ward and its County/SubCounty relationships match the unique normalized authoritative identity.
218,MANDERA,LAFEY,LAFEY,mandera,lafey,2107,63,Mandera,1298,Lafey,63,1298,Lafey,EXACT_MATCH,sourceGID located the Ward and its County/SubCounty relationships match the unique normalized authoritative identity.
219,MANDERA,LAFEY,WARANKARA,mandera,lafey,2108,63,Mandera,1298,Lafey,63,1298,Lafey,EXACT_MATCH,sourceGID located the Ward and its County/SubCounty relationships match the unique normalized authoritative identity.
220,MANDERA,LAFEY,ALANGO GOF,mandera,lafey,2109,63,Mandera,1298,Lafey,63,1298,Lafey,EXACT_MATCH,sourceGID located the Ward and its County/SubCounty relationships match the unique normalized authoritative identity.
445,NYANDARUA,Kinangop Sub County,Njabani/kiburu Ward,nyandarua,kinangop,2110,67,Nyandarua,1369,Kinangop,67,1369,Kinangop,EXACT_MATCH,sourceGID located the Ward and its County/SubCounty relationships match the unique normalized authoritative identity.
637,TURKANA,Turkana South Sub County,Lokichar Ward,turkana,turkanasouth,2111,70,Turkana,1415,Turkana South,70,1415,Turkana South,EXACT_MATCH,sourceGID located the Ward and its County/SubCounty relationships match the unique normalized authoritative identity.
638,TURKANA,Turkana East Sub County,Kapedo/napeitom Ward,turkana,turkanaeast,2112,70,Turkana,1413,Turkana East,70,1413,Turkana East,EXACT_MATCH,sourceGID located the Ward and its County/SubCounty relationships match the unique normalized authoritative identity.
733,ELGEYO-MARAKWET,Marakwet East sub-county,Endo Ward,elgeyomarakwet,marakweteast,2113,85,Elgeyo Marakwet,1438,Marakwet East,85,1438,Marakwet East,EXACT_MATCH,sourceGID located the Ward and its County/SubCounty relationships match the unique normalized authoritative identity.
734,ELGEYO-MARAKWET,Marakwet East sub-county,Embobut/Embulot Ward,elgeyomarakwet,marakweteast,2114,85,Elgeyo Marakwet,1438,Marakwet East,85,1438,Marakwet East,EXACT_MATCH,sourceGID located the Ward and its County/SubCounty relationships match the unique normalized authoritative identity.
735,ELGEYO-MARAKWET,Marakwet West Sub County,Lelan Ward,elgeyomarakwet,marakwetwest,2115,85,Elgeyo Marakwet,1439,Marakwet West,85,1439,Marakwet West,EXACT_MATCH,sourceGID located the Ward and its County/SubCounty relationships match the unique normalized authoritative identity.
2016,Nairobi,Dagoretti North Sub County,Kabiro Ward,nairobi,dagorettinorth,2116,79,Nairobi City,487,Dagoretti North Sub County,,,,UNRESOLVED,"Authoritative County ""Nairobi"" does not resolve to a current County identity."
2017,Nairobi,Dagoretti South Sub County,Mutu-ini Ward,nairobi,dagorettisouth,2117,79,Nairobi City,524,Dagoretti South Sub County,,,,UNRESOLVED,"Authoritative County ""Nairobi"" does not resolve to a current County identity."
2018,Nairobi,Dagoretti South Sub County,Ngando Ward,nairobi,dagorettisouth,2118,79,Nairobi City,524,Dagoretti South Sub County,,,,UNRESOLVED,"Authoritative County ""Nairobi"" does not resolve to a current County identity."
2019,Nairobi,Dagoretti South Sub County,Riruta Ward,nairobi,dagorettisouth,2119,79,Nairobi City,524,Dagoretti South Sub County,,,,UNRESOLVED,"Authoritative County ""Nairobi"" does not resolve to a current County identity."
2020,Nairobi,Dagoretti South Sub County,Uthiru/ruthimitu Ward,nairobi,dagorettisouth,2120,79,Nairobi City,524,Dagoretti South Sub County,,,,UNRESOLVED,"Authoritative County ""Nairobi"" does not resolve to a current County identity."
2021,Nairobi,Dagoretti South Sub County,Waithaka Ward,nairobi,dagorettisouth,2121,79,Nairobi City,524,Dagoretti South Sub County,,,,UNRESOLVED,"Authoritative County ""Nairobi"" does not resolve to a current County identity."
2022,Nairobi,Langata  Sub County,Karen Ward,nairobi,langata,2122,79,Nairobi City,1577,Lang'ata,,,,UNRESOLVED,"Authoritative County ""Nairobi"" does not resolve to a current County identity."
794,BARINGO,Baringo Central Sub County,Sacho Ward,baringo,baringocentral,2123,90,Baringo,1446,Baringo Central,90,1446,Baringo Central,EXACT_MATCH,sourceGID located the Ward and its County/SubCounty relationships match the unique normalized authoritative identity.
801,BARINGO,Marigat Sub County,Mukutani Ward,baringo,marigat,2124,90,Baringo,1450,Marigat,90,1450,Marigat,EXACT_MATCH,sourceGID located the Ward and its County/SubCounty relationships match the unique normalized authoritative identity.
935,KAJIADO,Loitokitok Sub County,Kimana Ward,kajiado,loitokitok,2125,92,Kajiado,1480,Loitokitok,92,1480,Loitokitok,EXACT_MATCH,sourceGID located the Ward and its County/SubCounty relationships match the unique normalized authoritative identity.
821,LAIKIPIA,Laikipia East Sub County,Umande Ward,laikipia,laikipiaeast,2126,91,Laikipia,1455,Laikipia East,91,1455,Laikipia East,EXACT_MATCH,sourceGID located the Ward and its County/SubCounty relationships match the unique normalized authoritative identity.
822,LAIKIPIA,Laikipia North Sub County,Sosian Ward,laikipia,laikipianorth,2127,91,Laikipia,1456,Laikipia North,91,1456,Laikipia North,EXACT_MATCH,sourceGID located the Ward and its County/SubCounty relationships match the unique normalized authoritative identity.
823,LAIKIPIA,Laikipia North Sub County,Segera Ward,laikipia,laikipianorth,2128,91,Laikipia,1456,Laikipia North,91,1456,Laikipia North,EXACT_MATCH,sourceGID located the Ward and its County/SubCounty relationships match the unique normalized authoritative identity.
824,LAIKIPIA,Laikipia North Sub County,Mugogodo West Ward,laikipia,laikipianorth,2129,91,Laikipia,1456,Laikipia North,91,1456,Laikipia North,EXACT_MATCH,sourceGID located the Ward and its County/SubCounty relationships match the unique normalized authoritative identity.
825,LAIKIPIA,Laikipia North Sub County,Mugogodo East Ward,laikipia,laikipianorth,2130,91,Laikipia,1456,Laikipia North,91,1456,Laikipia North,EXACT_MATCH,sourceGID located the Ward and its County/SubCounty relationships match the unique normalized authoritative identity.
927,KAJIADO,Kajiado West Sub County,Iloodokilani Ward,kajiado,kajiadowest,2131,92,Kajiado,1479,Kajiado West,92,1479,Kajiado West,EXACT_MATCH,sourceGID located the Ward and its County/SubCounty relationships match the unique normalized authoritative identity.
928,KAJIADO,Kajiado West Sub County,Magadi Ward,kajiado,kajiadowest,2132,92,Kajiado,1479,Kajiado West,92,1479,Kajiado West,EXACT_MATCH,sourceGID located the Ward and its County/SubCounty relationships match the unique normalized authoritative identity.
929,KAJIADO,Kajiado West Sub County,Ewuaso oonkidong'i Ward,kajiado,kajiadowest,2133,92,Kajiado,1479,Kajiado West,92,1479,Kajiado West,EXACT_MATCH,sourceGID located the Ward and its County/SubCounty relationships match the unique normalized authoritative identity.
1802,Mombasa,Jomvu  Sub County,Mikindani Ward,mombasa,jomvu,2134,55,Mombasa,1252,Jomvu,55,1252,Jomvu,EXACT_MATCH,sourceGID located the Ward and its County/SubCounty relationships match the unique normalized authoritative identity.
1820,Mombasa,Mvita  Sub County,Makadara Ward-mji Wa Kale Ward,mombasa,mvita,2135,55,Mombasa,1255,Mvita,55,1255,Mvita,EXACT_MATCH,sourceGID located the Ward and its County/SubCounty relationships match the unique normalized authoritative identity.
1822,Mombasa,Mvita  Sub County,Tononoka Ward,mombasa,mvita,2136,55,Mombasa,1255,Mvita,55,1255,Mvita,EXACT_MATCH,sourceGID located the Ward and its County/SubCounty relationships match the unique normalized authoritative identity.
1823,Mombasa,Mvita  Sub County,Ganjoni Ward-shimanzi Ward,mombasa,mvita,2137,55,Mombasa,1255,Mvita,55,1255,Mvita,EXACT_MATCH,sourceGID located the Ward and its County/SubCounty relationships match the unique normalized authoritative identity.
1824,Mombasa,Mvita  Sub County,Majengo Ward,mombasa,mvita,2138,55,Mombasa,1255,Mvita,55,1255,Mvita,EXACT_MATCH,sourceGID located the Ward and its County/SubCounty relationships match the unique normalized authoritative identity.
1825,Kilifi,Kilifi North Sub County,Tezo Ward,kilifi,kilifinorth,2139,73,Kilifi,1266,Kilifi North,73,1266,Kilifi North,EXACT_MATCH,sourceGID located the Ward and its County/SubCounty relationships match the unique normalized authoritative identity.
123,TAITA TAVETA,Mwatate Sub County,Chawia Ward,taitataveta,mwatate,2140,59,Taita Taveta,1276,Mwatate,59,1276,Mwatate,EXACT_MATCH,sourceGID located the Ward and its County/SubCounty relationships match the unique normalized authoritative identity.
1834,Kilifi,Kilifi South Sub County,Shimo La Tewa Ward,kilifi,kilifisouth,2141,73,Kilifi,1267,Kilifi South,73,1267,Kilifi South,EXACT_MATCH,sourceGID located the Ward and its County/SubCounty relationships match the unique normalized authoritative identity.
1844,Kilifi,Rabai Sub County,Rabai/kisurutini Ward,kilifi,rabai,2142,73,Kilifi,1270,Rabai,73,1270,Rabai,EXACT_MATCH,sourceGID located the Ward and its County/SubCounty relationships match the unique normalized authoritative identity.
1845,Kilifi,Ganze Sub County,Ganze Ward,kilifi,ganze,2143,73,Kilifi,1263,Ganze,73,1263,Ganze,EXACT_MATCH,sourceGID located the Ward and its County/SubCounty relationships match the unique normalized authoritative identity.
1848,Kilifi,Ganze Sub County,Sokoke Ward,kilifi,ganze,2144,73,Kilifi,1263,Ganze,73,1263,Ganze,EXACT_MATCH,sourceGID located the Ward and its County/SubCounty relationships match the unique normalized authoritative identity.
1851,Kilifi,Malindi Sub County,Ganda Ward,kilifi,malindi,2145,73,Kilifi,1269,Malindi,73,1269,Malindi,EXACT_MATCH,sourceGID located the Ward and its County/SubCounty relationships match the unique normalized authoritative identity.
1852,Kilifi,Malindi Sub County,Malindi Town Ward,kilifi,malindi,2146,73,Kilifi,1269,Malindi,73,1269,Malindi,EXACT_MATCH,sourceGID located the Ward and its County/SubCounty relationships match the unique normalized authoritative identity.
1856,Kilifi,Magarini Sub County,Gongoni Ward,kilifi,magarini,2147,73,Kilifi,1268,Magarini,73,1268,Magarini,EXACT_MATCH,sourceGID located the Ward and its County/SubCounty relationships match the unique normalized authoritative identity.
1857,Kilifi,Magarini Sub County,Adu Ward,kilifi,magarini,2148,73,Kilifi,1268,Magarini,73,1268,Magarini,EXACT_MATCH,sourceGID located the Ward and its County/SubCounty relationships match the unique normalized authoritative identity.
1858,Kilifi,Magarini Sub County,Garashi Ward,kilifi,magarini,2149,73,Kilifi,1268,Magarini,73,1268,Magarini,EXACT_MATCH,sourceGID located the Ward and its County/SubCounty relationships match the unique normalized authoritative identity.
1859,Kilifi,Magarini Sub County,Sabaki Ward,kilifi,magarini,2150,73,Kilifi,1268,Magarini,73,1268,Magarini,EXACT_MATCH,sourceGID located the Ward and its County/SubCounty relationships match the unique normalized authoritative identity.
1860,Siaya,Alego Usonga Sub County,North Alego Ward,siaya,alegousonga,2151,83,Siaya,483,Alego Usonga Sub County,83,483,Alego Usonga Sub County,EXACT_MATCH,sourceGID located the Ward and its County/SubCounty relationships match the unique normalized authoritative identity.
1861,Siaya,Alego Usonga Sub County,South East Alego Ward,siaya,alegousonga,2152,83,Siaya,483,Alego Usonga Sub County,83,483,Alego Usonga Sub County,EXACT_MATCH,sourceGID located the Ward and its County/SubCounty relationships match the unique normalized authoritative identity.
1862,Siaya,Gem Sub County,North Gem Ward,siaya,gem,2153,83,Siaya,1530,Gem,83,1530,Gem,EXACT_MATCH,sourceGID located the Ward and its County/SubCounty relationships match the unique normalized authoritative identity.
1863,Siaya,Gem Sub County,West Gem Ward,siaya,gem,2154,83,Siaya,1530,Gem,83,1530,Gem,EXACT_MATCH,sourceGID located the Ward and its County/SubCounty relationships match the unique normalized authoritative identity.
1864,Siaya,Gem Sub County,Central Gem Ward,siaya,gem,2155,83,Siaya,1530,Gem,83,1530,Gem,EXACT_MATCH,sourceGID located the Ward and its County/SubCounty relationships match the unique normalized authoritative identity.
1865,Siaya,Gem Sub County,Yala Township Ward,siaya,gem,2156,83,Siaya,1530,Gem,83,1530,Gem,EXACT_MATCH,sourceGID located the Ward and its County/SubCounty relationships match the unique normalized authoritative identity.
1866,Siaya,Gem Sub County,East Gem Ward,siaya,gem,2157,83,Siaya,1530,Gem,83,1530,Gem,EXACT_MATCH,sourceGID located the Ward and its County/SubCounty relationships match the unique normalized authoritative identity.
1867,Siaya,Gem Sub County,South Gem Ward,siaya,gem,2158,83,Siaya,1530,Gem,83,1530,Gem,EXACT_MATCH,sourceGID located the Ward and its County/SubCounty relationships match the unique normalized authoritative identity.
1868,Siaya,Bondo Sub County,West Yimbo Ward,siaya,bondo,2159,83,Siaya,1533,Bondo,83,1533,Bondo,EXACT_MATCH,sourceGID located the Ward and its County/SubCounty relationships match the unique normalized authoritative identity.
1869,Siaya,Bondo Sub County,Central Sakwa Ward,siaya,bondo,2160,83,Siaya,1533,Bondo,83,1533,Bondo,EXACT_MATCH,sourceGID located the Ward and its County/SubCounty relationships match the unique normalized authoritative identity.
1870,Siaya,Bondo Sub County,South Sakwa Ward,siaya,bondo,2161,83,Siaya,1533,Bondo,83,1533,Bondo,EXACT_MATCH,sourceGID located the Ward and its County/SubCounty relationships match the unique normalized authoritative identity.
1871,Siaya,Bondo Sub County,Yimbo East Ward,siaya,bondo,2162,83,Siaya,1533,Bondo,83,1533,Bondo,EXACT_MATCH,sourceGID located the Ward and its County/SubCounty relationships match the unique normalized authoritative identity.
1872,Siaya,Bondo Sub County,West Sakwa Ward,siaya,bondo,2163,83,Siaya,1533,Bondo,83,1533,Bondo,EXACT_MATCH,sourceGID located the Ward and its County/SubCounty relationships match the unique normalized authoritative identity.
1873,Siaya,Bondo Sub County,North Sakwa Ward,siaya,bondo,2164,83,Siaya,1533,Bondo,83,1533,Bondo,EXACT_MATCH,sourceGID located the Ward and its County/SubCounty relationships match the unique normalized authoritative identity.
1874,Siaya,Rarieda Sub County,East Asembo Ward,siaya,rarieda,2165,83,Siaya,1534,Rarieda,83,1534,Rarieda,EXACT_MATCH,sourceGID located the Ward and its County/SubCounty relationships match the unique normalized authoritative identity.
1875,Siaya,Rarieda Sub County,West Asembo Ward,siaya,rarieda,2166,83,Siaya,1534,Rarieda,83,1534,Rarieda,EXACT_MATCH,sourceGID located the Ward and its County/SubCounty relationships match the unique normalized authoritative identity.
1910,Kisumu,Kisumu East Sub County,Kajulu Ward,kisumu,kisumueast,2167,93,Kisumu,1535,Kisumu East,93,1535,Kisumu East,EXACT_MATCH,sourceGID located the Ward and its County/SubCounty relationships match the unique normalized authoritative identity.
1911,Kisumu,Kisumu East Sub County,Kolwa East Ward,kisumu,kisumueast,2168,93,Kisumu,1535,Kisumu East,93,1535,Kisumu East,EXACT_MATCH,sourceGID located the Ward and its County/SubCounty relationships match the unique normalized authoritative identity.
1914,Kisumu,Kisumu East Sub County,Kolwa Central Ward,kisumu,kisumueast,2169,93,Kisumu,1535,Kisumu East,93,1535,Kisumu East,EXACT_MATCH,sourceGID located the Ward and its County/SubCounty relationships match the unique normalized authoritative identity.
1916,Kisumu,Kisumu West Sub County,Central Kisumu Ward,kisumu,kisumuwest,2170,93,Kisumu,1537,Kisumu West,93,1537,Kisumu West,EXACT_MATCH,sourceGID located the Ward and its County/SubCounty relationships match the unique normalized authoritative identity.
127,TAITA TAVETA,Voi Sub County,Kaloleni  Ward,taitataveta,voi,2171,59,Taita Taveta,1279,Voi,59,1279,Voi,EXACT_MATCH,sourceGID located the Ward and its County/SubCounty relationships match the unique normalized authoritative identity.
1917,Kisumu,Kisumu West Sub County,North Kisumu Ward,kisumu,kisumuwest,2172,93,Kisumu,1537,Kisumu West,93,1537,Kisumu West,EXACT_MATCH,sourceGID located the Ward and its County/SubCounty relationships match the unique normalized authoritative identity.
1918,Kisumu,Kisumu West Sub County,West Kisumu Ward,kisumu,kisumuwest,2173,93,Kisumu,1537,Kisumu West,93,1537,Kisumu West,EXACT_MATCH,sourceGID located the Ward and its County/SubCounty relationships match the unique normalized authoritative identity.
1919,Kisumu,Kisumu West Sub County,North West Kisumu Ward,kisumu,kisumuwest,2174,93,Kisumu,1537,Kisumu West,93,1537,Kisumu West,EXACT_MATCH,sourceGID located the Ward and its County/SubCounty relationships match the unique normalized authoritative identity.
1920,Kisumu,Kisumu Central Sub County,Railways Ward,kisumu,kisumucentral,2175,93,Kisumu,1536,Kisumu Central,93,1536,Kisumu Central,EXACT_MATCH,sourceGID located the Ward and its County/SubCounty relationships match the unique normalized authoritative identity.
1921,Kisumu,Kisumu Central Sub County,Migosi Ward,kisumu,kisumucentral,2176,93,Kisumu,1536,Kisumu Central,93,1536,Kisumu Central,EXACT_MATCH,sourceGID located the Ward and its County/SubCounty relationships match the unique normalized authoritative identity.
1998,Kisii,Nyaribari Chache  Sub County,Ibeno Ward,kisii,nyaribarichache,2177,87,Kisii,508,Nyaribari Chache  Sub County,87,508,Nyaribari Chache  Sub County,EXACT_MATCH,sourceGID located the Ward and its County/SubCounty relationships match the unique normalized authoritative identity.
1999,Kisii,Kitutu Chache North Sub County,Monyerero Ward,kisii,kitutuchachenorth,2178,87,Kisii,510,Kitutu Chache North Sub County,87,510,Kitutu Chache North Sub County,EXACT_MATCH,sourceGID located the Ward and its County/SubCounty relationships match the unique normalized authoritative identity.
2001,Kisii,Kitutu Chache North Sub County,Marani Ward,kisii,kitutuchachenorth,2179,87,Kisii,510,Kitutu Chache North Sub County,87,510,Kitutu Chache North Sub County,EXACT_MATCH,sourceGID located the Ward and its County/SubCounty relationships match the unique normalized authoritative identity.
2002,Kisii,Kitutu Chache North Sub County,Kegogi Ward,kisii,kitutuchachenorth,2180,87,Kisii,510,Kitutu Chache North Sub County,87,510,Kitutu Chache North Sub County,EXACT_MATCH,sourceGID located the Ward and its County/SubCounty relationships match the unique normalized authoritative identity.
2003,Kisii,Kitutu Chache South Sub County,Bogusero Ward,kisii,kitutuchachesouth,2181,87,Kisii,485,Kitutu Chache South Sub County,87,485,Kitutu Chache South Sub County,EXACT_MATCH,sourceGID located the Ward and its County/SubCounty relationships match the unique normalized authoritative identity.
2004,Kisii,Kitutu Chache South Sub County,Bogeka Ward,kisii,kitutuchachesouth,2182,87,Kisii,485,Kitutu Chache South Sub County,87,485,Kitutu Chache South Sub County,EXACT_MATCH,sourceGID located the Ward and its County/SubCounty relationships match the unique normalized authoritative identity.
2007,Kisii,Kitutu Chache South Sub County,Nyatieko Ward,kisii,kitutuchachesouth,2183,87,Kisii,485,Kitutu Chache South Sub County,87,485,Kitutu Chache South Sub County,EXACT_MATCH,sourceGID located the Ward and its County/SubCounty relationships match the unique normalized authoritative identity.
2009,Nairobi,Westlands  Sub County,Karura Ward,nairobi,westlands,2184,79,Nairobi City,486,Westlands  Sub County,,,,UNRESOLVED,"Authoritative County ""Nairobi"" does not resolve to a current County identity."
2010,Nairobi,Westlands  Sub County,Kangemi Ward,nairobi,westlands,2185,79,Nairobi City,486,Westlands  Sub County,,,,UNRESOLVED,"Authoritative County ""Nairobi"" does not resolve to a current County identity."
2011,Nairobi,Westlands  Sub County,Mountain View Ward,nairobi,westlands,2186,79,Nairobi City,486,Westlands  Sub County,,,,UNRESOLVED,"Authoritative County ""Nairobi"" does not resolve to a current County identity."
678,TRANS NZOIA,Kwanza  Sub County,Keiyo Ward,transnzoia,kwanza,2187,81,Trans Nzoia,1427,Kwanza,81,1427,Kwanza,EXACT_MATCH,sourceGID located the Ward and its County/SubCounty relationships match the unique normalized authoritative identity.
2014,Nairobi,Dagoretti North Sub County,Gatina Ward,nairobi,dagorettinorth,2188,79,Nairobi City,487,Dagoretti North Sub County,,,,UNRESOLVED,"Authoritative County ""Nairobi"" does not resolve to a current County identity."
780,NANDI,Mosop Sub County,Sangalo/kebulonik Ward,nandi,mosop,2189,88,Nandi,462,Mosop Sub County,88,462,Mosop Sub County,EXACT_MATCH,sourceGID located the Ward and its County/SubCounty relationships match the unique normalized authoritative identity.
786,BARINGO,Tiaty Sub County,Tangulbei/korossi Ward,baringo,tiaty,2190,90,Baringo,757,Tiaty East,90,,,KNOWN_SEMANTIC_EXCEPTION,"Authoritative identity is Tiaty Sub County, while the repaired canonical database identity is Tiaty East (ID 757). V15.2 explicitly established this semantic mapping; no general alias rule is being used."
2023,Nairobi,Langata  Sub County,Nairobi West Ward,nairobi,langata,2191,79,Nairobi City,1577,Lang'ata,,,,UNRESOLVED,"Authoritative County ""Nairobi"" does not resolve to a current County identity."
2024,Nairobi,Langata  Sub County,Mugumo-ini Ward,nairobi,langata,2192,79,Nairobi City,1577,Lang'ata,,,,UNRESOLVED,"Authoritative County ""Nairobi"" does not resolve to a current County identity."
787,BARINGO,Tiaty Sub County,Churo/amaya Ward,baringo,tiaty,2193,90,Baringo,757,Tiaty East,90,,,KNOWN_SEMANTIC_EXCEPTION,"Authoritative identity is Tiaty Sub County, while the repaired canonical database identity is Tiaty East (ID 757). V15.2 explicitly established this semantic mapping; no general alias rule is being used."
788,BARINGO,Baringo North Sub County,Barwessa Ward,baringo,baringonorth,2194,90,Baringo,1447,Baringo North,90,1447,Baringo North,EXACT_MATCH,sourceGID located the Ward and its County/SubCounty relationships match the unique normalized authoritative identity.
789,BARINGO,Baringo North Sub County,Kabartonjo Ward,baringo,baringonorth,2195,90,Baringo,1447,Baringo North,90,1447,Baringo North,EXACT_MATCH,sourceGID located the Ward and its County/SubCounty relationships match the unique normalized authoritative identity.
790,BARINGO,Baringo North Sub County,Saimoi/kipsaraman Ward,baringo,baringonorth,2196,90,Baringo,1447,Baringo North,90,1447,Baringo North,EXACT_MATCH,sourceGID located the Ward and its County/SubCounty relationships match the unique normalized authoritative identity.
791,BARINGO,Baringo North Sub County,Saimo/soi Ward,baringo,baringonorth,2197,90,Baringo,1447,Baringo North,90,1447,Baringo North,EXACT_MATCH,sourceGID located the Ward and its County/SubCounty relationships match the unique normalized authoritative identity.
792,BARINGO,Baringo North Sub County,Bartabwa Ward,baringo,baringonorth,2198,90,Baringo,1447,Baringo North,90,1447,Baringo North,EXACT_MATCH,sourceGID located the Ward and its County/SubCounty relationships match the unique normalized authoritative identity.
793,BARINGO,Baringo Central Sub County,Kabarnet Ward,baringo,baringocentral,2199,90,Baringo,1446,Baringo Central,90,1446,Baringo Central,EXACT_MATCH,sourceGID located the Ward and its County/SubCounty relationships match the unique normalized authoritative identity.
2025,Nairobi,Langata  Sub County,South C Ward,nairobi,langata,2200,79,Nairobi City,1577,Lang'ata,,,,UNRESOLVED,"Authoritative County ""Nairobi"" does not resolve to a current County identity."
795,BARINGO,Baringo Central Sub County,Tenges Ward,baringo,baringocentral,2201,90,Baringo,1446,Baringo Central,90,1446,Baringo Central,EXACT_MATCH,sourceGID located the Ward and its County/SubCounty relationships match the unique normalized authoritative identity.
796,BARINGO,Baringo Central Sub County,Ewalel/chapchap Ward,baringo,baringocentral,2202,90,Baringo,1446,Baringo Central,90,1446,Baringo Central,EXACT_MATCH,sourceGID located the Ward and its County/SubCounty relationships match the unique normalized authoritative identity.
797,BARINGO,Baringo Central Sub County,Kapropita Ward,baringo,baringocentral,2203,90,Baringo,1446,Baringo Central,90,1446,Baringo Central,EXACT_MATCH,sourceGID located the Ward and its County/SubCounty relationships match the unique normalized authoritative identity.
798,BARINGO,Marigat Sub County,Marigat Ward,baringo,marigat,2204,90,Baringo,1450,Marigat,90,1450,Marigat,EXACT_MATCH,sourceGID located the Ward and its County/SubCounty relationships match the unique normalized authoritative identity.
799,BARINGO,Marigat Sub County,Iichamus Ward,baringo,marigat,2205,90,Baringo,1450,Marigat,90,1450,Marigat,EXACT_MATCH,sourceGID located the Ward and its County/SubCounty relationships match the unique normalized authoritative identity.
800,BARINGO,Marigat Sub County,Mochongoi Ward,baringo,marigat,2206,90,Baringo,1450,Marigat,90,1450,Marigat,EXACT_MATCH,sourceGID located the Ward and its County/SubCounty relationships match the unique normalized authoritative identity.
2026,Nairobi,Langata  Sub County,Nyayo Highrise Ward,nairobi,langata,2207,79,Nairobi City,1577,Lang'ata,,,,UNRESOLVED,"Authoritative County ""Nairobi"" does not resolve to a current County identity."
2027,Nairobi,Kibra  Sub County,Laini Saba Ward,nairobi,kibra,2208,79,Nairobi City,1576,Kibra,,,,UNRESOLVED,"Authoritative County ""Nairobi"" does not resolve to a current County identity."
930,KAJIADO,Kajiado West Sub County,Mosiro Ward,kajiado,kajiadowest,2209,92,Kajiado,1479,Kajiado West,92,1479,Kajiado West,EXACT_MATCH,sourceGID located the Ward and its County/SubCounty relationships match the unique normalized authoritative identity.
931,KAJIADO,Loitokitok Sub County,Entonet/lenkism Ward,kajiado,loitokitok,2210,92,Kajiado,1480,Loitokitok,92,1480,Loitokitok,EXACT_MATCH,sourceGID located the Ward and its County/SubCounty relationships match the unique normalized authoritative identity.
932,KAJIADO,Loitokitok Sub County,Imbrikani/eselelnkei Ward,kajiado,loitokitok,2211,92,Kajiado,1480,Loitokitok,92,1480,Loitokitok,EXACT_MATCH,sourceGID located the Ward and its County/SubCounty relationships match the unique normalized authoritative identity.
933,KAJIADO,Loitokitok Sub County,Kuku Ward,kajiado,loitokitok,2212,92,Kajiado,1480,Loitokitok,92,1480,Loitokitok,EXACT_MATCH,sourceGID located the Ward and its County/SubCounty relationships match the unique normalized authoritative identity.
934,KAJIADO,Loitokitok Sub County,Rombo Ward,kajiado,loitokitok,2213,92,Kajiado,1480,Loitokitok,92,1480,Loitokitok,EXACT_MATCH,sourceGID located the Ward and its County/SubCounty relationships match the unique normalized authoritative identity.
2028,Nairobi,Kibra  Sub County,Lindi Ward,nairobi,kibra,2214,79,Nairobi City,1576,Kibra,,,,UNRESOLVED,"Authoritative County ""Nairobi"" does not resolve to a current County identity."
936,KERICHO,Kipkelion East Sub County,Londiani Ward,kericho,kipkelioneast,2215,56,Kericho,491,Kipkelion East Sub County,56,491,Kipkelion East Sub County,EXACT_MATCH,sourceGID located the Ward and its County/SubCounty relationships match the unique normalized authoritative identity.
2029,Nairobi,Kibra  Sub County,Makina Ward,nairobi,kibra,2216,79,Nairobi City,1576,Kibra,,,,UNRESOLVED,"Authoritative County ""Nairobi"" does not resolve to a current County identity."
2031,Nairobi,Kibra  Sub County,Sarang'ombe Ward,nairobi,kibra,2217,79,Nairobi City,1576,Kibra,,,,UNRESOLVED,"Authoritative County ""Nairobi"" does not resolve to a current County identity."
2032,Nairobi,Roysambu  Sub County,Githurai Ward,nairobi,roysambu,2218,79,Nairobi City,492,Roysambu  Sub County,,,,UNRESOLVED,"Authoritative County ""Nairobi"" does not resolve to a current County identity."
2033,Nairobi,Roysambu  Sub County,Kahawa West,nairobi,roysambu,2219,79,Nairobi City,492,Roysambu  Sub County,,,,UNRESOLVED,"Authoritative County ""Nairobi"" does not resolve to a current County identity."
2036,Nairobi,Roysambu  Sub County,Kahawa,nairobi,roysambu,2220,79,Nairobi City,492,Roysambu  Sub County,,,,UNRESOLVED,"Authoritative County ""Nairobi"" does not resolve to a current County identity."
2037,Nairobi,Kasarani  Sub County,Clay City,nairobi,kasarani,2221,79,Nairobi City,1575,Kasarani,,,,UNRESOLVED,"Authoritative County ""Nairobi"" does not resolve to a current County identity."
2040,Nairobi,Kasarani  Sub County,Njiru Ward,nairobi,kasarani,2222,79,Nairobi City,1575,Kasarani,,,,UNRESOLVED,"Authoritative County ""Nairobi"" does not resolve to a current County identity."
2041,Nairobi,Kasarani  Sub County,Ruai Ward,nairobi,kasarani,2223,79,Nairobi City,1575,Kasarani,,,,UNRESOLVED,"Authoritative County ""Nairobi"" does not resolve to a current County identity."
2042,Nairobi,Ruaraka  Sub County,Babandogo,nairobi,ruaraka,2224,79,Nairobi City,405,Ruaraka  Sub County,,,,UNRESOLVED,"Authoritative County ""Nairobi"" does not resolve to a current County identity."
2043,Nairobi,Ruaraka  Sub County,Utalii Ward,nairobi,ruaraka,2225,79,Nairobi City,405,Ruaraka  Sub County,,,,UNRESOLVED,"Authoritative County ""Nairobi"" does not resolve to a current County identity."
2048,Nairobi,Embakasi South Sub County,Kwa Njenga Ward,nairobi,embakasisouth,2226,79,Nairobi City,407,Embakasi South Sub County,,,,UNRESOLVED,"Authoritative County ""Nairobi"" does not resolve to a current County identity."
2056,Nairobi,Embakasi North Sub County,Dandora Area Iv Ward,nairobi,embakasinorth,2227,79,Nairobi City,533,Embakasi North Sub County,,,,UNRESOLVED,"Authoritative County ""Nairobi"" does not resolve to a current County identity."
2049,Nairobi,Embakasi South Sub County,Kwa Reuben Ward,nairobi,embakasisouth,2228,79,Nairobi City,407,Embakasi South Sub County,,,,UNRESOLVED,"Authoritative County ""Nairobi"" does not resolve to a current County identity."
2067,Nairobi,Embakasi West Sub County,Umoja I Ward,nairobi,embakasiwest,2229,79,Nairobi City,534,Embakasi West Sub County,,,,UNRESOLVED,"Authoritative County ""Nairobi"" does not resolve to a current County identity."
2051,Nairobi,Embakasi South Sub County,Kware Ward,nairobi,embakasisouth,2230,79,Nairobi City,407,Embakasi South Sub County,,,,UNRESOLVED,"Authoritative County ""Nairobi"" does not resolve to a current County identity."
2052,Nairobi,Embakasi North Sub County,Kariobangi North Ward,nairobi,embakasinorth,2231,79,Nairobi City,533,Embakasi North Sub County,,,,UNRESOLVED,"Authoritative County ""Nairobi"" does not resolve to a current County identity."
2053,Nairobi,Embakasi North Sub County,Dandora Area I Ward,nairobi,embakasinorth,2232,79,Nairobi City,533,Embakasi North Sub County,,,,UNRESOLVED,"Authoritative County ""Nairobi"" does not resolve to a current County identity."
2054,Nairobi,Embakasi North Sub County,Dandora Area Ii Ward,nairobi,embakasinorth,2233,79,Nairobi City,533,Embakasi North Sub County,,,,UNRESOLVED,"Authoritative County ""Nairobi"" does not resolve to a current County identity."
2055,Nairobi,Embakasi North Sub County,Dandora Area Iii Ward,nairobi,embakasinorth,2234,79,Nairobi City,533,Embakasi North Sub County,,,,UNRESOLVED,"Authoritative County ""Nairobi"" does not resolve to a current County identity."
2057,Nairobi,Embakasi Central Sub County,Kayole North Ward,nairobi,embakasicentral,2235,79,Nairobi City,535,Embakasi Central Sub County,,,,UNRESOLVED,"Authoritative County ""Nairobi"" does not resolve to a current County identity."
2058,Nairobi,Embakasi Central Sub County,Kayole Central Ward,nairobi,embakasicentral,2236,79,Nairobi City,535,Embakasi Central Sub County,,,,UNRESOLVED,"Authoritative County ""Nairobi"" does not resolve to a current County identity."
2068,Nairobi,Embakasi West Sub County,Umoja Ii Ward,nairobi,embakasiwest,2237,79,Nairobi City,534,Embakasi West Sub County,,,,UNRESOLVED,"Authoritative County ""Nairobi"" does not resolve to a current County identity."
2059,Nairobi,Embakasi Central Sub County,Kayole South Ward,nairobi,embakasicentral,2238,79,Nairobi City,535,Embakasi Central Sub County,,,,UNRESOLVED,"Authoritative County ""Nairobi"" does not resolve to a current County identity."
2074,Nairobi,Makadara  Sub County,Makongeni Ward,nairobi,makadara,2239,79,Nairobi City,1578,Makadara,,,,UNRESOLVED,"Authoritative County ""Nairobi"" does not resolve to a current County identity."
2060,Nairobi,Embakasi Central Sub County,Komarock Ward,nairobi,embakasicentral,2240,79,Nairobi City,535,Embakasi Central Sub County,,,,UNRESOLVED,"Authoritative County ""Nairobi"" does not resolve to a current County identity."
2061,Nairobi,Embakasi Central Sub County,Matopeni/spring Valley Ward,nairobi,embakasicentral,2241,79,Nairobi City,535,Embakasi Central Sub County,,,,UNRESOLVED,"Authoritative County ""Nairobi"" does not resolve to a current County identity."
2076,Nairobi,Kamukunji  Sub County,Eastleigh North Ward,nairobi,kamukunji,2242,79,Nairobi City,1574,Kamukunji,,,,UNRESOLVED,"Authoritative County ""Nairobi"" does not resolve to a current County identity."
2062,Nairobi,Embakasi East Sub County,Upper Savanna Ward,nairobi,embakasieast,2243,79,Nairobi City,509,Embakasi East Sub County,,,,UNRESOLVED,"Authoritative County ""Nairobi"" does not resolve to a current County identity."
2069,Nairobi,Embakasi West Sub County,Mowlem Ward,nairobi,embakasiwest,2244,79,Nairobi City,534,Embakasi West Sub County,,,,UNRESOLVED,"Authoritative County ""Nairobi"" does not resolve to a current County identity."
2070,Nairobi,Embakasi West Sub County,Kariobangi South Ward,nairobi,embakasiwest,2245,79,Nairobi City,534,Embakasi West Sub County,,,,UNRESOLVED,"Authoritative County ""Nairobi"" does not resolve to a current County identity."
2071,Nairobi,Makadara  Sub County,Maringo/hamza Ward,nairobi,makadara,2246,79,Nairobi City,1578,Makadara,,,,UNRESOLVED,"Authoritative County ""Nairobi"" does not resolve to a current County identity."
693,TRANS NZOIA,Kiminini  Sub County,Nabiswa Ward,transnzoia,kiminini,2247,81,Trans Nzoia,1429,Kiminini,81,1429,Kiminini,EXACT_MATCH,sourceGID located the Ward and its County/SubCounty relationships match the unique normalized authoritative identity.
2079,Nairobi,Kamukunji  Sub County,California Ward,nairobi,kamukunji,2248,79,Nairobi City,1574,Kamukunji,,,,UNRESOLVED,"Authoritative County ""Nairobi"" does not resolve to a current County identity."
2075,Nairobi,Kamukunji  Sub County,Pumwani Ward,nairobi,kamukunji,2249,79,Nairobi City,1574,Kamukunji,,,,UNRESOLVED,"Authoritative County ""Nairobi"" does not resolve to a current County identity."
694,TRANS NZOIA,Cherangany Sub County,Sinyerere Ward,transnzoia,cherangany,2250,81,Trans Nzoia,441,Cherangany Sub County,81,441,Cherangany Sub County,EXACT_MATCH,sourceGID located the Ward and its County/SubCounty relationships match the unique normalized authoritative identity.
2078,Nairobi,Kamukunji  Sub County,Airbase Ward,nairobi,kamukunji,2251,79,Nairobi City,1574,Kamukunji,,,,UNRESOLVED,"Authoritative County ""Nairobi"" does not resolve to a current County identity."
133,GARISSA,Garissa Sub County,Iftin Ward,garissa,garissa,2252,60,Garissa,1283,Garissa,60,1283,Garissa,EXACT_MATCH,sourceGID located the Ward and its County/SubCounty relationships match the unique normalized authoritative identity.
2080,Nairobi,Starehe  Sub County,Nairobi Central Ward,nairobi,starehe,2253,79,Nairobi City,513,Starehe  Sub County,,,,UNRESOLVED,"Authoritative County ""Nairobi"" does not resolve to a current County identity."
146,GARISSA,Dadaab Sub County,Dertu Ward,garissa,dadaab,2254,60,Garissa,1281,Dadaab,60,1281,Dadaab,EXACT_MATCH,sourceGID located the Ward and its County/SubCounty relationships match the unique normalized authoritative identity.
147,GARISSA,Dadaab Sub County,Dadaab Ward,garissa,dadaab,2255,60,Garissa,1281,Dadaab,60,1281,Dadaab,EXACT_MATCH,sourceGID located the Ward and its County/SubCounty relationships match the unique normalized authoritative identity.
148,GARISSA,Dadaab Sub County,LABISGALE Ward,garissa,dadaab,2256,60,Garissa,1281,Dadaab,60,1281,Dadaab,EXACT_MATCH,sourceGID located the Ward and its County/SubCounty relationships match the unique normalized authoritative identity.
149,GARISSA,Dadaab Sub County,Damajale Ward,garissa,dadaab,2257,60,Garissa,1281,Dadaab,60,1281,Dadaab,EXACT_MATCH,sourceGID located the Ward and its County/SubCounty relationships match the unique normalized authoritative identity.
150,GARISSA,Dadaab Sub County,Liboi Ward,garissa,dadaab,2258,60,Garissa,1281,Dadaab,60,1281,Dadaab,EXACT_MATCH,sourceGID located the Ward and its County/SubCounty relationships match the unique normalized authoritative identity.
151,GARISSA,Dadaab Sub County,Abakaile Ward,garissa,dadaab,2259,60,Garissa,1281,Dadaab,60,1281,Dadaab,EXACT_MATCH,sourceGID located the Ward and its County/SubCounty relationships match the unique normalized authoritative identity.
756,NANDI,Aldai Sub County,Terik Ward,nandi,aldai,2260,88,Nandi,451,Aldai Sub County,88,451,Aldai Sub County,EXACT_MATCH,sourceGID located the Ward and its County/SubCounty relationships match the unique normalized authoritative identity.
2081,Nairobi,Starehe  Sub County,Ngara Ward Ward,nairobi,starehe,2261,79,Nairobi City,513,Starehe  Sub County,,,,UNRESOLVED,"Authoritative County ""Nairobi"" does not resolve to a current County identity."
2082,Nairobi,Starehe  Sub County,Pangani Ward,nairobi,starehe,2262,79,Nairobi City,513,Starehe  Sub County,,,,UNRESOLVED,"Authoritative County ""Nairobi"" does not resolve to a current County identity."
2083,Nairobi,Starehe  Sub County,Ziwani/kariokor,nairobi,starehe,2263,79,Nairobi City,513,Starehe  Sub County,,,,UNRESOLVED,"Authoritative County ""Nairobi"" does not resolve to a current County identity."
2086,Nairobi,Mathare  Sub County,Hospital Ward,nairobi,mathare,2264,79,Nairobi City,1579,Mathare,,,,UNRESOLVED,"Authoritative County ""Nairobi"" does not resolve to a current County identity."
2087,Nairobi,Mathare  Sub County,Mabatini Ward,nairobi,mathare,2265,79,Nairobi City,1579,Mathare,,,,UNRESOLVED,"Authoritative County ""Nairobi"" does not resolve to a current County identity."
2089,Nairobi,Mathare  Sub County,Ngei Ward,nairobi,mathare,2266,79,Nairobi City,1579,Mathare,,,,UNRESOLVED,"Authoritative County ""Nairobi"" does not resolve to a current County identity."
2090,Nairobi,Mathare  Sub County,Mlango Kubwa,nairobi,mathare,2267,79,Nairobi City,1579,Mathare,,,,UNRESOLVED,"Authoritative County ""Nairobi"" does not resolve to a current County identity."
2091,Nairobi,Mathare  Sub County,Kiamaiko Ward,nairobi,mathare,2268,79,Nairobi City,1579,Mathare,,,,UNRESOLVED,"Authoritative County ""Nairobi"" does not resolve to a current County identity."
2092,Nairobi,Westlands  Sub County,Kitisuru Ward,nairobi,westlands,2269,79,Nairobi City,486,Westlands  Sub County,,,,UNRESOLVED,"Authoritative County ""Nairobi"" does not resolve to a current County identity."
2093,Muranga,Kangema Sub County,Kanyenya-ini Ward,muranga,kangema,2270,76,Murang'a,1390,Kangema,76,1390,Kangema,EXACT_MATCH,sourceGID located the Ward and its County/SubCounty relationships match the unique normalized authoritative identity.
2094,Muranga,Kangema Sub County,Muguru Ward,muranga,kangema,2271,76,Murang'a,1390,Kangema,76,1390,Kangema,EXACT_MATCH,sourceGID located the Ward and its County/SubCounty relationships match the unique normalized authoritative identity.
2095,Muranga,Kangema Sub County,Rwathia Ward,muranga,kangema,2272,76,Murang'a,1390,Kangema,76,1390,Kangema,EXACT_MATCH,sourceGID located the Ward and its County/SubCounty relationships match the unique normalized authoritative identity.
2096,Muranga,Mathioya Sub County,Gitugi Ward,muranga,mathioya,2273,76,Murang'a,1391,Mathioya,76,1391,Mathioya,EXACT_MATCH,sourceGID located the Ward and its County/SubCounty relationships match the unique normalized authoritative identity.
168,WAJIR,Wajir East Sub County,Wagberi Ward,wajir,wajireast,2274,61,Wajir,1291,Wajir East,61,1291,Wajir East,EXACT_MATCH,sourceGID located the Ward and its County/SubCounty relationships match the unique normalized authoritative identity.
2151,Uasin Gishu,Kapseret Sub County,Ngeria Ward,uasingishu,kapseret,2275,78,Uasin Gishu,1431,Kapseret,78,1431,Kapseret,EXACT_MATCH,sourceGID located the Ward and its County/SubCounty relationships match the unique normalized authoritative identity.
2153,Uasin Gishu,Kapseret Sub County,Langas Ward,uasingishu,kapseret,2276,78,Uasin Gishu,1431,Kapseret,78,1431,Kapseret,EXACT_MATCH,sourceGID located the Ward and its County/SubCounty relationships match the unique normalized authoritative identity.
181,WAJIR,Eldas Sub County,Eldas Ward,wajir,eldas,2277,61,Wajir,1288,Eldas,61,1288,Eldas,EXACT_MATCH,sourceGID located the Ward and its County/SubCounty relationships match the unique normalized authoritative identity.
2154,Uasin Gishu,Kesses Sub County,Racecourse Ward,uasingishu,kesses,2278,78,Uasin Gishu,1432,Kesses,78,1432,Kesses,EXACT_MATCH,sourceGID located the Ward and its County/SubCounty relationships match the unique normalized authoritative identity.
2155,Uasin Gishu,Kesses Sub County,Cheptiret/kipchamo Ward,uasingishu,kesses,2279,78,Uasin Gishu,1432,Kesses,78,1432,Kesses,EXACT_MATCH,sourceGID located the Ward and its County/SubCounty relationships match the unique normalized authoritative identity.
2156,Uasin Gishu,Kesses Sub County,Tulwet/chiyat Ward,uasingishu,kesses,2280,78,Uasin Gishu,1432,Kesses,78,1432,Kesses,EXACT_MATCH,sourceGID located the Ward and its County/SubCounty relationships match the unique normalized authoritative identity.
2157,Uasin Gishu,Kesses Sub County,Tarakwa Ward,uasingishu,kesses,2281,78,Uasin Gishu,1432,Kesses,78,1432,Kesses,EXACT_MATCH,sourceGID located the Ward and its County/SubCounty relationships match the unique normalized authoritative identity.
152,GARISSA,Fafi Sub County,Bura Ward,garissa,fafi,2282,60,Garissa,1282,Fafi,60,1282,Fafi,EXACT_MATCH,sourceGID located the Ward and its County/SubCounty relationships match the unique normalized authoritative identity.
2167,Narok,Transmara East Sub County,Kapsasian Ward,narok,transmaraeast,2283,80,Narok,515,Transmara East Sub County,80,515|1474,Transmara East Sub County|Trans Mara East,AMBIGUOUS,"Authoritative identity narok|transmaraeast resolves to multiple current SubCounty IDs: 515, 1474. Evaluator abstains rather than selecting one."
2168,Narok,Narok North Sub County,Olposimoru Ward,narok,naroknorth,2284,80,Narok,1471,Narok North,80,1471,Narok North,EXACT_MATCH,sourceGID located the Ward and its County/SubCounty relationships match the unique normalized authoritative identity.
2169,Narok,Narok North Sub County,Olokurto Ward,narok,naroknorth,2285,80,Narok,1471,Narok North,80,1471,Narok North,EXACT_MATCH,sourceGID located the Ward and its County/SubCounty relationships match the unique normalized authoritative identity.
2170,Narok,Narok North Sub County,Narok Town Ward,narok,naroknorth,2286,80,Narok,1471,Narok North,80,1471,Narok North,EXACT_MATCH,sourceGID located the Ward and its County/SubCounty relationships match the unique normalized authoritative identity.
2171,Narok,Narok North Sub County,Nkareta Ward,narok,naroknorth,2287,80,Narok,1471,Narok North,80,1471,Narok North,EXACT_MATCH,sourceGID located the Ward and its County/SubCounty relationships match the unique normalized authoritative identity.
182,WAJIR,Eldas Sub County,Della Ward,wajir,eldas,2288,61,Wajir,1288,Eldas,61,1288,Eldas,EXACT_MATCH,sourceGID located the Ward and its County/SubCounty relationships match the unique normalized authoritative identity.
186,WAJIR,Wajir South Sub County,Dadaja bulla Ward,wajir,wajirsouth,2289,61,Wajir,1293,Wajir South,61,1293,Wajir South,EXACT_MATCH,sourceGID located the Ward and its County/SubCounty relationships match the unique normalized authoritative identity.
187,WAJIR,Wajir South Sub County,Habasswein Ward,wajir,wajirsouth,2290,61,Wajir,1293,Wajir South,61,1293,Wajir South,EXACT_MATCH,sourceGID located the Ward and its County/SubCounty relationships match the unique normalized authoritative identity.
188,WAJIR,Wajir South Sub County,Lagboghoi south Ward,wajir,wajirsouth,2291,61,Wajir,1293,Wajir South,61,1293,Wajir South,EXACT_MATCH,sourceGID located the Ward and its County/SubCounty relationships match the unique normalized authoritative identity.
2205,Kiambu,Kabete Sub County,Uthiru Ward,kiambu,kabete,2292,82,Kiambu,1401,Kabete,82,1401,Kabete,EXACT_MATCH,sourceGID located the Ward and its County/SubCounty relationships match the unique normalized authoritative identity.
2206,Kiambu,Kikuyu Sub County,Karai,kiambu,kikuyu,2293,82,Kiambu,1404,Kikuyu,82,1404,Kikuyu,EXACT_MATCH,sourceGID located the Ward and its County/SubCounty relationships match the unique normalized authoritative identity.
2207,Kiambu,Kikuyu Sub County,Nachu Ward,kiambu,kikuyu,2294,82,Kiambu,1404,Kikuyu,82,1404,Kikuyu,EXACT_MATCH,sourceGID located the Ward and its County/SubCounty relationships match the unique normalized authoritative identity.
2208,Kiambu,Kikuyu Sub County,Sigona Ward,kiambu,kikuyu,2295,82,Kiambu,1404,Kikuyu,82,1404,Kikuyu,EXACT_MATCH,sourceGID located the Ward and its County/SubCounty relationships match the unique normalized authoritative identity.
2209,Kiambu,Kikuyu Sub County,Kikuyu Ward,kiambu,kikuyu,2296,82,Kiambu,1404,Kikuyu,82,1404,Kikuyu,EXACT_MATCH,sourceGID located the Ward and its County/SubCounty relationships match the unique normalized authoritative identity.
2210,Kiambu,Kikuyu Sub County,Kinoo,kiambu,kikuyu,2297,82,Kiambu,1404,Kikuyu,82,1404,Kikuyu,EXACT_MATCH,sourceGID located the Ward and its County/SubCounty relationships match the unique normalized authoritative identity.
2211,Kiambu,Limuru Sub County,Bibirioni Ward,kiambu,limuru,2298,82,Kiambu,1406,Limuru,82,1406,Limuru,EXACT_MATCH,sourceGID located the Ward and its County/SubCounty relationships match the unique normalized authoritative identity.
2212,Kiambu,Limuru Sub County,Limuru Central Ward,kiambu,limuru,2299,82,Kiambu,1406,Limuru,82,1406,Limuru,EXACT_MATCH,sourceGID located the Ward and its County/SubCounty relationships match the unique normalized authoritative identity.
2213,Kiambu,Limuru Sub County,Ndeiya Ward,kiambu,limuru,2300,82,Kiambu,1406,Limuru,82,1406,Limuru,EXACT_MATCH,sourceGID located the Ward and its County/SubCounty relationships match the unique normalized authoritative identity.
2214,Kiambu,Limuru Sub County,Limuru East Ward,kiambu,limuru,2301,82,Kiambu,1406,Limuru,82,1406,Limuru,EXACT_MATCH,sourceGID located the Ward and its County/SubCounty relationships match the unique normalized authoritative identity.
2215,Kiambu,Limuru Sub County,Ngecha Tigoni Ward,kiambu,limuru,2302,82,Kiambu,1406,Limuru,82,1406,Limuru,EXACT_MATCH,sourceGID located the Ward and its County/SubCounty relationships match the unique normalized authoritative identity.
153,GARISSA,Fafi Sub County,Dekaharia Ward,garissa,fafi,2303,60,Garissa,1282,Fafi,60,1282,Fafi,EXACT_MATCH,sourceGID located the Ward and its County/SubCounty relationships match the unique normalized authoritative identity.
190,WAJIR,Wajir South Sub County,Diif Ward,wajir,wajirsouth,2304,61,Wajir,1293,Wajir South,61,1293,Wajir South,EXACT_MATCH,sourceGID located the Ward and its County/SubCounty relationships match the unique normalized authoritative identity.
2240,Kiambu,Ruiru Sub County,Biashara Ward,kiambu,ruiru,2305,82,Kiambu,1407,Ruiru,82,1407,Ruiru,EXACT_MATCH,sourceGID located the Ward and its County/SubCounty relationships match the unique normalized authoritative identity.
308,THARAKA-NITHI,Tharaka South Sub County,Nkondi Ward,tharakanithi,tharakasouth,2306,66,Tharaka Nithi,1327,Tharaka South,66,1327,Tharaka South,EXACT_MATCH,sourceGID located the Ward and its County/SubCounty relationships match the unique normalized authoritative identity.
309,THARAKA-NITHI,Tharaka South Sub County,Chiakagira Ward,tharakanithi,tharakasouth,2307,66,Tharaka Nithi,1327,Tharaka South,66,1327,Tharaka South,EXACT_MATCH,sourceGID located the Ward and its County/SubCounty relationships match the unique normalized authoritative identity.
310,THARAKA-NITHI,Tharaka South Sub County,Marimanti Ward,tharakanithi,tharakasouth,2308,66,Tharaka Nithi,1327,Tharaka South,66,1327,Tharaka South,EXACT_MATCH,sourceGID located the Ward and its County/SubCounty relationships match the unique normalized authoritative identity.
311,EMBU,Manyatta  Sub County,Ruguru-Ngandori Ward,embu,manyatta,2309,89,Embu,542,Manyatta  Sub County,89,542,Manyatta  Sub County,EXACT_MATCH,sourceGID located the Ward and its County/SubCounty relationships match the unique normalized authoritative identity.
312,EMBU,Manyatta  Sub County,Kithimu Ward,embu,manyatta,2310,89,Embu,542,Manyatta  Sub County,89,542,Manyatta  Sub County,EXACT_MATCH,sourceGID located the Ward and its County/SubCounty relationships match the unique normalized authoritative identity.
313,EMBU,Manyatta  Sub County,Nginda Ward,embu,manyatta,2311,89,Embu,542,Manyatta  Sub County,89,542,Manyatta  Sub County,EXACT_MATCH,sourceGID located the Ward and its County/SubCounty relationships match the unique normalized authoritative identity.
314,EMBU,Manyatta  Sub County,Mbeti north Ward,embu,manyatta,2312,89,Embu,542,Manyatta  Sub County,89,542,Manyatta  Sub County,EXACT_MATCH,sourceGID located the Ward and its County/SubCounty relationships match the unique normalized authoritative identity.
315,EMBU,Manyatta  Sub County,Kirimari Ward,embu,manyatta,2313,89,Embu,542,Manyatta  Sub County,89,542,Manyatta  Sub County,EXACT_MATCH,sourceGID located the Ward and its County/SubCounty relationships match the unique normalized authoritative identity.
316,EMBU,Manyatta  Sub County,Gaturi south Ward,embu,manyatta,2314,89,Embu,542,Manyatta  Sub County,89,542,Manyatta  Sub County,EXACT_MATCH,sourceGID located the Ward and its County/SubCounty relationships match the unique normalized authoritative identity.
317,EMBU,Manyatta  Sub County,Gaturi north Ward,embu,manyatta,2315,89,Embu,542,Manyatta  Sub County,89,542,Manyatta  Sub County,EXACT_MATCH,sourceGID located the Ward and its County/SubCounty relationships match the unique normalized authoritative identity.
318,EMBU,Runyenjes  Sub County,Kaagari South Ward,embu,runyenjes,2316,89,Embu,543,Runyenjes  Sub County,89,543,Runyenjes  Sub County,EXACT_MATCH,sourceGID located the Ward and its County/SubCounty relationships match the unique normalized authoritative identity.
319,EMBU,Runyenjes  Sub County,Central ward,embu,runyenjes,2317,89,Embu,543,Runyenjes  Sub County,89,543,Runyenjes  Sub County,EXACT_MATCH,sourceGID located the Ward and its County/SubCounty relationships match the unique normalized authoritative identity.
320,EMBU,Runyenjes  Sub County,Kaagari North Ward,embu,runyenjes,2318,89,Embu,543,Runyenjes  Sub County,89,543,Runyenjes  Sub County,EXACT_MATCH,sourceGID located the Ward and its County/SubCounty relationships match the unique normalized authoritative identity.
2242,Kiambu,Ruiru Sub County,Kahawa/sukari Ward,kiambu,ruiru,2319,82,Kiambu,1407,Ruiru,82,1407,Ruiru,EXACT_MATCH,sourceGID located the Ward and its County/SubCounty relationships match the unique normalized authoritative identity.
2244,Kiambu,Ruiru Sub County,Kiuu Ward,kiambu,ruiru,2320,82,Kiambu,1407,Ruiru,82,1407,Ruiru,EXACT_MATCH,sourceGID located the Ward and its County/SubCounty relationships match the unique normalized authoritative identity.
331,KITUI,Mwingi North Sub County,Ngomeni Ward,kitui,mwinginorth,2321,68,Kitui,343,Mwingi North Sub County,68,343,Mwingi North Sub County,EXACT_MATCH,sourceGID located the Ward and its County/SubCounty relationships match the unique normalized authoritative identity.
332,KITUI,Mwingi North Sub County,Kyuso Ward,kitui,mwinginorth,2322,68,Kitui,343,Mwingi North Sub County,68,343,Mwingi North Sub County,EXACT_MATCH,sourceGID located the Ward and its County/SubCounty relationships match the unique normalized authoritative identity.
2245,Kiambu,Ruiru Sub County,Mwiki Ward,kiambu,ruiru,2323,82,Kiambu,1407,Ruiru,82,1407,Ruiru,EXACT_MATCH,sourceGID located the Ward and its County/SubCounty relationships match the unique normalized authoritative identity.
2246,Kiambu,Ruiru Sub County,Mwihoko Ward,kiambu,ruiru,2324,82,Kiambu,1407,Ruiru,82,1407,Ruiru,EXACT_MATCH,sourceGID located the Ward and its County/SubCounty relationships match the unique normalized authoritative identity.
2247,Kiambu,Githunguri Sub County,Githunguri Ward,kiambu,githunguri,2325,82,Kiambu,1399,Githunguri,82,1399,Githunguri,EXACT_MATCH,sourceGID located the Ward and its County/SubCounty relationships match the unique normalized authoritative identity.
2248,Bomet,Sotik Sub County,Ndanai/abosi Ward,bomet,sotik,2326,86,Bomet,1491,Sotik,86,1491,Sotik,EXACT_MATCH,sourceGID located the Ward and its County/SubCounty relationships match the unique normalized authoritative identity.
2249,Bomet,Sotik Sub County,Chemagel Ward,bomet,sotik,2327,86,Bomet,1491,Sotik,86,1491,Sotik,EXACT_MATCH,sourceGID located the Ward and its County/SubCounty relationships match the unique normalized authoritative identity.
2250,Bomet,Sotik Sub County,Kipsonoi Ward,bomet,sotik,2328,86,Bomet,1491,Sotik,86,1491,Sotik,EXACT_MATCH,sourceGID located the Ward and its County/SubCounty relationships match the unique normalized authoritative identity.
2251,Bomet,Sotik Sub County,Kapletundo Ward,bomet,sotik,2329,86,Bomet,1491,Sotik,86,1491,Sotik,EXACT_MATCH,sourceGID located the Ward and its County/SubCounty relationships match the unique normalized authoritative identity.
2252,Bomet,Sotik Sub County,Rongena/manaret Ward,bomet,sotik,2330,86,Bomet,1491,Sotik,86,1491,Sotik,EXACT_MATCH,sourceGID located the Ward and its County/SubCounty relationships match the unique normalized authoritative identity.
2253,Bomet,Chepalungu Sub County,Kong'asis Ward,bomet,chepalungu,2331,86,Bomet,1489,Chepalungu,86,1489,Chepalungu,EXACT_MATCH,sourceGID located the Ward and its County/SubCounty relationships match the unique normalized authoritative identity.
2254,Bomet,Chepalungu Sub County,Nyangores Ward,bomet,chepalungu,2332,86,Bomet,1489,Chepalungu,86,1489,Chepalungu,EXACT_MATCH,sourceGID located the Ward and its County/SubCounty relationships match the unique normalized authoritative identity.
2255,Bomet,Chepalungu Sub County,Sigor Ward,bomet,chepalungu,2333,86,Bomet,1489,Chepalungu,86,1489,Chepalungu,EXACT_MATCH,sourceGID located the Ward and its County/SubCounty relationships match the unique normalized authoritative identity.
2256,Bomet,Chepalungu Sub County,Chebunyo Ward,bomet,chepalungu,2334,86,Bomet,1489,Chepalungu,86,1489,Chepalungu,EXACT_MATCH,sourceGID located the Ward and its County/SubCounty relationships match the unique normalized authoritative identity.
2257,Bomet,Chepalungu Sub County,Siongiroi Ward,bomet,chepalungu,2335,86,Bomet,1489,Chepalungu,86,1489,Chepalungu,EXACT_MATCH,sourceGID located the Ward and its County/SubCounty relationships match the unique normalized authoritative identity.
2258,Bomet,Bomet East Sub County,Merigi Ward,bomet,bometeast,2336,86,Bomet,1488,Bomet East,86,1488,Bomet East,EXACT_MATCH,sourceGID located the Ward and its County/SubCounty relationships match the unique normalized authoritative identity.
2259,Bomet,Bomet East Sub County,Kembu Ward,bomet,bometeast,2337,86,Bomet,1488,Bomet East,86,1488,Bomet East,EXACT_MATCH,sourceGID located the Ward and its County/SubCounty relationships match the unique normalized authoritative identity.
2260,Bomet,Bomet East Sub County,Longisa Ward,bomet,bometeast,2338,86,Bomet,1488,Bomet East,86,1488,Bomet East,EXACT_MATCH,sourceGID located the Ward and its County/SubCounty relationships match the unique normalized authoritative identity.
2261,Bomet,Bomet East Sub County,Kipreres  Ward,bomet,bometeast,2339,86,Bomet,1488,Bomet East,86,1488,Bomet East,EXACT_MATCH,sourceGID located the Ward and its County/SubCounty relationships match the unique normalized authoritative identity.
2262,Bomet,Bomet East Sub County,Chemaner Ward,bomet,bometeast,2340,86,Bomet,1488,Bomet East,86,1488,Bomet East,EXACT_MATCH,sourceGID located the Ward and its County/SubCounty relationships match the unique normalized authoritative identity.
2263,Bomet,Bomet Central Sub County,Silibwet Township Ward,bomet,bometcentral,2341,86,Bomet,1492,Bomet Central,86,1492,Bomet Central,EXACT_MATCH,sourceGID located the Ward and its County/SubCounty relationships match the unique normalized authoritative identity.
2264,Bomet,Bomet Central Sub County,Ndaraweta Ward,bomet,bometcentral,2342,86,Bomet,1492,Bomet Central,86,1492,Bomet Central,EXACT_MATCH,sourceGID located the Ward and its County/SubCounty relationships match the unique normalized authoritative identity.
2265,Bomet,Bomet Central Sub County,Singorwet Ward,bomet,bometcentral,2343,86,Bomet,1492,Bomet Central,86,1492,Bomet Central,EXACT_MATCH,sourceGID located the Ward and its County/SubCounty relationships match the unique normalized authoritative identity.
2266,Bomet,Bomet Central Sub County,Chesoen Ward,bomet,bometcentral,2344,86,Bomet,1492,Bomet Central,86,1492,Bomet Central,EXACT_MATCH,sourceGID located the Ward and its County/SubCounty relationships match the unique normalized authoritative identity.
2267,Bomet,Bomet Central Sub County,Mutarakwa  Ward,bomet,bometcentral,2345,86,Bomet,1492,Bomet Central,86,1492,Bomet Central,EXACT_MATCH,sourceGID located the Ward and its County/SubCounty relationships match the unique normalized authoritative identity.
2268,Bomet,Konoin Sub County,Chepchabas Ward,bomet,konoin,2346,86,Bomet,1490,Konoin,86,1490,Konoin,EXACT_MATCH,sourceGID located the Ward and its County/SubCounty relationships match the unique normalized authoritative identity.
159,GARISSA,Ijara Sub County,Ijara Ward,garissa,ijara,2347,60,Garissa,1285,Ijara,60,1285,Ijara,EXACT_MATCH,sourceGID located the Ward and its County/SubCounty relationships match the unique normalized authoritative identity.
198,MANDERA,BANISSA,GUBA,mandera,banissa,2348,63,Mandera,518,BANISSA,63,518,BANISSA,EXACT_MATCH,sourceGID located the Ward and its County/SubCounty relationships match the unique normalized authoritative identity.
199,MANDERA,BANISSA,MALKAMARI,mandera,banissa,2349,63,Mandera,518,BANISSA,63,518,BANISSA,EXACT_MATCH,sourceGID located the Ward and its County/SubCounty relationships match the unique normalized authoritative identity.
88,TANA RIVER,Garsen Sub County,Kipini west Ward,tanariver,garsen,2350,57,Tana River,517,Garsen Sub County,57,517,Garsen Sub County,EXACT_MATCH,sourceGID located the Ward and its County/SubCounty relationships match the unique normalized authoritative identity.
89,TANA RIVER,Garsen Sub County,Garsen central Ward,tanariver,garsen,2351,57,Tana River,517,Garsen Sub County,57,517,Garsen Sub County,EXACT_MATCH,sourceGID located the Ward and its County/SubCounty relationships match the unique normalized authoritative identity.
90,TANA RIVER,Garsen Sub County,Garsen west Ward,tanariver,garsen,2352,57,Tana River,517,Garsen Sub County,57,517,Garsen Sub County,EXACT_MATCH,sourceGID located the Ward and its County/SubCounty relationships match the unique normalized authoritative identity.
107,LAMU,LAMU WEST,MKUNUMBI,lamu,lamuwest,2353,58,Lamu,1275,Lamu West,58,1275,Lamu West,EXACT_MATCH,sourceGID located the Ward and its County/SubCounty relationships match the unique normalized authoritative identity.
110,LAMU,LAMU WEST,BAHARI,lamu,lamuwest,2354,58,Lamu,1275,Lamu West,58,1275,Lamu West,EXACT_MATCH,sourceGID located the Ward and its County/SubCounty relationships match the unique normalized authoritative identity.
194,MANDERA,MANDERA WEST,DANDU,mandera,manderawest,2355,63,Mandera,1295,Mandera West,63,1295,Mandera West,EXACT_MATCH,sourceGID located the Ward and its County/SubCounty relationships match the unique normalized authoritative identity.
195,MANDERA,MANDERA WEST,GITHER,mandera,manderawest,2356,63,Mandera,1295,Mandera West,63,1295,Mandera West,EXACT_MATCH,sourceGID located the Ward and its County/SubCounty relationships match the unique normalized authoritative identity.
200,MANDERA,BANISSA,KILIWAHERI,mandera,banissa,2357,63,Mandera,518,BANISSA,63,518,BANISSA,EXACT_MATCH,sourceGID located the Ward and its County/SubCounty relationships match the unique normalized authoritative identity.
209,MANDERA,MANDERA SOUTH,ELWAK NORTH,mandera,manderasouth,2358,63,Mandera,325,MANDERA SOUTH,63,325,MANDERA SOUTH,EXACT_MATCH,sourceGID located the Ward and its County/SubCounty relationships match the unique normalized authoritative identity.
230,MARSABIT,NORTH HORR,TURBI,marsabit,northhorr,2359,64,Marsabit,1307,North Horr,64,1307,North Horr,EXACT_MATCH,sourceGID located the Ward and its County/SubCounty relationships match the unique normalized authoritative identity.
109,LAMU,LAMU WEST,WITU,lamu,lamuwest,2360,58,Lamu,1275,Lamu West,58,1275,Lamu West,EXACT_MATCH,sourceGID located the Ward and its County/SubCounty relationships match the unique normalized authoritative identity.
237,MARSABIT,LAISAMIS,KARGI/SOUTH HORR,marsabit,laisamis,2361,64,Marsabit,330,LAISAMIS,64,330,LAISAMIS,EXACT_MATCH,sourceGID located the Ward and its County/SubCounty relationships match the unique normalized authoritative identity.
238,MARSABIT,LAISAMIS,KORR/NGURUNIT,marsabit,laisamis,2362,64,Marsabit,330,LAISAMIS,64,330,LAISAMIS,EXACT_MATCH,sourceGID located the Ward and its County/SubCounty relationships match the unique normalized authoritative identity.
91,TANA RIVER,Garsen Sub County,Garsen north Ward,tanariver,garsen,2363,57,Tana River,517,Garsen Sub County,57,517,Garsen Sub County,EXACT_MATCH,sourceGID located the Ward and its County/SubCounty relationships match the unique normalized authoritative identity.
239,MARSABIT,LAISAMIS,LOGOLOGO,marsabit,laisamis,2364,64,Marsabit,330,LAISAMIS,64,330,LAISAMIS,EXACT_MATCH,sourceGID located the Ward and its County/SubCounty relationships match the unique normalized authoritative identity.
132,GARISSA,Garissa Sub County,Galbet Ward,garissa,garissa,2365,60,Garissa,1283,Garissa,60,1283,Garissa,EXACT_MATCH,sourceGID located the Ward and its County/SubCounty relationships match the unique normalized authoritative identity.
169,WAJIR,Wajir East Sub County,Township Ward,wajir,wajireast,2366,61,Wajir,1291,Wajir East,61,1291,Wajir East,EXACT_MATCH,sourceGID located the Ward and its County/SubCounty relationships match the unique normalized authoritative identity.
170,WAJIR,Wajir East Sub County,Barwaqo Ward,wajir,wajireast,2367,61,Wajir,1291,Wajir East,61,1291,Wajir East,EXACT_MATCH,sourceGID located the Ward and its County/SubCounty relationships match the unique normalized authoritative identity.
176,WAJIR,Wajir West Sub County,Arbajahan Ward,wajir,wajirwest,2368,61,Wajir,1294,Wajir West,61,1294,Wajir West,EXACT_MATCH,sourceGID located the Ward and its County/SubCounty relationships match the unique normalized authoritative identity.
178,WAJIR,Wajir West Sub County,ADEMASAJIDE Ward,wajir,wajirwest,2369,61,Wajir,1294,Wajir West,61,1294,Wajir West,EXACT_MATCH,sourceGID located the Ward and its County/SubCounty relationships match the unique normalized authoritative identity.
179,WAJIR,Wajir West Sub County,Ganyure Wagalla Ward,wajir,wajirwest,2370,61,Wajir,1294,Wajir West,61,1294,Wajir West,EXACT_MATCH,sourceGID located the Ward and its County/SubCounty relationships match the unique normalized authoritative identity.
180,WAJIR,Eldas Sub County,Lakoley south/basir Ward,wajir,eldas,2371,61,Wajir,1288,Eldas,61,1288,Eldas,EXACT_MATCH,sourceGID located the Ward and its County/SubCounty relationships match the unique normalized authoritative identity.
299,THARAKA-NITHI,Mwimbi Sub County,Ganga Ward,tharakanithi,mwimbi,2372,66,Tharaka Nithi,341,Mwimbi Sub County,66,341,Mwimbi Sub County,EXACT_MATCH,sourceGID located the Ward and its County/SubCounty relationships match the unique normalized authoritative identity.
300,THARAKA-NITHI,Mwimbi Sub County,Chogoria Ward,tharakanithi,mwimbi,2373,66,Tharaka Nithi,341,Mwimbi Sub County,66,341,Mwimbi Sub County,EXACT_MATCH,sourceGID located the Ward and its County/SubCounty relationships match the unique normalized authoritative identity.
301,THARAKA-NITHI,Igambang'ombe Sub County,Mariani Ward,tharakanithi,igambangombe,2374,66,Tharaka Nithi,1323,Igambang'ombe,66,1323,Igambang'ombe,EXACT_MATCH,sourceGID located the Ward and its County/SubCounty relationships match the unique normalized authoritative identity.
302,THARAKA-NITHI,Chuka Sub County,Karingani Ward,tharakanithi,chuka,2375,66,Tharaka Nithi,548,Chuka Sub County,66,548,Chuka Sub County,EXACT_MATCH,sourceGID located the Ward and its County/SubCounty relationships match the unique normalized authoritative identity.
303,THARAKA-NITHI,Chuka Sub County,Magumoni Ward,tharakanithi,chuka,2376,66,Tharaka Nithi,548,Chuka Sub County,66,548,Chuka Sub County,EXACT_MATCH,sourceGID located the Ward and its County/SubCounty relationships match the unique normalized authoritative identity.
304,THARAKA-NITHI,Chuka Sub County,Mugwe Ward,tharakanithi,chuka,2377,66,Tharaka Nithi,548,Chuka Sub County,66,548,Chuka Sub County,EXACT_MATCH,sourceGID located the Ward and its County/SubCounty relationships match the unique normalized authoritative identity.
321,EMBU,Runyenjes  Sub County,Kyeni north Ward,embu,runyenjes,2378,89,Embu,543,Runyenjes  Sub County,89,543,Runyenjes  Sub County,EXACT_MATCH,sourceGID located the Ward and its County/SubCounty relationships match the unique normalized authoritative identity.
322,EMBU,Runyenjes  Sub County,Kyeni south Ward,embu,runyenjes,2379,89,Embu,543,Runyenjes  Sub County,89,543,Runyenjes  Sub County,EXACT_MATCH,sourceGID located the Ward and its County/SubCounty relationships match the unique normalized authoritative identity.
323,EMBU,Mbeere South  Sub County,Mwea Ward,embu,mbeeresouth,2380,89,Embu,1331,Mbeere South,89,1331,Mbeere South,EXACT_MATCH,sourceGID located the Ward and its County/SubCounty relationships match the unique normalized authoritative identity.
324,EMBU,Mbeere South  Sub County,Makima Ward,embu,mbeeresouth,2381,89,Embu,1331,Mbeere South,89,1331,Mbeere South,EXACT_MATCH,sourceGID located the Ward and its County/SubCounty relationships match the unique normalized authoritative identity.
325,EMBU,Mbeere South  Sub County,Mbeti south Ward,embu,mbeeresouth,2382,89,Embu,1331,Mbeere South,89,1331,Mbeere South,EXACT_MATCH,sourceGID located the Ward and its County/SubCounty relationships match the unique normalized authoritative identity.
326,EMBU,Mbeere South  Sub County,Mavuria Ward,embu,mbeeresouth,2383,89,Embu,1331,Mbeere South,89,1331,Mbeere South,EXACT_MATCH,sourceGID located the Ward and its County/SubCounty relationships match the unique normalized authoritative identity.
327,EMBU,Mbeere South  Sub County,Kiambere Ward,embu,mbeeresouth,2384,89,Embu,1331,Mbeere South,89,1331,Mbeere South,EXACT_MATCH,sourceGID located the Ward and its County/SubCounty relationships match the unique normalized authoritative identity.
328,EMBU,Mbeere North  Sub County,Nthawa Ward,embu,mbeerenorth,2385,89,Embu,1332,Mbeere North,89,1332,Mbeere North,EXACT_MATCH,sourceGID located the Ward and its County/SubCounty relationships match the unique normalized authoritative identity.
350,KITUI,Kitui Rural Sub County,Kisasi Ward,kitui,kituirural,2386,68,Kitui,348,Kitui Rural Sub County,68,348,Kitui Rural Sub County,EXACT_MATCH,sourceGID located the Ward and its County/SubCounty relationships match the unique normalized authoritative identity.
357,KITUI,Kitui Central  Sub County,Mulango Ward,kitui,kituicentral,2387,68,Kitui,1336,Kitui Central,68,1336,Kitui Central,EXACT_MATCH,sourceGID located the Ward and its County/SubCounty relationships match the unique normalized authoritative identity.
358,KITUI,Kitui Central  Sub County,Kyangwithya east Ward,kitui,kituicentral,2388,68,Kitui,1336,Kitui Central,68,1336,Kitui Central,EXACT_MATCH,sourceGID located the Ward and its County/SubCounty relationships match the unique normalized authoritative identity.
361,KITUI,Kitui East Sub County,Chuluni Ward,kitui,kituieast,2389,68,Kitui,354,Kitui East Sub County,68,354,Kitui East Sub County,EXACT_MATCH,sourceGID located the Ward and its County/SubCounty relationships match the unique normalized authoritative identity.
366,KITUI,Kitui South Sub County,Mutomo Ward,kitui,kituisouth,2390,68,Kitui,357,Kitui South Sub County,68,357,Kitui South Sub County,EXACT_MATCH,sourceGID located the Ward and its County/SubCounty relationships match the unique normalized authoritative identity.
367,KITUI,Kitui South Sub County,Mutha Ward,kitui,kituisouth,2391,68,Kitui,357,Kitui South Sub County,68,357,Kitui South Sub County,EXACT_MATCH,sourceGID located the Ward and its County/SubCounty relationships match the unique normalized authoritative identity.
369,KITUI,Kitui South Sub County,Kanziko Ward,kitui,kituisouth,2392,68,Kitui,357,Kitui South Sub County,68,357,Kitui South Sub County,EXACT_MATCH,sourceGID located the Ward and its County/SubCounty relationships match the unique normalized authoritative identity.
446,NYANDARUA,Kinangop Sub County,Nyakio Ward,nyandarua,kinangop,2393,67,Nyandarua,1369,Kinangop,67,1369,Kinangop,EXACT_MATCH,sourceGID located the Ward and its County/SubCounty relationships match the unique normalized authoritative identity.
447,NYANDARUA,Kinangop Sub County,Githabai Ward,nyandarua,kinangop,2394,67,Nyandarua,1369,Kinangop,67,1369,Kinangop,EXACT_MATCH,sourceGID located the Ward and its County/SubCounty relationships match the unique normalized authoritative identity.
448,NYANDARUA,Kinangop Sub County,Magumu Ward,nyandarua,kinangop,2395,67,Nyandarua,1369,Kinangop,67,1369,Kinangop,EXACT_MATCH,sourceGID located the Ward and its County/SubCounty relationships match the unique normalized authoritative identity.
451,NYANDARUA,Kipipiri Sub County,Geta Ward,nyandarua,kipipiri,2396,67,Nyandarua,1372,Kipipiri,67,1372,Kipipiri,EXACT_MATCH,sourceGID located the Ward and its County/SubCounty relationships match the unique normalized authoritative identity.
453,NYANDARUA,Olkalou Sub County,Karau Ward,nyandarua,olkalou,2397,67,Nyandarua,374,Olkalou Sub County,67,374,Olkalou Sub County,EXACT_MATCH,sourceGID located the Ward and its County/SubCounty relationships match the unique normalized authoritative identity.
455,NYANDARUA,Olkalou Sub County,Mirangine Ward,nyandarua,olkalou,2398,67,Nyandarua,374,Olkalou Sub County,67,374,Olkalou Sub County,EXACT_MATCH,sourceGID located the Ward and its County/SubCounty relationships match the unique normalized authoritative identity.
456,NYANDARUA,Olkalou Sub County,Kaimbaga Ward,nyandarua,olkalou,2399,67,Nyandarua,374,Olkalou Sub County,67,374,Olkalou Sub County,EXACT_MATCH,sourceGID located the Ward and its County/SubCounty relationships match the unique normalized authoritative identity.
458,NYANDARUA,Oljoroorok Sub County,Gathanji Ward,nyandarua,oljoroorok,2400,67,Nyandarua,342,Oljoroorok Sub County,67,342,Oljoroorok Sub County,EXACT_MATCH,sourceGID located the Ward and its County/SubCounty relationships match the unique normalized authoritative identity.
459,NYANDARUA,Oljoroorok Sub County,Gatimu Ward,nyandarua,oljoroorok,2401,67,Nyandarua,342,Oljoroorok Sub County,67,342,Oljoroorok Sub County,EXACT_MATCH,sourceGID located the Ward and its County/SubCounty relationships match the unique normalized authoritative identity.
460,NYANDARUA,Oljoroorok Sub County,Weru Ward,nyandarua,oljoroorok,2402,67,Nyandarua,342,Oljoroorok Sub County,67,342,Oljoroorok Sub County,EXACT_MATCH,sourceGID located the Ward and its County/SubCounty relationships match the unique normalized authoritative identity.
463,NYANDARUA,Ndaragwa Sub County,Kiritta Ward,nyandarua,ndaragwa,2403,67,Nyandarua,395,Ndaragwa Sub County,67,395,Ndaragwa Sub County,EXACT_MATCH,sourceGID located the Ward and its County/SubCounty relationships match the unique normalized authoritative identity.
464,NYANDARUA,Ndaragwa Sub County,Central Ward,nyandarua,ndaragwa,2404,67,Nyandarua,395,Ndaragwa Sub County,67,395,Ndaragwa Sub County,EXACT_MATCH,sourceGID located the Ward and its County/SubCounty relationships match the unique normalized authoritative identity.
465,NYANDARUA,Ndaragwa Sub County,Shamata Ward,nyandarua,ndaragwa,2405,67,Nyandarua,395,Ndaragwa Sub County,67,395,Ndaragwa Sub County,EXACT_MATCH,sourceGID located the Ward and its County/SubCounty relationships match the unique normalized authoritative identity.
466,NYERI,Tetu Sub County,Dedan kimathi Ward,nyeri,tetu,2406,69,Nyeri,1376,Tetu,69,1376,Tetu,EXACT_MATCH,sourceGID located the Ward and its County/SubCounty relationships match the unique normalized authoritative identity.
467,NYERI,Tetu Sub County,Wamagana Ward,nyeri,tetu,2407,69,Nyeri,1376,Tetu,69,1376,Tetu,EXACT_MATCH,sourceGID located the Ward and its County/SubCounty relationships match the unique normalized authoritative identity.
468,NYERI,Tetu Sub County,Aguthi-gaaki Ward,nyeri,tetu,2408,69,Nyeri,1376,Tetu,69,1376,Tetu,EXACT_MATCH,sourceGID located the Ward and its County/SubCounty relationships match the unique normalized authoritative identity.
469,NYERI,Kieni West Sub County,Mweiga Ward,nyeri,kieniwest,2409,69,Nyeri,1378,Kieni West,69,1378,Kieni West,EXACT_MATCH,sourceGID located the Ward and its County/SubCounty relationships match the unique normalized authoritative identity.
470,NYERI,Kieni East Sub County,Naromoru/kiamathaga Ward,nyeri,kienieast,2410,69,Nyeri,1377,Kieni East,69,1377,Kieni East,EXACT_MATCH,sourceGID located the Ward and its County/SubCounty relationships match the unique normalized authoritative identity.
471,NYERI,Kieni West Sub County,Mwiyogo/endarasha Ward,nyeri,kieniwest,2411,69,Nyeri,1378,Kieni West,69,1378,Kieni West,EXACT_MATCH,sourceGID located the Ward and its County/SubCounty relationships match the unique normalized authoritative identity.
472,NYERI,Kieni West Sub County,Mugunda Ward,nyeri,kieniwest,2412,69,Nyeri,1378,Kieni West,69,1378,Kieni West,EXACT_MATCH,sourceGID located the Ward and its County/SubCounty relationships match the unique normalized authoritative identity.
473,NYERI,Kieni West Sub County,Gatarakwa Ward,nyeri,kieniwest,2413,69,Nyeri,1378,Kieni West,69,1378,Kieni West,EXACT_MATCH,sourceGID located the Ward and its County/SubCounty relationships match the unique normalized authoritative identity.
474,NYERI,Kieni East Sub County,Thegu river Ward,nyeri,kienieast,2414,69,Nyeri,1377,Kieni East,69,1377,Kieni East,EXACT_MATCH,sourceGID located the Ward and its County/SubCounty relationships match the unique normalized authoritative identity.
475,NYERI,Kieni East Sub County,Kabaru Ward,nyeri,kienieast,2415,69,Nyeri,1377,Kieni East,69,1377,Kieni East,EXACT_MATCH,sourceGID located the Ward and its County/SubCounty relationships match the unique normalized authoritative identity.
476,NYERI,Kieni East Sub County,Gakawa Ward,nyeri,kienieast,2416,69,Nyeri,1377,Kieni East,69,1377,Kieni East,EXACT_MATCH,sourceGID located the Ward and its County/SubCounty relationships match the unique normalized authoritative identity.
477,NYERI,Mathira West Sub County,Ruguru Ward,nyeri,mathirawest,2417,69,Nyeri,1380,Mathira West,69,1380,Mathira West,EXACT_MATCH,sourceGID located the Ward and its County/SubCounty relationships match the unique normalized authoritative identity.
478,NYERI,Mathira East Sub County,Magutu Ward,nyeri,mathiraeast,2418,69,Nyeri,1379,Mathira East,69,1379,Mathira East,EXACT_MATCH,sourceGID located the Ward and its County/SubCounty relationships match the unique normalized authoritative identity.
617,TURKANA,Turkana West Sub County,Kakuma Ward,turkana,turkanawest,2419,70,Turkana,1416,Turkana West,70,1416,Turkana West,EXACT_MATCH,sourceGID located the Ward and its County/SubCounty relationships match the unique normalized authoritative identity.
621,TURKANA,Turkana West Sub County,Kalobeyei Ward,turkana,turkanawest,2420,70,Turkana,1416,Turkana West,70,1416,Turkana West,EXACT_MATCH,sourceGID located the Ward and its County/SubCounty relationships match the unique normalized authoritative identity.
623,TURKANA,Turkana West Sub County,Nanaam Ward,turkana,turkanawest,2421,70,Turkana,1416,Turkana West,70,1416,Turkana West,EXACT_MATCH,sourceGID located the Ward and its County/SubCounty relationships match the unique normalized authoritative identity.
627,TURKANA,Turkana Central Sub County,Lodwar Township Ward,turkana,turkanacentral,2422,70,Turkana,1412,Turkana Central,70,1412,Turkana Central,EXACT_MATCH,sourceGID located the Ward and its County/SubCounty relationships match the unique normalized authoritative identity.
628,TURKANA,Turkana Central Sub County,Kanamkemer Ward,turkana,turkanacentral,2423,70,Turkana,1412,Turkana Central,70,1412,Turkana Central,EXACT_MATCH,sourceGID located the Ward and its County/SubCounty relationships match the unique normalized authoritative identity.
629,TURKANA,Loima Sub County,Kotaruk/Lobei Ward,turkana,loima,2424,70,Turkana,1411,Loima,70,1411,Loima,EXACT_MATCH,sourceGID located the Ward and its County/SubCounty relationships match the unique normalized authoritative identity.
631,TURKANA,Loima Sub County,Loima Ward,turkana,loima,2425,70,Turkana,1411,Loima,70,1411,Loima,EXACT_MATCH,sourceGID located the Ward and its County/SubCounty relationships match the unique normalized authoritative identity.
634,TURKANA,Turkana South Sub County,Katilu Ward,turkana,turkanasouth,2426,70,Turkana,1415,Turkana South,70,1415,Turkana South,EXACT_MATCH,sourceGID located the Ward and its County/SubCounty relationships match the unique normalized authoritative identity.
639,TURKANA,Turkana East Sub County,Katilia Ward,turkana,turkanaeast,2427,70,Turkana,1413,Turkana East,70,1413,Turkana East,EXACT_MATCH,sourceGID located the Ward and its County/SubCounty relationships match the unique normalized authoritative identity.
640,TURKANA,Turkana East Sub County,Lokori/kochodin Ward,turkana,turkanaeast,2428,70,Turkana,1413,Turkana East,70,1413,Turkana East,EXACT_MATCH,sourceGID located the Ward and its County/SubCounty relationships match the unique normalized authoritative identity.
656,WEST POKOT,Pokot North Sub County,Alale Ward,westpokot,pokotnorth,2429,71,West Pokot,1419,Pokot North,71,1419,Pokot North,EXACT_MATCH,sourceGID located the Ward and its County/SubCounty relationships match the unique normalized authoritative identity.
657,WEST POKOT,Pokot South Sub County,Chepareria Ward,westpokot,pokotsouth,2430,71,West Pokot,1420,Pokot South,71,1420,Pokot South,EXACT_MATCH,sourceGID located the Ward and its County/SubCounty relationships match the unique normalized authoritative identity.
658,WEST POKOT,Pokot South Sub County,Batei Ward,westpokot,pokotsouth,2431,71,West Pokot,1420,Pokot South,71,1420,Pokot South,EXACT_MATCH,sourceGID located the Ward and its County/SubCounty relationships match the unique normalized authoritative identity.
659,WEST POKOT,Pokot South Sub County,Lelan Ward,westpokot,pokotsouth,2432,71,West Pokot,1420,Pokot South,71,1420,Pokot South,EXACT_MATCH,sourceGID located the Ward and its County/SubCounty relationships match the unique normalized authoritative identity.
660,WEST POKOT,Pokot South Sub County,Tapach Ward,westpokot,pokotsouth,2433,71,West Pokot,1420,Pokot South,71,1420,Pokot South,EXACT_MATCH,sourceGID located the Ward and its County/SubCounty relationships match the unique normalized authoritative identity.
661,SAMBURU,Samburu Central Sub County,Lodokejek Ward,samburu,samburucentral,2434,72,Samburu,1422,Samburu Central,72,1422,Samburu Central,EXACT_MATCH,sourceGID located the Ward and its County/SubCounty relationships match the unique normalized authoritative identity.
679,TRANS NZOIA,Kwanza  Sub County,Bidii Ward,transnzoia,kwanza,2435,81,Trans Nzoia,1427,Kwanza,81,1427,Kwanza,EXACT_MATCH,sourceGID located the Ward and its County/SubCounty relationships match the unique normalized authoritative identity.
685,TRANS NZOIA,Saboti  Sub County,Tuwani Ward,transnzoia,saboti,2436,81,Trans Nzoia,425,Saboti  Sub County,81,425,Saboti  Sub County,EXACT_MATCH,sourceGID located the Ward and its County/SubCounty relationships match the unique normalized authoritative identity.
686,TRANS NZOIA,Saboti  Sub County,Saboti Ward,transnzoia,saboti,2437,81,Trans Nzoia,425,Saboti  Sub County,81,425,Saboti  Sub County,EXACT_MATCH,sourceGID located the Ward and its County/SubCounty relationships match the unique normalized authoritative identity.
687,TRANS NZOIA,Saboti  Sub County,Machewa Ward,transnzoia,saboti,2438,81,Trans Nzoia,425,Saboti  Sub County,81,425,Saboti  Sub County,EXACT_MATCH,sourceGID located the Ward and its County/SubCounty relationships match the unique normalized authoritative identity.
691,TRANS NZOIA,Kiminini  Sub County,Hospital Ward,transnzoia,kiminini,2439,81,Trans Nzoia,1429,Kiminini,81,1429,Kiminini,EXACT_MATCH,sourceGID located the Ward and its County/SubCounty relationships match the unique normalized authoritative identity.
692,TRANS NZOIA,Kiminini  Sub County,Sikhendu Ward,transnzoia,kiminini,2440,81,Trans Nzoia,1429,Kiminini,81,1429,Kiminini,EXACT_MATCH,sourceGID located the Ward and its County/SubCounty relationships match the unique normalized authoritative identity.
700,TRANS NZOIA,Cherangany Sub County,Sitatunga Ward,transnzoia,cherangany,2441,81,Trans Nzoia,441,Cherangany Sub County,81,441,Cherangany Sub County,EXACT_MATCH,sourceGID located the Ward and its County/SubCounty relationships match the unique normalized authoritative identity.
736,ELGEYO-MARAKWET,Marakwet West Sub County,Sengwer Ward,elgeyomarakwet,marakwetwest,2442,85,Elgeyo Marakwet,1439,Marakwet West,85,1439,Marakwet West,EXACT_MATCH,sourceGID located the Ward and its County/SubCounty relationships match the unique normalized authoritative identity.
737,ELGEYO-MARAKWET,Marakwet West Sub County,Cherangany  Ward,elgeyomarakwet,marakwetwest,2443,85,Elgeyo Marakwet,1439,Marakwet West,85,1439,Marakwet West,EXACT_MATCH,sourceGID located the Ward and its County/SubCounty relationships match the unique normalized authoritative identity.
738,ELGEYO-MARAKWET,Marakwet West Sub County,Moiben Kuserwo Ward,elgeyomarakwet,marakwetwest,2444,85,Elgeyo Marakwet,1439,Marakwet West,85,1439,Marakwet West,EXACT_MATCH,sourceGID located the Ward and its County/SubCounty relationships match the unique normalized authoritative identity.
739,ELGEYO-MARAKWET,Marakwet West Sub County,Kapsowar Ward,elgeyomarakwet,marakwetwest,2445,85,Elgeyo Marakwet,1439,Marakwet West,85,1439,Marakwet West,EXACT_MATCH,sourceGID located the Ward and its County/SubCounty relationships match the unique normalized authoritative identity.
740,ELGEYO-MARAKWET,Marakwet West Sub County,Arror Ward,elgeyomarakwet,marakwetwest,2446,85,Elgeyo Marakwet,1439,Marakwet West,85,1439,Marakwet West,EXACT_MATCH,sourceGID located the Ward and its County/SubCounty relationships match the unique normalized authoritative identity.
741,ELGEYO-MARAKWET,Keiyo North Sub County,Kamariny Ward,elgeyomarakwet,keiyonorth,2447,85,Elgeyo Marakwet,1436,Keiyo North,85,1436,Keiyo North,EXACT_MATCH,sourceGID located the Ward and its County/SubCounty relationships match the unique normalized authoritative identity.
742,ELGEYO-MARAKWET,Keiyo North Sub County,Emsoo Ward,elgeyomarakwet,keiyonorth,2448,85,Elgeyo Marakwet,1436,Keiyo North,85,1436,Keiyo North,EXACT_MATCH,sourceGID located the Ward and its County/SubCounty relationships match the unique normalized authoritative identity.
743,ELGEYO-MARAKWET,Keiyo North Sub County,Tambach Ward,elgeyomarakwet,keiyonorth,2449,85,Elgeyo Marakwet,1436,Keiyo North,85,1436,Keiyo North,EXACT_MATCH,sourceGID located the Ward and its County/SubCounty relationships match the unique normalized authoritative identity.
744,ELGEYO-MARAKWET,Keiyo North Sub County,Kapchemutwa Ward,elgeyomarakwet,keiyonorth,2450,85,Elgeyo Marakwet,1436,Keiyo North,85,1436,Keiyo North,EXACT_MATCH,sourceGID located the Ward and its County/SubCounty relationships match the unique normalized authoritative identity.
745,ELGEYO-MARAKWET,Keiyo South Sub County,Kaptarakwa Ward,elgeyomarakwet,keiyosouth,2451,85,Elgeyo Marakwet,1437,Keiyo South,85,1437,Keiyo South,EXACT_MATCH,sourceGID located the Ward and its County/SubCounty relationships match the unique normalized authoritative identity.
746,ELGEYO-MARAKWET,Keiyo South Sub County,Chepkorio Ward,elgeyomarakwet,keiyosouth,2452,85,Elgeyo Marakwet,1437,Keiyo South,85,1437,Keiyo South,EXACT_MATCH,sourceGID located the Ward and its County/SubCounty relationships match the unique normalized authoritative identity.
750,ELGEYO-MARAKWET,Keiyo South Sub County,Metkei Ward,elgeyomarakwet,keiyosouth,2453,85,Elgeyo Marakwet,1437,Keiyo South,85,1437,Keiyo South,EXACT_MATCH,sourceGID located the Ward and its County/SubCounty relationships match the unique normalized authoritative identity.
751,NANDI,Tinderet Sub County,Songhor/Soba Ward,nandi,tinderet,2454,88,Nandi,1445,Tinderet,88,1445,Tinderet,EXACT_MATCH,sourceGID located the Ward and its County/SubCounty relationships match the unique normalized authoritative identity.
752,NANDI,Tinderet Sub County,Tinderet Ward,nandi,tinderet,2455,88,Nandi,1445,Tinderet,88,1445,Tinderet,EXACT_MATCH,sourceGID located the Ward and its County/SubCounty relationships match the unique normalized authoritative identity.
753,NANDI,Tinderet Sub County,Chemelil/chemase Ward,nandi,tinderet,2456,88,Nandi,1445,Tinderet,88,1445,Tinderet,EXACT_MATCH,sourceGID located the Ward and its County/SubCounty relationships match the unique normalized authoritative identity.
754,NANDI,Nandi East Sub County,Kapsimotwo Ward,nandi,nandieast,2457,88,Nandi,1442,Nandi East,88,1442,Nandi East,EXACT_MATCH,sourceGID located the Ward and its County/SubCounty relationships match the unique normalized authoritative identity.
763,NANDI,Nandi East Sub County,Ol'lessos Ward,nandi,nandieast,2458,88,Nandi,1442,Nandi East,88,1442,Nandi East,EXACT_MATCH,sourceGID located the Ward and its County/SubCounty relationships match the unique normalized authoritative identity.
764,NANDI,Nandi East Sub County,Kapchorua Ward,nandi,nandieast,2459,88,Nandi,1442,Nandi East,88,1442,Nandi East,EXACT_MATCH,sourceGID located the Ward and its County/SubCounty relationships match the unique normalized authoritative identity.
766,NANDI,Chesumei Sub County,Kosirai Ward,nandi,chesumei,2460,88,Nandi,1440,Chesumei,88,1440,Chesumei,EXACT_MATCH,sourceGID located the Ward and its County/SubCounty relationships match the unique normalized authoritative identity.
768,NANDI,Chesumei Sub County,Kaptel/kamoiywo Ward,nandi,chesumei,2461,88,Nandi,1440,Chesumei,88,1440,Chesumei,EXACT_MATCH,sourceGID located the Ward and its County/SubCounty relationships match the unique normalized authoritative identity.
769,NANDI,Chesumei Sub County,Kiptuiya Ward,nandi,chesumei,2462,88,Nandi,1440,Chesumei,88,1440,Chesumei,EXACT_MATCH,sourceGID located the Ward and its County/SubCounty relationships match the unique normalized authoritative identity.
771,NANDI,Emgwen Sub County,Kapkangani Ward,nandi,emgwen,2463,88,Nandi,456,Emgwen Sub County,88,456,Emgwen Sub County,EXACT_MATCH,sourceGID located the Ward and its County/SubCounty relationships match the unique normalized authoritative identity.
774,NANDI,Mosop Sub County,Chepterwai Ward,nandi,mosop,2464,88,Nandi,462,Mosop Sub County,88,462,Mosop Sub County,EXACT_MATCH,sourceGID located the Ward and its County/SubCounty relationships match the unique normalized authoritative identity.
775,NANDI,Mosop Sub County,Kipkaren Ward,nandi,mosop,2465,88,Nandi,462,Mosop Sub County,88,462,Mosop Sub County,EXACT_MATCH,sourceGID located the Ward and its County/SubCounty relationships match the unique normalized authoritative identity.
776,NANDI,Mosop Sub County,Kurgung/surungai Ward,nandi,mosop,2466,88,Nandi,462,Mosop Sub County,88,462,Mosop Sub County,EXACT_MATCH,sourceGID located the Ward and its County/SubCounty relationships match the unique normalized authoritative identity.
777,NANDI,Mosop Sub County,Kabiyet Ward,nandi,mosop,2467,88,Nandi,462,Mosop Sub County,88,462,Mosop Sub County,EXACT_MATCH,sourceGID located the Ward and its County/SubCounty relationships match the unique normalized authoritative identity.
779,NANDI,Mosop Sub County,Kabisaga Ward,nandi,mosop,2468,88,Nandi,462,Mosop Sub County,88,462,Mosop Sub County,EXACT_MATCH,sourceGID located the Ward and its County/SubCounty relationships match the unique normalized authoritative identity.
813,LAIKIPIA,Laikipia West Sub County,Githiga Ward,laikipia,laikipiawest,2469,91,Laikipia,1457,Laikipia West,91,1457,Laikipia West,EXACT_MATCH,sourceGID located the Ward and its County/SubCounty relationships match the unique normalized authoritative identity.
956,KERICHO,Bureti Sub County,Kapkatet Ward,kericho,bureti,2470,56,Kericho,1483,Bureti,56,1483,Bureti,EXACT_MATCH,sourceGID located the Ward and its County/SubCounty relationships match the unique normalized authoritative identity.
959,KERICHO,Belgut Sub County,Cheptororiet/seretut Ward,kericho,belgut,2471,56,Kericho,1482,Belgut,56,1482,Belgut,EXACT_MATCH,sourceGID located the Ward and its County/SubCounty relationships match the unique normalized authoritative identity.