gid,wardName,authoritativeCounty,authoritativeSubcounty,canonicalCountyCode,canonicalSubcountyCode,canonicalSubcountyName,prismaWardId,prismaWardName,prismaCountyId,prismaCountyName,prismaSubcountyId,prismaSubcountyName,expectedPrismaSubcountyId,expectedPrismaSubcountyName,ownership,resolutionType,note
241,WABERA,ISIOLO,Isiolo Sub County,011,1102,Isiolo,1024,WABERA,48,Isiolo,255,Isiolo Sub County,1310,Isiolo,WRONG_SUBCOUNTY,NORMALIZED,Expected Prisma SubCounty 1310 (Isiolo) but found 255 (Isiolo Sub County).
1455,North Kamagambo Ward,Migori,Rongo Sub County,044,4405,Rongo,1025,North Kamagambo Ward,49,Migori,1552,Rongo,1552,Rongo,CORRECT,NORMALIZED,Prisma ward ownership matches the authoritative target.
1456,Central Kamagambo Ward,Migori,Rongo Sub County,044,4405,Rongo,1026,Central Kamagambo Ward,49,Migori,1552,Rongo,1552,Rongo,CORRECT,NORMALIZED,Prisma ward ownership matches the authoritative target.
1457,South Kamagambo Ward,Migori,Rongo Sub County,044,4405,Rongo,1027,South Kamagambo Ward,49,Migori,1552,Rongo,1552,Rongo,CORRECT,NORMALIZED,Prisma ward ownership matches the authoritative target.
1458,North Sakwa Ward,Migori,Awendo Sub County,044,4401,Awendo,1028,North Sakwa Ward,49,Migori,1548,Awendo,1548,Awendo,CORRECT,NORMALIZED,Prisma ward ownership matches the authoritative target.
1459,South Sakwa Ward,Migori,Awendo Sub County,044,4401,Awendo,1029,South Sakwa Ward,49,Migori,1548,Awendo,1548,Awendo,CORRECT,NORMALIZED,Prisma ward ownership matches the authoritative target.
1460,West Sakwa Ward,Migori,Awendo Sub County,044,4401,Awendo,1030,West Sakwa Ward,49,Migori,1548,Awendo,1548,Awendo,CORRECT,NORMALIZED,Prisma ward ownership matches the authoritative target.
1461,Central Sakwa Ward,Migori,Awendo Sub County,044,4401,Awendo,1031,Central Sakwa Ward,49,Migori,1548,Awendo,1548,Awendo,CORRECT,NORMALIZED,Prisma ward ownership matches the authoritative target.
1462,God Jope  Ward,Migori,Suna East Sub County,044,4406,Suna East,1032,God Jope  Ward,49,Migori,1553,Suna East,1553,Suna East,CORRECT,NORMALIZED,Prisma ward ownership matches the authoritative target.
1463,Suna Central Ward,Migori,Suna East Sub County,044,4406,Suna East,1033,Suna Central Ward,49,Migori,1553,Suna East,1553,Suna East,CORRECT,NORMALIZED,Prisma ward ownership matches the authoritative target.
1464,Kakrao Ward,Migori,Suna East Sub County,044,4406,Suna East,1034,Kakrao Ward,49,Migori,1553,Suna East,1553,Suna East,CORRECT,NORMALIZED,Prisma ward ownership matches the authoritative target.
1465,Kwa Ward,Migori,Suna East Sub County,044,4406,Suna East,1035,Kwa Ward,49,Migori,1553,Suna East,1553,Suna East,CORRECT,NORMALIZED,Prisma ward ownership matches the authoritative target.
1466,Wiga Ward,Migori,Suna West Sub County,044,4407,Suna West,1036,Wiga Ward,49,Migori,1554,Suna West,1554,Suna West,CORRECT,NORMALIZED,Prisma ward ownership matches the authoritative target.
1467,Waseweta Ii Ward,Migori,Suna West Sub County,044,4407,Suna West,1037,Waseweta Ii Ward,49,Migori,1554,Suna West,1554,Suna West,CORRECT,NORMALIZED,Prisma ward ownership matches the authoritative target.
1468,Ragana-oruba Ward,Migori,Suna West Sub County,044,4407,Suna West,1038,Ragana-oruba Ward,49,Migori,1554,Suna West,1554,Suna West,CORRECT,NORMALIZED,Prisma ward ownership matches the authoritative target.
1469,Wasimbete Ward,Migori,Suna West Sub County,044,4407,Suna West,1039,Wasimbete Ward,49,Migori,1554,Suna West,1554,Suna West,CORRECT,NORMALIZED,Prisma ward ownership matches the authoritative target.
1470,West Kanyamkago Ward,Migori,Uriri Sub County,044,4408,Uriri,1040,West Kanyamkago Ward,49,Migori,1555,Uriri,1555,Uriri,CORRECT,NORMALIZED,Prisma ward ownership matches the authoritative target.
1471,North  Kanyamkago Ward,Migori,Uriri Sub County,044,4408,Uriri,1041,North  Kanyamkago Ward,49,Migori,1555,Uriri,1555,Uriri,CORRECT,NORMALIZED,Prisma ward ownership matches the authoritative target.
1472,Central Kanyamkago Ward,Migori,Uriri Sub County,044,4408,Uriri,1042,Central Kanyamkago Ward,49,Migori,1555,Uriri,1555,Uriri,CORRECT,NORMALIZED,Prisma ward ownership matches the authoritative target.
1473,South Kanyamkago Ward,Migori,Uriri Sub County,044,4408,Uriri,1043,South Kanyamkago Ward,49,Migori,1555,Uriri,1555,Uriri,CORRECT,NORMALIZED,Prisma ward ownership matches the authoritative target.
1474,East Kanyamkago Ward,Migori,Uriri Sub County,044,4408,Uriri,1044,East Kanyamkago Ward,49,Migori,1555,Uriri,1555,Uriri,CORRECT,NORMALIZED,Prisma ward ownership matches the authoritative target.
1475,Kachieng' Ward,Migori,Nyatike Sub County,044,4404,Nyatike,1045,Kachieng' Ward,49,Migori,1551,Nyatike,1551,Nyatike,CORRECT,NORMALIZED,Prisma ward ownership matches the authoritative target.
1486,Masaba Ward,Migori,Kuria West Sub County,044,4403,Kuria West,1046,Masaba Ward,49,Migori,1550,Kuria West,1550,Kuria West,CORRECT,NORMALIZED,Prisma ward ownership matches the authoritative target.
1490,Ntimaru West Ward,Migori,Kuria East Sub County,044,4402,Kuria East,1047,Ntimaru West Ward,49,Migori,1549,Kuria East,1549,Kuria East,CORRECT,NORMALIZED,Prisma ward ownership matches the authoritative target.
1520,Mathatani Ward,Machakos,Athi River Sub County,016,1601,Athi River,1048,Mathatani Ward,50,Machakos,264,Athi River Sub County,1351,Athi River,WRONG_SUBCOUNTY,NORMALIZED,Expected Prisma SubCounty 1351 (Athi River) but found 264 (Athi River Sub County).
1521,Syokimau-mulolongo Ward,Machakos,Athi River Sub County,016,1601,Athi River,1049,Syokimau-mulolongo Ward,50,Machakos,264,Athi River Sub County,1351,Athi River,WRONG_SUBCOUNTY,NORMALIZED,Expected Prisma SubCounty 1351 (Athi River) but found 264 (Athi River Sub County).
1522,Kalama Ward,Machakos,Machakos Sub County,016,1605,Machakos,1050,Kalama Ward,50,Machakos,265,Machakos Sub County,1355,Machakos,WRONG_SUBCOUNTY,NORMALIZED,Expected Prisma SubCounty 1355 (Machakos) but found 265 (Machakos Sub County).
1523,Mua Ward,Machakos,Machakos Sub County,016,1605,Machakos,1051,Mua Ward,50,Machakos,265,Machakos Sub County,1355,Machakos,WRONG_SUBCOUNTY,NORMALIZED,Expected Prisma SubCounty 1355 (Machakos) but found 265 (Machakos Sub County).
1524,Mutituni Ward,Machakos,Machakos Sub County,016,1605,Machakos,1052,Mutituni Ward,50,Machakos,265,Machakos Sub County,1355,Machakos,WRONG_SUBCOUNTY,NORMALIZED,Expected Prisma SubCounty 1355 (Machakos) but found 265 (Machakos Sub County).
1525,Township Ward,Machakos,Machakos Sub County,016,1605,Machakos,1053,Township Ward,50,Machakos,265,Machakos Sub County,1355,Machakos,WRONG_SUBCOUNTY,NORMALIZED,Expected Prisma SubCounty 1355 (Machakos) but found 265 (Machakos Sub County).
1526,Mumbuni North Ward,Machakos,Machakos Sub County,016,1605,Machakos,1054,Mumbuni North Ward,50,Machakos,265,Machakos Sub County,1355,Machakos,WRONG_SUBCOUNTY,NORMALIZED,Expected Prisma SubCounty 1355 (Machakos) but found 265 (Machakos Sub County).
1527,Muvuti-kiima-kimwe Ward,Machakos,Machakos Sub County,016,1605,Machakos,1055,Muvuti-kiima-kimwe Ward,50,Machakos,265,Machakos Sub County,1355,Machakos,WRONG_SUBCOUNTY,NORMALIZED,Expected Prisma SubCounty 1355 (Machakos) but found 265 (Machakos Sub County).
1528,Kola Ward,Machakos,Machakos Sub County,016,1605,Machakos,1056,Kola Ward,50,Machakos,265,Machakos Sub County,1355,Machakos,WRONG_SUBCOUNTY,NORMALIZED,Expected Prisma SubCounty 1355 (Machakos) but found 265 (Machakos Sub County).
1529,Mbiuni Ward,Machakos,Mwala Sub County,016,1608,Mwala,1057,Mbiuni Ward,50,Machakos,1358,Mwala,1358,Mwala,CORRECT,NORMALIZED,Prisma ward ownership matches the authoritative target.
1530,Makutano-mwala Ward,Machakos,Mwala Sub County,016,1608,Mwala,1058,Makutano-mwala Ward,50,Machakos,1358,Mwala,1358,Mwala,CORRECT,NORMALIZED,Prisma ward ownership matches the authoritative target.
1531,Masii Ward,Machakos,Mwala Sub County,016,1608,Mwala,1059,Masii Ward,50,Machakos,1358,Mwala,1358,Mwala,CORRECT,NORMALIZED,Prisma ward ownership matches the authoritative target.
1532,Muthetheni Ward,Machakos,Mwala Sub County,016,1608,Mwala,1060,Muthetheni Ward,50,Machakos,1358,Mwala,1358,Mwala,CORRECT,NORMALIZED,Prisma ward ownership matches the authoritative target.
1533,Wamunyu Ward,Machakos,Mwala Sub County,016,1608,Mwala,1061,Wamunyu Ward,50,Machakos,1358,Mwala,1358,Mwala,CORRECT,NORMALIZED,Prisma ward ownership matches the authoritative target.
1534,Kibauni Ward,Machakos,Mwala Sub County,016,1608,Mwala,1062,Kibauni Ward,50,Machakos,1358,Mwala,1358,Mwala,CORRECT,NORMALIZED,Prisma ward ownership matches the authoritative target.
1535,West Kasipul Ward,Homa Bay,Kasipul Sub County,,,,1063,West Kasipul Ward,51,Homa Bay,267,Kasipul Sub County,,,TARGET_UNRESOLVED,NOT_FOUND,Authoritative subcounty could not be mapped to exactly one Prisma target.
1536,South Kasipul Ward,Homa Bay,Kasipul Sub County,,,,1064,South Kasipul Ward,51,Homa Bay,267,Kasipul Sub County,,,TARGET_UNRESOLVED,NOT_FOUND,Authoritative subcounty could not be mapped to exactly one Prisma target.
1537,Central Kasipul Ward,Homa Bay,Kasipul Sub County,,,,1065,Central Kasipul Ward,51,Homa Bay,267,Kasipul Sub County,,,TARGET_UNRESOLVED,NOT_FOUND,Authoritative subcounty could not be mapped to exactly one Prisma target.
1538,East Kamagak Ward,Homa Bay,Kasipul Sub County,,,,1066,East Kamagak Ward,51,Homa Bay,267,Kasipul Sub County,,,TARGET_UNRESOLVED,NOT_FOUND,Authoritative subcounty could not be mapped to exactly one Prisma target.
1539,West Kamagak Ward,Homa Bay,Kasipul Sub County,,,,1067,West Kamagak Ward,51,Homa Bay,267,Kasipul Sub County,,,TARGET_UNRESOLVED,NOT_FOUND,Authoritative subcounty could not be mapped to exactly one Prisma target.
1540,Kabondo East Ward,Homa Bay,Kabondo Kasipul Sub County,,,,1068,Kabondo East Ward,51,Homa Bay,268,Kabondo Kasipul Sub County,,,TARGET_UNRESOLVED,NOT_FOUND,Authoritative subcounty could not be mapped to exactly one Prisma target.
1541,Kabondo West Ward,Homa Bay,Kabondo Kasipul Sub County,,,,1069,Kabondo West Ward,51,Homa Bay,268,Kabondo Kasipul Sub County,,,TARGET_UNRESOLVED,NOT_FOUND,Authoritative subcounty could not be mapped to exactly one Prisma target.
1542,Kokwanyo/kakelo Ward,Homa Bay,Kabondo Kasipul Sub County,,,,1070,Kokwanyo/kakelo Ward,51,Homa Bay,268,Kabondo Kasipul Sub County,,,TARGET_UNRESOLVED,NOT_FOUND,Authoritative subcounty could not be mapped to exactly one Prisma target.
1543,Kojwach Ward,Homa Bay,Kabondo Kasipul Sub County,,,,1071,Kojwach Ward,51,Homa Bay,268,Kabondo Kasipul Sub County,,,TARGET_UNRESOLVED,NOT_FOUND,Authoritative subcounty could not be mapped to exactly one Prisma target.
1544,West Karachuonyo Ward,Homa Bay,Karachuonyo Sub County,,,,1072,West Karachuonyo Ward,51,Homa Bay,269,Karachuonyo Sub County,,,TARGET_UNRESOLVED,NOT_FOUND,Authoritative subcounty could not be mapped to exactly one Prisma target.
1545,North Karachuonyo Ward,Homa Bay,Karachuonyo Sub County,,,,1073,North Karachuonyo Ward,51,Homa Bay,269,Karachuonyo Sub County,,,TARGET_UNRESOLVED,NOT_FOUND,Authoritative subcounty could not be mapped to exactly one Prisma target.
1546,Central Ward,Homa Bay,Karachuonyo Sub County,,,,1074,Central Ward,51,Homa Bay,269,Karachuonyo Sub County,,,TARGET_UNRESOLVED,NOT_FOUND,Authoritative subcounty could not be mapped to exactly one Prisma target.
1547,Kanyaluo Ward,Homa Bay,Karachuonyo Sub County,,,,1075,Kanyaluo Ward,51,Homa Bay,269,Karachuonyo Sub County,,,TARGET_UNRESOLVED,NOT_FOUND,Authoritative subcounty could not be mapped to exactly one Prisma target.
1553,Kagan Ward,Homa Bay,Rangwe Sub County,043,4306,Rangwe,1076,Kagan Ward,51,Homa Bay,1545,Rangwe,1545,Rangwe,CORRECT,NORMALIZED,Prisma ward ownership matches the authoritative target.
1554,Kochia Ward,Homa Bay,Rangwe Sub County,043,4306,Rangwe,1077,Kochia Ward,51,Homa Bay,1545,Rangwe,1545,Rangwe,CORRECT,NORMALIZED,Prisma ward ownership matches the authoritative target.
1555,Homa Bay Central Ward,Homa Bay,Homa Bay Town Sub County,,,,1078,Homa Bay Central Ward,51,Homa Bay,271,Homa Bay Town Sub County,,,TARGET_UNRESOLVED,NOT_FOUND,Authoritative subcounty could not be mapped to exactly one Prisma target.
1556,Homa Bay Arujo Ward,Homa Bay,Homa Bay Town Sub County,,,,1079,Homa Bay Arujo Ward,51,Homa Bay,271,Homa Bay Town Sub County,,,TARGET_UNRESOLVED,NOT_FOUND,Authoritative subcounty could not be mapped to exactly one Prisma target.
1558,Homa Bay East Ward,Homa Bay,Homa Bay Town Sub County,,,,1080,Homa Bay East Ward,51,Homa Bay,271,Homa Bay Town Sub County,,,TARGET_UNRESOLVED,NOT_FOUND,Authoritative subcounty could not be mapped to exactly one Prisma target.
1559,Kwabwai Ward,Homa Bay,Ndhiwa Sub County,043,4302,Ndhiwa,1081,Kwabwai Ward,51,Homa Bay,1541,Ndhiwa,1541,Ndhiwa,CORRECT,NORMALIZED,Prisma ward ownership matches the authoritative target.
1560,Kanyadoto Ward,Homa Bay,Ndhiwa Sub County,043,4302,Ndhiwa,1082,Kanyadoto Ward,51,Homa Bay,1541,Ndhiwa,1541,Ndhiwa,CORRECT,NORMALIZED,Prisma ward ownership matches the authoritative target.
1561,Kanyikela Ward,Homa Bay,Ndhiwa Sub County,043,4302,Ndhiwa,1083,Kanyikela Ward,51,Homa Bay,1541,Ndhiwa,1541,Ndhiwa,CORRECT,NORMALIZED,Prisma ward ownership matches the authoritative target.
1562,Kabouch North Ward,Homa Bay,Ndhiwa Sub County,043,4302,Ndhiwa,1084,Kabouch North Ward,51,Homa Bay,1541,Ndhiwa,1541,Ndhiwa,CORRECT,NORMALIZED,Prisma ward ownership matches the authoritative target.
1563,Kabuoch South/pala Ward,Homa Bay,Ndhiwa Sub County,043,4302,Ndhiwa,1085,Kabuoch South/pala Ward,51,Homa Bay,1541,Ndhiwa,1541,Ndhiwa,CORRECT,NORMALIZED,Prisma ward ownership matches the authoritative target.
1565,Kanyamwa Kosewe Ward,Homa Bay,Ndhiwa Sub County,043,4302,Ndhiwa,1086,Kanyamwa Kosewe Ward,51,Homa Bay,1541,Ndhiwa,1541,Ndhiwa,CORRECT,NORMALIZED,Prisma ward ownership matches the authoritative target.
1566,Mfangano Island Ward,Homa Bay,Mbita Sub County,,,,1087,Mfangano Island Ward,51,Homa Bay,273,Mbita Sub County,,,TARGET_UNRESOLVED,NOT_FOUND,Authoritative subcounty could not be mapped to exactly one Prisma target.
1567,Rusinga Island Ward,Homa Bay,Mbita Sub County,,,,1088,Rusinga Island Ward,51,Homa Bay,273,Mbita Sub County,,,TARGET_UNRESOLVED,NOT_FOUND,Authoritative subcounty could not be mapped to exactly one Prisma target.
1568,Kasgunga Ward,Homa Bay,Mbita Sub County,,,,1089,Kasgunga Ward,51,Homa Bay,273,Mbita Sub County,,,TARGET_UNRESOLVED,NOT_FOUND,Authoritative subcounty could not be mapped to exactly one Prisma target.
1579,Chavakali Ward,Vihiga,Sabatia Sub County,038,3803,Sabatia,1090,Chavakali Ward,52,Vihiga,1508,Sabatia,1508,Sabatia,CORRECT,NORMALIZED,Prisma ward ownership matches the authoritative target.
1582,Busali Ward,Vihiga,Sabatia Sub County,038,3803,Sabatia,1091,Busali Ward,52,Vihiga,1508,Sabatia,1508,Sabatia,CORRECT,NORMALIZED,Prisma ward ownership matches the authoritative target.
1583,Shiru Ward,Vihiga,Hamisi Sub County,038,3805,Hamisi,1092,Shiru Ward,52,Vihiga,1510,Hamisi,1510,Hamisi,CORRECT,NORMALIZED,Prisma ward ownership matches the authoritative target.
1584,Gisambai Ward,Vihiga,Hamisi Sub County,038,3805,Hamisi,1093,Gisambai Ward,52,Vihiga,1510,Hamisi,1510,Hamisi,CORRECT,NORMALIZED,Prisma ward ownership matches the authoritative target.
1585,Muhudu Ward,Vihiga,Hamisi Sub County,038,3805,Hamisi,1094,Muhudu Ward,52,Vihiga,1510,Hamisi,1510,Hamisi,CORRECT,NORMALIZED,Prisma ward ownership matches the authoritative target.
1586,Tambua Ward,Vihiga,Hamisi Sub County,038,3805,Hamisi,1095,Tambua Ward,52,Vihiga,1510,Hamisi,1510,Hamisi,CORRECT,NORMALIZED,Prisma ward ownership matches the authoritative target.
1587,Jepkoyai Ward,Vihiga,Hamisi Sub County,038,3805,Hamisi,1096,Jepkoyai Ward,52,Vihiga,1510,Hamisi,1510,Hamisi,CORRECT,NORMALIZED,Prisma ward ownership matches the authoritative target.
1591,Luanda South Ward,Vihiga,Luanda Sub County,038,3804,Luanda,1097,Luanda South Ward,52,Vihiga,1509,Luanda,1509,Luanda,CORRECT,NORMALIZED,Prisma ward ownership matches the authoritative target.
1593,North East Bunyore Ward,Vihiga,Emuhaya Sub County,038,3801,Emuhaya,1098,North East Bunyore Ward,52,Vihiga,1506,Emuhaya,1506,Emuhaya,CORRECT,NORMALIZED,Prisma ward ownership matches the authoritative target.
1596,Banja Ward,Vihiga,Hamisi Sub County,038,3805,Hamisi,1099,Banja Ward,52,Vihiga,1510,Hamisi,1510,Hamisi,CORRECT,NORMALIZED,Prisma ward ownership matches the authoritative target.
1597,South Maragoli Ward,Vihiga,Vihiga Sub County,038,3802,Vihiga,1100,South Maragoli Ward,52,Vihiga,1507,Vihiga,1507,Vihiga,CORRECT,NORMALIZED,Prisma ward ownership matches the authoritative target.
1598,Shamakhokho Ward,Vihiga,Hamisi Sub County,038,3805,Hamisi,1101,Shamakhokho Ward,52,Vihiga,1510,Hamisi,1510,Hamisi,CORRECT,NORMALIZED,Prisma ward ownership matches the authoritative target.
1600,Cheptais Ward,Bungoma,Cheptais Sub County,039,3906,Cheptais,1102,Cheptais Ward,53,Bungoma,279,Cheptais Sub County,1516,Cheptais,WRONG_SUBCOUNTY,NORMALIZED,Expected Prisma SubCounty 1516 (Cheptais) but found 279 (Cheptais Sub County).
1603,Kakateny Ward,Bungoma,Cheptais Sub County,039,3906,Cheptais,1103,Kakateny Ward,53,Bungoma,279,Cheptais Sub County,1516,Cheptais,WRONG_SUBCOUNTY,NORMALIZED,Expected Prisma SubCounty 1516 (Cheptais) but found 279 (Cheptais Sub County).
1604,Kaptama Ward,Bungoma,Mt Elgon Sub County,,,,1104,Kaptama Ward,53,Bungoma,280,Mt Elgon Sub County,,,TARGET_UNRESOLVED,NOT_FOUND,Authoritative subcounty could not be mapped to exactly one Prisma target.
1607,Malakisi/south Kulisiru Ward,Bungoma,Sirisia Sub County,,,,1105,Malakisi/south Kulisiru Ward,53,Bungoma,281,Sirisia Sub County,,,TARGET_UNRESOLVED,NOT_FOUND,Authoritative subcounty could not be mapped to exactly one Prisma target.
1608,Lwandanyi Ward,Bungoma,Sirisia Sub County,,,,1106,Lwandanyi Ward,53,Bungoma,281,Sirisia Sub County,,,TARGET_UNRESOLVED,NOT_FOUND,Authoritative subcounty could not be mapped to exactly one Prisma target.
1610,West Nalondo Ward,Bungoma,Kabuchai Sub County,,,,1107,West Nalondo Ward,53,Bungoma,282,Kabuchai Sub County,,,TARGET_UNRESOLVED,NOT_FOUND,Authoritative subcounty could not be mapped to exactly one Prisma target.
1612,Mukuyuni Ward,Bungoma,Kabuchai Sub County,,,,1108,Mukuyuni Ward,53,Bungoma,282,Kabuchai Sub County,,,TARGET_UNRESOLVED,NOT_FOUND,Authoritative subcounty could not be mapped to exactly one Prisma target.
1616,Kabula  Ward,Bungoma,Bumula Sub County,039,3901,Bumula,1109,Kabula  Ward,53,Bungoma,1511,Bumula,1511,Bumula,CORRECT,NORMALIZED,Prisma ward ownership matches the authoritative target.
1617,Kimaeti Ward,Bungoma,Bumula Sub County,039,3901,Bumula,1110,Kimaeti Ward,53,Bungoma,1511,Bumula,1511,Bumula,CORRECT,NORMALIZED,Prisma ward ownership matches the authoritative target.
1619,Siboti Ward,Bungoma,Bumula Sub County,039,3901,Bumula,1111,Siboti Ward,53,Bungoma,1511,Bumula,1511,Bumula,CORRECT,NORMALIZED,Prisma ward ownership matches the authoritative target.
1620,Bukembe West Ward,Bungoma,Kanduyi Sub County,,,,1112,Bukembe West Ward,53,Bungoma,284,Kanduyi Sub County,,,TARGET_UNRESOLVED,NOT_FOUND,Authoritative subcounty could not be mapped to exactly one Prisma target.
1621,Bukembe East Ward,Bungoma,Kanduyi Sub County,,,,1113,Bukembe East Ward,53,Bungoma,284,Kanduyi Sub County,,,TARGET_UNRESOLVED,NOT_FOUND,Authoritative subcounty could not be mapped to exactly one Prisma target.
1634,Bokoli Ward,Bungoma,Webuye West Sub County,039,3911,Webuye West,1114,Bokoli Ward,53,Bungoma,1520,Webuye West,1520,Webuye West,CORRECT,NORMALIZED,Prisma ward ownership matches the authoritative target.
1635,Kibingei Ward,Bungoma,Kimilili Sub County,039,3907,Kimilili,1115,Kibingei Ward,53,Bungoma,1517,Kimilili,1517,Kimilili,CORRECT,NORMALIZED,Prisma ward ownership matches the authoritative target.
1636,Kimilili Ward,Bungoma,Kimilili Sub County,039,3907,Kimilili,1116,Kimilili Ward,53,Bungoma,1517,Kimilili,1517,Kimilili,CORRECT,NORMALIZED,Prisma ward ownership matches the authoritative target.
1637,Maeni Ward,Bungoma,Kimilili Sub County,039,3907,Kimilili,1117,Maeni Ward,53,Bungoma,1517,Kimilili,1517,Kimilili,CORRECT,NORMALIZED,Prisma ward ownership matches the authoritative target.
1638,Kamukuywa Ward,Bungoma,Kimilili Sub County,039,3907,Kimilili,1118,Kamukuywa Ward,53,Bungoma,1517,Kimilili,1517,Kimilili,CORRECT,NORMALIZED,Prisma ward ownership matches the authoritative target.
1639,Mbakalo Ward,Bungoma,Tongaren Sub County,039,3910,Tongaren,1119,Mbakalo Ward,53,Bungoma,1519,Tongaren,1519,Tongaren,CORRECT,NORMALIZED,Prisma ward ownership matches the authoritative target.
1640,Naitiri/kabuyefwe Ward,Bungoma,Tongaren Sub County,039,3910,Tongaren,1120,Naitiri/kabuyefwe Ward,53,Bungoma,1519,Tongaren,1519,Tongaren,CORRECT,NORMALIZED,Prisma ward ownership matches the authoritative target.
1641,Milima Ward,Bungoma,Tongaren Sub County,039,3910,Tongaren,1121,Milima Ward,53,Bungoma,1519,Tongaren,1519,Tongaren,CORRECT,NORMALIZED,Prisma ward ownership matches the authoritative target.
1642,Ndalu/ Tabani Ward,Bungoma,Tongaren Sub County,039,3910,Tongaren,1122,Ndalu/ Tabani Ward,53,Bungoma,1519,Tongaren,1519,Tongaren,CORRECT,NORMALIZED,Prisma ward ownership matches the authoritative target.
1643,Tongaren Ward,Bungoma,Tongaren Sub County,039,3910,Tongaren,1123,Tongaren Ward,53,Bungoma,1519,Tongaren,1519,Tongaren,CORRECT,NORMALIZED,Prisma ward ownership matches the authoritative target.
1644,Soysambu/ Mitua Ward,Bungoma,Tongaren Sub County,039,3910,Tongaren,1124,Soysambu/ Mitua Ward,53,Bungoma,1519,Tongaren,1519,Tongaren,CORRECT,NORMALIZED,Prisma ward ownership matches the authoritative target.
1645,Mautuma Ward,Kakamega,Lugari Sub County,037,3708,Lugari,1125,Mautuma Ward,54,Kakamega,1500,Lugari,1500,Lugari,CORRECT,NORMALIZED,Prisma ward ownership matches the authoritative target.
1646,Lugari Ward,Kakamega,Lugari Sub County,037,3708,Lugari,1126,Lugari Ward,54,Kakamega,1500,Lugari,1500,Lugari,CORRECT,NORMALIZED,Prisma ward ownership matches the authoritative target.
1647,Lumakanda Ward,Kakamega,Lugari Sub County,037,3708,Lugari,1127,Lumakanda Ward,54,Kakamega,1500,Lugari,1500,Lugari,CORRECT,NORMALIZED,Prisma ward ownership matches the authoritative target.
1648,Chekalini Ward,Kakamega,Lugari Sub County,037,3708,Lugari,1128,Chekalini Ward,54,Kakamega,1500,Lugari,1500,Lugari,CORRECT,NORMALIZED,Prisma ward ownership matches the authoritative target.
1649,Chevaywa Ward,Kakamega,Lugari Sub County,037,3708,Lugari,1129,Chevaywa Ward,54,Kakamega,1500,Lugari,1500,Lugari,CORRECT,NORMALIZED,Prisma ward ownership matches the authoritative target.
1650,Lwandeti Ward,Kakamega,Lugari Sub County,037,3708,Lugari,1130,Lwandeti Ward,54,Kakamega,1500,Lugari,1500,Lugari,CORRECT,NORMALIZED,Prisma ward ownership matches the authoritative target.
1651,Likuyani Ward,Kakamega,Likuyani Sub County,037,3707,Likuyani,1131,Likuyani Ward,54,Kakamega,1499,Likuyani,1499,Likuyani,CORRECT,NORMALIZED,Prisma ward ownership matches the authoritative target.
1652,Sango Ward,Kakamega,Likuyani Sub County,037,3707,Likuyani,1132,Sango Ward,54,Kakamega,1499,Likuyani,1499,Likuyani,CORRECT,NORMALIZED,Prisma ward ownership matches the authoritative target.
1653,Kongoni Ward,Kakamega,Likuyani Sub County,037,3707,Likuyani,1133,Kongoni Ward,54,Kakamega,1499,Likuyani,1499,Likuyani,CORRECT,NORMALIZED,Prisma ward ownership matches the authoritative target.
1654,Nzoia Ward,Kakamega,Likuyani Sub County,037,3707,Likuyani,1134,Nzoia Ward,54,Kakamega,1499,Likuyani,1499,Likuyani,CORRECT,NORMALIZED,Prisma ward ownership matches the authoritative target.
1655,Sinoko Ward,Kakamega,Likuyani Sub County,037,3707,Likuyani,1135,Sinoko Ward,54,Kakamega,1499,Likuyani,1499,Likuyani,CORRECT,NORMALIZED,Prisma ward ownership matches the authoritative target.
1656,West Kabras Ward,Kakamega,Malava Sub County,,,,1136,West Kabras Ward,54,Kakamega,290,Malava Sub County,,,TARGET_UNRESOLVED,NOT_FOUND,Authoritative subcounty could not be mapped to exactly one Prisma target.
1657,Chemuche Ward,Kakamega,Malava Sub County,,,,1137,Chemuche Ward,54,Kakamega,290,Malava Sub County,,,TARGET_UNRESOLVED,NOT_FOUND,Authoritative subcounty could not be mapped to exactly one Prisma target.
1658,East Kabras Ward,Kakamega,Malava Sub County,,,,1138,East Kabras Ward,54,Kakamega,290,Malava Sub County,,,TARGET_UNRESOLVED,NOT_FOUND,Authoritative subcounty could not be mapped to exactly one Prisma target.
1659,Butali Chegulo Ward,Kakamega,Malava Sub County,,,,1139,Butali Chegulo Ward,54,Kakamega,290,Malava Sub County,,,TARGET_UNRESOLVED,NOT_FOUND,Authoritative subcounty could not be mapped to exactly one Prisma target.
1660,Manda-shivanga Ward,Kakamega,Malava Sub County,,,,1140,Manda-shivanga Ward,54,Kakamega,290,Malava Sub County,,,TARGET_UNRESOLVED,NOT_FOUND,Authoritative subcounty could not be mapped to exactly one Prisma target.
1661,Shirungu-mugai Ward,Kakamega,Malava Sub County,,,,1141,Shirungu-mugai Ward,54,Kakamega,290,Malava Sub County,,,TARGET_UNRESOLVED,NOT_FOUND,Authoritative subcounty could not be mapped to exactly one Prisma target.
1662,South Kabras Ward,Kakamega,Malava Sub County,,,,1142,South Kabras Ward,54,Kakamega,290,Malava Sub County,,,TARGET_UNRESOLVED,NOT_FOUND,Authoritative subcounty could not be mapped to exactly one Prisma target.
1663,Butsotso East Ward,Kakamega,Lurambi Sub County,,,,1143,Butsotso East Ward,54,Kakamega,291,Lurambi Sub County,,,TARGET_UNRESOLVED,NOT_FOUND,Authoritative subcounty could not be mapped to exactly one Prisma target.
1664,Butsotso South  Ward,Kakamega,Lurambi Sub County,,,,1144,Butsotso South  Ward,54,Kakamega,291,Lurambi Sub County,,,TARGET_UNRESOLVED,NOT_FOUND,Authoritative subcounty could not be mapped to exactly one Prisma target.
1665,Butsotso Central Ward,Kakamega,Lurambi Sub County,,,,1145,Butsotso Central Ward,54,Kakamega,291,Lurambi Sub County,,,TARGET_UNRESOLVED,NOT_FOUND,Authoritative subcounty could not be mapped to exactly one Prisma target.
1666,Sheywe Ward,Kakamega,Lurambi Sub County,,,,1146,Sheywe Ward,54,Kakamega,291,Lurambi Sub County,,,TARGET_UNRESOLVED,NOT_FOUND,Authoritative subcounty could not be mapped to exactly one Prisma target.
1667,Mahiakalo Ward,Kakamega,Lurambi Sub County,,,,1147,Mahiakalo Ward,54,Kakamega,291,Lurambi Sub County,,,TARGET_UNRESOLVED,NOT_FOUND,Authoritative subcounty could not be mapped to exactly one Prisma target.
1668,Shirere Ward,Kakamega,Lurambi Sub County,,,,1148,Shirere Ward,54,Kakamega,291,Lurambi Sub County,,,TARGET_UNRESOLVED,NOT_FOUND,Authoritative subcounty could not be mapped to exactly one Prisma target.
1669,Ingoste-matiha Ward,Kakamega,Navakholo Sub County,037,3713,Navakholo,1149,Ingoste-matiha Ward,54,Kakamega,1505,Navakholo,1505,Navakholo,CORRECT,NORMALIZED,Prisma ward ownership matches the authoritative target.
1670,Shinoyi-shikomari-esumeiya Ward,Kakamega,Navakholo Sub County,037,3713,Navakholo,1150,Shinoyi-shikomari-esumeiya Ward,54,Kakamega,1505,Navakholo,1505,Navakholo,CORRECT,NORMALIZED,Prisma ward ownership matches the authoritative target.
1671,Bunyala West Ward,Kakamega,Navakholo Sub County,037,3713,Navakholo,1151,Bunyala West Ward,54,Kakamega,1505,Navakholo,1505,Navakholo,CORRECT,NORMALIZED,Prisma ward ownership matches the authoritative target.
1672,Bunyala East Ward,Kakamega,Navakholo Sub County,037,3713,Navakholo,1152,Bunyala East Ward,54,Kakamega,1505,Navakholo,1505,Navakholo,CORRECT,NORMALIZED,Prisma ward ownership matches the authoritative target.
1673,Bunyala Central Ward,Kakamega,Navakholo Sub County,037,3713,Navakholo,1153,Bunyala Central Ward,54,Kakamega,1505,Navakholo,1505,Navakholo,CORRECT,NORMALIZED,Prisma ward ownership matches the authoritative target.
1674,Mumias Central Ward,Kakamega,Mumias West  Sub County,037,3712,Mumias West,1154,Mumias Central Ward,54,Kakamega,1504,Mumias West,1504,Mumias West,CORRECT,NORMALIZED,Prisma ward ownership matches the authoritative target.
1796,Kipevu Ward,Mombasa,Changamwe Sub County,001,0101,Changamwe,1155,Kipevu Ward,55,Mombasa,1251,Changamwe,1251,Changamwe,CORRECT,NORMALIZED,Prisma ward ownership matches the authoritative target.
961,BELGUT,KERICHO,AINAMOI,,,,1156,BELGUT,56,Kericho,295,AINAMOI,,,TARGET_UNRESOLVED,NOT_FOUND,Authoritative subcounty could not be mapped to exactly one Prisma target.
94,Chewani Ward,TANA RIVER,Galole Sub County,,,,1157,Chewani Ward,57,Tana River,296,Galole Sub County,,,TARGET_UNRESOLVED,NOT_FOUND,Authoritative subcounty could not be mapped to exactly one Prisma target.
92,Kinakomba Ward,TANA RIVER,Galole Sub County,,,,1158,Kinakomba Ward,57,Tana River,296,Galole Sub County,,,TARGET_UNRESOLVED,NOT_FOUND,Authoritative subcounty could not be mapped to exactly one Prisma target.
1476,Kanyasa Ward,Migori,Nyatike Sub County,044,4404,Nyatike,1159,Kanyasa Ward,49,Migori,1551,Nyatike,1551,Nyatike,CORRECT,NORMALIZED,Prisma ward ownership matches the authoritative target.
1477,North Kadem Ward,Migori,Nyatike Sub County,044,4404,Nyatike,1160,North Kadem Ward,49,Migori,1551,Nyatike,1551,Nyatike,CORRECT,NORMALIZED,Prisma ward ownership matches the authoritative target.
1478,Macalder/kanyarwanda Ward,Migori,Nyatike Sub County,044,4404,Nyatike,1161,Macalder/kanyarwanda Ward,49,Migori,1551,Nyatike,1551,Nyatike,CORRECT,NORMALIZED,Prisma ward ownership matches the authoritative target.
1479,Kaler Ward,Migori,Nyatike Sub County,044,4404,Nyatike,1162,Kaler Ward,49,Migori,1551,Nyatike,1551,Nyatike,CORRECT,NORMALIZED,Prisma ward ownership matches the authoritative target.
1480,Got Kachola Ward,Migori,Nyatike Sub County,044,4404,Nyatike,1163,Got Kachola Ward,49,Migori,1551,Nyatike,1551,Nyatike,CORRECT,NORMALIZED,Prisma ward ownership matches the authoritative target.
1481,Muhuru Ward,Migori,Nyatike Sub County,044,4404,Nyatike,1164,Muhuru Ward,49,Migori,1551,Nyatike,1551,Nyatike,CORRECT,NORMALIZED,Prisma ward ownership matches the authoritative target.
1482,Bukira East Ward,Migori,Kuria West Sub County,044,4403,Kuria West,1165,Bukira East Ward,49,Migori,1550,Kuria West,1550,Kuria West,CORRECT,NORMALIZED,Prisma ward ownership matches the authoritative target.
1483,Bukira Central/ikerege Ward,Migori,Kuria West Sub County,044,4403,Kuria West,1166,Bukira Central/ikerege Ward,49,Migori,1550,Kuria West,1550,Kuria West,CORRECT,NORMALIZED,Prisma ward ownership matches the authoritative target.
1484,Isibania Ward,Migori,Kuria West Sub County,044,4403,Kuria West,1167,Isibania Ward,49,Migori,1550,Kuria West,1550,Kuria West,CORRECT,NORMALIZED,Prisma ward ownership matches the authoritative target.
1797,Airport Ward,Mombasa,Changamwe Sub County,001,0101,Changamwe,1168,Airport Ward,55,Mombasa,1251,Changamwe,1251,Changamwe,CORRECT,NORMALIZED,Prisma ward ownership matches the authoritative target.
101,FAZA,LAMU,LAMU EAST,005,0501,Lamu East,1169,FAZA,58,Lamu,1274,Lamu East,1274,Lamu East,CORRECT,EXACT,Prisma ward ownership matches the authoritative target.
102,KIUNGA,LAMU,LAMU EAST,005,0501,Lamu East,1170,KIUNGA,58,Lamu,1274,Lamu East,1274,Lamu East,CORRECT,EXACT,Prisma ward ownership matches the authoritative target.
103,BASUBA,LAMU,LAMU EAST,005,0501,Lamu East,1171,BASUBA,58,Lamu,1274,Lamu East,1274,Lamu East,CORRECT,EXACT,Prisma ward ownership matches the authoritative target.
104,SHELLA,LAMU,LAMU WEST,005,0502,Lamu West,1172,SHELLA,58,Lamu,1275,Lamu West,1275,Lamu West,CORRECT,EXACT,Prisma ward ownership matches the authoritative target.
105,MKOMAMI,LAMU,LAMU WEST,005,0502,Lamu West,1173,MKOMAMI,58,Lamu,1275,Lamu West,1275,Lamu West,CORRECT,EXACT,Prisma ward ownership matches the authoritative target.
106,HINDI,LAMU,LAMU WEST,005,0502,Lamu West,1174,HINDI,58,Lamu,1275,Lamu West,1275,Lamu West,CORRECT,EXACT,Prisma ward ownership matches the authoritative target.
98,Bangale Ward,TANA RIVER,Bura Sub County,,,,1175,Bangale Ward,57,Tana River,299,Bura Sub County,,,TARGET_UNRESOLVED,NOT_FOUND,Authoritative subcounty could not be mapped to exactly one Prisma target.
99,Sala Ward,TANA RIVER,Bura Sub County,,,,1176,Sala Ward,57,Tana River,299,Bura Sub County,,,TARGET_UNRESOLVED,NOT_FOUND,Authoritative subcounty could not be mapped to exactly one Prisma target.
108,HONGWE,LAMU,LAMU WEST,005,0502,Lamu West,1177,HONGWE,58,Lamu,1275,Lamu West,1275,Lamu West,CORRECT,EXACT,Prisma ward ownership matches the authoritative target.
1678,Lusheya Lubinu Ward,Kakamega,Mumias East Sub County,037,3711,Mumias East,1178,Lusheya Lubinu Ward,54,Kakamega,1503,Mumias East,1503,Mumias East,CORRECT,NORMALIZED,Prisma ward ownership matches the authoritative target.
1679,Malaha Isongo Makunga Ward,Kakamega,Mumias East Sub County,037,3711,Mumias East,1179,Malaha Isongo Makunga Ward,54,Kakamega,1503,Mumias East,1503,Mumias East,CORRECT,NORMALIZED,Prisma ward ownership matches the authoritative target.
1680,East Wanga Ward,Kakamega,Mumias East Sub County,037,3711,Mumias East,1180,East Wanga Ward,54,Kakamega,1503,Mumias East,1503,Mumias East,CORRECT,NORMALIZED,Prisma ward ownership matches the authoritative target.
1681,Koyonzo Ward,Kakamega,Matungu Sub County,037,3710,Matungu,1181,Koyonzo Ward,54,Kakamega,1502,Matungu,1502,Matungu,CORRECT,NORMALIZED,Prisma ward ownership matches the authoritative target.
1682,Kholera Ward,Kakamega,Matungu Sub County,037,3710,Matungu,1182,Kholera Ward,54,Kakamega,1502,Matungu,1502,Matungu,CORRECT,NORMALIZED,Prisma ward ownership matches the authoritative target.
1683,Khalaba Ward,Kakamega,Matungu Sub County,037,3710,Matungu,1183,Khalaba Ward,54,Kakamega,1502,Matungu,1502,Matungu,CORRECT,NORMALIZED,Prisma ward ownership matches the authoritative target.
111,Chala Ward,TAITA TAVETA,Taveta Sub County,006,0603,Taveta,1184,Chala Ward,59,Taita Taveta,1278,Taveta,1278,Taveta,CORRECT,NORMALIZED,Prisma ward ownership matches the authoritative target.
1485,Mokerero Ward,Migori,Kuria West Sub County,044,4403,Kuria West,1185,Mokerero Ward,49,Migori,1550,Kuria West,1550,Kuria West,CORRECT,NORMALIZED,Prisma ward ownership matches the authoritative target.
115,Mata Ward,TAITA TAVETA,Taveta Sub County,006,0603,Taveta,1186,Mata Ward,59,Taita Taveta,1278,Taveta,1278,Taveta,CORRECT,NORMALIZED,Prisma ward ownership matches the authoritative target.
1487,Tagare Ward,Migori,Kuria West Sub County,044,4403,Kuria West,1187,Tagare Ward,49,Migori,1550,Kuria West,1550,Kuria West,CORRECT,NORMALIZED,Prisma ward ownership matches the authoritative target.
116,Wundanyi/mbale Ward,TAITA TAVETA,Wundanyi Sub County,,,,1188,Wundanyi/mbale Ward,59,Taita Taveta,303,Wundanyi Sub County,,,TARGET_UNRESOLVED,NOT_FOUND,Authoritative subcounty could not be mapped to exactly one Prisma target.
118,Wumingu/kishushe Ward,TAITA TAVETA,Wundanyi Sub County,,,,1189,Wumingu/kishushe Ward,59,Taita Taveta,303,Wundanyi Sub County,,,TARGET_UNRESOLVED,NOT_FOUND,Authoritative subcounty could not be mapped to exactly one Prisma target.
1488,Nyamosense/komosoko Ward,Migori,Kuria West Sub County,044,4403,Kuria West,1190,Nyamosense/komosoko Ward,49,Migori,1550,Kuria West,1550,Kuria West,CORRECT,NORMALIZED,Prisma ward ownership matches the authoritative target.
1489,Gokeharaka/getambwega Ward,Migori,Kuria East Sub County,044,4402,Kuria East,1191,Gokeharaka/getambwega Ward,49,Migori,1549,Kuria East,1549,Kuria East,CORRECT,NORMALIZED,Prisma ward ownership matches the authoritative target.
1491,Ntimaru East Ward,Migori,Kuria East Sub County,044,4402,Kuria East,1192,Ntimaru East Ward,49,Migori,1549,Kuria East,1549,Kuria East,CORRECT,NORMALIZED,Prisma ward ownership matches the authoritative target.
1492,Nyabasi East Ward,Migori,Kuria East Sub County,044,4402,Kuria East,1193,Nyabasi East Ward,49,Migori,1549,Kuria East,1549,Kuria East,CORRECT,NORMALIZED,Prisma ward ownership matches the authoritative target.
1493,Nyabasi West Ward,Migori,Kuria East Sub County,044,4402,Kuria East,1194,Nyabasi West Ward,49,Migori,1549,Kuria East,1549,Kuria East,CORRECT,NORMALIZED,Prisma ward ownership matches the authoritative target.
1494,East Kamagambo Ward,Migori,Rongo Sub County,044,4405,Rongo,1195,East Kamagambo Ward,49,Migori,1552,Rongo,1552,Rongo,CORRECT,NORMALIZED,Prisma ward ownership matches the authoritative target.
1495,Kivaa Ward,Machakos,Masinga Sub County,016,1606,Masinga,1196,Kivaa Ward,50,Machakos,1356,Masinga,1356,Masinga,CORRECT,NORMALIZED,Prisma ward ownership matches the authoritative target.
1496,Masinga Central Ward,Machakos,Masinga Sub County,016,1606,Masinga,1197,Masinga Central Ward,50,Machakos,1356,Masinga,1356,Masinga,CORRECT,NORMALIZED,Prisma ward ownership matches the authoritative target.
1497,Ekalakala Ward,Machakos,Masinga Sub County,016,1606,Masinga,1198,Ekalakala Ward,50,Machakos,1356,Masinga,1356,Masinga,CORRECT,NORMALIZED,Prisma ward ownership matches the authoritative target.
1498,Muthesya Ward,Machakos,Masinga Sub County,016,1606,Masinga,1199,Muthesya Ward,50,Machakos,1356,Masinga,1356,Masinga,CORRECT,NORMALIZED,Prisma ward ownership matches the authoritative target.
1499,Mananja Ward,Machakos,Masinga Sub County,016,1606,Masinga,1200,Mananja Ward,50,Machakos,1356,Masinga,1356,Masinga,CORRECT,NORMALIZED,Prisma ward ownership matches the authoritative target.
1500,Ndalani Ward,Machakos,Yatta Sub County,016,1609,Yatta,1201,Ndalani Ward,50,Machakos,1359,Yatta,1359,Yatta,CORRECT,NORMALIZED,Prisma ward ownership matches the authoritative target.
1501,Matuu Ward,Machakos,Yatta Sub County,016,1609,Yatta,1202,Matuu Ward,50,Machakos,1359,Yatta,1359,Yatta,CORRECT,NORMALIZED,Prisma ward ownership matches the authoritative target.
1502,Kithimani Ward,Machakos,Yatta Sub County,016,1609,Yatta,1203,Kithimani Ward,50,Machakos,1359,Yatta,1359,Yatta,CORRECT,NORMALIZED,Prisma ward ownership matches the authoritative target.
1503,Ikombe Ward,Machakos,Yatta Sub County,016,1609,Yatta,1204,Ikombe Ward,50,Machakos,1359,Yatta,1359,Yatta,CORRECT,NORMALIZED,Prisma ward ownership matches the authoritative target.
1504,Katangi Ward,Machakos,Yatta Sub County,016,1609,Yatta,1205,Katangi Ward,50,Machakos,1359,Yatta,1359,Yatta,CORRECT,NORMALIZED,Prisma ward ownership matches the authoritative target.
1505,Kangundo North Ward,Machakos,Kangundo Sub County,016,1603,Kangundo,1206,Kangundo North Ward,50,Machakos,1353,Kangundo,1353,Kangundo,CORRECT,NORMALIZED,Prisma ward ownership matches the authoritative target.
1506,Kangundo Central Ward,Machakos,Kangundo Sub County,016,1603,Kangundo,1207,Kangundo Central Ward,50,Machakos,1353,Kangundo,1353,Kangundo,CORRECT,NORMALIZED,Prisma ward ownership matches the authoritative target.
1507,Kangundo East Ward,Machakos,Kangundo Sub County,016,1603,Kangundo,1208,Kangundo East Ward,50,Machakos,1353,Kangundo,1353,Kangundo,CORRECT,NORMALIZED,Prisma ward ownership matches the authoritative target.
1508,Kangundo West Ward,Machakos,Kangundo Sub County,016,1603,Kangundo,1209,Kangundo West Ward,50,Machakos,1353,Kangundo,1353,Kangundo,CORRECT,NORMALIZED,Prisma ward ownership matches the authoritative target.
1509,Tala Ward,Machakos,Matungulu Sub County,016,1607,Matungulu,1210,Tala Ward,50,Machakos,1357,Matungulu,1357,Matungulu,CORRECT,NORMALIZED,Prisma ward ownership matches the authoritative target.
1510,Matungulu North Ward,Machakos,Matungulu Sub County,016,1607,Matungulu,1211,Matungulu North Ward,50,Machakos,1357,Matungulu,1357,Matungulu,CORRECT,NORMALIZED,Prisma ward ownership matches the authoritative target.
1511,Matungulu East Ward,Machakos,Matungulu Sub County,016,1607,Matungulu,1212,Matungulu East Ward,50,Machakos,1357,Matungulu,1357,Matungulu,CORRECT,NORMALIZED,Prisma ward ownership matches the authoritative target.
1512,Matungulu West Ward,Machakos,Matungulu Sub County,016,1607,Matungulu,1213,Matungulu West Ward,50,Machakos,1357,Matungulu,1357,Matungulu,CORRECT,NORMALIZED,Prisma ward ownership matches the authoritative target.
1513,Kyeleni Ward,Machakos,Matungulu Sub County,016,1607,Matungulu,1214,Kyeleni Ward,50,Machakos,1357,Matungulu,1357,Matungulu,CORRECT,NORMALIZED,Prisma ward ownership matches the authoritative target.
1514,Mitamboni Ward,Machakos,Kathiani Sub County,016,1604,Kathiani,1215,Mitamboni Ward,50,Machakos,1354,Kathiani,1354,Kathiani,CORRECT,NORMALIZED,Prisma ward ownership matches the authoritative target.
1515,Kathiani Central Ward,Machakos,Kathiani Sub County,016,1604,Kathiani,1216,Kathiani Central Ward,50,Machakos,1354,Kathiani,1354,Kathiani,CORRECT,NORMALIZED,Prisma ward ownership matches the authoritative target.
1516,Upper Kaewa-iveti Ward,Machakos,Kathiani Sub County,016,1604,Kathiani,1217,Upper Kaewa-iveti Ward,50,Machakos,1354,Kathiani,1354,Kathiani,CORRECT,NORMALIZED,Prisma ward ownership matches the authoritative target.
1517,Lower Kaewa-kaani Ward,Machakos,Kathiani Sub County,016,1604,Kathiani,1218,Lower Kaewa-kaani Ward,50,Machakos,1354,Kathiani,1354,Kathiani,CORRECT,NORMALIZED,Prisma ward ownership matches the authoritative target.
1518,Athi River Ward,Machakos,Athi River Sub County,016,1601,Athi River,1219,Athi River Ward,50,Machakos,264,Athi River Sub County,1351,Athi River,WRONG_SUBCOUNTY,NORMALIZED,Expected Prisma SubCounty 1351 (Athi River) but found 264 (Athi River Sub County).
1519,Kinanie Ward,Machakos,Athi River Sub County,016,1601,Athi River,1220,Kinanie Ward,50,Machakos,264,Athi River Sub County,1351,Athi River,WRONG_SUBCOUNTY,NORMALIZED,Expected Prisma SubCounty 1351 (Athi River) but found 264 (Athi River Sub County).
1548,Kibiri Ward,Homa Bay,Karachuonyo Sub County,,,,1221,Kibiri Ward,51,Homa Bay,269,Karachuonyo Sub County,,,TARGET_UNRESOLVED,NOT_FOUND,Authoritative subcounty could not be mapped to exactly one Prisma target.
1549,Wang'chieng Ward,Homa Bay,Karachuonyo Sub County,,,,1222,Wang'chieng Ward,51,Homa Bay,269,Karachuonyo Sub County,,,TARGET_UNRESOLVED,NOT_FOUND,Authoritative subcounty could not be mapped to exactly one Prisma target.
1550,Kendu Bay Town Ward,Homa Bay,Karachuonyo Sub County,,,,1223,Kendu Bay Town Ward,51,Homa Bay,269,Karachuonyo Sub County,,,TARGET_UNRESOLVED,NOT_FOUND,Authoritative subcounty could not be mapped to exactly one Prisma target.
1551,West Gem Ward,Homa Bay,Rangwe Sub County,043,4306,Rangwe,1224,West Gem Ward,51,Homa Bay,1545,Rangwe,1545,Rangwe,CORRECT,NORMALIZED,Prisma ward ownership matches the authoritative target.
1552,East Gem Ward,Homa Bay,Rangwe Sub County,043,4306,Rangwe,1225,East Gem Ward,51,Homa Bay,1545,Rangwe,1545,Rangwe,CORRECT,NORMALIZED,Prisma ward ownership matches the authoritative target.
1557,Homa Bay West Ward,Homa Bay,Homa Bay Town Sub County,,,,1226,Homa Bay West Ward,51,Homa Bay,271,Homa Bay Town Sub County,,,TARGET_UNRESOLVED,NOT_FOUND,Authoritative subcounty could not be mapped to exactly one Prisma target.
131,Township Ward,GARISSA,Garissa Sub County,007,0704,Garissa,1227,Township Ward,60,Garissa,1283,Garissa,1283,Garissa,CORRECT,NORMALIZED,Prisma ward ownership matches the authoritative target.
1564,Kanyamwa Kologi Ward,Homa Bay,Ndhiwa Sub County,043,4302,Ndhiwa,1228,Kanyamwa Kologi Ward,51,Homa Bay,1541,Ndhiwa,1541,Ndhiwa,CORRECT,NORMALIZED,Prisma ward ownership matches the authoritative target.
1569,Gembe Ward,Homa Bay,Mbita Sub County,,,,1229,Gembe Ward,51,Homa Bay,273,Mbita Sub County,,,TARGET_UNRESOLVED,NOT_FOUND,Authoritative subcounty could not be mapped to exactly one Prisma target.
1570,Lambwe Ward,Homa Bay,Mbita Sub County,,,,1230,Lambwe Ward,51,Homa Bay,273,Mbita Sub County,,,TARGET_UNRESOLVED,NOT_FOUND,Authoritative subcounty could not be mapped to exactly one Prisma target.
1571,Gwassi South Ward,Homa Bay,Suba Sub County,,,,1231,Gwassi South Ward,51,Homa Bay,310,Suba Sub County,,,TARGET_UNRESOLVED,NOT_FOUND,Authoritative subcounty could not be mapped to exactly one Prisma target.
1572,Gwassi North Ward,Homa Bay,Suba Sub County,,,,1232,Gwassi North Ward,51,Homa Bay,310,Suba Sub County,,,TARGET_UNRESOLVED,NOT_FOUND,Authoritative subcounty could not be mapped to exactly one Prisma target.
1573,Kaksingiri West Ward,Homa Bay,Suba Sub County,,,,1233,Kaksingiri West Ward,51,Homa Bay,310,Suba Sub County,,,TARGET_UNRESOLVED,NOT_FOUND,Authoritative subcounty could not be mapped to exactly one Prisma target.
134,Waberi Ward,GARISSA,Garissa Sub County,007,0704,Garissa,1234,Waberi Ward,60,Garissa,1283,Garissa,1283,Garissa,CORRECT,NORMALIZED,Prisma ward ownership matches the authoritative target.
135,Balambala Ward,GARISSA,Balambala Sub County,007,0701,Balambala,1235,Balambala Ward,60,Garissa,1280,Balambala,1280,Balambala,CORRECT,NORMALIZED,Prisma ward ownership matches the authoritative target.
136,Danyere Ward,GARISSA,Balambala Sub County,007,0701,Balambala,1236,Danyere Ward,60,Garissa,1280,Balambala,1280,Balambala,CORRECT,NORMALIZED,Prisma ward ownership matches the authoritative target.
137,Jarajara Ward,GARISSA,Balambala Sub County,007,0701,Balambala,1237,Jarajara Ward,60,Garissa,1280,Balambala,1280,Balambala,CORRECT,NORMALIZED,Prisma ward ownership matches the authoritative target.
138,Saka Ward,GARISSA,Balambala Sub County,007,0701,Balambala,1238,Saka Ward,60,Garissa,1280,Balambala,1280,Balambala,CORRECT,NORMALIZED,Prisma ward ownership matches the authoritative target.
139,Sankuri Ward,GARISSA,Garissa Sub County,007,0704,Garissa,1239,Sankuri Ward,60,Garissa,1283,Garissa,1283,Garissa,CORRECT,NORMALIZED,Prisma ward ownership matches the authoritative target.
140,Modogashe Ward,GARISSA,Lagdera Sub County,007,0707,Lagdera,1240,Modogashe Ward,60,Garissa,1286,Lagdera,1286,Lagdera,CORRECT,NORMALIZED,Prisma ward ownership matches the authoritative target.
141,Benane Ward,GARISSA,Lagdera Sub County,007,0707,Lagdera,1241,Benane Ward,60,Garissa,1286,Lagdera,1286,Lagdera,CORRECT,NORMALIZED,Prisma ward ownership matches the authoritative target.
142,Goreale Ward,GARISSA,Lagdera Sub County,007,0707,Lagdera,1242,Goreale Ward,60,Garissa,1286,Lagdera,1286,Lagdera,CORRECT,NORMALIZED,Prisma ward ownership matches the authoritative target.
1798,Changamwe Ward,Mombasa,Changamwe Sub County,001,0101,Changamwe,1243,Changamwe Ward,55,Mombasa,1251,Changamwe,1251,Changamwe,CORRECT,NORMALIZED,Prisma ward ownership matches the authoritative target.
1574,Ruma-kaksingiri East Ward,Homa Bay,Suba Sub County,,,,1244,Ruma-kaksingiri East Ward,51,Homa Bay,310,Suba Sub County,,,TARGET_UNRESOLVED,NOT_FOUND,Authoritative subcounty could not be mapped to exactly one Prisma target.
1575,Lugaga-wamuluma Ward,Vihiga,Vihiga Sub County,038,3802,Vihiga,1245,Lugaga-wamuluma Ward,52,Vihiga,1507,Vihiga,1507,Vihiga,CORRECT,NORMALIZED,Prisma ward ownership matches the authoritative target.
1576,Central Maragoli Ward,Vihiga,Vihiga Sub County,038,3802,Vihiga,1246,Central Maragoli Ward,52,Vihiga,1507,Vihiga,1507,Vihiga,CORRECT,NORMALIZED,Prisma ward ownership matches the authoritative target.
1577,Lyaduywa/izava Ward,Vihiga,Sabatia Sub County,038,3803,Sabatia,1247,Lyaduywa/izava Ward,52,Vihiga,1508,Sabatia,1508,Sabatia,CORRECT,NORMALIZED,Prisma ward ownership matches the authoritative target.
1578,West Sabatia Ward,Vihiga,Sabatia Sub County,038,3803,Sabatia,1248,West Sabatia Ward,52,Vihiga,1508,Sabatia,1508,Sabatia,CORRECT,NORMALIZED,Prisma ward ownership matches the authoritative target.
156,Nanighi Ward,GARISSA,Fafi Sub County,007,0703,Fafi,1249,Nanighi Ward,60,Garissa,1282,Fafi,1282,Fafi,CORRECT,NORMALIZED,Prisma ward ownership matches the authoritative target.
157,Hulugho Ward,GARISSA,Hulugho Sub County,007,0705,Hulugho,1250,Hulugho Ward,60,Garissa,1284,Hulugho,1284,Hulugho,CORRECT,NORMALIZED,Prisma ward ownership matches the authoritative target.
158,Sangailu Ward,GARISSA,Hulugho Sub County,007,0705,Hulugho,1251,Sangailu Ward,60,Garissa,1284,Hulugho,1284,Hulugho,CORRECT,NORMALIZED,Prisma ward ownership matches the authoritative target.
1580,North Maragoli Ward,Vihiga,Sabatia Sub County,038,3803,Sabatia,1252,North Maragoli Ward,52,Vihiga,1508,Sabatia,1508,Sabatia,CORRECT,NORMALIZED,Prisma ward ownership matches the authoritative target.
1581,Wodanga Ward,Vihiga,Sabatia Sub County,038,3803,Sabatia,1253,Wodanga Ward,52,Vihiga,1508,Sabatia,1508,Sabatia,CORRECT,NORMALIZED,Prisma ward ownership matches the authoritative target.
1588,Luanda Township Ward,Vihiga,Luanda Sub County,038,3804,Luanda,1254,Luanda Township Ward,52,Vihiga,1509,Luanda,1509,Luanda,CORRECT,NORMALIZED,Prisma ward ownership matches the authoritative target.
1589,Wemilabi Ward,Vihiga,Luanda Sub County,038,3804,Luanda,1255,Wemilabi Ward,52,Vihiga,1509,Luanda,1509,Luanda,CORRECT,NORMALIZED,Prisma ward ownership matches the authoritative target.
1590,Mwibona Ward,Vihiga,Luanda Sub County,038,3804,Luanda,1256,Mwibona Ward,52,Vihiga,1509,Luanda,1509,Luanda,CORRECT,NORMALIZED,Prisma ward ownership matches the authoritative target.
164,Malkagufu Ward,WAJIR,Wajir North Sub County,008,0806,Wajir North,1257,Malkagufu Ward,61,Wajir,1292,Wajir North,1292,Wajir North,CORRECT,NORMALIZED,Prisma ward ownership matches the authoritative target.
165,Batalu Ward,WAJIR,Wajir North Sub County,008,0806,Wajir North,1258,Batalu Ward,61,Wajir,1292,Wajir North,1292,Wajir North,CORRECT,NORMALIZED,Prisma ward ownership matches the authoritative target.
1592,Emabungo Ward,Vihiga,Luanda Sub County,038,3804,Luanda,1259,Emabungo Ward,52,Vihiga,1509,Luanda,1509,Luanda,CORRECT,NORMALIZED,Prisma ward ownership matches the authoritative target.
167,Godoma Ward,WAJIR,Wajir North Sub County,008,0806,Wajir North,1260,Godoma Ward,61,Wajir,1292,Wajir North,1292,Wajir North,CORRECT,NORMALIZED,Prisma ward ownership matches the authoritative target.
1594,Central Bunyore Ward,Vihiga,Emuhaya Sub County,038,3801,Emuhaya,1261,Central Bunyore Ward,52,Vihiga,1506,Emuhaya,1506,Emuhaya,CORRECT,NORMALIZED,Prisma ward ownership matches the authoritative target.
1595,West Bunyore Ward,Vihiga,Emuhaya Sub County,038,3801,Emuhaya,1262,West Bunyore Ward,52,Vihiga,1506,Emuhaya,1506,Emuhaya,CORRECT,NORMALIZED,Prisma ward ownership matches the authoritative target.
93,Mikinduni Ward,TANA RIVER,Galole Sub County,,,,1263,Mikinduni Ward,57,Tana River,296,Galole Sub County,,,TARGET_UNRESOLVED,NOT_FOUND,Authoritative subcounty could not be mapped to exactly one Prisma target.
171,Khorof/Harar Ward,WAJIR,Wajir East Sub County,008,0805,Wajir East,1264,Khorof/Harar Ward,61,Wajir,1291,Wajir East,1291,Wajir East,CORRECT,NORMALIZED,Prisma ward ownership matches the authoritative target.
172,Elben Ward,WAJIR,Tarbaj Sub County,008,0804,Tarbaj,1265,Elben Ward,61,Wajir,1290,Tarbaj,1290,Tarbaj,CORRECT,NORMALIZED,Prisma ward ownership matches the authoritative target.
173,Sarman Ward,WAJIR,Tarbaj Sub County,008,0804,Tarbaj,1266,Sarman Ward,61,Wajir,1290,Tarbaj,1290,Tarbaj,CORRECT,NORMALIZED,Prisma ward ownership matches the authoritative target.
174,Tarbaj Ward,WAJIR,Tarbaj Sub County,008,0804,Tarbaj,1267,Tarbaj Ward,61,Wajir,1290,Tarbaj,1290,Tarbaj,CORRECT,NORMALIZED,Prisma ward ownership matches the authoritative target.
175,Wargadud Ward,WAJIR,Tarbaj Sub County,008,0804,Tarbaj,1268,Wargadud Ward,61,Wajir,1290,Tarbaj,1290,Tarbaj,CORRECT,NORMALIZED,Prisma ward ownership matches the authoritative target.
122,Bura Ward,TAITA TAVETA,Mwatate Sub County,006,0601,Mwatate,1269,Bura Ward,59,Taita Taveta,1276,Mwatate,1276,Mwatate,CORRECT,NORMALIZED,Prisma ward ownership matches the authoritative target.
177,Hadado Athibohol Ward,WAJIR,Wajir West Sub County,008,0808,Wajir West,1270,Hadado Athibohol Ward,61,Wajir,1294,Wajir West,1294,Wajir West,CORRECT,NORMALIZED,Prisma ward ownership matches the authoritative target.
1800,Jomvu Kuu Ward,Mombasa,Jomvu  Sub County,001,0102,Jomvu,1271,Jomvu Kuu Ward,55,Mombasa,1252,Jomvu,1252,Jomvu,CORRECT,NORMALIZED,Prisma ward ownership matches the authoritative target.
1599,Mungoma Ward,Vihiga,Vihiga Sub County,038,3802,Vihiga,1272,Mungoma Ward,52,Vihiga,1507,Vihiga,1507,Vihiga,CORRECT,NORMALIZED,Prisma ward ownership matches the authoritative target.
1601,Chesikaki Ward,Bungoma,Cheptais Sub County,039,3906,Cheptais,1273,Chesikaki Ward,53,Bungoma,279,Cheptais Sub County,1516,Cheptais,WRONG_SUBCOUNTY,NORMALIZED,Expected Prisma SubCounty 1516 (Cheptais) but found 279 (Cheptais Sub County).
1602,Chepyuk Ward,Bungoma,Cheptais Sub County,039,3906,Cheptais,1274,Chepyuk Ward,53,Bungoma,279,Cheptais Sub County,1516,Cheptais,WRONG_SUBCOUNTY,NORMALIZED,Expected Prisma SubCounty 1516 (Cheptais) but found 279 (Cheptais Sub County).
1605,Elgon Ward,Bungoma,Mt Elgon Sub County,,,,1275,Elgon Ward,53,Bungoma,280,Mt Elgon Sub County,,,TARGET_UNRESOLVED,NOT_FOUND,Authoritative subcounty could not be mapped to exactly one Prisma target.
1691,Kisa North Ward,Kakamega,Khwisero Sub County,037,3706,Khwisero,1276,Kisa North Ward,54,Kakamega,1498,Khwisero,1498,Khwisero,CORRECT,NORMALIZED,Prisma ward ownership matches the authoritative target.
1717,Nambale Township Ward,Busia,Nambale Sub County,040,4004,Nambale,1277,Nambale Township Ward,62,Busia,1525,Nambale,1525,Nambale,CORRECT,NORMALIZED,Prisma ward ownership matches the authoritative target.
1718,Bukhayo North Walatsi Ward,Busia,Nambale Sub County,040,4004,Nambale,1278,Bukhayo North Walatsi Ward,62,Busia,1525,Nambale,1525,Nambale,CORRECT,NORMALIZED,Prisma ward ownership matches the authoritative target.
1719,Bukhayo East Ward,Busia,Nambale Sub County,040,4004,Nambale,1279,Bukhayo East Ward,62,Busia,1525,Nambale,1525,Nambale,CORRECT,NORMALIZED,Prisma ward ownership matches the authoritative target.
1720,Bukhayo Central Ward,Busia,Nambale Sub County,040,4004,Nambale,1280,Bukhayo Central Ward,62,Busia,1525,Nambale,1525,Nambale,CORRECT,NORMALIZED,Prisma ward ownership matches the authoritative target.
1721,Bukhayo West Ward,Busia,Matayos Sub County,,,,1281,Bukhayo West Ward,62,Busia,323,Matayos Sub County,,,TARGET_UNRESOLVED,NOT_FOUND,Authoritative subcounty could not be mapped to exactly one Prisma target.
203,MAROTHILE,MANDERA,MANDERA NORTH,009,0907,Mandera North,2472,MAROTHILE,63,Mandera,1301,Mandera North,1301,Mandera North,CORRECT,EXACT,Prisma ward ownership matches the authoritative target.
204,RHAMU,MANDERA,MANDERA NORTH,009,0907,Mandera North,1282,RHAMU,63,Mandera,1301,Mandera North,1301,Mandera North,CORRECT,EXACT,Prisma ward ownership matches the authoritative target.
205,RHAMU DIMTU,MANDERA,MANDERA NORTH,009,0907,Mandera North,1283,RHAMU DIMTU,63,Mandera,1301,Mandera North,1301,Mandera North,CORRECT,EXACT,Prisma ward ownership matches the authoritative target.
207,KOTULO,MANDERA,MANDERA SOUTH,,,,1284,KOTULO,63,Mandera,325,MANDERA SOUTH,,,TARGET_UNRESOLVED,NOT_FOUND,Authoritative subcounty could not be mapped to exactly one Prisma target.
208,ELWAK SOUTH,MANDERA,MANDERA SOUTH,,,,1285,ELWAK SOUTH,63,Mandera,325,MANDERA SOUTH,,,TARGET_UNRESOLVED,NOT_FOUND,Authoritative subcounty could not be mapped to exactly one Prisma target.
210,SHAMBIR FATUMA,MANDERA,MANDERA SOUTH,,,,1286,SHAMBIR FATUMA,63,Mandera,325,MANDERA SOUTH,,,TARGET_UNRESOLVED,NOT_FOUND,Authoritative subcounty could not be mapped to exactly one Prisma target.
211,ARABIA,MANDERA,MANDERA EAST,009,0906,Mandera East,1287,ARABIA,63,Mandera,1300,Mandera East,1300,Mandera East,CORRECT,EXACT,Prisma ward ownership matches the authoritative target.
221,BUTIYE,MARSABIT,MOYALE,010,1005,Moyale,1288,BUTIYE,64,Marsabit,1306,Moyale,1306,Moyale,CORRECT,EXACT,Prisma ward ownership matches the authoritative target.
222,SOLOLO,MARSABIT,MOYALE,010,1005,Moyale,1289,SOLOLO,64,Marsabit,1306,Moyale,1306,Moyale,CORRECT,EXACT,Prisma ward ownership matches the authoritative target.
223,HEILLU/MANYATTA,MARSABIT,MOYALE,010,1005,Moyale,1290,HEILLU/MANYATTA,64,Marsabit,1306,Moyale,1306,Moyale,CORRECT,EXACT,Prisma ward ownership matches the authoritative target.
224,GOLBO,MARSABIT,MOYALE,010,1005,Moyale,1291,GOLBO,64,Marsabit,1306,Moyale,1306,Moyale,CORRECT,EXACT,Prisma ward ownership matches the authoritative target.
231,NORTH HORR,MARSABIT,NORTH HORR,010,1006,North Horr,1292,NORTH HORR,64,Marsabit,1307,North Horr,1307,North Horr,CORRECT,EXACT,Prisma ward ownership matches the authoritative target.
232,ILLERET,MARSABIT,NORTH HORR,010,1006,North Horr,1293,ILLERET,64,Marsabit,1307,North Horr,1307,North Horr,CORRECT,EXACT,Prisma ward ownership matches the authoritative target.
233,SAGANTE/JALDESA,MARSABIT,SAKU,,,,1294,SAGANTE/JALDESA,64,Marsabit,329,SAKU,,,TARGET_UNRESOLVED,NOT_FOUND,Authoritative subcounty could not be mapped to exactly one Prisma target.
1723,Matayos South Ward,Busia,Matayos Sub County,,,,1295,Matayos South Ward,62,Busia,323,Matayos Sub County,,,TARGET_UNRESOLVED,NOT_FOUND,Authoritative subcounty could not be mapped to exactly one Prisma target.
1724,Busibwabo Ward,Busia,Matayos Sub County,,,,1296,Busibwabo Ward,62,Busia,323,Matayos Sub County,,,TARGET_UNRESOLVED,NOT_FOUND,Authoritative subcounty could not be mapped to exactly one Prisma target.
1725,Burumba Ward,Busia,Matayos Sub County,,,,1297,Burumba Ward,62,Busia,323,Matayos Sub County,,,TARGET_UNRESOLVED,NOT_FOUND,Authoritative subcounty could not be mapped to exactly one Prisma target.
240,LAISAMIS,MARSABIT,LAISAMIS,,,,1298,LAISAMIS,64,Marsabit,330,LAISAMIS,,,TARGET_UNRESOLVED,NOT_FOUND,Authoritative subcounty could not be mapped to exactly one Prisma target.
251,Maua Ward,MERU,Igembe South Sub County,012,1205,Igembe South,1299,Maua Ward,65,Meru,1316,Igembe South,1316,Igembe South,CORRECT,NORMALIZED,Prisma ward ownership matches the authoritative target.
252,Kiegoi/antubochiu Ward,MERU,Igembe South Sub County,012,1205,Igembe South,1300,Kiegoi/antubochiu Ward,65,Meru,1316,Igembe South,1316,Igembe South,CORRECT,NORMALIZED,Prisma ward ownership matches the authoritative target.
253,Athiru gaiti Ward,MERU,Igembe South Sub County,012,1205,Igembe South,1301,Athiru gaiti Ward,65,Meru,1316,Igembe South,1316,Igembe South,CORRECT,NORMALIZED,Prisma ward ownership matches the authoritative target.
254,Akachiu Ward,MERU,Igembe South Sub County,012,1205,Igembe South,1302,Akachiu Ward,65,Meru,1316,Igembe South,1316,Igembe South,CORRECT,NORMALIZED,Prisma ward ownership matches the authoritative target.
255,Kanuni Ward,MERU,Igembe South Sub County,012,1205,Igembe South,1303,Kanuni Ward,65,Meru,1316,Igembe South,1316,Igembe South,CORRECT,NORMALIZED,Prisma ward ownership matches the authoritative target.
256,Akirang'ondu Ward,MERU,Igembe Central Sub County,012,1203,Igembe Central,1304,Akirang'ondu Ward,65,Meru,1314,Igembe Central,1314,Igembe Central,CORRECT,NORMALIZED,Prisma ward ownership matches the authoritative target.
257,Athiru ruujine Ward,MERU,Igembe Central Sub County,012,1203,Igembe Central,1305,Athiru ruujine Ward,65,Meru,1314,Igembe Central,1314,Igembe Central,CORRECT,NORMALIZED,Prisma ward ownership matches the authoritative target.
258,Kiengu/Igembe East ward,MERU,Igembe Central Sub County,012,1203,Igembe Central,1306,Kiengu/Igembe East ward,65,Meru,1314,Igembe Central,1314,Igembe Central,CORRECT,NORMALIZED,Prisma ward ownership matches the authoritative target.
259,Njia Ward,MERU,Igembe Central Sub County,012,1203,Igembe Central,1307,Njia Ward,65,Meru,1314,Igembe Central,1314,Igembe Central,CORRECT,NORMALIZED,Prisma ward ownership matches the authoritative target.
260,Kangeta Ward,MERU,Igembe Central Sub County,012,1203,Igembe Central,1308,Kangeta Ward,65,Meru,1314,Igembe Central,1314,Igembe Central,CORRECT,NORMALIZED,Prisma ward ownership matches the authoritative target.
261,Antuambui Ward,MERU,Igembe North Sub County,012,1204,Igembe North,1309,Antuambui Ward,65,Meru,1315,Igembe North,1315,Igembe North,CORRECT,NORMALIZED,Prisma ward ownership matches the authoritative target.
262,Ntunene Ward,MERU,Igembe North Sub County,012,1204,Igembe North,1310,Ntunene Ward,65,Meru,1315,Igembe North,1315,Igembe North,CORRECT,NORMALIZED,Prisma ward ownership matches the authoritative target.
263,Antubetwe kiongo Ward,MERU,Igembe North Sub County,012,1204,Igembe North,1311,Antubetwe kiongo Ward,65,Meru,1315,Igembe North,1315,Igembe North,CORRECT,NORMALIZED,Prisma ward ownership matches the authoritative target.
264,Naathu Ward,MERU,Igembe North Sub County,012,1204,Igembe North,1312,Naathu Ward,65,Meru,1315,Igembe North,1315,Igembe North,CORRECT,NORMALIZED,Prisma ward ownership matches the authoritative target.
265,Amwathi Ward,MERU,Igembe North Sub County,012,1204,Igembe North,1313,Amwathi Ward,65,Meru,1315,Igembe North,1315,Igembe North,CORRECT,NORMALIZED,Prisma ward ownership matches the authoritative target.
266,Athwana Ward,MERU,Tigania West Sub County,012,1211,Tigania West,1314,Athwana Ward,65,Meru,1322,Tigania West,1322,Tigania West,CORRECT,NORMALIZED,Prisma ward ownership matches the authoritative target.
267,Akithii Ward,MERU,Tigania West Sub County,012,1211,Tigania West,1315,Akithii Ward,65,Meru,1322,Tigania West,1322,Tigania West,CORRECT,NORMALIZED,Prisma ward ownership matches the authoritative target.
268,Kianjai Ward,MERU,Tigania West Sub County,012,1211,Tigania West,1316,Kianjai Ward,65,Meru,1322,Tigania West,1322,Tigania West,CORRECT,NORMALIZED,Prisma ward ownership matches the authoritative target.
269,Nkomo Ward,MERU,Tigania West Sub County,012,1211,Tigania West,1317,Nkomo Ward,65,Meru,1322,Tigania West,1322,Tigania West,CORRECT,NORMALIZED,Prisma ward ownership matches the authoritative target.
270,Mbeu Ward,MERU,Tigania West Sub County,012,1211,Tigania West,1318,Mbeu Ward,65,Meru,1322,Tigania West,1322,Tigania West,CORRECT,NORMALIZED,Prisma ward ownership matches the authoritative target.
271,Thangatha Ward,MERU,Tigania East Sub County,012,1210,Tigania East,1319,Thangatha Ward,65,Meru,1321,Tigania East,1321,Tigania East,CORRECT,NORMALIZED,Prisma ward ownership matches the authoritative target.
272,Mikinduri Ward,MERU,Tigania East Sub County,012,1210,Tigania East,1320,Mikinduri Ward,65,Meru,1321,Tigania East,1321,Tigania East,CORRECT,NORMALIZED,Prisma ward ownership matches the authoritative target.
273,Kiguchwa Ward,MERU,Tigania East Sub County,012,1210,Tigania East,1321,Kiguchwa Ward,65,Meru,1321,Tigania East,1321,Tigania East,CORRECT,NORMALIZED,Prisma ward ownership matches the authoritative target.
274,Muthara Ward,MERU,Tigania East Sub County,012,1210,Tigania East,1322,Muthara Ward,65,Meru,1321,Tigania East,1321,Tigania East,CORRECT,NORMALIZED,Prisma ward ownership matches the authoritative target.
275,Karama Ward,MERU,Tigania East Sub County,012,1210,Tigania East,1323,Karama Ward,65,Meru,1321,Tigania East,1321,Tigania East,CORRECT,NORMALIZED,Prisma ward ownership matches the authoritative target.
276,Municipality Ward,MERU,Imenti North Sub County,012,1206,Imenti North,1324,Municipality Ward,65,Meru,1317,Imenti North,1317,Imenti North,CORRECT,NORMALIZED,Prisma ward ownership matches the authoritative target.
277,Ntima east Ward,MERU,Imenti North Sub County,012,1206,Imenti North,1325,Ntima east Ward,65,Meru,1317,Imenti North,1317,Imenti North,CORRECT,NORMALIZED,Prisma ward ownership matches the authoritative target.
278,Ntima west Ward,MERU,Imenti North Sub County,012,1206,Imenti North,1326,Ntima west Ward,65,Meru,1317,Imenti North,1317,Imenti North,CORRECT,NORMALIZED,Prisma ward ownership matches the authoritative target.
279,Nyaki west Ward,MERU,Imenti North Sub County,012,1206,Imenti North,1327,Nyaki west Ward,65,Meru,1317,Imenti North,1317,Imenti North,CORRECT,NORMALIZED,Prisma ward ownership matches the authoritative target.
280,Nyaki east Ward,MERU,Imenti North Sub County,012,1206,Imenti North,1328,Nyaki east Ward,65,Meru,1317,Imenti North,1317,Imenti North,CORRECT,NORMALIZED,Prisma ward ownership matches the authoritative target.
281,Timau Ward,MERU,Buuri Sub County,,,,1329,Timau Ward,65,Meru,337,Buuri Sub County,,,TARGET_UNRESOLVED,NOT_FOUND,Authoritative subcounty could not be mapped to exactly one Prisma target.
282,Kisima Ward,MERU,Buuri Sub County,,,,1330,Kisima Ward,65,Meru,337,Buuri Sub County,,,TARGET_UNRESOLVED,NOT_FOUND,Authoritative subcounty could not be mapped to exactly one Prisma target.
283,Kiirua Naari Ward,MERU,Buuri Sub County,,,,1331,Kiirua Naari Ward,65,Meru,337,Buuri Sub County,,,TARGET_UNRESOLVED,NOT_FOUND,Authoritative subcounty could not be mapped to exactly one Prisma target.
284,Ruiru Rwawera Ward,MERU,Buuri Sub County,,,,1332,Ruiru Rwawera Ward,65,Meru,337,Buuri Sub County,,,TARGET_UNRESOLVED,NOT_FOUND,Authoritative subcounty could not be mapped to exactly one Prisma target.
285,Mwangathia Ward,MERU,Imenti Central Sub County,,,,1333,Mwangathia Ward,65,Meru,338,Imenti Central Sub County,,,TARGET_UNRESOLVED,NOT_FOUND,Authoritative subcounty could not be mapped to exactly one Prisma target.
286,Abothuguchi central Ward,MERU,Imenti Central Sub County,,,,1334,Abothuguchi central Ward,65,Meru,338,Imenti Central Sub County,,,TARGET_UNRESOLVED,NOT_FOUND,Authoritative subcounty could not be mapped to exactly one Prisma target.
287,Abothuguchi west Ward,MERU,Imenti Central Sub County,,,,1335,Abothuguchi west Ward,65,Meru,338,Imenti Central Sub County,,,TARGET_UNRESOLVED,NOT_FOUND,Authoritative subcounty could not be mapped to exactly one Prisma target.
288,Kiagu Ward,MERU,Imenti Central Sub County,,,,1336,Kiagu Ward,65,Meru,338,Imenti Central Sub County,,,TARGET_UNRESOLVED,NOT_FOUND,Authoritative subcounty could not be mapped to exactly one Prisma target.
289,Kibirichia Ward,MERU,Buuri Sub County,,,,1337,Kibirichia Ward,65,Meru,337,Buuri Sub County,,,TARGET_UNRESOLVED,NOT_FOUND,Authoritative subcounty could not be mapped to exactly one Prisma target.
290,Mitunguu Ward,MERU,Imenti South Sub County,012,1207,Imenti South,1338,Mitunguu Ward,65,Meru,1318,Imenti South,1318,Imenti South,CORRECT,NORMALIZED,Prisma ward ownership matches the authoritative target.
291,Igoji east Ward,MERU,Imenti South Sub County,012,1207,Imenti South,1339,Igoji east Ward,65,Meru,1318,Imenti South,1318,Imenti South,CORRECT,NORMALIZED,Prisma ward ownership matches the authoritative target.
292,Igoji west Ward,MERU,Imenti South Sub County,012,1207,Imenti South,1340,Igoji west Ward,65,Meru,1318,Imenti South,1318,Imenti South,CORRECT,NORMALIZED,Prisma ward ownership matches the authoritative target.
293,Abogeta east Ward,MERU,Imenti South Sub County,012,1207,Imenti South,1341,Abogeta east Ward,65,Meru,1318,Imenti South,1318,Imenti South,CORRECT,NORMALIZED,Prisma ward ownership matches the authoritative target.
294,Abogeta west Ward,MERU,Imenti South Sub County,012,1207,Imenti South,1342,Abogeta west Ward,65,Meru,1318,Imenti South,1318,Imenti South,CORRECT,NORMALIZED,Prisma ward ownership matches the authoritative target.
295,Nkuene Ward,MERU,Imenti South Sub County,012,1207,Imenti South,1343,Nkuene Ward,65,Meru,1318,Imenti South,1318,Imenti South,CORRECT,NORMALIZED,Prisma ward ownership matches the authoritative target.
296,Mitheru Ward,THARAKA-NITHI,Muthambi Sub County,,,,1344,Mitheru Ward,66,Tharaka Nithi,340,Muthambi Sub County,,,TARGET_UNRESOLVED,NOT_FOUND,Authoritative subcounty could not be mapped to exactly one Prisma target.
297,Muthambi Ward,THARAKA-NITHI,Muthambi Sub County,,,,1345,Muthambi Ward,66,Tharaka Nithi,340,Muthambi Sub County,,,TARGET_UNRESOLVED,NOT_FOUND,Authoritative subcounty could not be mapped to exactly one Prisma target.
298,Mwimbi Ward,THARAKA-NITHI,Mwimbi Sub County,,,,1346,Mwimbi Ward,66,Tharaka Nithi,341,Mwimbi Sub County,,,TARGET_UNRESOLVED,NOT_FOUND,Authoritative subcounty could not be mapped to exactly one Prisma target.
1606,Namwela Ward,Bungoma,Sirisia Sub County,,,,1347,Namwela Ward,53,Bungoma,281,Sirisia Sub County,,,TARGET_UNRESOLVED,NOT_FOUND,Authoritative subcounty could not be mapped to exactly one Prisma target.
461,Charagita Ward,NYANDARUA,Oljoroorok Sub County,,,,1348,Charagita Ward,67,Nyandarua,342,Oljoroorok Sub County,,,TARGET_UNRESOLVED,NOT_FOUND,Authoritative subcounty could not be mapped to exactly one Prisma target.
1609,Kabuchai/chwele Ward,Bungoma,Kabuchai Sub County,,,,1349,Kabuchai/chwele Ward,53,Bungoma,282,Kabuchai Sub County,,,TARGET_UNRESOLVED,NOT_FOUND,Authoritative subcounty could not be mapped to exactly one Prisma target.
1611,Bwake/luuya Ward,Bungoma,Kabuchai Sub County,,,,1350,Bwake/luuya Ward,53,Bungoma,282,Kabuchai Sub County,,,TARGET_UNRESOLVED,NOT_FOUND,Authoritative subcounty could not be mapped to exactly one Prisma target.
333,Mumoni Ward,KITUI,Mwingi North Sub County,,,,1351,Mumoni Ward,68,Kitui,343,Mwingi North Sub County,,,TARGET_UNRESOLVED,NOT_FOUND,Authoritative subcounty could not be mapped to exactly one Prisma target.
334,Tseikuru Ward,KITUI,Mwingi North Sub County,,,,1352,Tseikuru Ward,68,Kitui,343,Mwingi North Sub County,,,TARGET_UNRESOLVED,NOT_FOUND,Authoritative subcounty could not be mapped to exactly one Prisma target.
335,Tharaka Ward,KITUI,Mwingi North Sub County,,,,1353,Tharaka Ward,68,Kitui,343,Mwingi North Sub County,,,TARGET_UNRESOLVED,NOT_FOUND,Authoritative subcounty could not be mapped to exactly one Prisma target.
336,Kyome/thaana Ward,KITUI,Mwingi West Sub County,,,,1354,Kyome/thaana Ward,68,Kitui,344,Mwingi West Sub County,,,TARGET_UNRESOLVED,NOT_FOUND,Authoritative subcounty could not be mapped to exactly one Prisma target.
337,Nguutani Ward,KITUI,Mwingi West Sub County,,,,1355,Nguutani Ward,68,Kitui,344,Mwingi West Sub County,,,TARGET_UNRESOLVED,NOT_FOUND,Authoritative subcounty could not be mapped to exactly one Prisma target.
338,Migwani Ward,KITUI,Mwingi West Sub County,,,,1356,Migwani Ward,68,Kitui,344,Mwingi West Sub County,,,TARGET_UNRESOLVED,NOT_FOUND,Authoritative subcounty could not be mapped to exactly one Prisma target.
339,Kiomo/kyethani Ward,KITUI,Mwingi West Sub County,,,,1357,Kiomo/kyethani Ward,68,Kitui,344,Mwingi West Sub County,,,TARGET_UNRESOLVED,NOT_FOUND,Authoritative subcounty could not be mapped to exactly one Prisma target.
340,Central Ward,KITUI,Mwingi Central Sub- County,015,1514,Mwingi Central,1358,Central Ward,68,Kitui,1346,Mwingi Central,1346,Mwingi Central,CORRECT,NORMALIZED,Prisma ward ownership matches the authoritative target.
341,Kivou Ward,KITUI,Mwingi Central Sub- County,015,1514,Mwingi Central,1359,Kivou Ward,68,Kitui,1346,Mwingi Central,1346,Mwingi Central,CORRECT,NORMALIZED,Prisma ward ownership matches the authoritative target.
342,Nguni Ward,KITUI,Mwingi Central Sub- County,015,1514,Mwingi Central,1360,Nguni Ward,68,Kitui,1346,Mwingi Central,1346,Mwingi Central,CORRECT,NORMALIZED,Prisma ward ownership matches the authoritative target.
343,Nuu Ward,KITUI,Mwingi Central Sub- County,015,1514,Mwingi Central,1361,Nuu Ward,68,Kitui,1346,Mwingi Central,1346,Mwingi Central,CORRECT,NORMALIZED,Prisma ward ownership matches the authoritative target.
344,Mui Ward,KITUI,Mwingi Central Sub- County,015,1514,Mwingi Central,1362,Mui Ward,68,Kitui,1346,Mwingi Central,1346,Mwingi Central,CORRECT,NORMALIZED,Prisma ward ownership matches the authoritative target.
1613,South Bukusu Ward,Bungoma,Bumula Sub County,039,3901,Bumula,1363,South Bukusu Ward,53,Bungoma,1511,Bumula,1511,Bumula,CORRECT,NORMALIZED,Prisma ward ownership matches the authoritative target.
484,Iria-ini Ward,NYERI,Nyeri South Sub County,019,1906,Nyeri South,1364,Iria-ini Ward,69,Nyeri,1381,Nyeri South,1381,Nyeri South,CORRECT,NORMALIZED,Prisma ward ownership matches the authoritative target.
485,Chinga Ward,NYERI,Nyeri South Sub County,019,1906,Nyeri South,1365,Chinga Ward,69,Nyeri,1381,Nyeri South,1381,Nyeri South,CORRECT,NORMALIZED,Prisma ward ownership matches the authoritative target.
616,Nakalale Ward,TURKANA,Turkana West Sub County,023,2307,Turkana West,1366,Nakalale Ward,70,Turkana,1416,Turkana West,1416,Turkana West,CORRECT,NORMALIZED,Prisma ward ownership matches the authoritative target.
352,Kwavonza/yatta Ward,KITUI,Kitui Rural Sub County,,,,1367,Kwavonza/yatta Ward,68,Kitui,348,Kitui Rural Sub County,,,TARGET_UNRESOLVED,NOT_FOUND,Authoritative subcounty could not be mapped to exactly one Prisma target.
353,Kanyangi Ward,KITUI,Kitui Rural Sub County,,,,1368,Kanyangi Ward,68,Kitui,348,Kitui Rural Sub County,,,TARGET_UNRESOLVED,NOT_FOUND,Authoritative subcounty could not be mapped to exactly one Prisma target.
354,Miambani Ward,KITUI,Kitui Central  Sub County,015,1504,Kitui Central,1369,Miambani Ward,68,Kitui,1336,Kitui Central,1336,Kitui Central,CORRECT,NORMALIZED,Prisma ward ownership matches the authoritative target.
355,Township Ward,KITUI,Kitui Central  Sub County,015,1504,Kitui Central,1370,Township Ward,68,Kitui,1336,Kitui Central,1336,Kitui Central,CORRECT,NORMALIZED,Prisma ward ownership matches the authoritative target.
356,Kyangwithya west Ward,KITUI,Kitui Central  Sub County,015,1504,Kitui Central,1371,Kyangwithya west Ward,68,Kitui,1336,Kitui Central,1336,Kitui Central,CORRECT,NORMALIZED,Prisma ward ownership matches the authoritative target.
641,Riwo Ward,WEST POKOT,West Pokot Sub County,024,2405,West Pokot,1372,Riwo Ward,71,West Pokot,1421,West Pokot,1421,West Pokot,CORRECT,NORMALIZED,Prisma ward ownership matches the authoritative target.
651,Suam Ward,WEST POKOT,Pokot North Sub County,024,2403,Pokot North,1373,Suam Ward,71,West Pokot,1419,Pokot North,1419,Pokot North,CORRECT,NORMALIZED,Prisma ward ownership matches the authoritative target.
652,Kodich Ward,WEST POKOT,Pokot North Sub County,024,2403,Pokot North,1374,Kodich Ward,71,West Pokot,1419,Pokot North,1419,Pokot North,CORRECT,NORMALIZED,Prisma ward ownership matches the authoritative target.
653,Kasei Ward,WEST POKOT,Pokot North Sub County,024,2403,Pokot North,1375,Kasei Ward,71,West Pokot,1419,Pokot North,1419,Pokot North,CORRECT,NORMALIZED,Prisma ward ownership matches the authoritative target.
654,Kapchok Ward,WEST POKOT,Pokot North Sub County,024,2403,Pokot North,1376,Kapchok Ward,71,West Pokot,1419,Pokot North,1419,Pokot North,CORRECT,NORMALIZED,Prisma ward ownership matches the authoritative target.
655,Kiwawa Ward,WEST POKOT,Pokot North Sub County,024,2403,Pokot North,1377,Kiwawa Ward,71,West Pokot,1419,Pokot North,1419,Pokot North,CORRECT,NORMALIZED,Prisma ward ownership matches the authoritative target.
1801,Miritini Ward,Mombasa,Jomvu  Sub County,001,0102,Jomvu,1378,Miritini Ward,55,Mombasa,1252,Jomvu,1252,Jomvu,CORRECT,NORMALIZED,Prisma ward ownership matches the authoritative target.
960,Chaik Ward,KERICHO,Belgut Sub County,035,3501,Belgut,1379,Chaik Ward,56,Kericho,1482,Belgut,1482,Belgut,CORRECT,NORMALIZED,Prisma ward ownership matches the authoritative target.
1614,Bumula Ward,Bungoma,Bumula Sub County,039,3901,Bumula,1380,Bumula Ward,53,Bungoma,1511,Bumula,1511,Bumula,CORRECT,NORMALIZED,Prisma ward ownership matches the authoritative target.
1615,Khasoko Ward,Bungoma,Bumula Sub County,039,3901,Bumula,1381,Khasoko Ward,53,Bungoma,1511,Bumula,1511,Bumula,CORRECT,NORMALIZED,Prisma ward ownership matches the authoritative target.
663,Maralal Ward,SAMBURU,Samburu Central Sub County,025,2501,Samburu Central,1382,Maralal Ward,72,Samburu,1422,Samburu Central,1422,Samburu Central,CORRECT,NORMALIZED,Prisma ward ownership matches the authoritative target.
162,Bute Ward,WAJIR,Wajir North Sub County,008,0806,Wajir North,1383,Bute Ward,61,Wajir,1292,Wajir North,1292,Wajir North,CORRECT,NORMALIZED,Prisma ward ownership matches the authoritative target.
360,Nzambani Ward,KITUI,Kitui East Sub County,,,,1384,Nzambani Ward,68,Kitui,354,Kitui East Sub County,,,TARGET_UNRESOLVED,NOT_FOUND,Authoritative subcounty could not be mapped to exactly one Prisma target.
1618,West Bukusu Ward,Bungoma,Bumula Sub County,039,3901,Bumula,1385,West Bukusu Ward,53,Bungoma,1511,Bumula,1511,Bumula,CORRECT,NORMALIZED,Prisma ward ownership matches the authoritative target.
1622,Township Ward,Bungoma,Kanduyi Sub County,,,,1386,Township Ward,53,Bungoma,284,Kanduyi Sub County,,,TARGET_UNRESOLVED,NOT_FOUND,Authoritative subcounty could not be mapped to exactly one Prisma target.
1623,Khalaba Ward,Bungoma,Kanduyi Sub County,,,,1387,Khalaba Ward,53,Bungoma,284,Kanduyi Sub County,,,TARGET_UNRESOLVED,NOT_FOUND,Authoritative subcounty could not be mapped to exactly one Prisma target.
1624,Musikoma Ward,Bungoma,Kanduyi Sub County,,,,1388,Musikoma Ward,53,Bungoma,284,Kanduyi Sub County,,,TARGET_UNRESOLVED,NOT_FOUND,Authoritative subcounty could not be mapped to exactly one Prisma target.
1625,East Sang'alo Ward,Bungoma,Kanduyi Sub County,,,,1389,East Sang'alo Ward,53,Bungoma,284,Kanduyi Sub County,,,TARGET_UNRESOLVED,NOT_FOUND,Authoritative subcounty could not be mapped to exactly one Prisma target.
1626,Marakaru/tuuti Ward,Bungoma,Kanduyi Sub County,,,,1390,Marakaru/tuuti Ward,53,Bungoma,284,Kanduyi Sub County,,,TARGET_UNRESOLVED,NOT_FOUND,Authoritative subcounty could not be mapped to exactly one Prisma target.
1627,West Sang'alo Ward,Bungoma,Kanduyi Sub County,,,,1391,West Sang'alo Ward,53,Bungoma,284,Kanduyi Sub County,,,TARGET_UNRESOLVED,NOT_FOUND,Authoritative subcounty could not be mapped to exactly one Prisma target.
1628,Mihuu Ward,Bungoma,Webuye  East Sub County,,,,1392,Mihuu Ward,53,Bungoma,355,Webuye  East Sub County,,,TARGET_UNRESOLVED,NOT_FOUND,Authoritative subcounty could not be mapped to exactly one Prisma target.
1629,Ndivisi Ward,Bungoma,Webuye  East Sub County,,,,1393,Ndivisi Ward,53,Bungoma,355,Webuye  East Sub County,,,TARGET_UNRESOLVED,NOT_FOUND,Authoritative subcounty could not be mapped to exactly one Prisma target.
1630,Maraka Ward,Bungoma,Webuye  East Sub County,,,,1394,Maraka Ward,53,Bungoma,355,Webuye  East Sub County,,,TARGET_UNRESOLVED,NOT_FOUND,Authoritative subcounty could not be mapped to exactly one Prisma target.
1631,Misikhu Ward,Bungoma,Webuye West Sub County,039,3911,Webuye West,1395,Misikhu Ward,53,Bungoma,1520,Webuye West,1520,Webuye West,CORRECT,NORMALIZED,Prisma ward ownership matches the authoritative target.
1632,Sitikho Ward,Bungoma,Webuye West Sub County,039,3911,Webuye West,1396,Sitikho Ward,53,Bungoma,1520,Webuye West,1520,Webuye West,CORRECT,NORMALIZED,Prisma ward ownership matches the authoritative target.
1633,Matulo Ward,Bungoma,Webuye West Sub County,039,3911,Webuye West,1397,Matulo Ward,53,Bungoma,1520,Webuye West,1520,Webuye West,CORRECT,NORMALIZED,Prisma ward ownership matches the authoritative target.
97,Hirimani Ward,TANA RIVER,Bura Sub County,,,,1398,Hirimani Ward,57,Tana River,299,Bura Sub County,,,TARGET_UNRESOLVED,NOT_FOUND,Authoritative subcounty could not be mapped to exactly one Prisma target.
1831,Mnarani Ward,Kilifi,Kilifi North Sub County,003,0305,Kilifi North,1399,Mnarani Ward,73,Kilifi,1266,Kilifi North,1266,Kilifi North,CORRECT,NORMALIZED,Prisma ward ownership matches the authoritative target.
1675,Mumias North Ward,Kakamega,Mumias West  Sub County,037,3712,Mumias West,1400,Mumias North Ward,54,Kakamega,1504,Mumias West,1504,Mumias West,CORRECT,NORMALIZED,Prisma ward ownership matches the authoritative target.
95,Wayu Ward,TANA RIVER,Galole Sub County,,,,1401,Wayu Ward,57,Tana River,296,Galole Sub County,,,TARGET_UNRESOLVED,NOT_FOUND,Authoritative subcounty could not be mapped to exactly one Prisma target.
368,Ikutha Ward,KITUI,Kitui South Sub County,,,,1402,Ikutha Ward,68,Kitui,357,Kitui South Sub County,,,TARGET_UNRESOLVED,NOT_FOUND,Authoritative subcounty could not be mapped to exactly one Prisma target.
370,Athi Ward,KITUI,Kitui South Sub County,,,,1403,Athi Ward,68,Kitui,357,Kitui South Sub County,,,TARGET_UNRESOLVED,NOT_FOUND,Authoritative subcounty could not be mapped to exactly one Prisma target.
411,Tulimani Ward,MAKUENI,Mbooni  Sub County,,,,1404,Tulimani Ward,74,Makueni,358,Mbooni  Sub County,,,TARGET_UNRESOLVED,NOT_FOUND,Authoritative subcounty could not be mapped to exactly one Prisma target.
412,Mbooni Ward,MAKUENI,Mbooni  Sub County,,,,1405,Mbooni Ward,74,Makueni,358,Mbooni  Sub County,,,TARGET_UNRESOLVED,NOT_FOUND,Authoritative subcounty could not be mapped to exactly one Prisma target.
413,Kithungo/Kitundu Ward,MAKUENI,Mbooni  Sub County,,,,1406,Kithungo/Kitundu Ward,74,Makueni,358,Mbooni  Sub County,,,TARGET_UNRESOLVED,NOT_FOUND,Authoritative subcounty could not be mapped to exactly one Prisma target.
414,Kiteta-Kisau Ward,MAKUENI,Mbooni  Sub County,,,,1407,Kiteta-Kisau Ward,74,Makueni,358,Mbooni  Sub County,,,TARGET_UNRESOLVED,NOT_FOUND,Authoritative subcounty could not be mapped to exactly one Prisma target.
415,Waia/Kako Ward,MAKUENI,Mbooni  Sub County,,,,1408,Waia/Kako Ward,74,Makueni,358,Mbooni  Sub County,,,TARGET_UNRESOLVED,NOT_FOUND,Authoritative subcounty could not be mapped to exactly one Prisma target.
416,Kalawa/ Kathulumbi Ward,MAKUENI,Mbooni  Sub County,,,,1409,Kalawa/ Kathulumbi Ward,74,Makueni,358,Mbooni  Sub County,,,TARGET_UNRESOLVED,NOT_FOUND,Authoritative subcounty could not be mapped to exactly one Prisma target.
417,Kasikeu Ward,MAKUENI,Kilome Sub County,,,,1410,Kasikeu Ward,74,Makueni,359,Kilome Sub County,,,TARGET_UNRESOLVED,NOT_FOUND,Authoritative subcounty could not be mapped to exactly one Prisma target.
418,Mukaa Ward,MAKUENI,Kilome Sub County,,,,1411,Mukaa Ward,74,Makueni,359,Kilome Sub County,,,TARGET_UNRESOLVED,NOT_FOUND,Authoritative subcounty could not be mapped to exactly one Prisma target.
419,Kiima Kiu/Kalanzoni Ward,MAKUENI,Kilome Sub County,,,,1412,Kiima Kiu/Kalanzoni Ward,74,Makueni,359,Kilome Sub County,,,TARGET_UNRESOLVED,NOT_FOUND,Authoritative subcounty could not be mapped to exactly one Prisma target.
420,Ukia ward,MAKUENI,Kaiti  Sub County,,,,1413,Ukia ward,74,Makueni,360,Kaiti  Sub County,,,TARGET_UNRESOLVED,NOT_FOUND,Authoritative subcounty could not be mapped to exactly one Prisma target.
421,Kee ward,MAKUENI,Kaiti  Sub County,,,,1414,Kee ward,74,Makueni,360,Kaiti  Sub County,,,TARGET_UNRESOLVED,NOT_FOUND,Authoritative subcounty could not be mapped to exactly one Prisma target.
422,Kilungu ward,MAKUENI,Kaiti  Sub County,,,,1415,Kilungu ward,74,Makueni,360,Kaiti  Sub County,,,TARGET_UNRESOLVED,NOT_FOUND,Authoritative subcounty could not be mapped to exactly one Prisma target.
423,Ilima ward,MAKUENI,Kaiti  Sub County,,,,1416,Ilima ward,74,Makueni,360,Kaiti  Sub County,,,TARGET_UNRESOLVED,NOT_FOUND,Authoritative subcounty could not be mapped to exactly one Prisma target.
424,Wote Ward,MAKUENI,Makueni  Sub County,017,1705,Makueni,1417,Wote Ward,74,Makueni,1364,Makueni,1364,Makueni,CORRECT,NORMALIZED,Prisma ward ownership matches the authoritative target.
425,Muvau/Kikumini Ward,MAKUENI,Makueni  Sub County,017,1705,Makueni,1418,Muvau/Kikumini Ward,74,Makueni,1364,Makueni,1364,Makueni,CORRECT,NORMALIZED,Prisma ward ownership matches the authoritative target.
426,Mavindini Ward,MAKUENI,Makueni  Sub County,017,1705,Makueni,1419,Mavindini Ward,74,Makueni,1364,Makueni,1364,Makueni,CORRECT,NORMALIZED,Prisma ward ownership matches the authoritative target.
427,Kitise/Kithuki Ward,MAKUENI,Makueni  Sub County,017,1705,Makueni,1420,Kitise/Kithuki Ward,74,Makueni,1364,Makueni,1364,Makueni,CORRECT,NORMALIZED,Prisma ward ownership matches the authoritative target.
428,Kathonzweni Ward,MAKUENI,Makueni  Sub County,017,1705,Makueni,1421,Kathonzweni Ward,74,Makueni,1364,Makueni,1364,Makueni,CORRECT,NORMALIZED,Prisma ward ownership matches the authoritative target.
429,Nzaui/Kilili/Kalamba Ward,MAKUENI,Makueni  Sub County,017,1705,Makueni,1422,Nzaui/Kilili/Kalamba Ward,74,Makueni,1364,Makueni,1364,Makueni,CORRECT,NORMALIZED,Prisma ward ownership matches the authoritative target.
430,Mbitini Ward,MAKUENI,Makueni  Sub County,017,1705,Makueni,1423,Mbitini Ward,74,Makueni,1364,Makueni,1364,Makueni,CORRECT,NORMALIZED,Prisma ward ownership matches the authoritative target.
431,Makindu Ward,MAKUENI,Kibwezi West  Sub County,,,,1424,Makindu Ward,74,Makueni,362,Kibwezi West  Sub County,,,TARGET_UNRESOLVED,NOT_FOUND,Authoritative subcounty could not be mapped to exactly one Prisma target.
432,Nguumo Ward,MAKUENI,Kibwezi West  Sub County,,,,1425,Nguumo Ward,74,Makueni,362,Kibwezi West  Sub County,,,TARGET_UNRESOLVED,NOT_FOUND,Authoritative subcounty could not be mapped to exactly one Prisma target.
433,Kikumbulyu North Ward,MAKUENI,Kibwezi West  Sub County,,,,1426,Kikumbulyu North Ward,74,Makueni,362,Kibwezi West  Sub County,,,TARGET_UNRESOLVED,NOT_FOUND,Authoritative subcounty could not be mapped to exactly one Prisma target.
434,Kikumbulyu South Ward,MAKUENI,Kibwezi West  Sub County,,,,1427,Kikumbulyu South Ward,74,Makueni,362,Kibwezi West  Sub County,,,TARGET_UNRESOLVED,NOT_FOUND,Authoritative subcounty could not be mapped to exactly one Prisma target.
435,Nguu/Masumba Ward,MAKUENI,Kibwezi West  Sub County,,,,1428,Nguu/Masumba Ward,74,Makueni,362,Kibwezi West  Sub County,,,TARGET_UNRESOLVED,NOT_FOUND,Authoritative subcounty could not be mapped to exactly one Prisma target.
1676,Etenje Ward,Kakamega,Mumias West  Sub County,037,3712,Mumias West,1429,Etenje Ward,54,Kakamega,1504,Mumias West,1504,Mumias West,CORRECT,NORMALIZED,Prisma ward ownership matches the authoritative target.
1677,Musanda Ward,Kakamega,Mumias West  Sub County,037,3712,Mumias West,1430,Musanda Ward,54,Kakamega,1504,Mumias West,1504,Mumias West,CORRECT,NORMALIZED,Prisma ward ownership matches the authoritative target.
113,Bomani Ward,TAITA TAVETA,Taveta Sub County,006,0603,Taveta,1431,Bomani Ward,59,Taita Taveta,1278,Taveta,1278,Taveta,CORRECT,NORMALIZED,Prisma ward ownership matches the authoritative target.
114,Mboghoni Ward,TAITA TAVETA,Taveta Sub County,006,0603,Taveta,1432,Mboghoni Ward,59,Taita Taveta,1278,Taveta,1278,Taveta,CORRECT,NORMALIZED,Prisma ward ownership matches the authoritative target.
129,Kasigau Ward,TAITA TAVETA,Voi Sub County,006,0604,Voi,1433,Kasigau Ward,59,Taita Taveta,1279,Voi,1279,Voi,CORRECT,NORMALIZED,Prisma ward ownership matches the authoritative target.
154,Jarajila Ward,GARISSA,Fafi Sub County,007,0703,Fafi,1434,Jarajila Ward,60,Garissa,1282,Fafi,1282,Fafi,CORRECT,NORMALIZED,Prisma ward ownership matches the authoritative target.
155,Fafi Ward,GARISSA,Fafi Sub County,007,0703,Fafi,1435,Fafi Ward,60,Garissa,1282,Fafi,1282,Fafi,CORRECT,NORMALIZED,Prisma ward ownership matches the authoritative target.
163,Korondile Ward,WAJIR,Wajir North Sub County,008,0806,Wajir North,1436,Korondile Ward,61,Wajir,1292,Wajir North,1292,Wajir North,CORRECT,NORMALIZED,Prisma ward ownership matches the authoritative target.
183,Elnur/tula tula Ward,WAJIR,Eldas Sub County,008,0802,Eldas,1437,Elnur/tula tula Ward,61,Wajir,1288,Eldas,1288,Eldas,CORRECT,NORMALIZED,Prisma ward ownership matches the authoritative target.
191,TAKABA SOUTH,MANDERA,MANDERA WEST,009,0901,Mandera West,1438,TAKABA SOUTH,63,Mandera,1295,Mandera West,1295,Mandera West,CORRECT,EXACT,Prisma ward ownership matches the authoritative target.
192,TAKABA,MANDERA,MANDERA WEST,009,0901,Mandera West,1439,TAKABA,63,Mandera,1295,Mandera West,1295,Mandera West,CORRECT,EXACT,Prisma ward ownership matches the authoritative target.
184,Benane Ward,WAJIR,Wajir South Sub County,008,0807,Wajir South,1440,Benane Ward,61,Wajir,1293,Wajir South,1293,Wajir South,CORRECT,NORMALIZED,Prisma ward ownership matches the authoritative target.
185,Burder Ward,WAJIR,Wajir South Sub County,008,0807,Wajir South,1441,Burder Ward,61,Wajir,1293,Wajir South,1293,Wajir South,CORRECT,NORMALIZED,Prisma ward ownership matches the authoritative target.
1832,Junju Ward,Kilifi,Kilifi South Sub County,003,0306,Kilifi South,1442,Junju Ward,73,Kilifi,1267,Kilifi South,1267,Kilifi South,CORRECT,NORMALIZED,Prisma ward ownership matches the authoritative target.
1684,Mayoni Ward,Kakamega,Matungu Sub County,037,3710,Matungu,1443,Mayoni Ward,54,Kakamega,1502,Matungu,1502,Matungu,CORRECT,NORMALIZED,Prisma ward ownership matches the authoritative target.
1685,Namamali Ward,Kakamega,Matungu Sub County,037,3710,Matungu,1444,Namamali Ward,54,Kakamega,1502,Matungu,1502,Matungu,CORRECT,NORMALIZED,Prisma ward ownership matches the authoritative target.
1686,Marama West Ward,Kakamega,Butere Sub County,037,3701,Butere,1445,Marama West Ward,54,Kakamega,1493,Butere,1493,Butere,CORRECT,NORMALIZED,Prisma ward ownership matches the authoritative target.
1687,Marama Central Ward,Kakamega,Butere Sub County,037,3701,Butere,1446,Marama Central Ward,54,Kakamega,1493,Butere,1493,Butere,CORRECT,NORMALIZED,Prisma ward ownership matches the authoritative target.
1688,Marenyo-shianda Ward,Kakamega,Butere Sub County,037,3701,Butere,1447,Marenyo-shianda Ward,54,Kakamega,1493,Butere,1493,Butere,CORRECT,NORMALIZED,Prisma ward ownership matches the authoritative target.
1689,Marama North Ward,Kakamega,Butere Sub County,037,3701,Butere,1448,Marama North Ward,54,Kakamega,1493,Butere,1493,Butere,CORRECT,NORMALIZED,Prisma ward ownership matches the authoritative target.
1690,Marama South Ward,Kakamega,Butere Sub County,037,3701,Butere,1449,Marama South Ward,54,Kakamega,1493,Butere,1493,Butere,CORRECT,NORMALIZED,Prisma ward ownership matches the authoritative target.
1692,Kisa East Ward,Kakamega,Khwisero Sub County,037,3706,Khwisero,1450,Kisa East Ward,54,Kakamega,1498,Khwisero,1498,Khwisero,CORRECT,NORMALIZED,Prisma ward ownership matches the authoritative target.
1693,Kisa West Ward,Kakamega,Khwisero Sub County,037,3706,Khwisero,1451,Kisa West Ward,54,Kakamega,1498,Khwisero,1498,Khwisero,CORRECT,NORMALIZED,Prisma ward ownership matches the authoritative target.
1694,Kisa Central Ward,Kakamega,Khwisero Sub County,037,3706,Khwisero,1452,Kisa Central Ward,54,Kakamega,1498,Khwisero,1498,Khwisero,CORRECT,NORMALIZED,Prisma ward ownership matches the authoritative target.
1695,Isukha North Ward,Kakamega,Shinyalu Sub County,,,,1453,Isukha North Ward,54,Kakamega,369,Shinyalu Sub County,,,TARGET_UNRESOLVED,NOT_FOUND,Authoritative subcounty could not be mapped to exactly one Prisma target.
1696,Murhanda Ward,Kakamega,Shinyalu Sub County,,,,1454,Murhanda Ward,54,Kakamega,369,Shinyalu Sub County,,,TARGET_UNRESOLVED,NOT_FOUND,Authoritative subcounty could not be mapped to exactly one Prisma target.
1697,Isukha Central Ward,Kakamega,Shinyalu Sub County,,,,1455,Isukha Central Ward,54,Kakamega,369,Shinyalu Sub County,,,TARGET_UNRESOLVED,NOT_FOUND,Authoritative subcounty could not be mapped to exactly one Prisma target.
1698,Isukha South Ward,Kakamega,Shinyalu Sub County,,,,1456,Isukha South Ward,54,Kakamega,369,Shinyalu Sub County,,,TARGET_UNRESOLVED,NOT_FOUND,Authoritative subcounty could not be mapped to exactly one Prisma target.
1699,Isukha East Ward,Kakamega,Shinyalu Sub County,,,,1457,Isukha East Ward,54,Kakamega,369,Shinyalu Sub County,,,TARGET_UNRESOLVED,NOT_FOUND,Authoritative subcounty could not be mapped to exactly one Prisma target.
1700,Isukha West Ward,Kakamega,Shinyalu Sub County,,,,1458,Isukha West Ward,54,Kakamega,369,Shinyalu Sub County,,,TARGET_UNRESOLVED,NOT_FOUND,Authoritative subcounty could not be mapped to exactly one Prisma target.
1701,Idakho South Ward,Kakamega,Ikolomani Sub County,,,,1459,Idakho South Ward,54,Kakamega,370,Ikolomani Sub County,,,TARGET_UNRESOLVED,NOT_FOUND,Authoritative subcounty could not be mapped to exactly one Prisma target.
1702,Idakho East Ward,Kakamega,Ikolomani Sub County,,,,1460,Idakho East Ward,54,Kakamega,370,Ikolomani Sub County,,,TARGET_UNRESOLVED,NOT_FOUND,Authoritative subcounty could not be mapped to exactly one Prisma target.
1703,Idakho North Ward,Kakamega,Ikolomani Sub County,,,,1461,Idakho North Ward,54,Kakamega,370,Ikolomani Sub County,,,TARGET_UNRESOLVED,NOT_FOUND,Authoritative subcounty could not be mapped to exactly one Prisma target.
1704,Idakho Central Ward,Kakamega,Ikolomani Sub County,,,,1462,Idakho Central Ward,54,Kakamega,370,Ikolomani Sub County,,,TARGET_UNRESOLVED,NOT_FOUND,Authoritative subcounty could not be mapped to exactly one Prisma target.
1705,Malaba Central Ward,Busia,Teso North Sub County,040,4006,Teso North,1463,Malaba Central Ward,62,Busia,1527,Teso North,1527,Teso North,CORRECT,NORMALIZED,Prisma ward ownership matches the authoritative target.
1706,Malaba North Ward,Busia,Teso North Sub County,040,4006,Teso North,1464,Malaba North Ward,62,Busia,1527,Teso North,1527,Teso North,CORRECT,NORMALIZED,Prisma ward ownership matches the authoritative target.
1707,Ang'urai South Ward,Busia,Teso North Sub County,040,4006,Teso North,1465,Ang'urai South Ward,62,Busia,1527,Teso North,1527,Teso North,CORRECT,NORMALIZED,Prisma ward ownership matches the authoritative target.
1708,Ang'urai North Ward,Busia,Teso North Sub County,040,4006,Teso North,1466,Ang'urai North Ward,62,Busia,1527,Teso North,1527,Teso North,CORRECT,NORMALIZED,Prisma ward ownership matches the authoritative target.
1709,Ang'urai East Ward,Busia,Teso North Sub County,040,4006,Teso North,1467,Ang'urai East Ward,62,Busia,1527,Teso North,1527,Teso North,CORRECT,NORMALIZED,Prisma ward ownership matches the authoritative target.
1710,Malaba South Ward,Busia,Teso North Sub County,040,4006,Teso North,1468,Malaba South Ward,62,Busia,1527,Teso North,1527,Teso North,CORRECT,NORMALIZED,Prisma ward ownership matches the authoritative target.
1711,Ang'orom Ward,Busia,Teso South Sub County,040,4007,Teso South,1469,Ang'orom Ward,62,Busia,1528,Teso South,1528,Teso South,CORRECT,NORMALIZED,Prisma ward ownership matches the authoritative target.
1712,Chakol South Ward,Busia,Teso South Sub County,040,4007,Teso South,1470,Chakol South Ward,62,Busia,1528,Teso South,1528,Teso South,CORRECT,NORMALIZED,Prisma ward ownership matches the authoritative target.
1713,Chakol North Ward,Busia,Teso South Sub County,040,4007,Teso South,1471,Chakol North Ward,62,Busia,1528,Teso South,1528,Teso South,CORRECT,NORMALIZED,Prisma ward ownership matches the authoritative target.
1714,Amukura West Ward,Busia,Teso South Sub County,040,4007,Teso South,1472,Amukura West Ward,62,Busia,1528,Teso South,1528,Teso South,CORRECT,NORMALIZED,Prisma ward ownership matches the authoritative target.
1715,Amukura East Ward,Busia,Teso South Sub County,040,4007,Teso South,1473,Amukura East Ward,62,Busia,1528,Teso South,1528,Teso South,CORRECT,NORMALIZED,Prisma ward ownership matches the authoritative target.
452,Githioro Ward,NYANDARUA,Kipipiri Sub County,018,1804,Kipipiri,1474,Githioro Ward,67,Nyandarua,1372,Kipipiri,1372,Kipipiri,CORRECT,NORMALIZED,Prisma ward ownership matches the authoritative target.
351,Mbitini Ward,KITUI,Kitui Rural Sub County,,,,1475,Mbitini Ward,68,Kitui,348,Kitui Rural Sub County,,,TARGET_UNRESOLVED,NOT_FOUND,Authoritative subcounty could not be mapped to exactly one Prisma target.
454,Kanjuiri range Ward,NYANDARUA,Olkalou Sub County,,,,1476,Kanjuiri range Ward,67,Nyandarua,374,Olkalou Sub County,,,TARGET_UNRESOLVED,NOT_FOUND,Authoritative subcounty could not be mapped to exactly one Prisma target.
1716,Amukura Central Ward,Busia,Teso South Sub County,040,4007,Teso South,1477,Amukura Central Ward,62,Busia,1528,Teso South,1528,Teso South,CORRECT,NORMALIZED,Prisma ward ownership matches the authoritative target.
359,Zombe/mwitika Ward,KITUI,Kitui East Sub County,,,,1478,Zombe/mwitika Ward,68,Kitui,354,Kitui East Sub County,,,TARGET_UNRESOLVED,NOT_FOUND,Authoritative subcounty could not be mapped to exactly one Prisma target.
225,MOYALE TOWNSHIP,MARSABIT,MOYALE,010,1005,Moyale,1479,MOYALE TOWNSHIP,64,Marsabit,1306,Moyale,1306,Moyale,CORRECT,EXACT,Prisma ward ownership matches the authoritative target.
226,URAN,MARSABIT,MOYALE,010,1005,Moyale,1480,URAN,64,Marsabit,1306,Moyale,1306,Moyale,CORRECT,EXACT,Prisma ward ownership matches the authoritative target.
227,OBBU,MARSABIT,MOYALE,010,1005,Moyale,1481,OBBU,64,Marsabit,1306,Moyale,1306,Moyale,CORRECT,EXACT,Prisma ward ownership matches the authoritative target.
228,DUKANA,MARSABIT,NORTH HORR,010,1006,North Horr,1482,DUKANA,64,Marsabit,1307,North Horr,1307,North Horr,CORRECT,EXACT,Prisma ward ownership matches the authoritative target.
229,MAIKONA,MARSABIT,NORTH HORR,010,1006,North Horr,1483,MAIKONA,64,Marsabit,1307,North Horr,1307,North Horr,CORRECT,EXACT,Prisma ward ownership matches the authoritative target.
206,WARGADUD,MANDERA,MANDERA SOUTH,,,,1484,WARGADUD,63,Mandera,325,MANDERA SOUTH,,,TARGET_UNRESOLVED,NOT_FOUND,Authoritative subcounty could not be mapped to exactly one Prisma target.
457,Rurii Ward,NYANDARUA,Olkalou Sub County,,,,1485,Rurii Ward,67,Nyandarua,374,Olkalou Sub County,,,TARGET_UNRESOLVED,NOT_FOUND,Authoritative subcounty could not be mapped to exactly one Prisma target.
96,Chewele Ward,TANA RIVER,Bura Sub County,,,,1486,Chewele Ward,57,Tana River,299,Bura Sub County,,,TARGET_UNRESOLVED,NOT_FOUND,Authoritative subcounty could not be mapped to exactly one Prisma target.
234,KARARE,MARSABIT,SAKU,,,,1487,KARARE,64,Marsabit,329,SAKU,,,TARGET_UNRESOLVED,NOT_FOUND,Authoritative subcounty could not be mapped to exactly one Prisma target.
235,MARSABIT CENTRAL,MARSABIT,SAKU,,,,1488,MARSABIT CENTRAL,64,Marsabit,329,SAKU,,,TARGET_UNRESOLVED,NOT_FOUND,Authoritative subcounty could not be mapped to exactly one Prisma target.
236,LOIYANGALANI,MARSABIT,LAISAMIS,,,,1489,LOIYANGALANI,64,Marsabit,330,LAISAMIS,,,TARGET_UNRESOLVED,NOT_FOUND,Authoritative subcounty could not be mapped to exactly one Prisma target.
100,Madogo Ward,TANA RIVER,Bura Sub County,,,,1490,Madogo Ward,57,Tana River,299,Bura Sub County,,,TARGET_UNRESOLVED,NOT_FOUND,Authoritative subcounty could not be mapped to exactly one Prisma target.
1722,Mayenje Ward,Busia,Matayos Sub County,,,,1491,Mayenje Ward,62,Busia,323,Matayos Sub County,,,TARGET_UNRESOLVED,NOT_FOUND,Authoritative subcounty could not be mapped to exactly one Prisma target.
1726,Marachi West Ward,Busia,Butula Sub County,040,4003,Butula,1492,Marachi West Ward,62,Busia,1524,Butula,1524,Butula,CORRECT,NORMALIZED,Prisma ward ownership matches the authoritative target.
486,Karima Ward,NYERI,Nyeri South Sub County,019,1906,Nyeri South,1493,Karima Ward,69,Nyeri,1381,Nyeri South,1381,Nyeri South,CORRECT,NORMALIZED,Prisma ward ownership matches the authoritative target.
487,Gikondi Ward,NYERI,Mukurweini Sub County,,,,1494,Gikondi Ward,69,Nyeri,376,Mukurweini Sub County,,,TARGET_UNRESOLVED,NOT_FOUND,Authoritative subcounty could not be mapped to exactly one Prisma target.
488,Rugi Ward,NYERI,Mukurweini Sub County,,,,1495,Rugi Ward,69,Nyeri,376,Mukurweini Sub County,,,TARGET_UNRESOLVED,NOT_FOUND,Authoritative subcounty could not be mapped to exactly one Prisma target.
489,Mukurwe-ini west Ward,NYERI,Mukurweini Sub County,,,,1496,Mukurwe-ini west Ward,69,Nyeri,376,Mukurweini Sub County,,,TARGET_UNRESOLVED,NOT_FOUND,Authoritative subcounty could not be mapped to exactly one Prisma target.
490,Mukurwe-ini central Ward,NYERI,Mukurweini Sub County,,,,1497,Mukurwe-ini central Ward,69,Nyeri,376,Mukurweini Sub County,,,TARGET_UNRESOLVED,NOT_FOUND,Authoritative subcounty could not be mapped to exactly one Prisma target.
491,Kiganjo/mathari Ward,NYERI,Nyeri Central Sub County,019,1908,Nyeri Central,1498,Kiganjo/mathari Ward,69,Nyeri,377,Nyeri Central Sub County,1383,Nyeri Central,WRONG_SUBCOUNTY,NORMALIZED,Expected Prisma SubCounty 1383 (Nyeri Central) but found 377 (Nyeri Central Sub County).
492,Rware Ward,NYERI,Nyeri Central Sub County,019,1908,Nyeri Central,1499,Rware Ward,69,Nyeri,377,Nyeri Central Sub County,1383,Nyeri Central,WRONG_SUBCOUNTY,NORMALIZED,Expected Prisma SubCounty 1383 (Nyeri Central) but found 377 (Nyeri Central Sub County).
493,Gatitu/muruguru Ward,NYERI,Nyeri Central Sub County,019,1908,Nyeri Central,1500,Gatitu/muruguru Ward,69,Nyeri,377,Nyeri Central Sub County,1383,Nyeri Central,WRONG_SUBCOUNTY,NORMALIZED,Expected Prisma SubCounty 1383 (Nyeri Central) but found 377 (Nyeri Central Sub County).
494,RURING'U / Karia Ward,NYERI,Nyeri Central Sub County,019,1908,Nyeri Central,1501,RURING'U / Karia Ward,69,Nyeri,377,Nyeri Central Sub County,1383,Nyeri Central,WRONG_SUBCOUNTY,NORMALIZED,Expected Prisma SubCounty 1383 (Nyeri Central) but found 377 (Nyeri Central Sub County).
495,Kamakwa/mukaro Ward,NYERI,Nyeri Central Sub County,019,1908,Nyeri Central,1502,Kamakwa/mukaro Ward,69,Nyeri,377,Nyeri Central Sub County,1383,Nyeri Central,WRONG_SUBCOUNTY,NORMALIZED,Expected Prisma SubCounty 1383 (Nyeri Central) but found 377 (Nyeri Central Sub County).
496,Mutithi Ward,KIRINYAGA,Kirinyaga North/Mwea West Sub County,,,,1503,Mutithi Ward,75,Kirinyaga,378,Kirinyaga North/Mwea West Sub County,,,TARGET_UNRESOLVED,NOT_FOUND,Authoritative subcounty could not be mapped to exactly one Prisma target.
497,Kangai Ward,KIRINYAGA,Kirinyaga North/Mwea West Sub County,,,,1504,Kangai Ward,75,Kirinyaga,378,Kirinyaga North/Mwea West Sub County,,,TARGET_UNRESOLVED,NOT_FOUND,Authoritative subcounty could not be mapped to exactly one Prisma target.
498,Thiba Ward,KIRINYAGA,Kirinyaga North/Mwea West Sub County,,,,1505,Thiba Ward,75,Kirinyaga,378,Kirinyaga North/Mwea West Sub County,,,TARGET_UNRESOLVED,NOT_FOUND,Authoritative subcounty could not be mapped to exactly one Prisma target.
499,Wamumu Ward,KIRINYAGA,Kirinyaga North/Mwea West Sub County,,,,1506,Wamumu Ward,75,Kirinyaga,378,Kirinyaga North/Mwea West Sub County,,,TARGET_UNRESOLVED,NOT_FOUND,Authoritative subcounty could not be mapped to exactly one Prisma target.
500,Nyangati Ward,KIRINYAGA,Kirinyaga South Sub County,,,,1507,Nyangati Ward,75,Kirinyaga,379,Kirinyaga South Sub County,,,TARGET_UNRESOLVED,NOT_FOUND,Authoritative subcounty could not be mapped to exactly one Prisma target.
501,Murinduko Ward,KIRINYAGA,Kirinyaga South Sub County,,,,1508,Murinduko Ward,75,Kirinyaga,379,Kirinyaga South Sub County,,,TARGET_UNRESOLVED,NOT_FOUND,Authoritative subcounty could not be mapped to exactly one Prisma target.
502,Gathigiriri Ward,KIRINYAGA,Kirinyaga South Sub County,,,,1509,Gathigiriri Ward,75,Kirinyaga,379,Kirinyaga South Sub County,,,TARGET_UNRESOLVED,NOT_FOUND,Authoritative subcounty could not be mapped to exactly one Prisma target.
503,Tebere Ward,KIRINYAGA,Kirinyaga South Sub County,,,,1510,Tebere Ward,75,Kirinyaga,379,Kirinyaga South Sub County,,,TARGET_UNRESOLVED,NOT_FOUND,Authoritative subcounty could not be mapped to exactly one Prisma target.
504,Kabare Ward,KIRINYAGA,Kirinyaga East Sub County,020,2002,Kirinyaga East,1511,Kabare Ward,75,Kirinyaga,380,Kirinyaga East Sub County,1385,Kirinyaga East,WRONG_SUBCOUNTY,NORMALIZED,Expected Prisma SubCounty 1385 (Kirinyaga East) but found 380 (Kirinyaga East Sub County).
505,Baragwi Ward,KIRINYAGA,Kirinyaga East Sub County,020,2002,Kirinyaga East,1512,Baragwi Ward,75,Kirinyaga,380,Kirinyaga East Sub County,1385,Kirinyaga East,WRONG_SUBCOUNTY,NORMALIZED,Expected Prisma SubCounty 1385 (Kirinyaga East) but found 380 (Kirinyaga East Sub County).
506,Njukiine Ward,KIRINYAGA,Kirinyaga East Sub County,020,2002,Kirinyaga East,1513,Njukiine Ward,75,Kirinyaga,380,Kirinyaga East Sub County,1385,Kirinyaga East,WRONG_SUBCOUNTY,NORMALIZED,Expected Prisma SubCounty 1385 (Kirinyaga East) but found 380 (Kirinyaga East Sub County).
507,Ngariama Ward,KIRINYAGA,Kirinyaga East Sub County,020,2002,Kirinyaga East,1514,Ngariama Ward,75,Kirinyaga,380,Kirinyaga East Sub County,1385,Kirinyaga East,WRONG_SUBCOUNTY,NORMALIZED,Expected Prisma SubCounty 1385 (Kirinyaga East) but found 380 (Kirinyaga East Sub County).
508,Karumandi Ward,KIRINYAGA,Kirinyaga East Sub County,020,2002,Kirinyaga East,1515,Karumandi Ward,75,Kirinyaga,380,Kirinyaga East Sub County,1385,Kirinyaga East,WRONG_SUBCOUNTY,NORMALIZED,Expected Prisma SubCounty 1385 (Kirinyaga East) but found 380 (Kirinyaga East Sub County).
509,Mukure Ward,KIRINYAGA,Kirinyaga West Sub County,020,2003,Kirinyaga West,1516,Mukure Ward,75,Kirinyaga,1386,Kirinyaga West,1386,Kirinyaga West,CORRECT,NORMALIZED,Prisma ward ownership matches the authoritative target.
510,Kiine Ward,KIRINYAGA,Kirinyaga West Sub County,020,2003,Kirinyaga West,1517,Kiine Ward,75,Kirinyaga,1386,Kirinyaga West,1386,Kirinyaga West,CORRECT,NORMALIZED,Prisma ward ownership matches the authoritative target.
511,Kariti Ward,KIRINYAGA,Kirinyaga West Sub County,020,2003,Kirinyaga West,1518,Kariti Ward,75,Kirinyaga,1386,Kirinyaga West,1386,Kirinyaga West,CORRECT,NORMALIZED,Prisma ward ownership matches the authoritative target.
1729,Marachi East Ward,Busia,Butula Sub County,040,4003,Butula,1519,Marachi East Ward,62,Busia,1524,Butula,1524,Butula,CORRECT,NORMALIZED,Prisma ward ownership matches the authoritative target.
1730,Marachi North Ward,Busia,Butula Sub County,040,4003,Butula,1520,Marachi North Ward,62,Busia,1524,Butula,1524,Butula,CORRECT,NORMALIZED,Prisma ward ownership matches the authoritative target.
1731,Elugulu Ward,Busia,Butula Sub County,040,4003,Butula,1521,Elugulu Ward,62,Busia,1524,Butula,1524,Butula,CORRECT,NORMALIZED,Prisma ward ownership matches the authoritative target.
1732,Namboboto Nambuku Ward,Busia,Samia Sub County,040,4005,Samia,1522,Namboboto Nambuku Ward,62,Busia,1526,Samia,1526,Samia,CORRECT,NORMALIZED,Prisma ward ownership matches the authoritative target.
1733,Nangina Ward,Busia,Samia Sub County,040,4005,Samia,1523,Nangina Ward,62,Busia,1526,Samia,1526,Samia,CORRECT,NORMALIZED,Prisma ward ownership matches the authoritative target.
1734,Ageng'a Nanguba Ward,Busia,Samia Sub County,040,4005,Samia,1524,Ageng'a Nanguba Ward,62,Busia,1526,Samia,1526,Samia,CORRECT,NORMALIZED,Prisma ward ownership matches the authoritative target.
1735,Bwiri Ward,Busia,Samia Sub County,040,4005,Samia,1525,Bwiri Ward,62,Busia,1526,Samia,1526,Samia,CORRECT,NORMALIZED,Prisma ward ownership matches the authoritative target.
2097,Kiru Ward,Muranga,Mathioya Sub County,021,2103,Mathioya,1526,Kiru Ward,76,Murang'a,1391,Mathioya,1391,Mathioya,CORRECT,NORMALIZED,Prisma ward ownership matches the authoritative target.
2098,Kamacharia Ward,Muranga,Mathioya Sub County,021,2103,Mathioya,1527,Kamacharia Ward,76,Murang'a,1391,Mathioya,1391,Mathioya,CORRECT,NORMALIZED,Prisma ward ownership matches the authoritative target.
2099,Wangu Ward,Muranga,Kiharu Sub County,,,,1528,Wangu Ward,76,Murang'a,384,Kiharu Sub County,,,TARGET_UNRESOLVED,NOT_FOUND,Authoritative subcounty could not be mapped to exactly one Prisma target.
2100,Mugoiri Ward,Muranga,Kiharu Sub County,,,,1529,Mugoiri Ward,76,Murang'a,384,Kiharu Sub County,,,TARGET_UNRESOLVED,NOT_FOUND,Authoritative subcounty could not be mapped to exactly one Prisma target.
2101,Mbiri Ward,Muranga,Kiharu Sub County,,,,1530,Mbiri Ward,76,Murang'a,384,Kiharu Sub County,,,TARGET_UNRESOLVED,NOT_FOUND,Authoritative subcounty could not be mapped to exactly one Prisma target.
2102,Township Ward,Muranga,Kiharu Sub County,,,,1531,Township Ward,76,Murang'a,384,Kiharu Sub County,,,TARGET_UNRESOLVED,NOT_FOUND,Authoritative subcounty could not be mapped to exactly one Prisma target.
2103,Murarandia Ward,Muranga,Kiharu Sub County,,,,1532,Murarandia Ward,76,Murang'a,384,Kiharu Sub County,,,TARGET_UNRESOLVED,NOT_FOUND,Authoritative subcounty could not be mapped to exactly one Prisma target.
1741,Elburgon Ward,Nakuru,Molo  Sub County,032,3204,Molo,1533,Elburgon Ward,77,Nakuru,1462,Molo,1462,Molo,CORRECT,NORMALIZED,Prisma ward ownership matches the authoritative target.
1749,Njoro Ward,Nakuru,Njoro  Sub County,032,3209,Njoro,1534,Njoro Ward,77,Nakuru,1467,Njoro,1467,Njoro,CORRECT,NORMALIZED,Prisma ward ownership matches the authoritative target.
1750,Biashara Ward,Nakuru,Naivasha  Sub County,032,3205,Naivasha,1535,Biashara Ward,77,Nakuru,1463,Naivasha,1463,Naivasha,CORRECT,NORMALIZED,Prisma ward ownership matches the authoritative target.
1751,Hells Gate Ward,Nakuru,Naivasha  Sub County,032,3205,Naivasha,1536,Hells Gate Ward,77,Nakuru,1463,Naivasha,1463,Naivasha,CORRECT,NORMALIZED,Prisma ward ownership matches the authoritative target.
2104,Gaturi Ward,Muranga,Kiharu Sub County,,,,1537,Gaturi Ward,76,Murang'a,384,Kiharu Sub County,,,TARGET_UNRESOLVED,NOT_FOUND,Authoritative subcounty could not be mapped to exactly one Prisma target.
2105,Kahumbu Ward,Muranga,Kigumo Sub County,021,2107,Kigumo,1538,Kahumbu Ward,76,Murang'a,1395,Kigumo,1395,Kigumo,CORRECT,NORMALIZED,Prisma ward ownership matches the authoritative target.
1763,Amalo Ward,Nakuru,Kuresoi South  Sub County,032,3203,Kuresoi South,1539,Amalo Ward,77,Nakuru,1461,Kuresoi South,1461,Kuresoi South,CORRECT,NORMALIZED,Prisma ward ownership matches the authoritative target.
1764,Keringet Ward,Nakuru,Kuresoi South  Sub County,032,3203,Kuresoi South,1540,Keringet Ward,77,Nakuru,1461,Kuresoi South,1461,Kuresoi South,CORRECT,NORMALIZED,Prisma ward ownership matches the authoritative target.
1765,Kiptagich Ward,Nakuru,Kuresoi South  Sub County,032,3203,Kuresoi South,1541,Kiptagich Ward,77,Nakuru,1461,Kuresoi South,1461,Kuresoi South,CORRECT,NORMALIZED,Prisma ward ownership matches the authoritative target.
1766,Tinet Ward,Nakuru,Kuresoi South  Sub County,032,3203,Kuresoi South,1542,Tinet Ward,77,Nakuru,1461,Kuresoi South,1461,Kuresoi South,CORRECT,NORMALIZED,Prisma ward ownership matches the authoritative target.
611,Kaeris Ward,TURKANA,Turkana North Sub County,023,2305,Turkana North,1543,Kaeris Ward,70,Turkana,1414,Turkana North,1414,Turkana North,CORRECT,NORMALIZED,Prisma ward ownership matches the authoritative target.
612,Lakezone Ward,TURKANA,Turkana North Sub County,023,2305,Turkana North,1544,Lakezone Ward,70,Turkana,1414,Turkana North,1414,Turkana North,CORRECT,NORMALIZED,Prisma ward ownership matches the authoritative target.
613,Lapur Ward,TURKANA,Turkana North Sub County,023,2305,Turkana North,1545,Lapur Ward,70,Turkana,1414,Turkana North,1414,Turkana North,CORRECT,NORMALIZED,Prisma ward ownership matches the authoritative target.
614,Kaaleng/kaikor Ward,TURKANA,Kibish Sub County,023,2301,Kibish,1546,Kaaleng/kaikor Ward,70,Turkana,1410,Kibish,1410,Kibish,CORRECT,NORMALIZED,Prisma ward ownership matches the authoritative target.
2106,Muthithi Ward,Muranga,Kigumo Sub County,021,2107,Kigumo,1547,Muthithi Ward,76,Murang'a,1395,Kigumo,1395,Kigumo,CORRECT,NORMALIZED,Prisma ward ownership matches the authoritative target.
2107,Kigumo Ward,Muranga,Kigumo Sub County,021,2107,Kigumo,1548,Kigumo Ward,76,Murang'a,1395,Kigumo,1395,Kigumo,CORRECT,NORMALIZED,Prisma ward ownership matches the authoritative target.
2108,Kangari Ward,Muranga,Kigumo Sub County,021,2107,Kigumo,1549,Kangari Ward,76,Murang'a,1395,Kigumo,1395,Kigumo,CORRECT,NORMALIZED,Prisma ward ownership matches the authoritative target.
2109,Kinyona Ward,Muranga,Kigumo Sub County,021,2107,Kigumo,1550,Kinyona Ward,76,Murang'a,1395,Kigumo,1395,Kigumo,CORRECT,NORMALIZED,Prisma ward ownership matches the authoritative target.
2110,Kimorori/wempa Ward,Muranga,Muranga South Sub County,021,2105,Murang'a South,1551,Kimorori/wempa Ward,76,Murang'a,1393,Murang'a South,1393,Murang'a South,CORRECT,ALIAS,Prisma ward ownership matches the authoritative target.
2111,Makuyu Ward,Muranga,Muranga South Sub County,021,2105,Murang'a South,1552,Makuyu Ward,76,Murang'a,1393,Murang'a South,1393,Murang'a South,CORRECT,ALIAS,Prisma ward ownership matches the authoritative target.
2112,Kambiti Ward,Muranga,Muranga South Sub County,021,2105,Murang'a South,1553,Kambiti Ward,76,Murang'a,1393,Murang'a South,1393,Murang'a South,CORRECT,ALIAS,Prisma ward ownership matches the authoritative target.
2113,Kamahuhu Ward,Muranga,Muranga South Sub County,021,2105,Murang'a South,1554,Kamahuhu Ward,76,Murang'a,1393,Murang'a South,1393,Murang'a South,CORRECT,ALIAS,Prisma ward ownership matches the authoritative target.
2114,Ichagaki Ward,Muranga,Muranga South Sub County,021,2105,Murang'a South,1555,Ichagaki Ward,76,Murang'a,1393,Murang'a South,1393,Murang'a South,CORRECT,ALIAS,Prisma ward ownership matches the authoritative target.
2115,Nginda Ward,Muranga,Muranga South Sub County,021,2105,Murang'a South,1556,Nginda Ward,76,Murang'a,1393,Murang'a South,1393,Murang'a South,CORRECT,ALIAS,Prisma ward ownership matches the authoritative target.
2116,Ng'araria Ward,Muranga,Kandara Sub County,021,2108,Kandara,1557,Ng'araria Ward,76,Murang'a,393,Kandara Sub County,1396,Kandara,WRONG_SUBCOUNTY,NORMALIZED,Expected Prisma SubCounty 1396 (Kandara) but found 393 (Kandara Sub County).
2117,Muruka Ward,Muranga,Kandara Sub County,021,2108,Kandara,1558,Muruka Ward,76,Murang'a,393,Kandara Sub County,1396,Kandara,WRONG_SUBCOUNTY,NORMALIZED,Expected Prisma SubCounty 1396 (Kandara) but found 393 (Kandara Sub County).
2118,Kagundu-ini Ward,Muranga,Kandara Sub County,021,2108,Kandara,1559,Kagundu-ini Ward,76,Murang'a,393,Kandara Sub County,1396,Kandara,WRONG_SUBCOUNTY,NORMALIZED,Expected Prisma SubCounty 1396 (Kandara) but found 393 (Kandara Sub County).
2119,Gaichanjiru Ward,Muranga,Kandara Sub County,021,2108,Kandara,1560,Gaichanjiru Ward,76,Murang'a,393,Kandara Sub County,1396,Kandara,WRONG_SUBCOUNTY,NORMALIZED,Expected Prisma SubCounty 1396 (Kandara) but found 393 (Kandara Sub County).
2120,Ithiru Ward,Muranga,Kandara Sub County,021,2108,Kandara,1561,Ithiru Ward,76,Murang'a,393,Kandara Sub County,1396,Kandara,WRONG_SUBCOUNTY,NORMALIZED,Expected Prisma SubCounty 1396 (Kandara) but found 393 (Kandara Sub County).
2121,Ruchu Ward,Muranga,Kandara Sub County,021,2108,Kandara,1562,Ruchu Ward,76,Murang'a,393,Kandara Sub County,1396,Kandara,WRONG_SUBCOUNTY,NORMALIZED,Expected Prisma SubCounty 1396 (Kandara) but found 393 (Kandara Sub County).
2122,Ithanga Ward,Muranga,Gatanga Sub County,021,2106,Gatanga,1563,Ithanga Ward,76,Murang'a,394,Gatanga Sub County,1394,Gatanga,WRONG_SUBCOUNTY,NORMALIZED,Expected Prisma SubCounty 1394 (Gatanga) but found 394 (Gatanga Sub County).
2123,Kakuzi/mitubiri Ward,Muranga,Gatanga Sub County,021,2106,Gatanga,1564,Kakuzi/mitubiri Ward,76,Murang'a,394,Gatanga Sub County,1394,Gatanga,WRONG_SUBCOUNTY,NORMALIZED,Expected Prisma SubCounty 1394 (Gatanga) but found 394 (Gatanga Sub County).
1727,Kingandole Ward,Busia,Butula Sub County,040,4003,Butula,1565,Kingandole Ward,62,Busia,1524,Butula,1524,Butula,CORRECT,NORMALIZED,Prisma ward ownership matches the authoritative target.
462,Leshau/pondo Ward,NYANDARUA,Ndaragwa Sub County,,,,1566,Leshau/pondo Ward,67,Nyandarua,395,Ndaragwa Sub County,,,TARGET_UNRESOLVED,NOT_FOUND,Authoritative subcounty could not be mapped to exactly one Prisma target.
618,Lopur Ward,TURKANA,Turkana West Sub County,023,2307,Turkana West,1567,Lopur Ward,70,Turkana,1416,Turkana West,1416,Turkana West,CORRECT,NORMALIZED,Prisma ward ownership matches the authoritative target.
619,Letea Ward,TURKANA,Turkana West Sub County,023,2307,Turkana West,1568,Letea Ward,70,Turkana,1416,Turkana West,1416,Turkana West,CORRECT,NORMALIZED,Prisma ward ownership matches the authoritative target.
620,Songot Ward,TURKANA,Turkana West Sub County,023,2307,Turkana West,1569,Songot Ward,70,Turkana,1416,Turkana West,1416,Turkana West,CORRECT,NORMALIZED,Prisma ward ownership matches the authoritative target.
2124,Mugumo-ini Ward,Muranga,Gatanga Sub County,021,2106,Gatanga,1570,Mugumo-ini Ward,76,Murang'a,394,Gatanga Sub County,1394,Gatanga,WRONG_SUBCOUNTY,NORMALIZED,Expected Prisma SubCounty 1394 (Gatanga) but found 394 (Gatanga Sub County).
2125,Kihumbu-ini Ward,Muranga,Gatanga Sub County,021,2106,Gatanga,1571,Kihumbu-ini Ward,76,Murang'a,394,Gatanga Sub County,1394,Gatanga,WRONG_SUBCOUNTY,NORMALIZED,Expected Prisma SubCounty 1394 (Gatanga) but found 394 (Gatanga Sub County).
2126,Gatanga Ward,Muranga,Gatanga Sub County,021,2106,Gatanga,1572,Gatanga Ward,76,Murang'a,394,Gatanga Sub County,1394,Gatanga,WRONG_SUBCOUNTY,NORMALIZED,Expected Prisma SubCounty 1394 (Gatanga) but found 394 (Gatanga Sub County).
2127,Kariara Ward,Muranga,Gatanga Sub County,021,2106,Gatanga,1573,Kariara Ward,76,Murang'a,394,Gatanga Sub County,1394,Gatanga,WRONG_SUBCOUNTY,NORMALIZED,Expected Prisma SubCounty 1394 (Gatanga) but found 394 (Gatanga Sub County).
2128,Moi's Bridge Ward,Uasin Gishu,Soy Sub County,027,2705,Soy,1574,Moi's Bridge Ward,78,Uasin Gishu,396,Soy Sub County,1434,Soy,WRONG_SUBCOUNTY,NORMALIZED,Expected Prisma SubCounty 1434 (Soy) but found 396 (Soy Sub County).
160,Masalani Ward,GARISSA,Ijara Sub County,007,0706,Ijara,1575,Masalani Ward,60,Garissa,397,Ijara Sub County,1285,Ijara,WRONG_SUBCOUNTY,NORMALIZED,Expected Prisma SubCounty 1285 (Ijara) but found 397 (Ijara Sub County).
2129,Kapkures Ward,Uasin Gishu,Soy Sub County,027,2705,Soy,1576,Kapkures Ward,78,Uasin Gishu,396,Soy Sub County,1434,Soy,WRONG_SUBCOUNTY,NORMALIZED,Expected Prisma SubCounty 1434 (Soy) but found 396 (Soy Sub County).
2130,Ziwa Ward,Uasin Gishu,Soy Sub County,027,2705,Soy,1577,Ziwa Ward,78,Uasin Gishu,396,Soy Sub County,1434,Soy,WRONG_SUBCOUNTY,NORMALIZED,Expected Prisma SubCounty 1434 (Soy) but found 396 (Soy Sub County).
2133,Soy Ward,Uasin Gishu,Soy Sub County,027,2705,Soy,1578,Soy Ward,78,Uasin Gishu,396,Soy Sub County,1434,Soy,WRONG_SUBCOUNTY,NORMALIZED,Expected Prisma SubCounty 1434 (Soy) but found 396 (Soy Sub County).
2134,Kuinet/kapsuswa Ward,Uasin Gishu,Soy Sub County,027,2705,Soy,1579,Kuinet/kapsuswa Ward,78,Uasin Gishu,396,Soy Sub County,1434,Soy,WRONG_SUBCOUNTY,NORMALIZED,Expected Prisma SubCounty 1434 (Soy) but found 396 (Soy Sub County).
2135,Ngenyilel Ward,Uasin Gishu,Turbo Sub County,027,2706,Turbo,1580,Ngenyilel Ward,78,Uasin Gishu,398,Turbo Sub County,1435,Turbo,WRONG_SUBCOUNTY,NORMALIZED,Expected Prisma SubCounty 1435 (Turbo) but found 398 (Turbo Sub County).
2136,Tapsagoi Ward,Uasin Gishu,Turbo Sub County,027,2706,Turbo,1581,Tapsagoi Ward,78,Uasin Gishu,398,Turbo Sub County,1435,Turbo,WRONG_SUBCOUNTY,NORMALIZED,Expected Prisma SubCounty 1435 (Turbo) but found 398 (Turbo Sub County).
2137,Kamagut Ward,Uasin Gishu,Turbo Sub County,027,2706,Turbo,1582,Kamagut Ward,78,Uasin Gishu,398,Turbo Sub County,1435,Turbo,WRONG_SUBCOUNTY,NORMALIZED,Expected Prisma SubCounty 1435 (Turbo) but found 398 (Turbo Sub County).
2138,Kiplombe Ward,Uasin Gishu,Turbo Sub County,027,2706,Turbo,1583,Kiplombe Ward,78,Uasin Gishu,398,Turbo Sub County,1435,Turbo,WRONG_SUBCOUNTY,NORMALIZED,Expected Prisma SubCounty 1435 (Turbo) but found 398 (Turbo Sub County).
2139,Kapsaos Ward,Uasin Gishu,Turbo Sub County,027,2706,Turbo,1584,Kapsaos Ward,78,Uasin Gishu,398,Turbo Sub County,1435,Turbo,WRONG_SUBCOUNTY,NORMALIZED,Expected Prisma SubCounty 1435 (Turbo) but found 398 (Turbo Sub County).
2140,Huruma Ward,Uasin Gishu,Turbo Sub County,027,2706,Turbo,1585,Huruma Ward,78,Uasin Gishu,398,Turbo Sub County,1435,Turbo,WRONG_SUBCOUNTY,NORMALIZED,Expected Prisma SubCounty 1435 (Turbo) but found 398 (Turbo Sub County).
161,Gurar Ward,WAJIR,Wajir North Sub County,008,0806,Wajir North,1586,Gurar Ward,61,Wajir,1292,Wajir North,1292,Wajir North,CORRECT,NORMALIZED,Prisma ward ownership matches the authoritative target.
345,Waita Ward,KITUI,Mwingi Central Sub- County,015,1514,Mwingi Central,1587,Waita Ward,68,Kitui,1346,Mwingi Central,1346,Mwingi Central,CORRECT,NORMALIZED,Prisma ward ownership matches the authoritative target.
346,Mutongoni Ward,KITUI,Kitui West  Sub County,015,1505,Kitui West,1588,Mutongoni Ward,68,Kitui,399,Kitui West  Sub County,1337,Kitui West,WRONG_SUBCOUNTY,NORMALIZED,Expected Prisma SubCounty 1337 (Kitui West) but found 399 (Kitui West  Sub County).
347,Kauwi Ward,KITUI,Kitui West  Sub County,015,1505,Kitui West,1589,Kauwi Ward,68,Kitui,399,Kitui West  Sub County,1337,Kitui West,WRONG_SUBCOUNTY,NORMALIZED,Expected Prisma SubCounty 1337 (Kitui West) but found 399 (Kitui West  Sub County).
348,Matinyani Ward,KITUI,Kitui West  Sub County,015,1505,Kitui West,1590,Matinyani Ward,68,Kitui,399,Kitui West  Sub County,1337,Kitui West,WRONG_SUBCOUNTY,NORMALIZED,Expected Prisma SubCounty 1337 (Kitui West) but found 399 (Kitui West  Sub County).
349,Kwamutonga/kithumula Ward,KITUI,Kitui West  Sub County,015,1505,Kitui West,1591,Kwamutonga/kithumula Ward,68,Kitui,399,Kitui West  Sub County,1337,Kitui West,WRONG_SUBCOUNTY,NORMALIZED,Expected Prisma SubCounty 1337 (Kitui West) but found 399 (Kitui West  Sub County).
482,Karatina town Ward,NYERI,Mathira East Sub County,019,1904,Mathira East,1592,Karatina town Ward,69,Nyeri,400,Mathira East Sub County,1379,Mathira East,WRONG_SUBCOUNTY,NORMALIZED,Expected Prisma SubCounty 1379 (Mathira East) but found 400 (Mathira East Sub County).
483,Mahiga Ward,NYERI,Nyeri South Sub County,019,1906,Nyeri South,1593,Mahiga Ward,69,Nyeri,1381,Nyeri South,1381,Nyeri South,CORRECT,NORMALIZED,Prisma ward ownership matches the authoritative target.
362,Voo/kyamatu Ward,KITUI,Kitui East Sub County,,,,1594,Voo/kyamatu Ward,68,Kitui,354,Kitui East Sub County,,,TARGET_UNRESOLVED,NOT_FOUND,Authoritative subcounty could not be mapped to exactly one Prisma target.
363,Endau/malalani Ward,KITUI,Kitui East Sub County,,,,1595,Endau/malalani Ward,68,Kitui,354,Kitui East Sub County,,,TARGET_UNRESOLVED,NOT_FOUND,Authoritative subcounty could not be mapped to exactly one Prisma target.
364,Mutitu/kaliku Ward,KITUI,Kitui East Sub County,,,,1596,Mutitu/kaliku Ward,68,Kitui,354,Kitui East Sub County,,,TARGET_UNRESOLVED,NOT_FOUND,Authoritative subcounty could not be mapped to exactly one Prisma target.
365,Ikanga/kyatune Ward,KITUI,Kitui South Sub County,,,,1597,Ikanga/kyatune Ward,68,Kitui,357,Kitui South Sub County,,,TARGET_UNRESOLVED,NOT_FOUND,Authoritative subcounty could not be mapped to exactly one Prisma target.
436,Emali/Mulala Ward,MAKUENI,Kibwezi West  Sub County,,,,1598,Emali/Mulala Ward,74,Makueni,362,Kibwezi West  Sub County,,,TARGET_UNRESOLVED,NOT_FOUND,Authoritative subcounty could not be mapped to exactly one Prisma target.
437,Masongaleni Ward,MAKUENI,Kibwezi East  Sub County,,,,1599,Masongaleni Ward,74,Makueni,401,Kibwezi East  Sub County,,,TARGET_UNRESOLVED,NOT_FOUND,Authoritative subcounty could not be mapped to exactly one Prisma target.
438,Mtito Andei Ward,MAKUENI,Kibwezi East  Sub County,,,,1600,Mtito Andei Ward,74,Makueni,401,Kibwezi East  Sub County,,,TARGET_UNRESOLVED,NOT_FOUND,Authoritative subcounty could not be mapped to exactly one Prisma target.
439,Thange Ward,MAKUENI,Kibwezi East  Sub County,,,,1601,Thange Ward,74,Makueni,401,Kibwezi East  Sub County,,,TARGET_UNRESOLVED,NOT_FOUND,Authoritative subcounty could not be mapped to exactly one Prisma target.
440,Ivingoni/Nzambani Ward,MAKUENI,Kibwezi East  Sub County,,,,1602,Ivingoni/Nzambani Ward,74,Makueni,401,Kibwezi East  Sub County,,,TARGET_UNRESOLVED,NOT_FOUND,Authoritative subcounty could not be mapped to exactly one Prisma target.
441,Engineer Ward,NYANDARUA,Kinangop Sub County,018,1801,Kinangop,1603,Engineer Ward,67,Nyandarua,402,Kinangop Sub County,1369,Kinangop,WRONG_SUBCOUNTY,NORMALIZED,Expected Prisma SubCounty 1369 (Kinangop) but found 402 (Kinangop Sub County).
442,Gathara Ward,NYANDARUA,Kinangop Sub County,018,1801,Kinangop,1604,Gathara Ward,67,Nyandarua,402,Kinangop Sub County,1369,Kinangop,WRONG_SUBCOUNTY,NORMALIZED,Expected Prisma SubCounty 1369 (Kinangop) but found 402 (Kinangop Sub County).
443,North kinangop Ward,NYANDARUA,Kinangop Sub County,018,1801,Kinangop,1605,North kinangop Ward,67,Nyandarua,402,Kinangop Sub County,1369,Kinangop,WRONG_SUBCOUNTY,NORMALIZED,Expected Prisma SubCounty 1369 (Kinangop) but found 402 (Kinangop Sub County).
444,Murungaru Ward,NYANDARUA,Kinangop Sub County,018,1801,Kinangop,1606,Murungaru Ward,67,Nyandarua,402,Kinangop Sub County,1369,Kinangop,WRONG_SUBCOUNTY,NORMALIZED,Expected Prisma SubCounty 1369 (Kinangop) but found 402 (Kinangop Sub County).
449,Wanjohi Ward,NYANDARUA,Kipipiri Sub County,018,1804,Kipipiri,1607,Wanjohi Ward,67,Nyandarua,1372,Kipipiri,1372,Kipipiri,CORRECT,NORMALIZED,Prisma ward ownership matches the authoritative target.
450,Kipipiri Ward,NYANDARUA,Kipipiri Sub County,018,1804,Kipipiri,1608,Kipipiri Ward,67,Nyandarua,1372,Kipipiri,1372,Kipipiri,CORRECT,NORMALIZED,Prisma ward ownership matches the authoritative target.
512,Mutira Ward,KIRINYAGA,Kirinyaga Central Sub County,020,2001,Kirinyaga Central,1609,Mutira Ward,75,Kirinyaga,403,Kirinyaga Central Sub County,1384,Kirinyaga Central,WRONG_SUBCOUNTY,NORMALIZED,Expected Prisma SubCounty 1384 (Kirinyaga Central) but found 403 (Kirinyaga Central Sub County).
513,Kanyekini Ward,KIRINYAGA,Kirinyaga Central Sub County,020,2001,Kirinyaga Central,1610,Kanyekini Ward,75,Kirinyaga,403,Kirinyaga Central Sub County,1384,Kirinyaga Central,WRONG_SUBCOUNTY,NORMALIZED,Expected Prisma SubCounty 1384 (Kirinyaga Central) but found 403 (Kirinyaga Central Sub County).
514,Kerugoya Ward,KIRINYAGA,Kirinyaga Central Sub County,020,2001,Kirinyaga Central,1611,Kerugoya Ward,75,Kirinyaga,403,Kirinyaga Central Sub County,1384,Kirinyaga Central,WRONG_SUBCOUNTY,NORMALIZED,Expected Prisma SubCounty 1384 (Kirinyaga Central) but found 403 (Kirinyaga Central Sub County).
515,Inoi Ward,KIRINYAGA,Kirinyaga Central Sub County,020,2001,Kirinyaga Central,1612,Inoi Ward,75,Kirinyaga,403,Kirinyaga Central Sub County,1384,Kirinyaga Central,WRONG_SUBCOUNTY,NORMALIZED,Expected Prisma SubCounty 1384 (Kirinyaga Central) but found 403 (Kirinyaga Central Sub County).
624,Kerio Delta Ward,TURKANA,Turkana Central Sub County,023,2303,Turkana Central,1613,Kerio Delta Ward,70,Turkana,404,Turkana Central Sub County,1412,Turkana Central,WRONG_SUBCOUNTY,NORMALIZED,Expected Prisma SubCounty 1412 (Turkana Central) but found 404 (Turkana Central Sub County).
625,KANG'ATOTHA Ward,TURKANA,Turkana Central Sub County,023,2303,Turkana Central,1614,KANG'ATOTHA Ward,70,Turkana,404,Turkana Central Sub County,1412,Turkana Central,WRONG_SUBCOUNTY,NORMALIZED,Expected Prisma SubCounty 1412 (Turkana Central) but found 404 (Turkana Central Sub County).
626,Kalokol Ward,TURKANA,Turkana Central Sub County,023,2303,Turkana Central,1615,Kalokol Ward,70,Turkana,404,Turkana Central Sub County,1412,Turkana Central,WRONG_SUBCOUNTY,NORMALIZED,Expected Prisma SubCounty 1412 (Turkana Central) but found 404 (Turkana Central Sub County).
2044,Mathare North Ward,Nairobi,Ruaraka  Sub County,,,,1616,Mathare North Ward,79,Nairobi City,405,Ruaraka  Sub County,,,TARGET_UNRESOLVED,NOT_FOUND,Authoritative subcounty could not be mapped to exactly one Prisma target.
1728,Marachi Central Ward,Busia,Butula Sub County,040,4003,Butula,1617,Marachi Central Ward,62,Busia,1524,Butula,1524,Butula,CORRECT,NORMALIZED,Prisma ward ownership matches the authoritative target.
1736,Bunyala Central Ward,Busia,Bunyala Sub County,040,4001,Bunyala,1618,Bunyala Central Ward,62,Busia,406,Bunyala Sub County,1522,Bunyala,WRONG_SUBCOUNTY,NORMALIZED,Expected Prisma SubCounty 1522 (Bunyala) but found 406 (Bunyala Sub County).
2047,Imara Daima Ward,Nairobi,Embakasi South Sub County,,,,1619,Imara Daima Ward,79,Nairobi City,407,Embakasi South Sub County,,,TARGET_UNRESOLVED,NOT_FOUND,Authoritative subcounty could not be mapped to exactly one Prisma target.
2141,Tembelio Ward,Uasin Gishu,Moiben Sub County,027,2704,Moiben,1620,Tembelio Ward,78,Uasin Gishu,408,Moiben Sub County,1433,Moiben,WRONG_SUBCOUNTY,NORMALIZED,Expected Prisma SubCounty 1433 (Moiben) but found 408 (Moiben Sub County).
2142,Sergoit Ward,Uasin Gishu,Moiben Sub County,027,2704,Moiben,1621,Sergoit Ward,78,Uasin Gishu,408,Moiben Sub County,1433,Moiben,WRONG_SUBCOUNTY,NORMALIZED,Expected Prisma SubCounty 1433 (Moiben) but found 408 (Moiben Sub County).
2143,Karuna/meibeki Ward,Uasin Gishu,Moiben Sub County,027,2704,Moiben,1622,Karuna/meibeki Ward,78,Uasin Gishu,408,Moiben Sub County,1433,Moiben,WRONG_SUBCOUNTY,NORMALIZED,Expected Prisma SubCounty 1433 (Moiben) but found 408 (Moiben Sub County).
2144,Moiben Ward,Uasin Gishu,Moiben Sub County,027,2704,Moiben,1623,Moiben Ward,78,Uasin Gishu,408,Moiben Sub County,1433,Moiben,WRONG_SUBCOUNTY,NORMALIZED,Expected Prisma SubCounty 1433 (Moiben) but found 408 (Moiben Sub County).
2145,Kimumu Ward,Uasin Gishu,Moiben Sub County,027,2704,Moiben,1624,Kimumu Ward,78,Uasin Gishu,408,Moiben Sub County,1433,Moiben,WRONG_SUBCOUNTY,NORMALIZED,Expected Prisma SubCounty 1433 (Moiben) but found 408 (Moiben Sub County).
2146,Kapsoya Ward,Uasin Gishu,Ainabkoi Sub County,027,2701,Ainabkoi,1625,Kapsoya Ward,78,Uasin Gishu,409,Ainabkoi Sub County,1430,Ainabkoi,WRONG_SUBCOUNTY,ALIAS,Expected Prisma SubCounty 1430 (Ainabkoi) but found 409 (Ainabkoi Sub County).
2147,Kaptagat Ward,Uasin Gishu,Ainabkoi Sub County,027,2701,Ainabkoi,1626,Kaptagat Ward,78,Uasin Gishu,409,Ainabkoi Sub County,1430,Ainabkoi,WRONG_SUBCOUNTY,ALIAS,Expected Prisma SubCounty 1430 (Ainabkoi) but found 409 (Ainabkoi Sub County).
2148,Ainabkoi/olare Ward,Uasin Gishu,Ainabkoi Sub County,027,2701,Ainabkoi,1627,Ainabkoi/olare Ward,78,Uasin Gishu,409,Ainabkoi Sub County,1430,Ainabkoi,WRONG_SUBCOUNTY,ALIAS,Expected Prisma SubCounty 1430 (Ainabkoi) but found 409 (Ainabkoi Sub County).
2149,Simat/ Kapseret Ward,Uasin Gishu,Kapseret Sub County,027,2702,Kapseret,1628,Simat/ Kapseret Ward,78,Uasin Gishu,410,Kapseret Sub County,1431,Kapseret,WRONG_SUBCOUNTY,NORMALIZED,Expected Prisma SubCounty 1431 (Kapseret) but found 410 (Kapseret Sub County).
2150,Kipkenyo Ward,Uasin Gishu,Kapseret Sub County,027,2702,Kapseret,1629,Kipkenyo Ward,78,Uasin Gishu,410,Kapseret Sub County,1431,Kapseret,WRONG_SUBCOUNTY,NORMALIZED,Expected Prisma SubCounty 1431 (Kapseret) but found 410 (Kapseret Sub County).
1737,Bunyala North Ward,Busia,Bunyala Sub County,040,4001,Bunyala,1630,Bunyala North Ward,62,Busia,406,Bunyala Sub County,1522,Bunyala,WRONG_SUBCOUNTY,NORMALIZED,Expected Prisma SubCounty 1522 (Bunyala) but found 406 (Bunyala Sub County).
1738,Bunyala West Ward,Busia,Bunyala Sub County,040,4001,Bunyala,1631,Bunyala West Ward,62,Busia,406,Bunyala Sub County,1522,Bunyala,WRONG_SUBCOUNTY,NORMALIZED,Expected Prisma SubCounty 1522 (Bunyala) but found 406 (Bunyala Sub County).
1739,Bunyala South Ward,Busia,Bunyala Sub County,040,4001,Bunyala,1632,Bunyala South Ward,62,Busia,406,Bunyala Sub County,1522,Bunyala,WRONG_SUBCOUNTY,NORMALIZED,Expected Prisma SubCounty 1522 (Bunyala) but found 406 (Bunyala Sub County).
1740,Mariashoni Ward,Nakuru,Molo  Sub County,032,3204,Molo,1633,Mariashoni Ward,77,Nakuru,1462,Molo,1462,Molo,CORRECT,NORMALIZED,Prisma ward ownership matches the authoritative target.
1742,Turi Ward,Nakuru,Molo  Sub County,032,3204,Molo,1634,Turi Ward,77,Nakuru,1462,Molo,1462,Molo,CORRECT,NORMALIZED,Prisma ward ownership matches the authoritative target.
1743,Molo Ward,Nakuru,Molo  Sub County,032,3204,Molo,1635,Molo Ward,77,Nakuru,1462,Molo,1462,Molo,CORRECT,NORMALIZED,Prisma ward ownership matches the authoritative target.
1744,Mau Narok Ward,Nakuru,Njoro  Sub County,032,3209,Njoro,1636,Mau Narok Ward,77,Nakuru,1467,Njoro,1467,Njoro,CORRECT,NORMALIZED,Prisma ward ownership matches the authoritative target.
1745,Mauche Ward,Nakuru,Njoro  Sub County,032,3209,Njoro,1637,Mauche Ward,77,Nakuru,1467,Njoro,1467,Njoro,CORRECT,NORMALIZED,Prisma ward ownership matches the authoritative target.
1746,Kihingo Ward,Nakuru,Njoro  Sub County,032,3209,Njoro,1638,Kihingo Ward,77,Nakuru,1467,Njoro,1467,Njoro,CORRECT,NORMALIZED,Prisma ward ownership matches the authoritative target.
1747,Nessuit Ward,Nakuru,Njoro  Sub County,032,3209,Njoro,1639,Nessuit Ward,77,Nakuru,1467,Njoro,1467,Njoro,CORRECT,NORMALIZED,Prisma ward ownership matches the authoritative target.
1748,Lare Ward,Nakuru,Njoro  Sub County,032,3209,Njoro,1640,Lare Ward,77,Nakuru,1467,Njoro,1467,Njoro,CORRECT,NORMALIZED,Prisma ward ownership matches the authoritative target.
2158,Kilgoris Central  Ward,Narok,Transmara West Sub County,033,3306,Trans Mara West,1641,Kilgoris Central  Ward,80,Narok,411,Transmara West Sub County,1475,Trans Mara West,WRONG_SUBCOUNTY,ALIAS,Expected Prisma SubCounty 1475 (Trans Mara West) but found 411 (Transmara West Sub County).
1752,Lake View Ward,Nakuru,Naivasha  Sub County,032,3205,Naivasha,1642,Lake View Ward,77,Nakuru,1463,Naivasha,1463,Naivasha,CORRECT,NORMALIZED,Prisma ward ownership matches the authoritative target.
1753,Mai Mahiu Ward,Nakuru,Naivasha  Sub County,032,3205,Naivasha,1643,Mai Mahiu Ward,77,Nakuru,1463,Naivasha,1463,Naivasha,CORRECT,NORMALIZED,Prisma ward ownership matches the authoritative target.
1754,Maeilla Ward,Nakuru,Naivasha  Sub County,032,3205,Naivasha,1644,Maeilla Ward,77,Nakuru,1463,Naivasha,1463,Naivasha,CORRECT,NORMALIZED,Prisma ward ownership matches the authoritative target.
1755,Olkaria Ward,Nakuru,Naivasha  Sub County,032,3205,Naivasha,1645,Olkaria Ward,77,Nakuru,1463,Naivasha,1463,Naivasha,CORRECT,NORMALIZED,Prisma ward ownership matches the authoritative target.
1756,Naivasha East Ward,Nakuru,Naivasha  Sub County,032,3205,Naivasha,1646,Naivasha East Ward,77,Nakuru,1463,Naivasha,1463,Naivasha,CORRECT,NORMALIZED,Prisma ward ownership matches the authoritative target.
1757,Viwandani Ward,Nakuru,Naivasha  Sub County,032,3205,Naivasha,1647,Viwandani Ward,77,Nakuru,1463,Naivasha,1463,Naivasha,CORRECT,NORMALIZED,Prisma ward ownership matches the authoritative target.
1758,Gilgil Ward,Nakuru,Gilgil Sub County,032,3201,Gilgil,1648,Gilgil Ward,77,Nakuru,412,Gilgil Sub County,1459,Gilgil,WRONG_SUBCOUNTY,NORMALIZED,Expected Prisma SubCounty 1459 (Gilgil) but found 412 (Gilgil Sub County).
1759,Elementaita Ward,Nakuru,Gilgil Sub County,032,3201,Gilgil,1649,Elementaita Ward,77,Nakuru,412,Gilgil Sub County,1459,Gilgil,WRONG_SUBCOUNTY,NORMALIZED,Expected Prisma SubCounty 1459 (Gilgil) but found 412 (Gilgil Sub County).
1760,Mbaruk/eburu Ward,Nakuru,Gilgil Sub County,032,3201,Gilgil,1650,Mbaruk/eburu Ward,77,Nakuru,412,Gilgil Sub County,1459,Gilgil,WRONG_SUBCOUNTY,NORMALIZED,Expected Prisma SubCounty 1459 (Gilgil) but found 412 (Gilgil Sub County).
1761,Malewa West Ward,Nakuru,Gilgil Sub County,032,3201,Gilgil,1651,Malewa West Ward,77,Nakuru,412,Gilgil Sub County,1459,Gilgil,WRONG_SUBCOUNTY,NORMALIZED,Expected Prisma SubCounty 1459 (Gilgil) but found 412 (Gilgil Sub County).
1762,Murindat Ward,Nakuru,Gilgil Sub County,032,3201,Gilgil,1652,Murindat Ward,77,Nakuru,412,Gilgil Sub County,1459,Gilgil,WRONG_SUBCOUNTY,NORMALIZED,Expected Prisma SubCounty 1459 (Gilgil) but found 412 (Gilgil Sub County).
615,Kibish Ward,TURKANA,Kibish Sub County,023,2301,Kibish,1653,Kibish Ward,70,Turkana,1410,Kibish,1410,Kibish,CORRECT,NORMALIZED,Prisma ward ownership matches the authoritative target.
622,Lokichoggio Ward,TURKANA,Turkana West Sub County,023,2307,Turkana West,1654,Lokichoggio Ward,70,Turkana,1416,Turkana West,1416,Turkana West,CORRECT,NORMALIZED,Prisma ward ownership matches the authoritative target.
630,Turkwel Ward,TURKANA,Loima Sub County,023,2302,Loima,1655,Turkwel Ward,70,Turkana,413,Loima Sub County,1411,Loima,WRONG_SUBCOUNTY,NORMALIZED,Expected Prisma SubCounty 1411 (Loima) but found 413 (Loima Sub County).
632,Lokiriama/Lorengippi Ward,TURKANA,Loima Sub County,023,2302,Loima,1656,Lokiriama/Lorengippi Ward,70,Turkana,413,Loima Sub County,1411,Loima,WRONG_SUBCOUNTY,NORMALIZED,Expected Prisma SubCounty 1411 (Loima) but found 413 (Loima Sub County).
633,Kaputir Ward,TURKANA,Turkana South Sub County,023,2306,Turkana South,1657,Kaputir Ward,70,Turkana,414,Turkana South Sub County,1415,Turkana South,WRONG_SUBCOUNTY,NORMALIZED,Expected Prisma SubCounty 1415 (Turkana South) but found 414 (Turkana South Sub County).
635,Lobokat Ward,TURKANA,Turkana South Sub County,023,2306,Turkana South,1658,Lobokat Ward,70,Turkana,414,Turkana South Sub County,1415,Turkana South,WRONG_SUBCOUNTY,NORMALIZED,Expected Prisma SubCounty 1415 (Turkana South) but found 414 (Turkana South Sub County).
636,Kalapata Ward,TURKANA,Turkana South Sub County,023,2306,Turkana South,1659,Kalapata Ward,70,Turkana,414,Turkana South Sub County,1415,Turkana South,WRONG_SUBCOUNTY,NORMALIZED,Expected Prisma SubCounty 1415 (Turkana South) but found 414 (Turkana South Sub County).
642,Kapenguria Ward,WEST POKOT,West Pokot Sub County,024,2405,West Pokot,1660,Kapenguria Ward,71,West Pokot,1421,West Pokot,1421,West Pokot,CORRECT,NORMALIZED,Prisma ward ownership matches the authoritative target.
643,Mnagei Ward,WEST POKOT,West Pokot Sub County,024,2405,West Pokot,1661,Mnagei Ward,71,West Pokot,1421,West Pokot,1421,West Pokot,CORRECT,NORMALIZED,Prisma ward ownership matches the authoritative target.
644,Siyoi Ward,WEST POKOT,West Pokot Sub County,024,2405,West Pokot,1662,Siyoi Ward,71,West Pokot,1421,West Pokot,1421,West Pokot,CORRECT,NORMALIZED,Prisma ward ownership matches the authoritative target.
645,Endugh Ward,WEST POKOT,West Pokot Sub County,024,2405,West Pokot,1663,Endugh Ward,71,West Pokot,1421,West Pokot,1421,West Pokot,CORRECT,NORMALIZED,Prisma ward ownership matches the authoritative target.
646,Sook Ward,WEST POKOT,West Pokot Sub County,024,2405,West Pokot,1664,Sook Ward,71,West Pokot,1421,West Pokot,1421,West Pokot,CORRECT,NORMALIZED,Prisma ward ownership matches the authoritative target.
647,Sekerr Ward,WEST POKOT,Pokot Central Sub County,024,2402,Pokot Central,1665,Sekerr Ward,71,West Pokot,415,Pokot Central Sub County,1418,Pokot Central,WRONG_SUBCOUNTY,NORMALIZED,Expected Prisma SubCounty 1418 (Pokot Central) but found 415 (Pokot Central Sub County).
648,Masool Ward,WEST POKOT,Pokot Central Sub County,024,2402,Pokot Central,1666,Masool Ward,71,West Pokot,415,Pokot Central Sub County,1418,Pokot Central,WRONG_SUBCOUNTY,NORMALIZED,Expected Prisma SubCounty 1418 (Pokot Central) but found 415 (Pokot Central Sub County).
166,Danaba Ward,WAJIR,Wajir North Sub County,008,0806,Wajir North,1667,Danaba Ward,61,Wajir,1292,Wajir North,1292,Wajir North,CORRECT,NORMALIZED,Prisma ward ownership matches the authoritative target.
649,Lomut Ward,WEST POKOT,Pokot Central Sub County,024,2402,Pokot Central,1668,Lomut Ward,71,West Pokot,415,Pokot Central Sub County,1418,Pokot Central,WRONG_SUBCOUNTY,NORMALIZED,Expected Prisma SubCounty 1418 (Pokot Central) but found 415 (Pokot Central Sub County).
650,Wei wei Ward,WEST POKOT,Pokot Central Sub County,024,2402,Pokot Central,1669,Wei wei Ward,71,West Pokot,415,Pokot Central Sub County,1418,Pokot Central,WRONG_SUBCOUNTY,NORMALIZED,Expected Prisma SubCounty 1418 (Pokot Central) but found 415 (Pokot Central Sub County).
2172,Olorropil Ward,Narok,Narok North Sub County,033,3302,Narok North,1670,Olorropil Ward,80,Narok,416,Narok North Sub County,1471,Narok North,WRONG_SUBCOUNTY,NORMALIZED,Expected Prisma SubCounty 1471 (Narok North) but found 416 (Narok North Sub County).
2173,Melili Ward,Narok,Narok North Sub County,033,3302,Narok North,1671,Melili Ward,80,Narok,416,Narok North Sub County,1471,Narok North,WRONG_SUBCOUNTY,NORMALIZED,Expected Prisma SubCounty 1471 (Narok North) but found 416 (Narok North Sub County).
2174,Mosiro Ward,Narok,Narok East Sub County,033,3301,Narok East,1672,Mosiro Ward,80,Narok,417,Narok East Sub County,1470,Narok East,WRONG_SUBCOUNTY,NORMALIZED,Expected Prisma SubCounty 1470 (Narok East) but found 417 (Narok East Sub County).
2175,Ildamat Ward,Narok,Narok East Sub County,033,3301,Narok East,1673,Ildamat Ward,80,Narok,417,Narok East Sub County,1470,Narok East,WRONG_SUBCOUNTY,NORMALIZED,Expected Prisma SubCounty 1470 (Narok East) but found 417 (Narok East Sub County).
2176,Keekonyokie Ward,Narok,Narok East Sub County,033,3301,Narok East,1674,Keekonyokie Ward,80,Narok,417,Narok East Sub County,1470,Narok East,WRONG_SUBCOUNTY,NORMALIZED,Expected Prisma SubCounty 1470 (Narok East) but found 417 (Narok East Sub County).
2177,Suswa Ward,Narok,Narok East Sub County,033,3301,Narok East,1675,Suswa Ward,80,Narok,417,Narok East Sub County,1470,Narok East,WRONG_SUBCOUNTY,NORMALIZED,Expected Prisma SubCounty 1470 (Narok East) but found 417 (Narok East Sub County).
2178,Maji Moto/naroosura Ward,Narok,Narok South Sub County,033,3303,Narok South,1676,Maji Moto/naroosura Ward,80,Narok,418,Narok South Sub County,1472,Narok South,WRONG_SUBCOUNTY,NORMALIZED,Expected Prisma SubCounty 1472 (Narok South) but found 418 (Narok South Sub County).
2179,Ololulung'a Ward,Narok,Narok South Sub County,033,3303,Narok South,1677,Ololulung'a Ward,80,Narok,418,Narok South Sub County,1472,Narok South,WRONG_SUBCOUNTY,NORMALIZED,Expected Prisma SubCounty 1472 (Narok South) but found 418 (Narok South Sub County).
2180,Melelo Ward,Narok,Narok South Sub County,033,3303,Narok South,1678,Melelo Ward,80,Narok,418,Narok South Sub County,1472,Narok South,WRONG_SUBCOUNTY,NORMALIZED,Expected Prisma SubCounty 1472 (Narok South) but found 418 (Narok South Sub County).
2181,Loita Ward,Narok,Narok South Sub County,033,3303,Narok South,1679,Loita Ward,80,Narok,418,Narok South Sub County,1472,Narok South,WRONG_SUBCOUNTY,NORMALIZED,Expected Prisma SubCounty 1472 (Narok South) but found 418 (Narok South Sub County).
2182,Sogoo Ward,Narok,Narok South Sub County,033,3303,Narok South,1680,Sogoo Ward,80,Narok,418,Narok South Sub County,1472,Narok South,WRONG_SUBCOUNTY,NORMALIZED,Expected Prisma SubCounty 1472 (Narok South) but found 418 (Narok South Sub County).
2183,Sagamian Ward,Narok,Narok South Sub County,033,3303,Narok South,1681,Sagamian Ward,80,Narok,418,Narok South Sub County,1472,Narok South,WRONG_SUBCOUNTY,NORMALIZED,Expected Prisma SubCounty 1472 (Narok South) but found 418 (Narok South Sub County).
2184,Ilmotiook Ward,Narok,Narok West Sub County,033,3304,Narok West,1682,Ilmotiook Ward,80,Narok,419,Narok West Sub County,1473,Narok West,WRONG_SUBCOUNTY,NORMALIZED,Expected Prisma SubCounty 1473 (Narok West) but found 419 (Narok West Sub County).
2185,Mara Ward,Narok,Narok West Sub County,033,3304,Narok West,1683,Mara Ward,80,Narok,419,Narok West Sub County,1473,Narok West,WRONG_SUBCOUNTY,NORMALIZED,Expected Prisma SubCounty 1473 (Narok West) but found 419 (Narok West Sub County).
2186,Siana Ward,Narok,Narok West Sub County,033,3304,Narok West,1684,Siana Ward,80,Narok,419,Narok West Sub County,1473,Narok West,WRONG_SUBCOUNTY,NORMALIZED,Expected Prisma SubCounty 1473 (Narok West) but found 419 (Narok West Sub County).
664,Loosuk Ward,SAMBURU,Samburu Central Sub County,025,2501,Samburu Central,1685,Loosuk Ward,72,Samburu,1422,Samburu Central,1422,Samburu Central,CORRECT,NORMALIZED,Prisma ward ownership matches the authoritative target.
665,Porro Ward,SAMBURU,Samburu Central Sub County,025,2501,Samburu Central,1686,Porro Ward,72,Samburu,1422,Samburu Central,1422,Samburu Central,CORRECT,NORMALIZED,Prisma ward ownership matches the authoritative target.
666,El-barta Ward,SAMBURU,Samburu North Sub County,025,2503,Samburu North,1687,El-barta Ward,72,Samburu,420,Samburu North Sub County,1424,Samburu North,WRONG_SUBCOUNTY,NORMALIZED,Expected Prisma SubCounty 1424 (Samburu North) but found 420 (Samburu North Sub County).
667,Nachola Ward,SAMBURU,Samburu North Sub County,025,2503,Samburu North,1688,Nachola Ward,72,Samburu,420,Samburu North Sub County,1424,Samburu North,WRONG_SUBCOUNTY,NORMALIZED,Expected Prisma SubCounty 1424 (Samburu North) but found 420 (Samburu North Sub County).
668,Ndoto Ward,SAMBURU,Samburu North Sub County,025,2503,Samburu North,1689,Ndoto Ward,72,Samburu,420,Samburu North Sub County,1424,Samburu North,WRONG_SUBCOUNTY,NORMALIZED,Expected Prisma SubCounty 1424 (Samburu North) but found 420 (Samburu North Sub County).
669,Nyiro Ward,SAMBURU,Samburu North Sub County,025,2503,Samburu North,1690,Nyiro Ward,72,Samburu,420,Samburu North Sub County,1424,Samburu North,WRONG_SUBCOUNTY,NORMALIZED,Expected Prisma SubCounty 1424 (Samburu North) but found 420 (Samburu North Sub County).
670,Angata nayokie Ward,SAMBURU,Samburu Central Sub County,025,2501,Samburu Central,1691,Angata nayokie Ward,72,Samburu,1422,Samburu Central,1422,Samburu Central,CORRECT,NORMALIZED,Prisma ward ownership matches the authoritative target.
671,Baawa Ward,SAMBURU,Samburu Central Sub County,025,2501,Samburu Central,1692,Baawa Ward,72,Samburu,1422,Samburu Central,1422,Samburu Central,CORRECT,NORMALIZED,Prisma ward ownership matches the authoritative target.
672,Waso Ward,SAMBURU,Samburu East Sub County,025,2502,Samburu East,1693,Waso Ward,72,Samburu,421,Samburu East Sub County,421,Samburu East Sub County,CORRECT,NORMALIZED,Prisma ward ownership matches the authoritative target.
673,Wamba west Ward,SAMBURU,Samburu East Sub County,025,2502,Samburu East,1694,Wamba west Ward,72,Samburu,421,Samburu East Sub County,421,Samburu East Sub County,CORRECT,NORMALIZED,Prisma ward ownership matches the authoritative target.
674,Wamba east Ward,SAMBURU,Samburu East Sub County,025,2502,Samburu East,1695,Wamba east Ward,72,Samburu,421,Samburu East Sub County,421,Samburu East Sub County,CORRECT,NORMALIZED,Prisma ward ownership matches the authoritative target.
675,Wamba north Ward,SAMBURU,Samburu East Sub County,025,2502,Samburu East,1696,Wamba north Ward,72,Samburu,421,Samburu East Sub County,421,Samburu East Sub County,CORRECT,NORMALIZED,Prisma ward ownership matches the authoritative target.
676,Kapomboi Ward,TRANS NZOIA,Kwanza  Sub County,026,2603,Kwanza,1697,Kapomboi Ward,81,Trans Nzoia,422,Kwanza  Sub County,1427,Kwanza,WRONG_SUBCOUNTY,NORMALIZED,Expected Prisma SubCounty 1427 (Kwanza) but found 422 (Kwanza  Sub County).
677,Kwanza Ward,TRANS NZOIA,Kwanza  Sub County,026,2603,Kwanza,1698,Kwanza Ward,81,Trans Nzoia,422,Kwanza  Sub County,1427,Kwanza,WRONG_SUBCOUNTY,NORMALIZED,Expected Prisma SubCounty 1427 (Kwanza) but found 422 (Kwanza  Sub County).
1841,Mwawesa Ward,Kilifi,Rabai Sub County,003,0309,Rabai,1699,Mwawesa Ward,73,Kilifi,423,Rabai Sub County,1270,Rabai,WRONG_SUBCOUNTY,NORMALIZED,Expected Prisma SubCounty 1270 (Rabai) but found 423 (Rabai Sub County).
680,Chepchoina Ward,TRANS NZOIA,Endebess Sub County,026,2604,Endebess,1700,Chepchoina Ward,81,Trans Nzoia,424,Endebess Sub County,1428,Endebess,WRONG_SUBCOUNTY,NORMALIZED,Expected Prisma SubCounty 1428 (Endebess) but found 424 (Endebess Sub County).
681,Endebess Ward,TRANS NZOIA,Endebess Sub County,026,2604,Endebess,1701,Endebess Ward,81,Trans Nzoia,424,Endebess Sub County,1428,Endebess,WRONG_SUBCOUNTY,NORMALIZED,Expected Prisma SubCounty 1428 (Endebess) but found 424 (Endebess Sub County).
682,Matumbei Ward,TRANS NZOIA,Endebess Sub County,026,2604,Endebess,1702,Matumbei Ward,81,Trans Nzoia,424,Endebess Sub County,1428,Endebess,WRONG_SUBCOUNTY,NORMALIZED,Expected Prisma SubCounty 1428 (Endebess) but found 424 (Endebess Sub County).
683,Kinyoro Ward,TRANS NZOIA,Saboti  Sub County,,,,1703,Kinyoro Ward,81,Trans Nzoia,425,Saboti  Sub County,,,TARGET_UNRESOLVED,NOT_FOUND,Authoritative subcounty could not be mapped to exactly one Prisma target.
684,Matisi Ward,TRANS NZOIA,Saboti  Sub County,,,,1704,Matisi Ward,81,Trans Nzoia,425,Saboti  Sub County,,,TARGET_UNRESOLVED,NOT_FOUND,Authoritative subcounty could not be mapped to exactly one Prisma target.
1803,Mjambere Ward,Mombasa,Kisauni  Sub County,001,0103,Kisauni,1705,Mjambere Ward,55,Mombasa,426,Kisauni  Sub County,1253,Kisauni,WRONG_SUBCOUNTY,NORMALIZED,Expected Prisma SubCounty 1253 (Kisauni) but found 426 (Kisauni  Sub County).
2187,Naikarra Ward,Narok,Narok West Sub County,033,3304,Narok West,1706,Naikarra Ward,80,Narok,419,Narok West Sub County,1473,Narok West,WRONG_SUBCOUNTY,NORMALIZED,Expected Prisma SubCounty 1473 (Narok West) but found 419 (Narok West Sub County).
2188,Githiga Ward,Kiambu,Githunguri Sub County,022,2203,Githunguri,1707,Githiga Ward,82,Kiambu,427,Githunguri Sub County,1399,Githunguri,WRONG_SUBCOUNTY,NORMALIZED,Expected Prisma SubCounty 1399 (Githunguri) but found 427 (Githunguri Sub County).
2189,Ikinu Ward,Kiambu,Githunguri Sub County,022,2203,Githunguri,1708,Ikinu Ward,82,Kiambu,427,Githunguri Sub County,1399,Githunguri,WRONG_SUBCOUNTY,NORMALIZED,Expected Prisma SubCounty 1399 (Githunguri) but found 427 (Githunguri Sub County).
2190,Ngewa Ward,Kiambu,Githunguri Sub County,022,2203,Githunguri,1709,Ngewa Ward,82,Kiambu,427,Githunguri Sub County,1399,Githunguri,WRONG_SUBCOUNTY,NORMALIZED,Expected Prisma SubCounty 1399 (Githunguri) but found 427 (Githunguri Sub County).
2191,Komothai Ward,Kiambu,Githunguri Sub County,022,2203,Githunguri,1710,Komothai Ward,82,Kiambu,427,Githunguri Sub County,1399,Githunguri,WRONG_SUBCOUNTY,NORMALIZED,Expected Prisma SubCounty 1399 (Githunguri) but found 427 (Githunguri Sub County).
2192,Ting'ang'a Ward,Kiambu,Kiambu Town Sub County,,,,1711,Ting'ang'a Ward,82,Kiambu,428,Kiambu Town Sub County,,,TARGET_UNRESOLVED,NOT_FOUND,Authoritative subcounty could not be mapped to exactly one Prisma target.
2193,Ndumberi Ward,Kiambu,Kiambu Town Sub County,,,,1712,Ndumberi Ward,82,Kiambu,428,Kiambu Town Sub County,,,TARGET_UNRESOLVED,NOT_FOUND,Authoritative subcounty could not be mapped to exactly one Prisma target.
2194,Riabai Ward,Kiambu,Kiambu Town Sub County,,,,1713,Riabai Ward,82,Kiambu,428,Kiambu Town Sub County,,,TARGET_UNRESOLVED,NOT_FOUND,Authoritative subcounty could not be mapped to exactly one Prisma target.
2195,Kiambu Township Ward,Kiambu,Kiambu Town Sub County,,,,1714,Kiambu Township Ward,82,Kiambu,428,Kiambu Town Sub County,,,TARGET_UNRESOLVED,NOT_FOUND,Authoritative subcounty could not be mapped to exactly one Prisma target.
2196,Cianda Ward,Kiambu,Kiambaa Sub County,022,2206,Kiambaa,1715,Cianda Ward,82,Kiambu,429,Kiambaa Sub County,1402,Kiambaa,WRONG_SUBCOUNTY,NORMALIZED,Expected Prisma SubCounty 1402 (Kiambaa) but found 429 (Kiambaa Sub County).
2197,Karuri Ward,Kiambu,Kiambaa Sub County,022,2206,Kiambaa,1716,Karuri Ward,82,Kiambu,429,Kiambaa Sub County,1402,Kiambaa,WRONG_SUBCOUNTY,NORMALIZED,Expected Prisma SubCounty 1402 (Kiambaa) but found 429 (Kiambaa Sub County).
2198,Ndenderu Ward,Kiambu,Kiambaa Sub County,022,2206,Kiambaa,1717,Ndenderu Ward,82,Kiambu,429,Kiambaa Sub County,1402,Kiambaa,WRONG_SUBCOUNTY,NORMALIZED,Expected Prisma SubCounty 1402 (Kiambaa) but found 429 (Kiambaa Sub County).
2199,Muchatha Ward,Kiambu,Kiambaa Sub County,022,2206,Kiambaa,1718,Muchatha Ward,82,Kiambu,429,Kiambaa Sub County,1402,Kiambaa,WRONG_SUBCOUNTY,NORMALIZED,Expected Prisma SubCounty 1402 (Kiambaa) but found 429 (Kiambaa Sub County).
2200,Kihara Ward,Kiambu,Kiambaa Sub County,022,2206,Kiambaa,1719,Kihara Ward,82,Kiambu,429,Kiambaa Sub County,1402,Kiambaa,WRONG_SUBCOUNTY,NORMALIZED,Expected Prisma SubCounty 1402 (Kiambaa) but found 429 (Kiambaa Sub County).
1767,Kiptororo Ward,Nakuru,Kuresoi North  Sub County,032,3202,Kuresoi North,1720,Kiptororo Ward,77,Nakuru,430,Kuresoi North  Sub County,1460,Kuresoi North,WRONG_SUBCOUNTY,NORMALIZED,Expected Prisma SubCounty 1460 (Kuresoi North) but found 430 (Kuresoi North  Sub County).
1768,Nyota Ward,Nakuru,Kuresoi North  Sub County,032,3202,Kuresoi North,1721,Nyota Ward,77,Nakuru,430,Kuresoi North  Sub County,1460,Kuresoi North,WRONG_SUBCOUNTY,NORMALIZED,Expected Prisma SubCounty 1460 (Kuresoi North) but found 430 (Kuresoi North  Sub County).
1769,Sirikwa Ward,Nakuru,Kuresoi North  Sub County,032,3202,Kuresoi North,1722,Sirikwa Ward,77,Nakuru,430,Kuresoi North  Sub County,1460,Kuresoi North,WRONG_SUBCOUNTY,NORMALIZED,Expected Prisma SubCounty 1460 (Kuresoi North) but found 430 (Kuresoi North  Sub County).
2201,Gitaru,Kiambu,Kabete Sub County,022,2205,Kabete,1723,Gitaru,82,Kiambu,431,Kabete Sub County,1401,Kabete,WRONG_SUBCOUNTY,NORMALIZED,Expected Prisma SubCounty 1401 (Kabete) but found 431 (Kabete Sub County).
2202,Muguga,Kiambu,Kabete Sub County,022,2205,Kabete,1724,Muguga,82,Kiambu,431,Kabete Sub County,1401,Kabete,WRONG_SUBCOUNTY,NORMALIZED,Expected Prisma SubCounty 1401 (Kabete) but found 431 (Kabete Sub County).
2203,Nyadhuna Ward,Kiambu,Kabete Sub County,022,2205,Kabete,1725,Nyadhuna Ward,82,Kiambu,431,Kabete Sub County,1401,Kabete,WRONG_SUBCOUNTY,NORMALIZED,Expected Prisma SubCounty 1401 (Kabete) but found 431 (Kabete Sub County).
2204,Kabete Ward,Kiambu,Kabete Sub County,022,2205,Kabete,1726,Kabete Ward,82,Kiambu,431,Kabete Sub County,1401,Kabete,WRONG_SUBCOUNTY,NORMALIZED,Expected Prisma SubCounty 1401 (Kabete) but found 431 (Kabete Sub County).
688,Kiminini Ward,TRANS NZOIA,Kiminini  Sub County,026,2605,Kiminini,1727,Kiminini Ward,81,Trans Nzoia,432,Kiminini  Sub County,1429,Kiminini,WRONG_SUBCOUNTY,NORMALIZED,Expected Prisma SubCounty 1429 (Kiminini) but found 432 (Kiminini  Sub County).
689,Waitaluk Ward,TRANS NZOIA,Kiminini  Sub County,026,2605,Kiminini,1728,Waitaluk Ward,81,Trans Nzoia,432,Kiminini  Sub County,1429,Kiminini,WRONG_SUBCOUNTY,NORMALIZED,Expected Prisma SubCounty 1429 (Kiminini) but found 432 (Kiminini  Sub County).
690,Sirende Ward,TRANS NZOIA,Kiminini  Sub County,026,2605,Kiminini,1729,Sirende Ward,81,Trans Nzoia,432,Kiminini  Sub County,1429,Kiminini,WRONG_SUBCOUNTY,NORMALIZED,Expected Prisma SubCounty 1429 (Kiminini) but found 432 (Kiminini  Sub County).
1771,Subukia Ward,Nakuru,Subukia  Sub County,032,3211,Subukia,1730,Subukia Ward,77,Nakuru,433,Subukia  Sub County,1469,Subukia,WRONG_SUBCOUNTY,NORMALIZED,Expected Prisma SubCounty 1469 (Subukia) but found 433 (Subukia  Sub County).
189,Ibrahim ure Ward,WAJIR,Wajir South Sub County,008,0807,Wajir South,1731,Ibrahim ure Ward,61,Wajir,1293,Wajir South,1293,Wajir South,CORRECT,NORMALIZED,Prisma ward ownership matches the authoritative target.
1774,Menengai West Ward,Nakuru,Rongai  Sub County,032,3210,Rongai,1732,Menengai West Ward,77,Nakuru,434,Rongai  Sub County,1468,Rongai,WRONG_SUBCOUNTY,NORMALIZED,Expected Prisma SubCounty 1468 (Rongai) but found 434 (Rongai  Sub County).
2216,Kinale Ward,Kiambu,Lari Sub County,022,2209,Lari,1733,Kinale Ward,82,Kiambu,435,Lari Sub County,1405,Lari,WRONG_SUBCOUNTY,NORMALIZED,Expected Prisma SubCounty 1405 (Lari) but found 435 (Lari Sub County).
2218,Nyanduma Ward,Kiambu,Lari Sub County,022,2209,Lari,1734,Nyanduma Ward,82,Kiambu,435,Lari Sub County,1405,Lari,WRONG_SUBCOUNTY,NORMALIZED,Expected Prisma SubCounty 1405 (Lari) but found 435 (Lari Sub County).
2219,Kamburu Ward,Kiambu,Lari Sub County,022,2209,Lari,1735,Kamburu Ward,82,Kiambu,435,Lari Sub County,1405,Lari,WRONG_SUBCOUNTY,NORMALIZED,Expected Prisma SubCounty 1405 (Lari) but found 435 (Lari Sub County).
2220,Lari/kirenga Ward,Kiambu,Lari Sub County,022,2209,Lari,1736,Lari/kirenga Ward,82,Kiambu,435,Lari Sub County,1405,Lari,WRONG_SUBCOUNTY,NORMALIZED,Expected Prisma SubCounty 1405 (Lari) but found 435 (Lari Sub County).
2221,Kiamwangi Ward,Kiambu,Gatundu South Sub County,022,2202,Gatundu South,1737,Kiamwangi Ward,82,Kiambu,436,Gatundu South Sub County,1398,Gatundu South,WRONG_SUBCOUNTY,NORMALIZED,Expected Prisma SubCounty 1398 (Gatundu South) but found 436 (Gatundu South Sub County).
2222,Kiganjo Ward,Kiambu,Gatundu South Sub County,022,2202,Gatundu South,1738,Kiganjo Ward,82,Kiambu,436,Gatundu South Sub County,1398,Gatundu South,WRONG_SUBCOUNTY,NORMALIZED,Expected Prisma SubCounty 1398 (Gatundu South) but found 436 (Gatundu South Sub County).
2223,Ndarugu Ward,Kiambu,Gatundu South Sub County,022,2202,Gatundu South,1739,Ndarugu Ward,82,Kiambu,436,Gatundu South Sub County,1398,Gatundu South,WRONG_SUBCOUNTY,NORMALIZED,Expected Prisma SubCounty 1398 (Gatundu South) but found 436 (Gatundu South Sub County).
2224,Ngenda Ward,Kiambu,Gatundu South Sub County,022,2202,Gatundu South,1740,Ngenda Ward,82,Kiambu,436,Gatundu South Sub County,1398,Gatundu South,WRONG_SUBCOUNTY,NORMALIZED,Expected Prisma SubCounty 1398 (Gatundu South) but found 436 (Gatundu South Sub County).
2225,Gituamba Ward,Kiambu,Gatundu North Sub County,022,2201,Gatundu North,1741,Gituamba Ward,82,Kiambu,437,Gatundu North Sub County,1397,Gatundu North,WRONG_SUBCOUNTY,NORMALIZED,Expected Prisma SubCounty 1397 (Gatundu North) but found 437 (Gatundu North Sub County).
2226,Githobokoni Ward,Kiambu,Gatundu North Sub County,022,2201,Gatundu North,1742,Githobokoni Ward,82,Kiambu,437,Gatundu North Sub County,1397,Gatundu North,WRONG_SUBCOUNTY,NORMALIZED,Expected Prisma SubCounty 1397 (Gatundu North) but found 437 (Gatundu North Sub County).
2227,Chania Ward,Kiambu,Gatundu North Sub County,022,2201,Gatundu North,1743,Chania Ward,82,Kiambu,437,Gatundu North Sub County,1397,Gatundu North,WRONG_SUBCOUNTY,NORMALIZED,Expected Prisma SubCounty 1397 (Gatundu North) but found 437 (Gatundu North Sub County).
2228,Mang'u Ward,Kiambu,Gatundu North Sub County,022,2201,Gatundu North,1744,Mang'u Ward,82,Kiambu,437,Gatundu North Sub County,1397,Gatundu North,WRONG_SUBCOUNTY,NORMALIZED,Expected Prisma SubCounty 1397 (Gatundu North) but found 437 (Gatundu North Sub County).
2229,Murera Ward,Kiambu,Juja Sub County,022,2204,Juja,1745,Murera Ward,82,Kiambu,438,Juja Sub County,1400,Juja,WRONG_SUBCOUNTY,NORMALIZED,Expected Prisma SubCounty 1400 (Juja) but found 438 (Juja Sub County).
2230,Theta Ward,Kiambu,Juja Sub County,022,2204,Juja,1746,Theta Ward,82,Kiambu,438,Juja Sub County,1400,Juja,WRONG_SUBCOUNTY,NORMALIZED,Expected Prisma SubCounty 1400 (Juja) but found 438 (Juja Sub County).
1776,Visoi Ward,Nakuru,Rongai  Sub County,032,3210,Rongai,1747,Visoi Ward,77,Nakuru,434,Rongai  Sub County,1468,Rongai,WRONG_SUBCOUNTY,NORMALIZED,Expected Prisma SubCounty 1468 (Rongai) but found 434 (Rongai  Sub County).
2231,Juja Ward,Kiambu,Juja Sub County,022,2204,Juja,1748,Juja Ward,82,Kiambu,438,Juja Sub County,1400,Juja,WRONG_SUBCOUNTY,NORMALIZED,Expected Prisma SubCounty 1400 (Juja) but found 438 (Juja Sub County).
2232,Witeithie Ward,Kiambu,Juja Sub County,022,2204,Juja,1749,Witeithie Ward,82,Kiambu,438,Juja Sub County,1400,Juja,WRONG_SUBCOUNTY,NORMALIZED,Expected Prisma SubCounty 1400 (Juja) but found 438 (Juja Sub County).
2233,Kalimoni Ward,Kiambu,Juja Sub County,022,2204,Juja,1750,Kalimoni Ward,82,Kiambu,438,Juja Sub County,1400,Juja,WRONG_SUBCOUNTY,NORMALIZED,Expected Prisma SubCounty 1400 (Juja) but found 438 (Juja Sub County).
2234,Thika Township Ward,Kiambu,Thika Town Sub County,,,,1751,Thika Township Ward,82,Kiambu,439,Thika Town Sub County,,,TARGET_UNRESOLVED,NOT_FOUND,Authoritative subcounty could not be mapped to exactly one Prisma target.
2235,Kamenu Ward,Kiambu,Thika Town Sub County,,,,1752,Kamenu Ward,82,Kiambu,439,Thika Town Sub County,,,TARGET_UNRESOLVED,NOT_FOUND,Authoritative subcounty could not be mapped to exactly one Prisma target.
2236,Hospital Ward,Kiambu,Thika Town Sub County,,,,1753,Hospital Ward,82,Kiambu,439,Thika Town Sub County,,,TARGET_UNRESOLVED,NOT_FOUND,Authoritative subcounty could not be mapped to exactly one Prisma target.
1779,Dundori Ward,Nakuru,Nakuru North  Sub County,032,3207,Nakuru North,1754,Dundori Ward,77,Nakuru,440,Nakuru North  Sub County,1465,Nakuru North,WRONG_SUBCOUNTY,NORMALIZED,Expected Prisma SubCounty 1465 (Nakuru North) but found 440 (Nakuru North  Sub County).
1842,Rurumaward,Kilifi,Rabai Sub County,003,0309,Rabai,1755,Rurumaward,73,Kilifi,423,Rabai Sub County,1270,Rabai,WRONG_SUBCOUNTY,NORMALIZED,Expected Prisma SubCounty 1270 (Rabai) but found 423 (Rabai Sub County).
695,Makutano Ward,TRANS NZOIA,Cherangany Sub County,,,,1756,Makutano Ward,81,Trans Nzoia,441,Cherangany Sub County,,,TARGET_UNRESOLVED,NOT_FOUND,Authoritative subcounty could not be mapped to exactly one Prisma target.
696,Kaplamai Ward,TRANS NZOIA,Cherangany Sub County,,,,1757,Kaplamai Ward,81,Trans Nzoia,441,Cherangany Sub County,,,TARGET_UNRESOLVED,NOT_FOUND,Authoritative subcounty could not be mapped to exactly one Prisma target.
697,Motosiet Ward,TRANS NZOIA,Cherangany Sub County,,,,1758,Motosiet Ward,81,Trans Nzoia,441,Cherangany Sub County,,,TARGET_UNRESOLVED,NOT_FOUND,Authoritative subcounty could not be mapped to exactly one Prisma target.
698,Cherangany/suwerwa Ward,TRANS NZOIA,Cherangany Sub County,,,,1759,Cherangany/suwerwa Ward,81,Trans Nzoia,441,Cherangany Sub County,,,TARGET_UNRESOLVED,NOT_FOUND,Authoritative subcounty could not be mapped to exactly one Prisma target.
699,Chepsiro/kiptoror Ward,TRANS NZOIA,Cherangany Sub County,,,,1760,Chepsiro/kiptoror Ward,81,Trans Nzoia,441,Cherangany Sub County,,,TARGET_UNRESOLVED,NOT_FOUND,Authoritative subcounty could not be mapped to exactly one Prisma target.
1808,Magogoni Ward,Mombasa,Kisauni  Sub County,001,0103,Kisauni,1761,Magogoni Ward,55,Mombasa,426,Kisauni  Sub County,1253,Kisauni,WRONG_SUBCOUNTY,NORMALIZED,Expected Prisma SubCounty 1253 (Kisauni) but found 426 (Kisauni  Sub County).
1876,North Uyoma Ward,Siaya,Rarieda Sub County,041,4106,Rarieda,1762,North Uyoma Ward,83,Siaya,442,Rarieda Sub County,1534,Rarieda,WRONG_SUBCOUNTY,NORMALIZED,Expected Prisma SubCounty 1534 (Rarieda) but found 442 (Rarieda Sub County).
1877,South Uyoma Ward,Siaya,Rarieda Sub County,041,4106,Rarieda,1763,South Uyoma Ward,83,Siaya,442,Rarieda Sub County,1534,Rarieda,WRONG_SUBCOUNTY,NORMALIZED,Expected Prisma SubCounty 1534 (Rarieda) but found 442 (Rarieda Sub County).
1878,West Uyoma Ward,Siaya,Rarieda Sub County,041,4106,Rarieda,1764,West Uyoma Ward,83,Siaya,442,Rarieda Sub County,1534,Rarieda,WRONG_SUBCOUNTY,NORMALIZED,Expected Prisma SubCounty 1534 (Rarieda) but found 442 (Rarieda Sub County).
1891,Ukunda Ward,Kwale,Msambweni Sub County,002,0204,Msambweni,1765,Ukunda Ward,84,Kwale,443,Msambweni Sub County,1260,Msambweni,WRONG_SUBCOUNTY,NORMALIZED,Expected Prisma SubCounty 1260 (Msambweni) but found 443 (Msambweni Sub County).
1892,Kinondo Ward,Kwale,Msambweni Sub County,002,0204,Msambweni,1766,Kinondo Ward,84,Kwale,443,Msambweni Sub County,1260,Msambweni,WRONG_SUBCOUNTY,NORMALIZED,Expected Prisma SubCounty 1260 (Msambweni) but found 443 (Msambweni Sub County).
1893,Ramisi Ward,Kwale,Msambweni Sub County,002,0204,Msambweni,1767,Ramisi Ward,84,Kwale,443,Msambweni Sub County,1260,Msambweni,WRONG_SUBCOUNTY,NORMALIZED,Expected Prisma SubCounty 1260 (Msambweni) but found 443 (Msambweni Sub County).
1894,Pongwe Kikoneni Ward,Kwale,Lunga Lunga Sub County,002,0202,Lunga Lunga,1768,Pongwe Kikoneni Ward,84,Kwale,444,Lunga Lunga Sub County,1258,Lunga Lunga,WRONG_SUBCOUNTY,NORMALIZED,Expected Prisma SubCounty 1258 (Lunga Lunga) but found 444 (Lunga Lunga Sub County).
1895,Dzombo Ward,Kwale,Lunga Lunga Sub County,002,0202,Lunga Lunga,1769,Dzombo Ward,84,Kwale,444,Lunga Lunga Sub County,1258,Lunga Lunga,WRONG_SUBCOUNTY,NORMALIZED,Expected Prisma SubCounty 1258 (Lunga Lunga) but found 444 (Lunga Lunga Sub County).
1896,Mwereni Ward,Kwale,Lunga Lunga Sub County,002,0202,Lunga Lunga,1770,Mwereni Ward,84,Kwale,444,Lunga Lunga Sub County,1258,Lunga Lunga,WRONG_SUBCOUNTY,NORMALIZED,Expected Prisma SubCounty 1258 (Lunga Lunga) but found 444 (Lunga Lunga Sub County).
1897,Vanga Ward,Kwale,Lunga Lunga Sub County,002,0202,Lunga Lunga,1771,Vanga Ward,84,Kwale,444,Lunga Lunga Sub County,1258,Lunga Lunga,WRONG_SUBCOUNTY,NORMALIZED,Expected Prisma SubCounty 1258 (Lunga Lunga) but found 444 (Lunga Lunga Sub County).
1780,Kabatini Ward,Nakuru,Nakuru North  Sub County,032,3207,Nakuru North,1772,Kabatini Ward,77,Nakuru,440,Nakuru North  Sub County,1465,Nakuru North,WRONG_SUBCOUNTY,NORMALIZED,Expected Prisma SubCounty 1465 (Nakuru North) but found 440 (Nakuru North  Sub County).
1898,Tsimba Golini Ward,Kwale,Matuga Sub County,002,0203,Matuga,1773,Tsimba Golini Ward,84,Kwale,445,Matuga Sub County,1259,Matuga,WRONG_SUBCOUNTY,NORMALIZED,Expected Prisma SubCounty 1259 (Matuga) but found 445 (Matuga Sub County).
1899,Waa Ngombeni Ward,Kwale,Matuga Sub County,002,0203,Matuga,1774,Waa Ngombeni Ward,84,Kwale,445,Matuga Sub County,1259,Matuga,WRONG_SUBCOUNTY,NORMALIZED,Expected Prisma SubCounty 1259 (Matuga) but found 445 (Matuga Sub County).
1770,Kamara Ward,Nakuru,Kuresoi North  Sub County,032,3202,Kuresoi North,1775,Kamara Ward,77,Nakuru,430,Kuresoi North  Sub County,1460,Kuresoi North,WRONG_SUBCOUNTY,NORMALIZED,Expected Prisma SubCounty 1460 (Kuresoi North) but found 430 (Kuresoi North  Sub County).
1900,Tiwi Ward,Kwale,Matuga Sub County,002,0203,Matuga,1776,Tiwi Ward,84,Kwale,445,Matuga Sub County,1259,Matuga,WRONG_SUBCOUNTY,NORMALIZED,Expected Prisma SubCounty 1259 (Matuga) but found 445 (Matuga Sub County).
1901,Kubo South Ward,Kwale,Matuga Sub County,002,0203,Matuga,1777,Kubo South Ward,84,Kwale,445,Matuga Sub County,1259,Matuga,WRONG_SUBCOUNTY,NORMALIZED,Expected Prisma SubCounty 1259 (Matuga) but found 445 (Matuga Sub County).
1772,Waseges Ward,Nakuru,Subukia  Sub County,032,3211,Subukia,1778,Waseges Ward,77,Nakuru,433,Subukia  Sub County,1469,Subukia,WRONG_SUBCOUNTY,NORMALIZED,Expected Prisma SubCounty 1469 (Subukia) but found 433 (Subukia  Sub County).
1773,Kabazi Ward,Nakuru,Subukia  Sub County,032,3211,Subukia,1779,Kabazi Ward,77,Nakuru,433,Subukia  Sub County,1469,Subukia,WRONG_SUBCOUNTY,NORMALIZED,Expected Prisma SubCounty 1469 (Subukia) but found 433 (Subukia  Sub County).
731,Kapyego Ward,ELGEYO-MARAKWET,Marakwet East sub-county,028,2803,Marakwet East,1780,Kapyego Ward,85,Elgeyo Marakwet,446,Marakwet East sub-county,1438,Marakwet East,WRONG_SUBCOUNTY,NORMALIZED,Expected Prisma SubCounty 1438 (Marakwet East) but found 446 (Marakwet East sub-county).
732,Sambirir Ward,ELGEYO-MARAKWET,Marakwet East sub-county,028,2803,Marakwet East,1781,Sambirir Ward,85,Elgeyo Marakwet,446,Marakwet East sub-county,1438,Marakwet East,WRONG_SUBCOUNTY,NORMALIZED,Expected Prisma SubCounty 1438 (Marakwet East) but found 446 (Marakwet East sub-county).
1902,Mkongani Ward,Kwale,Matuga Sub County,002,0203,Matuga,1782,Mkongani Ward,84,Kwale,445,Matuga Sub County,1259,Matuga,WRONG_SUBCOUNTY,NORMALIZED,Expected Prisma SubCounty 1259 (Matuga) but found 445 (Matuga Sub County).
1903,Ndavaya Ward,Kwale,Kinango Sub County,002,0201,Kinango,1783,Ndavaya Ward,84,Kwale,447,Kinango Sub County,1257,Kinango,WRONG_SUBCOUNTY,NORMALIZED,Expected Prisma SubCounty 1257 (Kinango) but found 447 (Kinango Sub County).
1904,Puma Ward,Kwale,Kinango Sub County,002,0201,Kinango,1784,Puma Ward,84,Kwale,447,Kinango Sub County,1257,Kinango,WRONG_SUBCOUNTY,NORMALIZED,Expected Prisma SubCounty 1257 (Kinango) but found 447 (Kinango Sub County).
1905,Kinango Ward,Kwale,Kinango Sub County,002,0201,Kinango,1785,Kinango Ward,84,Kwale,447,Kinango Sub County,1257,Kinango,WRONG_SUBCOUNTY,NORMALIZED,Expected Prisma SubCounty 1257 (Kinango) but found 447 (Kinango Sub County).
1906,Mackinon Road Ward,Kwale,Kinango Sub County,002,0201,Kinango,1786,Mackinon Road Ward,84,Kwale,447,Kinango Sub County,1257,Kinango,WRONG_SUBCOUNTY,NORMALIZED,Expected Prisma SubCounty 1257 (Kinango) but found 447 (Kinango Sub County).
1907,Chengoni/samburu Ward,Kwale,Kinango Sub County,002,0201,Kinango,1787,Chengoni/samburu Ward,84,Kwale,447,Kinango Sub County,1257,Kinango,WRONG_SUBCOUNTY,NORMALIZED,Expected Prisma SubCounty 1257 (Kinango) but found 447 (Kinango Sub County).
1908,Mwavumbo Ward,Kwale,Kinango Sub County,002,0201,Kinango,1788,Mwavumbo Ward,84,Kwale,447,Kinango Sub County,1257,Kinango,WRONG_SUBCOUNTY,NORMALIZED,Expected Prisma SubCounty 1257 (Kinango) but found 447 (Kinango Sub County).
1781,Kiamaina Ward,Nakuru,Nakuru North  Sub County,032,3207,Nakuru North,1789,Kiamaina Ward,77,Nakuru,440,Nakuru North  Sub County,1465,Nakuru North,WRONG_SUBCOUNTY,NORMALIZED,Expected Prisma SubCounty 1465 (Nakuru North) but found 440 (Nakuru North  Sub County).
1909,Kasemeni Ward,Kwale,Kinango Sub County,002,0201,Kinango,1790,Kasemeni Ward,84,Kwale,447,Kinango Sub County,1257,Kinango,WRONG_SUBCOUNTY,NORMALIZED,Expected Prisma SubCounty 1257 (Kinango) but found 447 (Kinango Sub County).
2237,Gatuanyaga Ward,Kiambu,Thika Town Sub County,,,,1791,Gatuanyaga Ward,82,Kiambu,439,Thika Town Sub County,,,TARGET_UNRESOLVED,NOT_FOUND,Authoritative subcounty could not be mapped to exactly one Prisma target.
2238,Ngoliba Ward,Kiambu,Thika Town Sub County,,,,1792,Ngoliba Ward,82,Kiambu,439,Thika Town Sub County,,,TARGET_UNRESOLVED,NOT_FOUND,Authoritative subcounty could not be mapped to exactly one Prisma target.
2239,Gitothua,Kiambu,Ruiru Sub County,022,2211,Ruiru,1793,Gitothua,82,Kiambu,448,Ruiru Sub County,1407,Ruiru,WRONG_SUBCOUNTY,NORMALIZED,Expected Prisma SubCounty 1407 (Ruiru) but found 448 (Ruiru Sub County).
112,Mahoo Ward,TAITA TAVETA,Taveta Sub County,006,0603,Taveta,1794,Mahoo Ward,59,Taita Taveta,1278,Taveta,1278,Taveta,CORRECT,NORMALIZED,Prisma ward ownership matches the authoritative target.
2269,Kimulot Ward,Bomet,Konoin Sub County,036,3603,Konoin,1795,Kimulot Ward,86,Bomet,449,Konoin Sub County,1490,Konoin,WRONG_SUBCOUNTY,NORMALIZED,Expected Prisma SubCounty 1490 (Konoin) but found 449 (Konoin Sub County).
2270,Mogogosiek Ward,Bomet,Konoin Sub County,036,3603,Konoin,1796,Mogogosiek Ward,86,Bomet,449,Konoin Sub County,1490,Konoin,WRONG_SUBCOUNTY,NORMALIZED,Expected Prisma SubCounty 1490 (Konoin) but found 449 (Konoin Sub County).
2271,Boito Ward,Bomet,Konoin Sub County,036,3603,Konoin,1797,Boito Ward,86,Bomet,449,Konoin Sub County,1490,Konoin,WRONG_SUBCOUNTY,NORMALIZED,Expected Prisma SubCounty 1490 (Konoin) but found 449 (Konoin Sub County).
2272,Embomos Ward,Bomet,Konoin Sub County,036,3603,Konoin,1798,Embomos Ward,86,Bomet,449,Konoin Sub County,1490,Konoin,WRONG_SUBCOUNTY,NORMALIZED,Expected Prisma SubCounty 1490 (Konoin) but found 449 (Konoin Sub County).
2273,BOMBABA BORABU,Kisii,Bomachoge Borabu Sub County,,,,1799,BOMBABA BORABU,87,Kisii,450,Bomachoge Borabu Sub County,,,TARGET_UNRESOLVED,NOT_FOUND,Authoritative subcounty could not be mapped to exactly one Prisma target.
1775,Soin Ward,Nakuru,Rongai  Sub County,032,3210,Rongai,1800,Soin Ward,77,Nakuru,434,Rongai  Sub County,1468,Rongai,WRONG_SUBCOUNTY,NORMALIZED,Expected Prisma SubCounty 1468 (Rongai) but found 434 (Rongai  Sub County).
757,Kemeloi-maraba Ward,NANDI,Aldai Sub County,,,,1801,Kemeloi-maraba Ward,88,Nandi,451,Aldai Sub County,,,TARGET_UNRESOLVED,NOT_FOUND,Authoritative subcounty could not be mapped to exactly one Prisma target.
758,Kobujoi Ward,NANDI,Aldai Sub County,,,,1802,Kobujoi Ward,88,Nandi,451,Aldai Sub County,,,TARGET_UNRESOLVED,NOT_FOUND,Authoritative subcounty could not be mapped to exactly one Prisma target.
759,Kaptumo/kaboi Ward,NANDI,Aldai Sub County,,,,1803,Kaptumo/kaboi Ward,88,Nandi,451,Aldai Sub County,,,TARGET_UNRESOLVED,NOT_FOUND,Authoritative subcounty could not be mapped to exactly one Prisma target.
760,Koyo/ndurio Ward,NANDI,Aldai Sub County,,,,1804,Koyo/ndurio Ward,88,Nandi,451,Aldai Sub County,,,TARGET_UNRESOLVED,NOT_FOUND,Authoritative subcounty could not be mapped to exactly one Prisma target.
761,Nandi hills Ward,NANDI,Nandi East Sub County,029,2903,Nandi East,1805,Nandi hills Ward,88,Nandi,452,Nandi East Sub County,1442,Nandi East,WRONG_SUBCOUNTY,NORMALIZED,Expected Prisma SubCounty 1442 (Nandi East) but found 452 (Nandi East Sub County).
762,Chepkunyuk Ward,NANDI,Nandi East Sub County,029,2903,Nandi East,1806,Chepkunyuk Ward,88,Nandi,452,Nandi East Sub County,1442,Nandi East,WRONG_SUBCOUNTY,NORMALIZED,Expected Prisma SubCounty 1442 (Nandi East) but found 452 (Nandi East Sub County).
119,Mwanda/mgange Ward,TAITA TAVETA,Wundanyi Sub County,,,,1807,Mwanda/mgange Ward,59,Taita Taveta,303,Wundanyi Sub County,,,TARGET_UNRESOLVED,NOT_FOUND,Authoritative subcounty could not be mapped to exactly one Prisma target.
120,Ronge Ward,TAITA TAVETA,Mwatate Sub County,006,0601,Mwatate,1808,Ronge Ward,59,Taita Taveta,1276,Mwatate,1276,Mwatate,CORRECT,NORMALIZED,Prisma ward ownership matches the authoritative target.
305,Igambang`ombe Ward,THARAKA-NITHI,Igambang'ombe Sub County,013,1301,Igambang'ombe,1809,Igambang`ombe Ward,66,Tharaka Nithi,453,Igambang'ombe Sub County,1323,Igambang'ombe,WRONG_SUBCOUNTY,NORMALIZED,Expected Prisma SubCounty 1323 (Igambang'ombe) but found 453 (Igambang'ombe Sub County).
767,Lelmoko/ngechek Ward,NANDI,Chesumei Sub County,029,2901,Chesumei,1810,Lelmoko/ngechek Ward,88,Nandi,454,Chesumei Sub County,1440,Chesumei,WRONG_SUBCOUNTY,NORMALIZED,Expected Prisma SubCounty 1440 (Chesumei) but found 454 (Chesumei Sub County).
121,Mwatate Ward,TAITA TAVETA,Mwatate Sub County,006,0601,Mwatate,1811,Mwatate Ward,59,Taita Taveta,1276,Mwatate,1276,Mwatate,CORRECT,NORMALIZED,Prisma ward ownership matches the authoritative target.
124,Wusi/kishamba Ward,TAITA TAVETA,Mwatate Sub County,006,0601,Mwatate,1812,Wusi/kishamba Ward,59,Taita Taveta,1276,Mwatate,1276,Mwatate,CORRECT,NORMALIZED,Prisma ward ownership matches the authoritative target.
329,Muminji Ward,EMBU,Mbeere North  Sub County,014,1405,Mbeere North,1813,Muminji Ward,89,Embu,455,Mbeere North  Sub County,1332,Mbeere North,WRONG_SUBCOUNTY,NORMALIZED,Expected Prisma SubCounty 1332 (Mbeere North) but found 455 (Mbeere North  Sub County).
330,Evurore Ward,EMBU,Mbeere North  Sub County,014,1405,Mbeere North,1814,Evurore Ward,89,Embu,455,Mbeere North  Sub County,1332,Mbeere North,WRONG_SUBCOUNTY,NORMALIZED,Expected Prisma SubCounty 1332 (Mbeere North) but found 455 (Mbeere North  Sub County).
1782,Lanet/umoja Ward,Nakuru,Nakuru North  Sub County,032,3207,Nakuru North,1815,Lanet/umoja Ward,77,Nakuru,440,Nakuru North  Sub County,1465,Nakuru North,WRONG_SUBCOUNTY,NORMALIZED,Expected Prisma SubCounty 1465 (Nakuru North) but found 440 (Nakuru North  Sub County).
770,Chepkumia Ward,NANDI,Emgwen Sub County,,,,1816,Chepkumia Ward,88,Nandi,456,Emgwen Sub County,,,TARGET_UNRESOLVED,NOT_FOUND,Authoritative subcounty could not be mapped to exactly one Prisma target.
1783,Bahati Ward,Nakuru,Nakuru North  Sub County,032,3207,Nakuru North,1817,Bahati Ward,77,Nakuru,440,Nakuru North  Sub County,1465,Nakuru North,WRONG_SUBCOUNTY,NORMALIZED,Expected Prisma SubCounty 1465 (Nakuru North) but found 440 (Nakuru North  Sub County).
1786,Kaptembwo Ward,Nakuru,Nakuru West  Sub County,032,3208,Nakuru West,1818,Kaptembwo Ward,77,Nakuru,457,Nakuru West  Sub County,1466,Nakuru West,WRONG_SUBCOUNTY,NORMALIZED,Expected Prisma SubCounty 1466 (Nakuru West) but found 457 (Nakuru West  Sub County).
479,Iriaini Ward,NYERI,Mathira East Sub County,019,1904,Mathira East,1819,Iriaini Ward,69,Nyeri,400,Mathira East Sub County,1379,Mathira East,WRONG_SUBCOUNTY,NORMALIZED,Expected Prisma SubCounty 1379 (Mathira East) but found 400 (Mathira East Sub County).
480,Konyu Ward,NYERI,Mathira East Sub County,019,1904,Mathira East,1820,Konyu Ward,69,Nyeri,400,Mathira East Sub County,1379,Mathira East,WRONG_SUBCOUNTY,NORMALIZED,Expected Prisma SubCounty 1379 (Mathira East) but found 400 (Mathira East Sub County).
772,Kapsabet Ward,NANDI,Emgwen Sub County,,,,1821,Kapsabet Ward,88,Nandi,456,Emgwen Sub County,,,TARGET_UNRESOLVED,NOT_FOUND,Authoritative subcounty could not be mapped to exactly one Prisma target.
773,Kilibwoni Ward,NANDI,Emgwen Sub County,,,,1822,Kilibwoni Ward,88,Nandi,456,Emgwen Sub County,,,TARGET_UNRESOLVED,NOT_FOUND,Authoritative subcounty could not be mapped to exactly one Prisma target.
1810,Frere Town Ward,Mombasa,Nyali  Sub County,001,0106,Nyali,1823,Frere Town Ward,55,Mombasa,458,Nyali  Sub County,1256,Nyali,WRONG_SUBCOUNTY,NORMALIZED,Expected Prisma SubCounty 1256 (Nyali) but found 458 (Nyali  Sub County).
481,Kirimukuyu Ward,NYERI,Mathira West Sub County,019,1905,Mathira West,1824,Kirimukuyu Ward,69,Nyeri,459,Mathira West Sub County,1380,Mathira West,WRONG_SUBCOUNTY,NORMALIZED,Expected Prisma SubCounty 1380 (Mathira West) but found 459 (Mathira West Sub County).
1787,Kapkures Ward,Nakuru,Nakuru West  Sub County,032,3208,Nakuru West,1825,Kapkures Ward,77,Nakuru,457,Nakuru West  Sub County,1466,Nakuru West,WRONG_SUBCOUNTY,NORMALIZED,Expected Prisma SubCounty 1466 (Nakuru West) but found 457 (Nakuru West  Sub County).
662,Suguta Marmar Ward,SAMBURU,Samburu Central Sub County,025,2501,Samburu Central,1826,Suguta Marmar Ward,72,Samburu,1422,Samburu Central,1422,Samburu Central,CORRECT,NORMALIZED,Prisma ward ownership matches the authoritative target.
1788,Rhoda Ward,Nakuru,Nakuru West  Sub County,032,3208,Nakuru West,1827,Rhoda Ward,77,Nakuru,457,Nakuru West  Sub County,1466,Nakuru West,WRONG_SUBCOUNTY,NORMALIZED,Expected Prisma SubCounty 1466 (Nakuru West) but found 457 (Nakuru West  Sub County).
1789,Shaabab Ward,Nakuru,Nakuru West  Sub County,032,3208,Nakuru West,1828,Shaabab Ward,77,Nakuru,457,Nakuru West  Sub County,1466,Nakuru West,WRONG_SUBCOUNTY,NORMALIZED,Expected Prisma SubCounty 1466 (Nakuru West) but found 457 (Nakuru West  Sub County).
747,Soy North Ward,ELGEYO-MARAKWET,Keiyo South Sub County,028,2802,Keiyo South,1829,Soy North Ward,85,Elgeyo Marakwet,460,Keiyo South Sub County,1437,Keiyo South,WRONG_SUBCOUNTY,NORMALIZED,Expected Prisma SubCounty 1437 (Keiyo South) but found 460 (Keiyo South Sub County).
748,Soy South Ward,ELGEYO-MARAKWET,Keiyo South Sub County,028,2802,Keiyo South,1830,Soy South Ward,85,Elgeyo Marakwet,460,Keiyo South Sub County,1437,Keiyo South,WRONG_SUBCOUNTY,NORMALIZED,Expected Prisma SubCounty 1437 (Keiyo South) but found 460 (Keiyo South Sub County).
1790,Biashara Ward,Nakuru,Nakuru East  Sub County,032,3206,Nakuru East,1831,Biashara Ward,77,Nakuru,461,Nakuru East  Sub County,1464,Nakuru East,WRONG_SUBCOUNTY,NORMALIZED,Expected Prisma SubCounty 1464 (Nakuru East) but found 461 (Nakuru East  Sub County).
755,Kabwareng Ward,NANDI,Aldai Sub County,,,,1832,Kabwareng Ward,88,Nandi,451,Aldai Sub County,,,TARGET_UNRESOLVED,NOT_FOUND,Authoritative subcounty could not be mapped to exactly one Prisma target.
778,Ndalat Ward,NANDI,Mosop Sub County,,,,1833,Ndalat Ward,88,Nandi,462,Mosop Sub County,,,TARGET_UNRESOLVED,NOT_FOUND,Authoritative subcounty could not be mapped to exactly one Prisma target.
1791,Kivumbini Ward,Nakuru,Nakuru East  Sub County,032,3206,Nakuru East,1834,Kivumbini Ward,77,Nakuru,461,Nakuru East  Sub County,1464,Nakuru East,WRONG_SUBCOUNTY,NORMALIZED,Expected Prisma SubCounty 1464 (Nakuru East) but found 461 (Nakuru East  Sub County).
1792,Flamingo Ward,Nakuru,Nakuru East  Sub County,032,3206,Nakuru East,1835,Flamingo Ward,77,Nakuru,461,Nakuru East  Sub County,1464,Nakuru East,WRONG_SUBCOUNTY,NORMALIZED,Expected Prisma SubCounty 1464 (Nakuru East) but found 461 (Nakuru East  Sub County).
1793,Menengai Ward,Nakuru,Nakuru East  Sub County,032,3206,Nakuru East,1836,Menengai Ward,77,Nakuru,461,Nakuru East  Sub County,1464,Nakuru East,WRONG_SUBCOUNTY,NORMALIZED,Expected Prisma SubCounty 1464 (Nakuru East) but found 461 (Nakuru East  Sub County).
781,Tirioko Ward,BARINGO,Tiaty Sub County,030,3007,Tiaty East,1837,Tirioko Ward,90,Baringo,463,Tiaty West Sub County,757,Tiaty East,WRONG_SUBCOUNTY,ALIAS,Expected Prisma SubCounty 757 (Tiaty East) but found 463 (Tiaty West Sub County).
782,Kolowa Ward,BARINGO,Tiaty Sub County,030,3007,Tiaty East,1838,Kolowa Ward,90,Baringo,463,Tiaty West Sub County,757,Tiaty East,WRONG_SUBCOUNTY,ALIAS,Expected Prisma SubCounty 757 (Tiaty East) but found 463 (Tiaty West Sub County).
783,Ribkwo Ward,BARINGO,Tiaty Sub County,030,3007,Tiaty East,1839,Ribkwo Ward,90,Baringo,463,Tiaty West Sub County,757,Tiaty East,WRONG_SUBCOUNTY,ALIAS,Expected Prisma SubCounty 757 (Tiaty East) but found 463 (Tiaty West Sub County).
784,Silale Ward,BARINGO,Tiaty Sub County,030,3007,Tiaty East,1840,Silale Ward,90,Baringo,463,Tiaty West Sub County,757,Tiaty East,WRONG_SUBCOUNTY,ALIAS,Expected Prisma SubCounty 757 (Tiaty East) but found 463 (Tiaty West Sub County).
785,Loiyamorok Ward,BARINGO,Tiaty Sub County,030,3007,Tiaty East,1841,Loiyamorok Ward,90,Baringo,463,Tiaty West Sub County,757,Tiaty East,WRONG_SUBCOUNTY,ALIAS,Expected Prisma SubCounty 757 (Tiaty East) but found 463 (Tiaty West Sub County).
1813,Kongowea Ward,Mombasa,Nyali  Sub County,001,0106,Nyali,1842,Kongowea Ward,55,Mombasa,458,Nyali  Sub County,1256,Nyali,WRONG_SUBCOUNTY,NORMALIZED,Expected Prisma SubCounty 1256 (Nyali) but found 458 (Nyali  Sub County).
814,Marmanet Ward,LAIKIPIA,Laikipia West Sub County,031,3104,Laikipia West,1843,Marmanet Ward,91,Laikipia,464,Laikipia West Sub County,1457,Laikipia West,WRONG_SUBCOUNTY,NORMALIZED,Expected Prisma SubCounty 1457 (Laikipia West) but found 464 (Laikipia West Sub County).
815,Igwamiti Ward,LAIKIPIA,Laikipia West Sub County,031,3104,Laikipia West,1844,Igwamiti Ward,91,Laikipia,464,Laikipia West Sub County,1457,Laikipia West,WRONG_SUBCOUNTY,NORMALIZED,Expected Prisma SubCounty 1457 (Laikipia West) but found 464 (Laikipia West Sub County).
816,Salama Ward,LAIKIPIA,Laikipia West Sub County,031,3104,Laikipia West,1845,Salama Ward,91,Laikipia,464,Laikipia West Sub County,1457,Laikipia West,WRONG_SUBCOUNTY,NORMALIZED,Expected Prisma SubCounty 1457 (Laikipia West) but found 464 (Laikipia West Sub County).
817,Ngobit Ward,LAIKIPIA,Laikipia East Sub County,031,3102,Laikipia East,1846,Ngobit Ward,91,Laikipia,465,Laikipia East Sub County,1455,Laikipia East,WRONG_SUBCOUNTY,NORMALIZED,Expected Prisma SubCounty 1455 (Laikipia East) but found 465 (Laikipia East Sub County).
818,Tigithi Ward,LAIKIPIA,Laikipia East Sub County,031,3102,Laikipia East,1847,Tigithi Ward,91,Laikipia,465,Laikipia East Sub County,1455,Laikipia East,WRONG_SUBCOUNTY,NORMALIZED,Expected Prisma SubCounty 1455 (Laikipia East) but found 465 (Laikipia East Sub County).
819,Thingithu Ward,LAIKIPIA,Laikipia East Sub County,031,3102,Laikipia East,1848,Thingithu Ward,91,Laikipia,465,Laikipia East Sub County,1455,Laikipia East,WRONG_SUBCOUNTY,NORMALIZED,Expected Prisma SubCounty 1455 (Laikipia East) but found 465 (Laikipia East Sub County).
820,Nanyuki Ward,LAIKIPIA,Laikipia East Sub County,031,3102,Laikipia East,1849,Nanyuki Ward,91,Laikipia,465,Laikipia East Sub County,1455,Laikipia East,WRONG_SUBCOUNTY,NORMALIZED,Expected Prisma SubCounty 1455 (Laikipia East) but found 465 (Laikipia East Sub County).
1821,Tudor Ward,Mombasa,Mvita  Sub County,001,0105,Mvita,1850,Tudor Ward,55,Mombasa,466,Mvita  Sub County,1255,Mvita,WRONG_SUBCOUNTY,NORMALIZED,Expected Prisma SubCounty 1255 (Mvita) but found 466 (Mvita  Sub County).
1777,Mosop Ward,Nakuru,Rongai  Sub County,032,3210,Rongai,1851,Mosop Ward,77,Nakuru,434,Rongai  Sub County,1468,Rongai,WRONG_SUBCOUNTY,NORMALIZED,Expected Prisma SubCounty 1468 (Rongai) but found 434 (Rongai  Sub County).
1778,Solai Ward,Nakuru,Rongai  Sub County,032,3210,Rongai,1852,Solai Ward,77,Nakuru,434,Rongai  Sub County,1468,Rongai,WRONG_SUBCOUNTY,NORMALIZED,Expected Prisma SubCounty 1468 (Rongai) but found 434 (Rongai  Sub County).
117,Werugha Ward,TAITA TAVETA,Wundanyi Sub County,,,,1853,Werugha Ward,59,Taita Taveta,303,Wundanyi Sub County,,,TARGET_UNRESOLVED,NOT_FOUND,Authoritative subcounty could not be mapped to exactly one Prisma target.
1784,Barut Ward,Nakuru,Nakuru West  Sub County,032,3208,Nakuru West,1854,Barut Ward,77,Nakuru,457,Nakuru West  Sub County,1466,Nakuru West,WRONG_SUBCOUNTY,NORMALIZED,Expected Prisma SubCounty 1466 (Nakuru West) but found 457 (Nakuru West  Sub County).
1785,London Ward,Nakuru,Nakuru West  Sub County,032,3208,Nakuru West,1855,London Ward,77,Nakuru,457,Nakuru West  Sub County,1466,Nakuru West,WRONG_SUBCOUNTY,NORMALIZED,Expected Prisma SubCounty 1466 (Nakuru West) but found 457 (Nakuru West  Sub County).
1799,Chaani Ward,Mombasa,Changamwe Sub County,001,0101,Changamwe,1856,Chaani Ward,55,Mombasa,1251,Changamwe,1251,Changamwe,CORRECT,NORMALIZED,Prisma ward ownership matches the authoritative target.
911,Olkeri Ward,KAJIADO,Kajiado North Sub County,034,3403,Kajiado North,1857,Olkeri Ward,92,Kajiado,1478,Kajiado North,1478,Kajiado North,CORRECT,NORMALIZED,Prisma ward ownership matches the authoritative target.
912,Ongata rongai Ward,KAJIADO,Kajiado North Sub County,034,3403,Kajiado North,1858,Ongata rongai Ward,92,Kajiado,1478,Kajiado North,1478,Kajiado North,CORRECT,NORMALIZED,Prisma ward ownership matches the authoritative target.
913,Nkaimurunya Ward,KAJIADO,Kajiado North Sub County,034,3403,Kajiado North,1859,Nkaimurunya Ward,92,Kajiado,1478,Kajiado North,1478,Kajiado North,CORRECT,NORMALIZED,Prisma ward ownership matches the authoritative target.
914,Oloolua Ward,KAJIADO,Kajiado North Sub County,034,3403,Kajiado North,1860,Oloolua Ward,92,Kajiado,1478,Kajiado North,1478,Kajiado North,CORRECT,NORMALIZED,Prisma ward ownership matches the authoritative target.
915,Ngong Ward,KAJIADO,Kajiado North Sub County,034,3403,Kajiado North,1861,Ngong Ward,92,Kajiado,1478,Kajiado North,1478,Kajiado North,CORRECT,NORMALIZED,Prisma ward ownership matches the authoritative target.
916,Purko Ward,KAJIADO,Kajiado Central Sub County,034,3402,Kajiado Central,1862,Purko Ward,92,Kajiado,468,Kajiado Central Sub County,1477,Kajiado Central,WRONG_SUBCOUNTY,NORMALIZED,Expected Prisma SubCounty 1477 (Kajiado Central) but found 468 (Kajiado Central Sub County).
917,Ildamat Ward,KAJIADO,Kajiado Central Sub County,034,3402,Kajiado Central,1863,Ildamat Ward,92,Kajiado,468,Kajiado Central Sub County,1477,Kajiado Central,WRONG_SUBCOUNTY,NORMALIZED,Expected Prisma SubCounty 1477 (Kajiado Central) but found 468 (Kajiado Central Sub County).
918,Dalalekutuk Ward,KAJIADO,Kajiado Central Sub County,034,3402,Kajiado Central,1864,Dalalekutuk Ward,92,Kajiado,468,Kajiado Central Sub County,1477,Kajiado Central,WRONG_SUBCOUNTY,NORMALIZED,Expected Prisma SubCounty 1477 (Kajiado Central) but found 468 (Kajiado Central Sub County).
919,Matapato north Ward,KAJIADO,Kajiado Central Sub County,034,3402,Kajiado Central,1865,Matapato north Ward,92,Kajiado,468,Kajiado Central Sub County,1477,Kajiado Central,WRONG_SUBCOUNTY,NORMALIZED,Expected Prisma SubCounty 1477 (Kajiado Central) but found 468 (Kajiado Central Sub County).
920,Matapato south Ward,KAJIADO,Kajiado Central Sub County,034,3402,Kajiado Central,1866,Matapato south Ward,92,Kajiado,468,Kajiado Central Sub County,1477,Kajiado Central,WRONG_SUBCOUNTY,NORMALIZED,Expected Prisma SubCounty 1477 (Kajiado Central) but found 468 (Kajiado Central Sub County).
921,Kaputiei north Ward,KAJIADO,Kajiado East Sub County,,,,1867,Kaputiei north Ward,92,Kajiado,469,Kajiado East Sub County,,,TARGET_UNRESOLVED,NOT_FOUND,Authoritative subcounty could not be mapped to exactly one Prisma target.
922,Kitengela Ward,KAJIADO,Kajiado East Sub County,,,,1868,Kitengela Ward,92,Kajiado,469,Kajiado East Sub County,,,TARGET_UNRESOLVED,NOT_FOUND,Authoritative subcounty could not be mapped to exactly one Prisma target.
923,Oloosirkon/sholinke Ward,KAJIADO,Kajiado East Sub County,,,,1869,Oloosirkon/sholinke Ward,92,Kajiado,469,Kajiado East Sub County,,,TARGET_UNRESOLVED,NOT_FOUND,Authoritative subcounty could not be mapped to exactly one Prisma target.
924,Kenyawa-poka Ward,KAJIADO,Kajiado East Sub County,,,,1870,Kenyawa-poka Ward,92,Kajiado,469,Kajiado East Sub County,,,TARGET_UNRESOLVED,NOT_FOUND,Authoritative subcounty could not be mapped to exactly one Prisma target.
925,Imaroro Ward,KAJIADO,Kajiado East Sub County,,,,1871,Imaroro Ward,92,Kajiado,469,Kajiado East Sub County,,,TARGET_UNRESOLVED,NOT_FOUND,Authoritative subcounty could not be mapped to exactly one Prisma target.
926,Keekonyokie Ward,KAJIADO,Kajiado West Sub County,034,3404,Kajiado West,1872,Keekonyokie Ward,92,Kajiado,470,Kajiado West Sub County,1479,Kajiado West,WRONG_SUBCOUNTY,NORMALIZED,Expected Prisma SubCounty 1479 (Kajiado West) but found 470 (Kajiado West Sub County).
1912,Manyatta B Ward,Kisumu,Kisumu East Sub County,042,4201,Kisumu East,1873,Manyatta B Ward,93,Kisumu,471,Kisumu East Sub County,1535,Kisumu East,WRONG_SUBCOUNTY,NORMALIZED,Expected Prisma SubCounty 1535 (Kisumu East) but found 471 (Kisumu East Sub County).
943,Chilchila Ward,KERICHO,Kipkelion West Sub County,,,,1874,Chilchila Ward,56,Kericho,472,Kipkelion West Sub County,,,TARGET_UNRESOLVED,NOT_FOUND,Authoritative subcounty could not be mapped to exactly one Prisma target.
944,Kapsoit Ward,KERICHO,Ainamoi Sub County,,,,1875,Kapsoit Ward,56,Kericho,295,AINAMOI,,,TARGET_UNRESOLVED,NOT_FOUND,Authoritative subcounty could not be mapped to exactly one Prisma target.
945,Ainamoi Ward,KERICHO,Ainamoi Sub County,,,,1876,Ainamoi Ward,56,Kericho,295,AINAMOI,,,TARGET_UNRESOLVED,NOT_FOUND,Authoritative subcounty could not be mapped to exactly one Prisma target.
946,Kapkugerwet Ward,KERICHO,Ainamoi Sub County,,,,1877,Kapkugerwet Ward,56,Kericho,295,AINAMOI,,,TARGET_UNRESOLVED,NOT_FOUND,Authoritative subcounty could not be mapped to exactly one Prisma target.
947,Kipchebor Ward,KERICHO,Ainamoi Sub County,,,,1878,Kipchebor Ward,56,Kericho,295,AINAMOI,,,TARGET_UNRESOLVED,NOT_FOUND,Authoritative subcounty could not be mapped to exactly one Prisma target.
948,Kipchimchim Ward,KERICHO,Ainamoi Sub County,,,,1879,Kipchimchim Ward,56,Kericho,295,AINAMOI,,,TARGET_UNRESOLVED,NOT_FOUND,Authoritative subcounty could not be mapped to exactly one Prisma target.
949,Kapsaos Ward,KERICHO,Ainamoi Sub County,,,,1880,Kapsaos Ward,56,Kericho,295,AINAMOI,,,TARGET_UNRESOLVED,NOT_FOUND,Authoritative subcounty could not be mapped to exactly one Prisma target.
950,Kisiara Ward,KERICHO,Bureti Sub County,035,3502,Bureti,1881,Kisiara Ward,56,Kericho,473,Bureti Sub County,1483,Bureti,WRONG_SUBCOUNTY,NORMALIZED,Expected Prisma SubCounty 1483 (Bureti) but found 473 (Bureti Sub County).
951,Tebesonik Ward,KERICHO,Bureti Sub County,035,3502,Bureti,1882,Tebesonik Ward,56,Kericho,473,Bureti Sub County,1483,Bureti,WRONG_SUBCOUNTY,NORMALIZED,Expected Prisma SubCounty 1483 (Bureti) but found 473 (Bureti Sub County).
952,Cheboin Ward,KERICHO,Bureti Sub County,035,3502,Bureti,1883,Cheboin Ward,56,Kericho,473,Bureti Sub County,1483,Bureti,WRONG_SUBCOUNTY,NORMALIZED,Expected Prisma SubCounty 1483 (Bureti) but found 473 (Bureti Sub County).
953,Chemosot Ward,KERICHO,Bureti Sub County,035,3502,Bureti,1884,Chemosot Ward,56,Kericho,473,Bureti Sub County,1483,Bureti,WRONG_SUBCOUNTY,NORMALIZED,Expected Prisma SubCounty 1483 (Bureti) but found 473 (Bureti Sub County).
954,Litein Ward,KERICHO,Bureti Sub County,035,3502,Bureti,1885,Litein Ward,56,Kericho,473,Bureti Sub County,1483,Bureti,WRONG_SUBCOUNTY,NORMALIZED,Expected Prisma SubCounty 1483 (Bureti) but found 473 (Bureti Sub County).
955,Cheplanget Ward,KERICHO,Bureti Sub County,035,3502,Bureti,1886,Cheplanget Ward,56,Kericho,473,Bureti Sub County,1483,Bureti,WRONG_SUBCOUNTY,NORMALIZED,Expected Prisma SubCounty 1483 (Bureti) but found 473 (Bureti Sub County).
957,Waldai Ward,KERICHO,Belgut Sub County,035,3501,Belgut,1887,Waldai Ward,56,Kericho,1482,Belgut,1482,Belgut,CORRECT,NORMALIZED,Prisma ward ownership matches the authoritative target.
958,Kabianga Ward,KERICHO,Belgut Sub County,035,3501,Belgut,1888,Kabianga Ward,56,Kericho,1482,Belgut,1482,Belgut,CORRECT,NORMALIZED,Prisma ward ownership matches the authoritative target.
1814,Kadzandani Ward,Mombasa,Nyali  Sub County,001,0106,Nyali,1889,Kadzandani Ward,55,Mombasa,458,Nyali  Sub County,1256,Nyali,WRONG_SUBCOUNTY,NORMALIZED,Expected Prisma SubCounty 1256 (Nyali) but found 458 (Nyali  Sub County).
1794,Nakuru East Ward,Nakuru,Nakuru East  Sub County,032,3206,Nakuru East,1890,Nakuru East Ward,77,Nakuru,461,Nakuru East  Sub County,1464,Nakuru East,WRONG_SUBCOUNTY,NORMALIZED,Expected Prisma SubCounty 1464 (Nakuru East) but found 461 (Nakuru East  Sub County).
1795,Port Reitz Ward,Mombasa,Changamwe Sub County,001,0101,Changamwe,1891,Port Reitz Ward,55,Mombasa,1251,Changamwe,1251,Changamwe,CORRECT,NORMALIZED,Prisma ward ownership matches the authoritative target.
962,Sigowet Ward,KERICHO,Sigowet/Soin Sub County,,,,1892,Sigowet Ward,56,Kericho,474,Sigowet/Soin Sub County,,,TARGET_UNRESOLVED,NOT_FOUND,Authoritative subcounty could not be mapped to exactly one Prisma target.
963,Kaplelartet Ward,KERICHO,Sigowet/Soin Sub County,,,,1893,Kaplelartet Ward,56,Kericho,474,Sigowet/Soin Sub County,,,TARGET_UNRESOLVED,NOT_FOUND,Authoritative subcounty could not be mapped to exactly one Prisma target.
964,Soliat Ward,KERICHO,Sigowet/Soin Sub County,,,,1894,Soliat Ward,56,Kericho,474,Sigowet/Soin Sub County,,,TARGET_UNRESOLVED,NOT_FOUND,Authoritative subcounty could not be mapped to exactly one Prisma target.
965,Soin Ward,KERICHO,Sigowet/Soin Sub County,,,,1895,Soin Ward,56,Kericho,474,Sigowet/Soin Sub County,,,TARGET_UNRESOLVED,NOT_FOUND,Authoritative subcounty could not be mapped to exactly one Prisma target.
1816,Shika Adabu Ward,Mombasa,Likoni  Sub County,001,0104,Likoni,1896,Shika Adabu Ward,55,Mombasa,475,Likoni  Sub County,1254,Likoni,WRONG_SUBCOUNTY,NORMALIZED,Expected Prisma SubCounty 1254 (Likoni) but found 475 (Likoni  Sub County).
1804,Junda Ward,Mombasa,Kisauni  Sub County,001,0103,Kisauni,1897,Junda Ward,55,Mombasa,426,Kisauni  Sub County,1253,Kisauni,WRONG_SUBCOUNTY,NORMALIZED,Expected Prisma SubCounty 1253 (Kisauni) but found 426 (Kisauni  Sub County).
1805,Bamburi Ward,Mombasa,Kisauni  Sub County,001,0103,Kisauni,1898,Bamburi Ward,55,Mombasa,426,Kisauni  Sub County,1253,Kisauni,WRONG_SUBCOUNTY,NORMALIZED,Expected Prisma SubCounty 1253 (Kisauni) but found 426 (Kisauni  Sub County).
1806,Mwakirunge Ward,Mombasa,Kisauni  Sub County,001,0103,Kisauni,1899,Mwakirunge Ward,55,Mombasa,426,Kisauni  Sub County,1253,Kisauni,WRONG_SUBCOUNTY,NORMALIZED,Expected Prisma SubCounty 1253 (Kisauni) but found 426 (Kisauni  Sub County).
1807,Mtopanga Ward,Mombasa,Kisauni  Sub County,001,0103,Kisauni,1900,Mtopanga Ward,55,Mombasa,426,Kisauni  Sub County,1253,Kisauni,WRONG_SUBCOUNTY,NORMALIZED,Expected Prisma SubCounty 1253 (Kisauni) but found 426 (Kisauni  Sub County).
1913,Nyalenda A Ward,Kisumu,Kisumu East Sub County,042,4201,Kisumu East,1901,Nyalenda A Ward,93,Kisumu,471,Kisumu East Sub County,1535,Kisumu East,WRONG_SUBCOUNTY,NORMALIZED,Expected Prisma SubCounty 1535 (Kisumu East) but found 471 (Kisumu East Sub County).
1809,Shanzu Ward,Mombasa,Kisauni  Sub County,001,0103,Kisauni,1902,Shanzu Ward,55,Mombasa,426,Kisauni  Sub County,1253,Kisauni,WRONG_SUBCOUNTY,NORMALIZED,Expected Prisma SubCounty 1253 (Kisauni) but found 426 (Kisauni  Sub County).
1811,Ziwa La Ng'ombe Ward,Mombasa,Nyali  Sub County,001,0106,Nyali,1903,Ziwa La Ng'ombe Ward,55,Mombasa,458,Nyali  Sub County,1256,Nyali,WRONG_SUBCOUNTY,NORMALIZED,Expected Prisma SubCounty 1256 (Nyali) but found 458 (Nyali  Sub County).
1812,Mkomani Ward,Mombasa,Nyali  Sub County,001,0106,Nyali,1904,Mkomani Ward,55,Mombasa,458,Nyali  Sub County,1256,Nyali,WRONG_SUBCOUNTY,NORMALIZED,Expected Prisma SubCounty 1256 (Nyali) but found 458 (Nyali  Sub County).
1815,Mtongwe Ward,Mombasa,Likoni  Sub County,001,0104,Likoni,1905,Mtongwe Ward,55,Mombasa,475,Likoni  Sub County,1254,Likoni,WRONG_SUBCOUNTY,NORMALIZED,Expected Prisma SubCounty 1254 (Likoni) but found 475 (Likoni  Sub County).
125,Mbololo Ward,TAITA TAVETA,Voi Sub County,006,0604,Voi,1906,Mbololo Ward,59,Taita Taveta,1279,Voi,1279,Voi,CORRECT,NORMALIZED,Prisma ward ownership matches the authoritative target.
1817,Bofu Ward,Mombasa,Likoni  Sub County,001,0104,Likoni,1907,Bofu Ward,55,Mombasa,475,Likoni  Sub County,1254,Likoni,WRONG_SUBCOUNTY,NORMALIZED,Expected Prisma SubCounty 1254 (Likoni) but found 475 (Likoni  Sub County).
1826,Sokoni Ward,Kilifi,Kilifi North Sub County,003,0305,Kilifi North,1908,Sokoni Ward,73,Kilifi,1266,Kilifi North,1266,Kilifi North,CORRECT,NORMALIZED,Prisma ward ownership matches the authoritative target.
1828,Dabaso Ward,Kilifi,Kilifi North Sub County,003,0305,Kilifi North,1909,Dabaso Ward,73,Kilifi,1266,Kilifi North,1266,Kilifi North,CORRECT,NORMALIZED,Prisma ward ownership matches the authoritative target.
1830,Watamu Ward,Kilifi,Kilifi North Sub County,003,0305,Kilifi North,1910,Watamu Ward,73,Kilifi,1266,Kilifi North,1266,Kilifi North,CORRECT,NORMALIZED,Prisma ward ownership matches the authoritative target.
1833,Mwarakaya Ward,Kilifi,Kilifi South Sub County,003,0306,Kilifi South,1911,Mwarakaya Ward,73,Kilifi,1267,Kilifi South,1267,Kilifi South,CORRECT,NORMALIZED,Prisma ward ownership matches the authoritative target.
1835,Chasimba Ward,Kilifi,Kilifi South Sub County,003,0306,Kilifi South,1912,Chasimba Ward,73,Kilifi,1267,Kilifi South,1267,Kilifi South,CORRECT,NORMALIZED,Prisma ward ownership matches the authoritative target.
1836,Mtepeni Ward,Kilifi,Kilifi South Sub County,003,0306,Kilifi South,1913,Mtepeni Ward,73,Kilifi,1267,Kilifi South,1267,Kilifi South,CORRECT,NORMALIZED,Prisma ward ownership matches the authoritative target.
1837,Mariakani Ward,Kilifi,Kaloleni Sub County,003,0303,Kaloleni,1914,Mariakani Ward,73,Kilifi,476,Kaloleni Sub County,1264,Kaloleni,WRONG_SUBCOUNTY,NORMALIZED,Expected Prisma SubCounty 1264 (Kaloleni) but found 476 (Kaloleni Sub County).
1838,Kayafungo Ward,Kilifi,Kaloleni Sub County,003,0303,Kaloleni,1915,Kayafungo Ward,73,Kilifi,476,Kaloleni Sub County,1264,Kaloleni,WRONG_SUBCOUNTY,NORMALIZED,Expected Prisma SubCounty 1264 (Kaloleni) but found 476 (Kaloleni Sub County).
1839,Kaloleni Ward,Kilifi,Kaloleni Sub County,003,0303,Kaloleni,1916,Kaloleni Ward,73,Kilifi,476,Kaloleni Sub County,1264,Kaloleni,WRONG_SUBCOUNTY,NORMALIZED,Expected Prisma SubCounty 1264 (Kaloleni) but found 476 (Kaloleni Sub County).
1840,Mwanamwinga Ward,Kilifi,Kaloleni Sub County,003,0303,Kaloleni,1917,Mwanamwinga Ward,73,Kilifi,476,Kaloleni Sub County,1264,Kaloleni,WRONG_SUBCOUNTY,NORMALIZED,Expected Prisma SubCounty 1264 (Kaloleni) but found 476 (Kaloleni Sub County).
1843,Kambe/ribe Ward,Kilifi,Rabai Sub County,003,0309,Rabai,1918,Kambe/ribe Ward,73,Kilifi,423,Rabai Sub County,1270,Rabai,WRONG_SUBCOUNTY,NORMALIZED,Expected Prisma SubCounty 1270 (Rabai) but found 423 (Rabai Sub County).
1922,Shauri Moyo Kaloleni Ward,Kisumu,Kisumu Central Sub County,042,4202,Kisumu Central,1919,Shauri Moyo Kaloleni Ward,93,Kisumu,477,Kisumu Central Sub County,1536,Kisumu Central,WRONG_SUBCOUNTY,NORMALIZED,Expected Prisma SubCounty 1536 (Kisumu Central) but found 477 (Kisumu Central Sub County).
1846,Bamba Ward,Kilifi,Ganze Sub County,003,0302,Ganze,1920,Bamba Ward,73,Kilifi,478,Ganze Sub County,1263,Ganze,WRONG_SUBCOUNTY,NORMALIZED,Expected Prisma SubCounty 1263 (Ganze) but found 478 (Ganze Sub County).
1847,Jaribuni Ward,Kilifi,Ganze Sub County,003,0302,Ganze,1921,Jaribuni Ward,73,Kilifi,478,Ganze Sub County,1263,Ganze,WRONG_SUBCOUNTY,NORMALIZED,Expected Prisma SubCounty 1263 (Ganze) but found 478 (Ganze Sub County).
1849,Jilore Ward,Kilifi,Malindi Sub County,003,0308,Malindi,1922,Jilore Ward,73,Kilifi,479,Malindi Sub County,1269,Malindi,WRONG_SUBCOUNTY,NORMALIZED,Expected Prisma SubCounty 1269 (Malindi) but found 479 (Malindi Sub County).
1850,Kakuyuni Ward,Kilifi,Malindi Sub County,003,0308,Malindi,1923,Kakuyuni Ward,73,Kilifi,479,Malindi Sub County,1269,Malindi,WRONG_SUBCOUNTY,NORMALIZED,Expected Prisma SubCounty 1269 (Malindi) but found 479 (Malindi Sub County).
1853,Shella Ward,Kilifi,Malindi Sub County,003,0308,Malindi,1924,Shella Ward,73,Kilifi,479,Malindi Sub County,1269,Malindi,WRONG_SUBCOUNTY,NORMALIZED,Expected Prisma SubCounty 1269 (Malindi) but found 479 (Malindi Sub County).
1854,Marafa Ward,Kilifi,Magarini Sub County,003,0307,Magarini,1925,Marafa Ward,73,Kilifi,480,Magarini Sub County,1268,Magarini,WRONG_SUBCOUNTY,NORMALIZED,Expected Prisma SubCounty 1268 (Magarini) but found 480 (Magarini Sub County).
1855,Magarini Ward,Kilifi,Magarini Sub County,003,0307,Magarini,1926,Magarini Ward,73,Kilifi,480,Magarini Sub County,1268,Magarini,WRONG_SUBCOUNTY,NORMALIZED,Expected Prisma SubCounty 1268 (Magarini) but found 480 (Magarini Sub County).
1879,West Ugenya Ward,Siaya,Ugenya Sub County,041,4103,Ugenya,1927,West Ugenya Ward,83,Siaya,481,Ugenya Sub County,1531,Ugenya,WRONG_SUBCOUNTY,NORMALIZED,Expected Prisma SubCounty 1531 (Ugenya) but found 481 (Ugenya Sub County).
1880,Ukwala Ward,Siaya,Ugenya Sub County,041,4103,Ugenya,1928,Ukwala Ward,83,Siaya,481,Ugenya Sub County,1531,Ugenya,WRONG_SUBCOUNTY,NORMALIZED,Expected Prisma SubCounty 1531 (Ugenya) but found 481 (Ugenya Sub County).
1881,North Ugenya Ward,Siaya,Ugenya Sub County,041,4103,Ugenya,1929,North Ugenya Ward,83,Siaya,481,Ugenya Sub County,1531,Ugenya,WRONG_SUBCOUNTY,NORMALIZED,Expected Prisma SubCounty 1531 (Ugenya) but found 481 (Ugenya Sub County).
1882,East Ugenya Ward,Siaya,Ugenya Sub County,041,4103,Ugenya,1930,East Ugenya Ward,83,Siaya,481,Ugenya Sub County,1531,Ugenya,WRONG_SUBCOUNTY,NORMALIZED,Expected Prisma SubCounty 1531 (Ugenya) but found 481 (Ugenya Sub County).
1883,Sidindi Ward,Siaya,Ugunja Sub County,041,4104,Ugunja,1931,Sidindi Ward,83,Siaya,482,Ugunja Sub County,1532,Ugunja,WRONG_SUBCOUNTY,NORMALIZED,Expected Prisma SubCounty 1532 (Ugunja) but found 482 (Ugunja Sub County).
1884,Sigomere Ward,Siaya,Ugunja Sub County,041,4104,Ugunja,1932,Sigomere Ward,83,Siaya,482,Ugunja Sub County,1532,Ugunja,WRONG_SUBCOUNTY,NORMALIZED,Expected Prisma SubCounty 1532 (Ugunja) but found 482 (Ugunja Sub County).
1885,Ugunja Ward,Siaya,Ugunja Sub County,041,4104,Ugunja,1933,Ugunja Ward,83,Siaya,482,Ugunja Sub County,1532,Ugunja,WRONG_SUBCOUNTY,NORMALIZED,Expected Prisma SubCounty 1532 (Ugunja) but found 482 (Ugunja Sub County).
1886,Usonga Ward,Siaya,Alego Usonga Sub County,,,,1934,Usonga Ward,83,Siaya,483,Alego Usonga Sub County,,,TARGET_UNRESOLVED,NOT_FOUND,Authoritative subcounty could not be mapped to exactly one Prisma target.
1887,West Alego Ward,Siaya,Alego Usonga Sub County,,,,1935,West Alego Ward,83,Siaya,483,Alego Usonga Sub County,,,TARGET_UNRESOLVED,NOT_FOUND,Authoritative subcounty could not be mapped to exactly one Prisma target.
1888,Central Alego Ward,Siaya,Alego Usonga Sub County,,,,1936,Central Alego Ward,83,Siaya,483,Alego Usonga Sub County,,,TARGET_UNRESOLVED,NOT_FOUND,Authoritative subcounty could not be mapped to exactly one Prisma target.
1889,Siaya Township Ward,Siaya,Alego Usonga Sub County,,,,1937,Siaya Township Ward,83,Siaya,483,Alego Usonga Sub County,,,TARGET_UNRESOLVED,NOT_FOUND,Authoritative subcounty could not be mapped to exactly one Prisma target.
1890,Gombato Bongwe Ward,Kwale,Msambweni Sub County,002,0204,Msambweni,1938,Gombato Bongwe Ward,84,Kwale,443,Msambweni Sub County,1260,Msambweni,WRONG_SUBCOUNTY,NORMALIZED,Expected Prisma SubCounty 1260 (Msambweni) but found 443 (Msambweni Sub County).
126,Sagala Ward,TAITA TAVETA,Voi Sub County,006,0604,Voi,1939,Sagala Ward,59,Taita Taveta,1279,Voi,1279,Voi,CORRECT,NORMALIZED,Prisma ward ownership matches the authoritative target.
1915,South West Kisumu Ward,Kisumu,Kisumu West Sub County,042,4203,Kisumu West,1940,South West Kisumu Ward,93,Kisumu,484,Kisumu West Sub County,1537,Kisumu West,WRONG_SUBCOUNTY,NORMALIZED,Expected Prisma SubCounty 1537 (Kisumu West) but found 484 (Kisumu West Sub County).
2005,Nyakoe Ward,Kisii,Kitutu Chache South Sub County,,,,1941,Nyakoe Ward,87,Kisii,485,Kitutu Chache South Sub County,,,TARGET_UNRESOLVED,NOT_FOUND,Authoritative subcounty could not be mapped to exactly one Prisma target.
2006,Kisii Central Ward,Kisii,Kitutu Chache South Sub County,,,,1942,Kisii Central Ward,87,Kisii,485,Kitutu Chache South Sub County,,,TARGET_UNRESOLVED,NOT_FOUND,Authoritative subcounty could not be mapped to exactly one Prisma target.
2008,Parklands/highridge Ward,Nairobi,Westlands  Sub County,,,,1943,Parklands/highridge Ward,79,Nairobi City,486,Westlands  Sub County,,,TARGET_UNRESOLVED,NOT_FOUND,Authoritative subcounty could not be mapped to exactly one Prisma target.
2012,Kilimani Ward,Nairobi,Dagoretti North Sub County,,,,1944,Kilimani Ward,79,Nairobi City,487,Dagoretti North Sub County,,,TARGET_UNRESOLVED,NOT_FOUND,Authoritative subcounty could not be mapped to exactly one Prisma target.
2015,Kileleshwa Ward,Nairobi,Dagoretti North Sub County,,,,1945,Kileleshwa Ward,79,Nairobi City,487,Dagoretti North Sub County,,,TARGET_UNRESOLVED,NOT_FOUND,Authoritative subcounty could not be mapped to exactly one Prisma target.
802,Mogotio Ward,BARINGO,Mogotio Sub County,030,3006,Mogotio,1946,Mogotio Ward,90,Baringo,488,Mogotio Sub County,1451,Mogotio,WRONG_SUBCOUNTY,NORMALIZED,Expected Prisma SubCounty 1451 (Mogotio) but found 488 (Mogotio Sub County).
803,Emining Ward,BARINGO,Mogotio Sub County,030,3006,Mogotio,1947,Emining Ward,90,Baringo,488,Mogotio Sub County,1451,Mogotio,WRONG_SUBCOUNTY,NORMALIZED,Expected Prisma SubCounty 1451 (Mogotio) but found 488 (Mogotio Sub County).
804,Kisanana Ward,BARINGO,Mogotio Sub County,030,3006,Mogotio,1948,Kisanana Ward,90,Baringo,488,Mogotio Sub County,1451,Mogotio,WRONG_SUBCOUNTY,NORMALIZED,Expected Prisma SubCounty 1451 (Mogotio) but found 488 (Mogotio Sub County).
805,Lembus Ward,BARINGO,Koibatek Sub County,030,3004,Koibatek,1949,Lembus Ward,90,Baringo,489,Koibatek Sub County,1449,Koibatek,WRONG_SUBCOUNTY,NORMALIZED,Expected Prisma SubCounty 1449 (Koibatek) but found 489 (Koibatek Sub County).
806,Lembus kwen Ward,BARINGO,Koibatek Sub County,030,3004,Koibatek,1950,Lembus kwen Ward,90,Baringo,489,Koibatek Sub County,1449,Koibatek,WRONG_SUBCOUNTY,NORMALIZED,Expected Prisma SubCounty 1449 (Koibatek) but found 489 (Koibatek Sub County).
807,Ravine Ward,BARINGO,Koibatek Sub County,030,3004,Koibatek,1951,Ravine Ward,90,Baringo,489,Koibatek Sub County,1449,Koibatek,WRONG_SUBCOUNTY,NORMALIZED,Expected Prisma SubCounty 1449 (Koibatek) but found 489 (Koibatek Sub County).
808,Mumberes/Maji Mazuri Ward,BARINGO,Koibatek Sub County,030,3004,Koibatek,1952,Mumberes/Maji Mazuri Ward,90,Baringo,489,Koibatek Sub County,1449,Koibatek,WRONG_SUBCOUNTY,NORMALIZED,Expected Prisma SubCounty 1449 (Koibatek) but found 489 (Koibatek Sub County).
809,Lembus/Perkerra Ward,BARINGO,Koibatek Sub County,030,3004,Koibatek,1953,Lembus/Perkerra Ward,90,Baringo,489,Koibatek Sub County,1449,Koibatek,WRONG_SUBCOUNTY,NORMALIZED,Expected Prisma SubCounty 1449 (Koibatek) but found 489 (Koibatek Sub County).
810,Koibatek Ward,BARINGO,Koibatek Sub County,030,3004,Koibatek,1954,Koibatek Ward,90,Baringo,489,Koibatek Sub County,1449,Koibatek,WRONG_SUBCOUNTY,NORMALIZED,Expected Prisma SubCounty 1449 (Koibatek) but found 489 (Koibatek Sub County).
811,Ol-Moran Ward,LAIKIPIA,Laikipia West Sub County,031,3104,Laikipia West,1955,Ol-Moran Ward,91,Laikipia,464,Laikipia West Sub County,1457,Laikipia West,WRONG_SUBCOUNTY,NORMALIZED,Expected Prisma SubCounty 1457 (Laikipia West) but found 464 (Laikipia West Sub County).
812,Rumuruti Township Ward,LAIKIPIA,Laikipia West Sub County,031,3104,Laikipia West,1956,Rumuruti Township Ward,91,Laikipia,464,Laikipia West Sub County,1457,Laikipia West,WRONG_SUBCOUNTY,NORMALIZED,Expected Prisma SubCounty 1457 (Laikipia West) but found 464 (Laikipia West Sub County).
2030,Woodley/kenyatta Golf Course Ward,Nairobi,Kibra  Sub County,047,4705,Kibra,1957,Woodley/kenyatta Golf Course Ward,79,Nairobi City,490,Kibra  Sub County,1576,Kibra,WRONG_SUBCOUNTY,NORMALIZED,Expected Prisma SubCounty 1576 (Kibra) but found 490 (Kibra  Sub County).
937,Kedowa/kimugul Ward,KERICHO,Kipkelion East Sub County,,,,1958,Kedowa/kimugul Ward,56,Kericho,491,Kipkelion East Sub County,,,TARGET_UNRESOLVED,NOT_FOUND,Authoritative subcounty could not be mapped to exactly one Prisma target.
938,Chepseon Ward,KERICHO,Kipkelion East Sub County,,,,1959,Chepseon Ward,56,Kericho,491,Kipkelion East Sub County,,,TARGET_UNRESOLVED,NOT_FOUND,Authoritative subcounty could not be mapped to exactly one Prisma target.
939,Tendeno/sorget Ward,KERICHO,Kipkelion East Sub County,,,,1960,Tendeno/sorget Ward,56,Kericho,491,Kipkelion East Sub County,,,TARGET_UNRESOLVED,NOT_FOUND,Authoritative subcounty could not be mapped to exactly one Prisma target.
940,Kunyak Ward,KERICHO,Kipkelion West Sub County,,,,1961,Kunyak Ward,56,Kericho,472,Kipkelion West Sub County,,,TARGET_UNRESOLVED,NOT_FOUND,Authoritative subcounty could not be mapped to exactly one Prisma target.
941,Kamasian Ward,KERICHO,Kipkelion West Sub County,,,,1962,Kamasian Ward,56,Kericho,472,Kipkelion West Sub County,,,TARGET_UNRESOLVED,NOT_FOUND,Authoritative subcounty could not be mapped to exactly one Prisma target.
942,Kipkelion Ward,KERICHO,Kipkelion West Sub County,,,,1963,Kipkelion Ward,56,Kericho,472,Kipkelion West Sub County,,,TARGET_UNRESOLVED,NOT_FOUND,Authoritative subcounty could not be mapped to exactly one Prisma target.
1818,Likoni Ward,Mombasa,Likoni  Sub County,001,0104,Likoni,1964,Likoni Ward,55,Mombasa,475,Likoni  Sub County,1254,Likoni,WRONG_SUBCOUNTY,NORMALIZED,Expected Prisma SubCounty 1254 (Likoni) but found 475 (Likoni  Sub County).
2034,Zimmerman Ward,Nairobi,Roysambu  Sub County,,,,1965,Zimmerman Ward,79,Nairobi City,492,Roysambu  Sub County,,,TARGET_UNRESOLVED,NOT_FOUND,Authoritative subcounty could not be mapped to exactly one Prisma target.
2035,Roysambu Ward,Nairobi,Roysambu  Sub County,,,,1966,Roysambu Ward,79,Nairobi City,492,Roysambu  Sub County,,,TARGET_UNRESOLVED,NOT_FOUND,Authoritative subcounty could not be mapped to exactly one Prisma target.
2038,Mwiki Ward,Nairobi,Kasarani  Sub County,047,4704,Kasarani,1967,Mwiki Ward,79,Nairobi City,493,Kasarani  Sub County,1575,Kasarani,WRONG_SUBCOUNTY,NORMALIZED,Expected Prisma SubCounty 1575 (Kasarani) but found 493 (Kasarani  Sub County).
2039,Kasarani Ward,Nairobi,Kasarani  Sub County,047,4704,Kasarani,1968,Kasarani Ward,79,Nairobi City,493,Kasarani  Sub County,1575,Kasarani,WRONG_SUBCOUNTY,NORMALIZED,Expected Prisma SubCounty 1575 (Kasarani) but found 493 (Kasarani  Sub County).
1923,Market Milimani Ward,Kisumu,Kisumu Central Sub County,042,4202,Kisumu Central,1969,Market Milimani Ward,93,Kisumu,477,Kisumu Central Sub County,1536,Kisumu Central,WRONG_SUBCOUNTY,NORMALIZED,Expected Prisma SubCounty 1536 (Kisumu Central) but found 477 (Kisumu Central Sub County).
2045,Lucky Summer Ward,Nairobi,Ruaraka  Sub County,,,,1970,Lucky Summer Ward,79,Nairobi City,405,Ruaraka  Sub County,,,TARGET_UNRESOLVED,NOT_FOUND,Authoritative subcounty could not be mapped to exactly one Prisma target.
2046,Korogocho Ward,Nairobi,Ruaraka  Sub County,,,,1971,Korogocho Ward,79,Nairobi City,405,Ruaraka  Sub County,,,TARGET_UNRESOLVED,NOT_FOUND,Authoritative subcounty could not be mapped to exactly one Prisma target.
1827,Kibarani Ward,Kilifi,Kilifi North Sub County,003,0305,Kilifi North,1972,Kibarani Ward,73,Kilifi,1266,Kilifi North,1266,Kilifi North,CORRECT,NORMALIZED,Prisma ward ownership matches the authoritative target.
1829,Matsangoni Ward,Kilifi,Kilifi North Sub County,003,0305,Kilifi North,1973,Matsangoni Ward,73,Kilifi,1266,Kilifi North,1266,Kilifi North,CORRECT,NORMALIZED,Prisma ward ownership matches the authoritative target.
2050,Pipeline Ward,Nairobi,Embakasi South Sub County,,,,1974,Pipeline Ward,79,Nairobi City,407,Embakasi South Sub County,,,TARGET_UNRESOLVED,NOT_FOUND,Authoritative subcounty could not be mapped to exactly one Prisma target.
1924,Kondele Ward,Kisumu,Kisumu Central Sub County,042,4202,Kisumu Central,1975,Kondele Ward,93,Kisumu,477,Kisumu Central Sub County,1536,Kisumu Central,WRONG_SUBCOUNTY,NORMALIZED,Expected Prisma SubCounty 1536 (Kisumu Central) but found 477 (Kisumu Central Sub County).
1819,Timbwani Ward,Mombasa,Likoni  Sub County,001,0104,Likoni,1976,Timbwani Ward,55,Mombasa,475,Likoni  Sub County,1254,Likoni,WRONG_SUBCOUNTY,NORMALIZED,Expected Prisma SubCounty 1254 (Likoni) but found 475 (Likoni  Sub County).
1925,Nyalenda B Ward,Kisumu,Kisumu Central Sub County,042,4202,Kisumu Central,1977,Nyalenda B Ward,93,Kisumu,477,Kisumu Central Sub County,1536,Kisumu Central,WRONG_SUBCOUNTY,NORMALIZED,Expected Prisma SubCounty 1536 (Kisumu Central) but found 477 (Kisumu Central Sub County).
1926,West Seme Ward,Kisumu,Seme Sub County,042,4204,Seme,1978,West Seme Ward,93,Kisumu,494,Seme Sub County,1538,Seme,WRONG_SUBCOUNTY,NORMALIZED,Expected Prisma SubCounty 1538 (Seme) but found 494 (Seme Sub County).
1927,Central Seme Ward,Kisumu,Seme Sub County,042,4204,Seme,1979,Central Seme Ward,93,Kisumu,494,Seme Sub County,1538,Seme,WRONG_SUBCOUNTY,NORMALIZED,Expected Prisma SubCounty 1538 (Seme) but found 494 (Seme Sub County).
1928,East Seme Ward,Kisumu,Seme Sub County,042,4204,Seme,1980,East Seme Ward,93,Kisumu,494,Seme Sub County,1538,Seme,WRONG_SUBCOUNTY,NORMALIZED,Expected Prisma SubCounty 1538 (Seme) but found 494 (Seme Sub County).
1929,North Seme Ward,Kisumu,Seme Sub County,042,4204,Seme,1981,North Seme Ward,93,Kisumu,494,Seme Sub County,1538,Seme,WRONG_SUBCOUNTY,NORMALIZED,Expected Prisma SubCounty 1538 (Seme) but found 494 (Seme Sub County).
1930,East Kano/wawidhi Ward,Kisumu,Nyando Sub County,,,,1982,East Kano/wawidhi Ward,93,Kisumu,495,Nyando Sub County,,,TARGET_UNRESOLVED,NOT_FOUND,Authoritative subcounty could not be mapped to exactly one Prisma target.
1931,Kabonyo Kanyagwal,Kisumu,Nyando Sub County,,,,1983,Kabonyo Kanyagwal,93,Kisumu,495,Nyando Sub County,,,TARGET_UNRESOLVED,NOT_FOUND,Authoritative subcounty could not be mapped to exactly one Prisma target.
1932,Kobura Ward,Kisumu,Nyando Sub County,,,,1984,Kobura Ward,93,Kisumu,495,Nyando Sub County,,,TARGET_UNRESOLVED,NOT_FOUND,Authoritative subcounty could not be mapped to exactly one Prisma target.
1933,Miwani Ward,Kisumu,Muhoroni Sub County,042,4205,Muhoroni,1985,Miwani Ward,93,Kisumu,496,Muhoroni Sub County,1539,Muhoroni,WRONG_SUBCOUNTY,NORMALIZED,Expected Prisma SubCounty 1539 (Muhoroni) but found 496 (Muhoroni Sub County).
1934,Ombeyi Ward,Kisumu,Muhoroni Sub County,042,4205,Muhoroni,1986,Ombeyi Ward,93,Kisumu,496,Muhoroni Sub County,1539,Muhoroni,WRONG_SUBCOUNTY,NORMALIZED,Expected Prisma SubCounty 1539 (Muhoroni) but found 496 (Muhoroni Sub County).
1935,Masogo/nyang'oma Ward,Kisumu,Muhoroni Sub County,042,4205,Muhoroni,1987,Masogo/nyang'oma Ward,93,Kisumu,496,Muhoroni Sub County,1539,Muhoroni,WRONG_SUBCOUNTY,NORMALIZED,Expected Prisma SubCounty 1539 (Muhoroni) but found 496 (Muhoroni Sub County).
1936,Chemelil Ward,Kisumu,Muhoroni Sub County,042,4205,Muhoroni,1988,Chemelil Ward,93,Kisumu,496,Muhoroni Sub County,1539,Muhoroni,WRONG_SUBCOUNTY,NORMALIZED,Expected Prisma SubCounty 1539 (Muhoroni) but found 496 (Muhoroni Sub County).
1937,Muhoroni Koru Ward,Kisumu,Muhoroni Sub County,042,4205,Muhoroni,1989,Muhoroni Koru Ward,93,Kisumu,496,Muhoroni Sub County,1539,Muhoroni,WRONG_SUBCOUNTY,NORMALIZED,Expected Prisma SubCounty 1539 (Muhoroni) but found 496 (Muhoroni Sub County).
1938,South West Nyakach Ward,Kisumu,Nyakach Sub County,,,,1990,South West Nyakach Ward,93,Kisumu,497,Nyakach Sub County,,,TARGET_UNRESOLVED,NOT_FOUND,Authoritative subcounty could not be mapped to exactly one Prisma target.
1939,North Nyakach Ward,Kisumu,Nyakach Sub County,,,,1991,North Nyakach Ward,93,Kisumu,497,Nyakach Sub County,,,TARGET_UNRESOLVED,NOT_FOUND,Authoritative subcounty could not be mapped to exactly one Prisma target.
1940,Central Nyakach Ward,Kisumu,Nyakach Sub County,,,,1992,Central Nyakach Ward,93,Kisumu,497,Nyakach Sub County,,,TARGET_UNRESOLVED,NOT_FOUND,Authoritative subcounty could not be mapped to exactly one Prisma target.
1941,West Nyakach Ward,Kisumu,Nyakach Sub County,,,,1993,West Nyakach Ward,93,Kisumu,497,Nyakach Sub County,,,TARGET_UNRESOLVED,NOT_FOUND,Authoritative subcounty could not be mapped to exactly one Prisma target.
1942,South East Nyakach Ward,Kisumu,Nyakach Sub County,,,,1994,South East Nyakach Ward,93,Kisumu,497,Nyakach Sub County,,,TARGET_UNRESOLVED,NOT_FOUND,Authoritative subcounty could not be mapped to exactly one Prisma target.
1943,Awasi/onjiko Ward,Kisumu,Nyando Sub County,,,,1995,Awasi/onjiko Ward,93,Kisumu,495,Nyando Sub County,,,TARGET_UNRESOLVED,NOT_FOUND,Authoritative subcounty could not be mapped to exactly one Prisma target.
1944,Ahero Ward,Kisumu,Nyando Sub County,,,,1996,Ahero Ward,93,Kisumu,495,Nyando Sub County,,,TARGET_UNRESOLVED,NOT_FOUND,Authoritative subcounty could not be mapped to exactly one Prisma target.
1945,Rigoma Ward,Nyamira,Masaba North Sub County,046,4603,Masaba North,1997,Rigoma Ward,94,Nyamira,498,Masaba North Sub County,1569,Masaba North,WRONG_SUBCOUNTY,NORMALIZED,Expected Prisma SubCounty 1569 (Masaba North) but found 498 (Masaba North Sub County).
1946,Gachuba Ward,Nyamira,Masaba North Sub County,046,4603,Masaba North,1998,Gachuba Ward,94,Nyamira,498,Masaba North Sub County,1569,Masaba North,WRONG_SUBCOUNTY,NORMALIZED,Expected Prisma SubCounty 1569 (Masaba North) but found 498 (Masaba North Sub County).
1947,Kamera Ward,Nyamira,Manga Sub County,046,4602,Manga,1999,Kamera Ward,94,Nyamira,499,Manga Sub County,1568,Manga,WRONG_SUBCOUNTY,NORMALIZED,Expected Prisma SubCounty 1568 (Manga) but found 499 (Manga Sub County).
1948,Magombo Ward,Nyamira,Manga Sub County,046,4602,Manga,2000,Magombo Ward,94,Nyamira,499,Manga Sub County,1568,Manga,WRONG_SUBCOUNTY,NORMALIZED,Expected Prisma SubCounty 1568 (Manga) but found 499 (Manga Sub County).
1949,Manga Ward,Nyamira,Manga Sub County,046,4602,Manga,2001,Manga Ward,94,Nyamira,499,Manga Sub County,1568,Manga,WRONG_SUBCOUNTY,NORMALIZED,Expected Prisma SubCounty 1568 (Manga) but found 499 (Manga Sub County).
1950,Gesima Ward,Nyamira,Masaba North Sub County,046,4603,Masaba North,2002,Gesima Ward,94,Nyamira,498,Masaba North Sub County,1569,Masaba North,WRONG_SUBCOUNTY,NORMALIZED,Expected Prisma SubCounty 1569 (Masaba North) but found 498 (Masaba North Sub County).
1951,Nyamaiya Ward,Nyamira,Nyamira Sub County,,,,2003,Nyamaiya Ward,94,Nyamira,500,Nyamira Sub County,,,TARGET_UNRESOLVED,NOT_FOUND,Authoritative subcounty could not be mapped to exactly one Prisma target.
1952,Bogichora Ward,Nyamira,Nyamira Sub County,,,,2004,Bogichora Ward,94,Nyamira,500,Nyamira Sub County,,,TARGET_UNRESOLVED,NOT_FOUND,Authoritative subcounty could not be mapped to exactly one Prisma target.
1953,Bosamaro Ward,Nyamira,Nyamira Sub County,,,,2005,Bosamaro Ward,94,Nyamira,500,Nyamira Sub County,,,TARGET_UNRESOLVED,NOT_FOUND,Authoritative subcounty could not be mapped to exactly one Prisma target.
1954,Bonyamatuta Ward,Nyamira,Nyamira Sub County,,,,2006,Bonyamatuta Ward,94,Nyamira,500,Nyamira Sub County,,,TARGET_UNRESOLVED,NOT_FOUND,Authoritative subcounty could not be mapped to exactly one Prisma target.
1955,Township Ward,Nyamira,Nyamira Sub County,,,,2007,Township Ward,94,Nyamira,500,Nyamira Sub County,,,TARGET_UNRESOLVED,NOT_FOUND,Authoritative subcounty could not be mapped to exactly one Prisma target.
1956,Itibo Ward,Nyamira,Nyamira North Sub County,046,4604,Nyamira North,2008,Itibo Ward,94,Nyamira,501,Nyamira North Sub County,1570,Nyamira North,WRONG_SUBCOUNTY,NORMALIZED,Expected Prisma SubCounty 1570 (Nyamira North) but found 501 (Nyamira North Sub County).
1957,Bomwagamo Ward,Nyamira,Nyamira North Sub County,046,4604,Nyamira North,2009,Bomwagamo Ward,94,Nyamira,501,Nyamira North Sub County,1570,Nyamira North,WRONG_SUBCOUNTY,NORMALIZED,Expected Prisma SubCounty 1570 (Nyamira North) but found 501 (Nyamira North Sub County).
1958,Bokeira Ward,Nyamira,Nyamira North Sub County,046,4604,Nyamira North,2010,Bokeira Ward,94,Nyamira,501,Nyamira North Sub County,1570,Nyamira North,WRONG_SUBCOUNTY,NORMALIZED,Expected Prisma SubCounty 1570 (Nyamira North) but found 501 (Nyamira North Sub County).
1959,Magwagwa Ward,Nyamira,Nyamira North Sub County,046,4604,Nyamira North,2011,Magwagwa Ward,94,Nyamira,501,Nyamira North Sub County,1570,Nyamira North,WRONG_SUBCOUNTY,NORMALIZED,Expected Prisma SubCounty 1570 (Nyamira North) but found 501 (Nyamira North Sub County).
1960,Ekerenyo Ward,Nyamira,Nyamira North Sub County,046,4604,Nyamira North,2012,Ekerenyo Ward,94,Nyamira,501,Nyamira North Sub County,1570,Nyamira North,WRONG_SUBCOUNTY,NORMALIZED,Expected Prisma SubCounty 1570 (Nyamira North) but found 501 (Nyamira North Sub County).
1961,Mekenene Ward,Nyamira,Borabu Sub County,046,4601,Borabu,2013,Mekenene Ward,94,Nyamira,502,Borabu Sub County,1567,Borabu,WRONG_SUBCOUNTY,NORMALIZED,Expected Prisma SubCounty 1567 (Borabu) but found 502 (Borabu Sub County).
1962,Kiabonyoru Ward,Nyamira,Borabu Sub County,046,4601,Borabu,2014,Kiabonyoru Ward,94,Nyamira,502,Borabu Sub County,1567,Borabu,WRONG_SUBCOUNTY,NORMALIZED,Expected Prisma SubCounty 1567 (Borabu) but found 502 (Borabu Sub County).
1963,Nyansiongo Ward,Nyamira,Borabu Sub County,046,4601,Borabu,2015,Nyansiongo Ward,94,Nyamira,502,Borabu Sub County,1567,Borabu,WRONG_SUBCOUNTY,NORMALIZED,Expected Prisma SubCounty 1567 (Borabu) but found 502 (Borabu Sub County).
1964,Esise Ward,Nyamira,Borabu Sub County,046,4601,Borabu,2016,Esise Ward,94,Nyamira,502,Borabu Sub County,1567,Borabu,WRONG_SUBCOUNTY,NORMALIZED,Expected Prisma SubCounty 1567 (Borabu) but found 502 (Borabu Sub County).
1965,Bomariba Ward,Kisii,Bonchari  Sub County,,,,2017,Bomariba Ward,87,Kisii,503,Bonchari  Sub County,,,TARGET_UNRESOLVED,NOT_FOUND,Authoritative subcounty could not be mapped to exactly one Prisma target.
1966,Bogiakumu Ward,Kisii,Bonchari  Sub County,,,,2018,Bogiakumu Ward,87,Kisii,503,Bonchari  Sub County,,,TARGET_UNRESOLVED,NOT_FOUND,Authoritative subcounty could not be mapped to exactly one Prisma target.
1967,Bomorenda Ward,Kisii,Bonchari  Sub County,,,,2019,Bomorenda Ward,87,Kisii,503,Bonchari  Sub County,,,TARGET_UNRESOLVED,NOT_FOUND,Authoritative subcounty could not be mapped to exactly one Prisma target.
1968,Riana Ward,Kisii,Bonchari  Sub County,,,,2020,Riana Ward,87,Kisii,503,Bonchari  Sub County,,,TARGET_UNRESOLVED,NOT_FOUND,Authoritative subcounty could not be mapped to exactly one Prisma target.
1969,Tabaka Ward,Kisii,South Mugirango Sub County,,,,2021,Tabaka Ward,87,Kisii,504,South Mugirango Sub County,,,TARGET_UNRESOLVED,NOT_FOUND,Authoritative subcounty could not be mapped to exactly one Prisma target.
1970,Boikanga Ward,Kisii,South Mugirango Sub County,,,,2022,Boikanga Ward,87,Kisii,504,South Mugirango Sub County,,,TARGET_UNRESOLVED,NOT_FOUND,Authoritative subcounty could not be mapped to exactly one Prisma target.
1971,Bogetenga Ward,Kisii,South Mugirango Sub County,,,,2023,Bogetenga Ward,87,Kisii,504,South Mugirango Sub County,,,TARGET_UNRESOLVED,NOT_FOUND,Authoritative subcounty could not be mapped to exactly one Prisma target.
1972,Borabu Chitago Ward,Kisii,South Mugirango Sub County,,,,2024,Borabu Chitago Ward,87,Kisii,504,South Mugirango Sub County,,,TARGET_UNRESOLVED,NOT_FOUND,Authoritative subcounty could not be mapped to exactly one Prisma target.
1973,Moticho Ward,Kisii,South Mugirango Sub County,,,,2025,Moticho Ward,87,Kisii,504,South Mugirango Sub County,,,TARGET_UNRESOLVED,NOT_FOUND,Authoritative subcounty could not be mapped to exactly one Prisma target.
1974,Getenga Ward,Kisii,South Mugirango Sub County,,,,2026,Getenga Ward,87,Kisii,504,South Mugirango Sub County,,,TARGET_UNRESOLVED,NOT_FOUND,Authoritative subcounty could not be mapped to exactly one Prisma target.
1975,Bokimonge Ward,Kisii,Bomachoge Borabu Sub County,,,,2027,Bokimonge Ward,87,Kisii,450,Bomachoge Borabu Sub County,,,TARGET_UNRESOLVED,NOT_FOUND,Authoritative subcounty could not be mapped to exactly one Prisma target.
1976,Magenche Ward,Kisii,Bomachoge Borabu Sub County,,,,2028,Magenche Ward,87,Kisii,450,Bomachoge Borabu Sub County,,,TARGET_UNRESOLVED,NOT_FOUND,Authoritative subcounty could not be mapped to exactly one Prisma target.
1977,Masige West Ward,Kisii,Bobasi Sub County,,,,2029,Masige West Ward,87,Kisii,505,Bobasi Sub County,,,TARGET_UNRESOLVED,NOT_FOUND,Authoritative subcounty could not be mapped to exactly one Prisma target.
1978,Masige East Ward,Kisii,Bobasi Sub County,,,,2030,Masige East Ward,87,Kisii,505,Bobasi Sub County,,,TARGET_UNRESOLVED,NOT_FOUND,Authoritative subcounty could not be mapped to exactly one Prisma target.
1979,Basi Central Ward,Kisii,Bobasi Sub County,,,,2031,Basi Central Ward,87,Kisii,505,Bobasi Sub County,,,TARGET_UNRESOLVED,NOT_FOUND,Authoritative subcounty could not be mapped to exactly one Prisma target.
1980,Nyacheki Ward,Kisii,Bobasi Sub County,,,,2032,Nyacheki Ward,87,Kisii,505,Bobasi Sub County,,,TARGET_UNRESOLVED,NOT_FOUND,Authoritative subcounty could not be mapped to exactly one Prisma target.
1981,Bassi Bogetaorio Ward,Kisii,Bobasi Sub County,,,,2033,Bassi Bogetaorio Ward,87,Kisii,505,Bobasi Sub County,,,TARGET_UNRESOLVED,NOT_FOUND,Authoritative subcounty could not be mapped to exactly one Prisma target.
1982,Bobasi Chache Ward,Kisii,Bobasi Sub County,,,,2034,Bobasi Chache Ward,87,Kisii,505,Bobasi Sub County,,,TARGET_UNRESOLVED,NOT_FOUND,Authoritative subcounty could not be mapped to exactly one Prisma target.
1983,Sameta Mokwerero Ward,Kisii,Bobasi Sub County,,,,2035,Sameta Mokwerero Ward,87,Kisii,505,Bobasi Sub County,,,TARGET_UNRESOLVED,NOT_FOUND,Authoritative subcounty could not be mapped to exactly one Prisma target.
1984,Bobasi Boitangare Ward,Kisii,Bobasi Sub County,,,,2036,Bobasi Boitangare Ward,87,Kisii,505,Bobasi Sub County,,,TARGET_UNRESOLVED,NOT_FOUND,Authoritative subcounty could not be mapped to exactly one Prisma target.
1985,Majoge Basi Ward,Kisii,Bomachoge Chache Sub County,,,,2037,Majoge Basi Ward,87,Kisii,506,Bomachoge Chache Sub County,,,TARGET_UNRESOLVED,NOT_FOUND,Authoritative subcounty could not be mapped to exactly one Prisma target.
1986,Boochi Tendere Ward,Kisii,Bomachoge Chache Sub County,,,,2038,Boochi Tendere Ward,87,Kisii,506,Bomachoge Chache Sub County,,,TARGET_UNRESOLVED,NOT_FOUND,Authoritative subcounty could not be mapped to exactly one Prisma target.
1987,Bosoti Sengera Ward,Kisii,Bomachoge Chache Sub County,,,,2039,Bosoti Sengera Ward,87,Kisii,506,Bomachoge Chache Sub County,,,TARGET_UNRESOLVED,NOT_FOUND,Authoritative subcounty could not be mapped to exactly one Prisma target.
1988,Ichuni Ward,Kisii,Nyaribari Masaba Sub County,,,,2040,Ichuni Ward,87,Kisii,507,Nyaribari Masaba Sub County,,,TARGET_UNRESOLVED,NOT_FOUND,Authoritative subcounty could not be mapped to exactly one Prisma target.
1989,Nyamasibi Ward,Kisii,Nyaribari Masaba Sub County,,,,2041,Nyamasibi Ward,87,Kisii,507,Nyaribari Masaba Sub County,,,TARGET_UNRESOLVED,NOT_FOUND,Authoritative subcounty could not be mapped to exactly one Prisma target.
1990,Masimba Ward,Kisii,Nyaribari Masaba Sub County,,,,2042,Masimba Ward,87,Kisii,507,Nyaribari Masaba Sub County,,,TARGET_UNRESOLVED,NOT_FOUND,Authoritative subcounty could not be mapped to exactly one Prisma target.
1991,Gesusu Ward,Kisii,Nyaribari Masaba Sub County,,,,2043,Gesusu Ward,87,Kisii,507,Nyaribari Masaba Sub County,,,TARGET_UNRESOLVED,NOT_FOUND,Authoritative subcounty could not be mapped to exactly one Prisma target.
1992,Kiamokama Ward,Kisii,Nyaribari Masaba Sub County,,,,2044,Kiamokama Ward,87,Kisii,507,Nyaribari Masaba Sub County,,,TARGET_UNRESOLVED,NOT_FOUND,Authoritative subcounty could not be mapped to exactly one Prisma target.
1993,Bobaracho Ward,Kisii,Nyaribari Chache  Sub County,,,,2045,Bobaracho Ward,87,Kisii,508,Nyaribari Chache  Sub County,,,TARGET_UNRESOLVED,NOT_FOUND,Authoritative subcounty could not be mapped to exactly one Prisma target.
1994,Kisii Central Ward,Kisii,Nyaribari Chache  Sub County,,,,2628,Kisii Central Ward,87,Kisii,508,Nyaribari Chache  Sub County,,,TARGET_UNRESOLVED,NOT_FOUND,Authoritative subcounty could not be mapped to exactly one Prisma target.
1995,Keumbu Ward,Kisii,Nyaribari Chache  Sub County,,,,2046,Keumbu Ward,87,Kisii,508,Nyaribari Chache  Sub County,,,TARGET_UNRESOLVED,NOT_FOUND,Authoritative subcounty could not be mapped to exactly one Prisma target.
1996,Kiogoro Ward,Kisii,Nyaribari Chache  Sub County,,,,2047,Kiogoro Ward,87,Kisii,508,Nyaribari Chache  Sub County,,,TARGET_UNRESOLVED,NOT_FOUND,Authoritative subcounty could not be mapped to exactly one Prisma target.
1997,Birongo Ward,Kisii,Nyaribari Chache  Sub County,,,,2048,Birongo Ward,87,Kisii,508,Nyaribari Chache  Sub County,,,TARGET_UNRESOLVED,NOT_FOUND,Authoritative subcounty could not be mapped to exactly one Prisma target.
128,Marungu Ward,TAITA TAVETA,Voi Sub County,006,0604,Voi,2049,Marungu Ward,59,Taita Taveta,1279,Voi,1279,Voi,CORRECT,NORMALIZED,Prisma ward ownership matches the authoritative target.
2063,Lower Savanna Ward,Nairobi,Embakasi East Sub County,,,,2050,Lower Savanna Ward,79,Nairobi City,509,Embakasi East Sub County,,,TARGET_UNRESOLVED,NOT_FOUND,Authoritative subcounty could not be mapped to exactly one Prisma target.
2064,Embakasi Ward,Nairobi,Embakasi East Sub County,,,,2051,Embakasi Ward,79,Nairobi City,509,Embakasi East Sub County,,,TARGET_UNRESOLVED,NOT_FOUND,Authoritative subcounty could not be mapped to exactly one Prisma target.
2065,Utawala Ward,Nairobi,Embakasi East Sub County,,,,2052,Utawala Ward,79,Nairobi City,509,Embakasi East Sub County,,,TARGET_UNRESOLVED,NOT_FOUND,Authoritative subcounty could not be mapped to exactly one Prisma target.
2066,Mihango Ward,Nairobi,Embakasi East Sub County,,,,2053,Mihango Ward,79,Nairobi City,509,Embakasi East Sub County,,,TARGET_UNRESOLVED,NOT_FOUND,Authoritative subcounty could not be mapped to exactly one Prisma target.
130,Ngolia Ward,TAITA TAVETA,Voi Sub County,006,0604,Voi,2054,Ngolia Ward,59,Taita Taveta,1279,Voi,1279,Voi,CORRECT,NORMALIZED,Prisma ward ownership matches the authoritative target.
2000,Sensi Ward,Kisii,Kitutu Chache North Sub County,,,,2055,Sensi Ward,87,Kisii,510,Kitutu Chache North Sub County,,,TARGET_UNRESOLVED,NOT_FOUND,Authoritative subcounty could not be mapped to exactly one Prisma target.
2072,Viwandani Ward,Nairobi,Makadara  Sub County,047,4707,Makadara,2056,Viwandani Ward,79,Nairobi City,511,Makadara  Sub County,1578,Makadara,WRONG_SUBCOUNTY,NORMALIZED,Expected Prisma SubCounty 1578 (Makadara) but found 511 (Makadara  Sub County).
2073,Harambee Ward,Nairobi,Makadara  Sub County,047,4707,Makadara,2057,Harambee Ward,79,Nairobi City,511,Makadara  Sub County,1578,Makadara,WRONG_SUBCOUNTY,NORMALIZED,Expected Prisma SubCounty 1578 (Makadara) but found 511 (Makadara  Sub County).
2077,Eastleigh South Ward,Nairobi,Kamukunji  Sub County,047,4703,Kamukunji,2058,Eastleigh South Ward,79,Nairobi City,512,Kamukunji  Sub County,1574,Kamukunji,WRONG_SUBCOUNTY,NORMALIZED,Expected Prisma SubCounty 1574 (Kamukunji) but found 512 (Kamukunji  Sub County).
749,Kabiemit Ward,ELGEYO-MARAKWET,Keiyo South Sub County,028,2802,Keiyo South,2059,Kabiemit Ward,85,Elgeyo Marakwet,460,Keiyo South Sub County,1437,Keiyo South,WRONG_SUBCOUNTY,NORMALIZED,Expected Prisma SubCounty 1437 (Keiyo South) but found 460 (Keiyo South Sub County).
143,Maalimin Ward,GARISSA,Lagdera Sub County,007,0707,Lagdera,2060,Maalimin Ward,60,Garissa,1286,Lagdera,1286,Lagdera,CORRECT,NORMALIZED,Prisma ward ownership matches the authoritative target.
144,Sabena Ward,GARISSA,Lagdera Sub County,007,0707,Lagdera,2061,Sabena Ward,60,Garissa,1286,Lagdera,1286,Lagdera,CORRECT,NORMALIZED,Prisma ward ownership matches the authoritative target.
145,Baraki Ward,GARISSA,Lagdera Sub County,007,0707,Lagdera,2062,Baraki Ward,60,Garissa,1286,Lagdera,1286,Lagdera,CORRECT,NORMALIZED,Prisma ward ownership matches the authoritative target.
765,Chemundu/kapng'etunyi Ward,NANDI,Chesumei Sub County,029,2901,Chesumei,2063,Chemundu/kapng'etunyi Ward,88,Nandi,454,Chesumei Sub County,1440,Chesumei,WRONG_SUBCOUNTY,NORMALIZED,Expected Prisma SubCounty 1440 (Chesumei) but found 454 (Chesumei Sub County).
2013,Kawangware Ward,Nairobi,Dagoretti North Sub County,,,,2064,Kawangware Ward,79,Nairobi City,487,Dagoretti North Sub County,,,TARGET_UNRESOLVED,NOT_FOUND,Authoritative subcounty could not be mapped to exactly one Prisma target.
2084,Landimawe Ward,Nairobi,Starehe  Sub County,,,,2065,Landimawe Ward,79,Nairobi City,513,Starehe  Sub County,,,TARGET_UNRESOLVED,NOT_FOUND,Authoritative subcounty could not be mapped to exactly one Prisma target.
2085,Nairobi South Ward,Nairobi,Starehe  Sub County,,,,2066,Nairobi South Ward,79,Nairobi City,513,Starehe  Sub County,,,TARGET_UNRESOLVED,NOT_FOUND,Authoritative subcounty could not be mapped to exactly one Prisma target.
2088,Huruma Ward,Nairobi,Mathare  Sub County,047,4708,Mathare,2067,Huruma Ward,79,Nairobi City,514,Mathare  Sub County,1579,Mathare,WRONG_SUBCOUNTY,NORMALIZED,Expected Prisma SubCounty 1579 (Mathare) but found 514 (Mathare  Sub County).
2131,Segeroi/barsombe Ward,Uasin Gishu,Soy Sub County,027,2705,Soy,2068,Segeroi/barsombe Ward,78,Uasin Gishu,396,Soy Sub County,1434,Soy,WRONG_SUBCOUNTY,NORMALIZED,Expected Prisma SubCounty 1434 (Soy) but found 396 (Soy Sub County).
2132,Kipsomba Ward,Uasin Gishu,Soy Sub County,027,2705,Soy,2069,Kipsomba Ward,78,Uasin Gishu,396,Soy Sub County,1434,Soy,WRONG_SUBCOUNTY,NORMALIZED,Expected Prisma SubCounty 1434 (Soy) but found 396 (Soy Sub County).
2152,Megun Ward,Uasin Gishu,Kapseret Sub County,027,2702,Kapseret,2070,Megun Ward,78,Uasin Gishu,410,Kapseret Sub County,1431,Kapseret,WRONG_SUBCOUNTY,NORMALIZED,Expected Prisma SubCounty 1431 (Kapseret) but found 410 (Kapseret Sub County).
2159,Keyian Ward,Narok,Transmara West Sub County,033,3306,Trans Mara West,2071,Keyian Ward,80,Narok,411,Transmara West Sub County,1475,Trans Mara West,WRONG_SUBCOUNTY,ALIAS,Expected Prisma SubCounty 1475 (Trans Mara West) but found 411 (Transmara West Sub County).
2160,Angata Barikoi Ward,Narok,Transmara West Sub County,033,3306,Trans Mara West,2072,Angata Barikoi Ward,80,Narok,411,Transmara West Sub County,1475,Trans Mara West,WRONG_SUBCOUNTY,ALIAS,Expected Prisma SubCounty 1475 (Trans Mara West) but found 411 (Transmara West Sub County).
2161,Shankoe Ward,Narok,Transmara West Sub County,033,3306,Trans Mara West,2073,Shankoe Ward,80,Narok,411,Transmara West Sub County,1475,Trans Mara West,WRONG_SUBCOUNTY,ALIAS,Expected Prisma SubCounty 1475 (Trans Mara West) but found 411 (Transmara West Sub County).
2162,Kimintet Ward,Narok,Transmara West Sub County,033,3306,Trans Mara West,2074,Kimintet Ward,80,Narok,411,Transmara West Sub County,1475,Trans Mara West,WRONG_SUBCOUNTY,ALIAS,Expected Prisma SubCounty 1475 (Trans Mara West) but found 411 (Transmara West Sub County).
2163,Lolgorian Ward,Narok,Transmara West Sub County,033,3306,Trans Mara West,2075,Lolgorian Ward,80,Narok,411,Transmara West Sub County,1475,Trans Mara West,WRONG_SUBCOUNTY,ALIAS,Expected Prisma SubCounty 1475 (Trans Mara West) but found 411 (Transmara West Sub County).
2164,Iikerin Ward,Narok,Transmara East Sub County,033,3305,Trans Mara East,2076,Iikerin Ward,80,Narok,515,Transmara East Sub County,1474,Trans Mara East,WRONG_SUBCOUNTY,ALIAS,Expected Prisma SubCounty 1474 (Trans Mara East) but found 515 (Transmara East Sub County).
2165,Ololmasani Ward,Narok,Transmara East Sub County,033,3305,Trans Mara East,2077,Ololmasani Ward,80,Narok,515,Transmara East Sub County,1474,Trans Mara East,WRONG_SUBCOUNTY,ALIAS,Expected Prisma SubCounty 1474 (Trans Mara East) but found 515 (Transmara East Sub County).
2166,Mogondo Ward,Narok,Transmara East Sub County,033,3305,Trans Mara East,2078,Mogondo Ward,80,Narok,515,Transmara East Sub County,1474,Trans Mara East,WRONG_SUBCOUNTY,ALIAS,Expected Prisma SubCounty 1474 (Trans Mara East) but found 515 (Transmara East Sub County).
2217,Kijabe Ward,Kiambu,Lari Sub County,022,2209,Lari,2079,Kijabe Ward,82,Kiambu,435,Lari Sub County,1405,Lari,WRONG_SUBCOUNTY,NORMALIZED,Expected Prisma SubCounty 1405 (Lari) but found 435 (Lari Sub County).
2241,Gatongora Ward,Kiambu,Ruiru Sub County,022,2211,Ruiru,2080,Gatongora Ward,82,Kiambu,448,Ruiru Sub County,1407,Ruiru,WRONG_SUBCOUNTY,NORMALIZED,Expected Prisma SubCounty 1407 (Ruiru) but found 448 (Ruiru Sub County).
306,Gatunga Ward,THARAKA-NITHI,Tharaka North Sub County,013,1304,Tharaka North,2081,Gatunga Ward,66,Tharaka Nithi,516,Tharaka North Sub County,1326,Tharaka North,WRONG_SUBCOUNTY,NORMALIZED,Expected Prisma SubCounty 1326 (Tharaka North) but found 516 (Tharaka North Sub County).
307,Mukothima Ward,THARAKA-NITHI,Tharaka North Sub County,013,1304,Tharaka North,2082,Mukothima Ward,66,Tharaka Nithi,516,Tharaka North Sub County,1326,Tharaka North,WRONG_SUBCOUNTY,NORMALIZED,Expected Prisma SubCounty 1326 (Tharaka North) but found 516 (Tharaka North Sub County).
2243,Kahawa Wendani Ward,Kiambu,Ruiru Sub County,022,2211,Ruiru,2083,Kahawa Wendani Ward,82,Kiambu,448,Ruiru Sub County,1407,Ruiru,WRONG_SUBCOUNTY,NORMALIZED,Expected Prisma SubCounty 1407 (Ruiru) but found 448 (Ruiru Sub County).
2274,BOOCHI BORABU,Kisii,Bomachoge Borabu Sub County,,,,2084,BOOCHI BORABU,87,Kisii,450,Bomachoge Borabu Sub County,,,TARGET_UNRESOLVED,NOT_FOUND,Authoritative subcounty could not be mapped to exactly one Prisma target.
86,Kipini east Ward,TANA RIVER,Garsen Sub County,,,,2085,Kipini east Ward,57,Tana River,517,Garsen Sub County,,,TARGET_UNRESOLVED,NOT_FOUND,Authoritative subcounty could not be mapped to exactly one Prisma target.
87,Garsen south Ward,TANA RIVER,Garsen Sub County,,,,2086,Garsen south Ward,57,Tana River,517,Garsen Sub County,,,TARGET_UNRESOLVED,NOT_FOUND,Authoritative subcounty could not be mapped to exactly one Prisma target.
196,BANISSA,MANDERA,BANISSA,009,0902,Banisa,2087,BANISSA,63,Mandera,518,BANISSA,1296,Banisa,WRONG_SUBCOUNTY,ALIAS,Expected Prisma SubCounty 1296 (Banisa) but found 518 (BANISSA).
197,DERKHALE,MANDERA,BANISSA,009,0902,Banisa,2088,DERKHALE,63,Mandera,518,BANISSA,1296,Banisa,WRONG_SUBCOUNTY,ALIAS,Expected Prisma SubCounty 1296 (Banisa) but found 518 (BANISSA).
242,BULA PESA,ISIOLO,Isiolo Sub County,011,1102,Isiolo,2089,BULA PESA,48,Isiolo,255,Isiolo Sub County,1310,Isiolo,WRONG_SUBCOUNTY,NORMALIZED,Expected Prisma SubCounty 1310 (Isiolo) but found 255 (Isiolo Sub County).
243,CHARI,ISIOLO,Merti Sub County,011,1103,Merti,2090,CHARI,48,Isiolo,519,Merti Sub County,1311,Merti,WRONG_SUBCOUNTY,NORMALIZED,Expected Prisma SubCounty 1311 (Merti) but found 519 (Merti Sub County).
244,CHERAB,ISIOLO,Merti Sub County,011,1103,Merti,2091,CHERAB,48,Isiolo,519,Merti Sub County,1311,Merti,WRONG_SUBCOUNTY,NORMALIZED,Expected Prisma SubCounty 1311 (Merti) but found 519 (Merti Sub County).
245,NGARE MARA,ISIOLO,Isiolo Sub County,011,1102,Isiolo,2092,NGARE MARA,48,Isiolo,255,Isiolo Sub County,1310,Isiolo,WRONG_SUBCOUNTY,NORMALIZED,Expected Prisma SubCounty 1310 (Isiolo) but found 255 (Isiolo Sub County).
246,BURAT,ISIOLO,Isiolo Sub County,011,1102,Isiolo,2093,BURAT,48,Isiolo,255,Isiolo Sub County,1310,Isiolo,WRONG_SUBCOUNTY,NORMALIZED,Expected Prisma SubCounty 1310 (Isiolo) but found 255 (Isiolo Sub County).
247,OLDONYIRO,ISIOLO,Isiolo Sub County,011,1102,Isiolo,2094,OLDONYIRO,48,Isiolo,255,Isiolo Sub County,1310,Isiolo,WRONG_SUBCOUNTY,NORMALIZED,Expected Prisma SubCounty 1310 (Isiolo) but found 255 (Isiolo Sub County).
248,GARBATULLA,ISIOLO,Garbatulla Sub County,011,1101,Garbatulla,2095,GARBATULLA,48,Isiolo,520,Garbatulla Sub County,1309,Garbatulla,WRONG_SUBCOUNTY,NORMALIZED,Expected Prisma SubCounty 1309 (Garbatulla) but found 520 (Garbatulla Sub County).
249,KINNA,ISIOLO,Garbatulla Sub County,011,1101,Garbatulla,2096,KINNA,48,Isiolo,520,Garbatulla Sub County,1309,Garbatulla,WRONG_SUBCOUNTY,NORMALIZED,Expected Prisma SubCounty 1309 (Garbatulla) but found 520 (Garbatulla Sub County).
250,SERICHO,ISIOLO,Garbatulla Sub County,011,1101,Garbatulla,2097,SERICHO,48,Isiolo,520,Garbatulla Sub County,1309,Garbatulla,WRONG_SUBCOUNTY,NORMALIZED,Expected Prisma SubCounty 1309 (Garbatulla) but found 520 (Garbatulla Sub County).
193,LAGHSURE,MANDERA,MANDERA WEST,009,0901,Mandera West,2098,LAGHSURE,63,Mandera,1295,Mandera West,1295,Mandera West,CORRECT,EXACT,Prisma ward ownership matches the authoritative target.
201,ASHABITO,MANDERA,MANDERA NORTH,009,0907,Mandera North,2099,ASHABITO,63,Mandera,1301,Mandera North,1301,Mandera North,CORRECT,EXACT,Prisma ward ownership matches the authoritative target.
202,GUTICHA,MANDERA,MANDERA NORTH,009,0907,Mandera North,2100,GUTICHA,63,Mandera,1301,Mandera North,1301,Mandera North,CORRECT,EXACT,Prisma ward ownership matches the authoritative target.
212,BULLA MPYA,MANDERA,MANDERA EAST,009,0906,Mandera East,2101,BULLA MPYA,63,Mandera,1300,Mandera East,1300,Mandera East,CORRECT,EXACT,Prisma ward ownership matches the authoritative target.
213,KHALALIO,MANDERA,MANDERA EAST,009,0906,Mandera East,2102,KHALALIO,63,Mandera,1300,Mandera East,1300,Mandera East,CORRECT,EXACT,Prisma ward ownership matches the authoritative target.
214,NEBOI,MANDERA,MANDERA EAST,009,0906,Mandera East,2103,NEBOI,63,Mandera,1300,Mandera East,1300,Mandera East,CORRECT,EXACT,Prisma ward ownership matches the authoritative target.
215,TOWNSHIP,MANDERA,MANDERA EAST,009,0906,Mandera East,2104,TOWNSHIP,63,Mandera,1300,Mandera East,1300,Mandera East,CORRECT,EXACT,Prisma ward ownership matches the authoritative target.
216,LIBEHIA,MANDERA,LAFEY,009,0904,Lafey,2105,LIBEHIA,63,Mandera,521,LAFEY,,,TARGET_UNRESOLVED,EXACT,Authoritative subcounty could not be mapped to exactly one Prisma target.
217,FINO,MANDERA,LAFEY,009,0904,Lafey,2106,FINO,63,Mandera,521,LAFEY,,,TARGET_UNRESOLVED,EXACT,Authoritative subcounty could not be mapped to exactly one Prisma target.
218,LAFEY,MANDERA,LAFEY,009,0904,Lafey,2107,LAFEY,63,Mandera,521,LAFEY,,,TARGET_UNRESOLVED,EXACT,Authoritative subcounty could not be mapped to exactly one Prisma target.
219,WARANKARA,MANDERA,LAFEY,009,0904,Lafey,2108,WARANKARA,63,Mandera,521,LAFEY,,,TARGET_UNRESOLVED,EXACT,Authoritative subcounty could not be mapped to exactly one Prisma target.
220,ALANGO GOF,MANDERA,LAFEY,009,0904,Lafey,2109,ALANGO GOF,63,Mandera,521,LAFEY,,,TARGET_UNRESOLVED,EXACT,Authoritative subcounty could not be mapped to exactly one Prisma target.
445,Njabani/kiburu Ward,NYANDARUA,Kinangop Sub County,018,1801,Kinangop,2110,Njabani/kiburu Ward,67,Nyandarua,402,Kinangop Sub County,1369,Kinangop,WRONG_SUBCOUNTY,NORMALIZED,Expected Prisma SubCounty 1369 (Kinangop) but found 402 (Kinangop Sub County).
637,Lokichar Ward,TURKANA,Turkana South Sub County,023,2306,Turkana South,2111,Lokichar Ward,70,Turkana,414,Turkana South Sub County,1415,Turkana South,WRONG_SUBCOUNTY,NORMALIZED,Expected Prisma SubCounty 1415 (Turkana South) but found 414 (Turkana South Sub County).
638,Kapedo/napeitom Ward,TURKANA,Turkana East Sub County,023,2304,Turkana East,2112,Kapedo/napeitom Ward,70,Turkana,522,Turkana East Sub County,1413,Turkana East,WRONG_SUBCOUNTY,NORMALIZED,Expected Prisma SubCounty 1413 (Turkana East) but found 522 (Turkana East Sub County).
733,Endo Ward,ELGEYO-MARAKWET,Marakwet East sub-county,028,2803,Marakwet East,2113,Endo Ward,85,Elgeyo Marakwet,446,Marakwet East sub-county,1438,Marakwet East,WRONG_SUBCOUNTY,NORMALIZED,Expected Prisma SubCounty 1438 (Marakwet East) but found 446 (Marakwet East sub-county).
734,Embobut/Embulot Ward,ELGEYO-MARAKWET,Marakwet East sub-county,028,2803,Marakwet East,2114,Embobut/Embulot Ward,85,Elgeyo Marakwet,446,Marakwet East sub-county,1438,Marakwet East,WRONG_SUBCOUNTY,NORMALIZED,Expected Prisma SubCounty 1438 (Marakwet East) but found 446 (Marakwet East sub-county).
735,Lelan Ward,ELGEYO-MARAKWET,Marakwet West Sub County,028,2804,Marakwet West,2115,Lelan Ward,85,Elgeyo Marakwet,523,Marakwet West Sub County,1439,Marakwet West,WRONG_SUBCOUNTY,NORMALIZED,Expected Prisma SubCounty 1439 (Marakwet West) but found 523 (Marakwet West Sub County).
2016,Kabiro Ward,Nairobi,Dagoretti North Sub County,,,,2116,Kabiro Ward,79,Nairobi City,487,Dagoretti North Sub County,,,TARGET_UNRESOLVED,NOT_FOUND,Authoritative subcounty could not be mapped to exactly one Prisma target.
2017,Mutu-ini Ward,Nairobi,Dagoretti South Sub County,,,,2117,Mutu-ini Ward,79,Nairobi City,524,Dagoretti South Sub County,,,TARGET_UNRESOLVED,NOT_FOUND,Authoritative subcounty could not be mapped to exactly one Prisma target.
2018,Ngando Ward,Nairobi,Dagoretti South Sub County,,,,2118,Ngando Ward,79,Nairobi City,524,Dagoretti South Sub County,,,TARGET_UNRESOLVED,NOT_FOUND,Authoritative subcounty could not be mapped to exactly one Prisma target.
2019,Riruta Ward,Nairobi,Dagoretti South Sub County,,,,2119,Riruta Ward,79,Nairobi City,524,Dagoretti South Sub County,,,TARGET_UNRESOLVED,NOT_FOUND,Authoritative subcounty could not be mapped to exactly one Prisma target.
2020,Uthiru/ruthimitu Ward,Nairobi,Dagoretti South Sub County,,,,2120,Uthiru/ruthimitu Ward,79,Nairobi City,524,Dagoretti South Sub County,,,TARGET_UNRESOLVED,NOT_FOUND,Authoritative subcounty could not be mapped to exactly one Prisma target.
2021,Waithaka Ward,Nairobi,Dagoretti South Sub County,,,,2121,Waithaka Ward,79,Nairobi City,524,Dagoretti South Sub County,,,TARGET_UNRESOLVED,NOT_FOUND,Authoritative subcounty could not be mapped to exactly one Prisma target.
2022,Karen Ward,Nairobi,Langata  Sub County,047,4706,Lang'ata,2122,Karen Ward,79,Nairobi City,525,Langata  Sub County,1577,Lang'ata,WRONG_SUBCOUNTY,NORMALIZED,Expected Prisma SubCounty 1577 (Lang'ata) but found 525 (Langata  Sub County).
794,Sacho Ward,BARINGO,Baringo Central Sub County,030,3001,Baringo Central,2123,Sacho Ward,90,Baringo,526,Baringo Central Sub County,1446,Baringo Central,WRONG_SUBCOUNTY,NORMALIZED,Expected Prisma SubCounty 1446 (Baringo Central) but found 526 (Baringo Central Sub County).
801,Mukutani Ward,BARINGO,Marigat Sub County,030,3005,Marigat,2124,Mukutani Ward,90,Baringo,527,Marigat Sub County,1450,Marigat,WRONG_SUBCOUNTY,NORMALIZED,Expected Prisma SubCounty 1450 (Marigat) but found 527 (Marigat Sub County).
935,Kimana Ward,KAJIADO,Loitokitok Sub County,034,3405,Loitokitok,2125,Kimana Ward,92,Kajiado,528,Loitokitok Sub County,1480,Loitokitok,WRONG_SUBCOUNTY,NORMALIZED,Expected Prisma SubCounty 1480 (Loitokitok) but found 528 (Loitokitok Sub County).
821,Umande Ward,LAIKIPIA,Laikipia East Sub County,031,3102,Laikipia East,2126,Umande Ward,91,Laikipia,465,Laikipia East Sub County,1455,Laikipia East,WRONG_SUBCOUNTY,NORMALIZED,Expected Prisma SubCounty 1455 (Laikipia East) but found 465 (Laikipia East Sub County).
822,Sosian Ward,LAIKIPIA,Laikipia North Sub County,031,3103,Laikipia North,2127,Sosian Ward,91,Laikipia,529,Laikipia North Sub County,1456,Laikipia North,WRONG_SUBCOUNTY,NORMALIZED,Expected Prisma SubCounty 1456 (Laikipia North) but found 529 (Laikipia North Sub County).
823,Segera Ward,LAIKIPIA,Laikipia North Sub County,031,3103,Laikipia North,2128,Segera Ward,91,Laikipia,529,Laikipia North Sub County,1456,Laikipia North,WRONG_SUBCOUNTY,NORMALIZED,Expected Prisma SubCounty 1456 (Laikipia North) but found 529 (Laikipia North Sub County).
824,Mugogodo West Ward,LAIKIPIA,Laikipia North Sub County,031,3103,Laikipia North,2129,Mugogodo West Ward,91,Laikipia,529,Laikipia North Sub County,1456,Laikipia North,WRONG_SUBCOUNTY,NORMALIZED,Expected Prisma SubCounty 1456 (Laikipia North) but found 529 (Laikipia North Sub County).
825,Mugogodo East Ward,LAIKIPIA,Laikipia North Sub County,031,3103,Laikipia North,2130,Mugogodo East Ward,91,Laikipia,529,Laikipia North Sub County,1456,Laikipia North,WRONG_SUBCOUNTY,NORMALIZED,Expected Prisma SubCounty 1456 (Laikipia North) but found 529 (Laikipia North Sub County).
927,Iloodokilani Ward,KAJIADO,Kajiado West Sub County,034,3404,Kajiado West,2131,Iloodokilani Ward,92,Kajiado,470,Kajiado West Sub County,1479,Kajiado West,WRONG_SUBCOUNTY,NORMALIZED,Expected Prisma SubCounty 1479 (Kajiado West) but found 470 (Kajiado West Sub County).
928,Magadi Ward,KAJIADO,Kajiado West Sub County,034,3404,Kajiado West,2132,Magadi Ward,92,Kajiado,470,Kajiado West Sub County,1479,Kajiado West,WRONG_SUBCOUNTY,NORMALIZED,Expected Prisma SubCounty 1479 (Kajiado West) but found 470 (Kajiado West Sub County).
929,Ewuaso oonkidong'i Ward,KAJIADO,Kajiado West Sub County,034,3404,Kajiado West,2133,Ewuaso oonkidong'i Ward,92,Kajiado,470,Kajiado West Sub County,1479,Kajiado West,WRONG_SUBCOUNTY,NORMALIZED,Expected Prisma SubCounty 1479 (Kajiado West) but found 470 (Kajiado West Sub County).
1802,Mikindani Ward,Mombasa,Jomvu  Sub County,001,0102,Jomvu,2134,Mikindani Ward,55,Mombasa,1252,Jomvu,1252,Jomvu,CORRECT,NORMALIZED,Prisma ward ownership matches the authoritative target.
1820,Makadara Ward-mji Wa Kale Ward,Mombasa,Mvita  Sub County,001,0105,Mvita,2135,Makadara Ward-mji Wa Kale Ward,55,Mombasa,466,Mvita  Sub County,1255,Mvita,WRONG_SUBCOUNTY,NORMALIZED,Expected Prisma SubCounty 1255 (Mvita) but found 466 (Mvita  Sub County).
1822,Tononoka Ward,Mombasa,Mvita  Sub County,001,0105,Mvita,2136,Tononoka Ward,55,Mombasa,466,Mvita  Sub County,1255,Mvita,WRONG_SUBCOUNTY,NORMALIZED,Expected Prisma SubCounty 1255 (Mvita) but found 466 (Mvita  Sub County).
1823,Ganjoni Ward-shimanzi Ward,Mombasa,Mvita  Sub County,001,0105,Mvita,2137,Ganjoni Ward-shimanzi Ward,55,Mombasa,466,Mvita  Sub County,1255,Mvita,WRONG_SUBCOUNTY,NORMALIZED,Expected Prisma SubCounty 1255 (Mvita) but found 466 (Mvita  Sub County).
1824,Majengo Ward,Mombasa,Mvita  Sub County,001,0105,Mvita,2138,Majengo Ward,55,Mombasa,466,Mvita  Sub County,1255,Mvita,WRONG_SUBCOUNTY,NORMALIZED,Expected Prisma SubCounty 1255 (Mvita) but found 466 (Mvita  Sub County).
1825,Tezo Ward,Kilifi,Kilifi North Sub County,003,0305,Kilifi North,2139,Tezo Ward,73,Kilifi,1266,Kilifi North,1266,Kilifi North,CORRECT,NORMALIZED,Prisma ward ownership matches the authoritative target.
123,Chawia Ward,TAITA TAVETA,Mwatate Sub County,006,0601,Mwatate,2140,Chawia Ward,59,Taita Taveta,1276,Mwatate,1276,Mwatate,CORRECT,NORMALIZED,Prisma ward ownership matches the authoritative target.
1834,Shimo La Tewa Ward,Kilifi,Kilifi South Sub County,003,0306,Kilifi South,2141,Shimo La Tewa Ward,73,Kilifi,1267,Kilifi South,1267,Kilifi South,CORRECT,NORMALIZED,Prisma ward ownership matches the authoritative target.
1844,Rabai/kisurutini Ward,Kilifi,Rabai Sub County,003,0309,Rabai,2142,Rabai/kisurutini Ward,73,Kilifi,423,Rabai Sub County,1270,Rabai,WRONG_SUBCOUNTY,NORMALIZED,Expected Prisma SubCounty 1270 (Rabai) but found 423 (Rabai Sub County).
1845,Ganze Ward,Kilifi,Ganze Sub County,003,0302,Ganze,2143,Ganze Ward,73,Kilifi,478,Ganze Sub County,1263,Ganze,WRONG_SUBCOUNTY,NORMALIZED,Expected Prisma SubCounty 1263 (Ganze) but found 478 (Ganze Sub County).
1848,Sokoke Ward,Kilifi,Ganze Sub County,003,0302,Ganze,2144,Sokoke Ward,73,Kilifi,478,Ganze Sub County,1263,Ganze,WRONG_SUBCOUNTY,NORMALIZED,Expected Prisma SubCounty 1263 (Ganze) but found 478 (Ganze Sub County).
1851,Ganda Ward,Kilifi,Malindi Sub County,003,0308,Malindi,2145,Ganda Ward,73,Kilifi,479,Malindi Sub County,1269,Malindi,WRONG_SUBCOUNTY,NORMALIZED,Expected Prisma SubCounty 1269 (Malindi) but found 479 (Malindi Sub County).
1852,Malindi Town Ward,Kilifi,Malindi Sub County,003,0308,Malindi,2146,Malindi Town Ward,73,Kilifi,479,Malindi Sub County,1269,Malindi,WRONG_SUBCOUNTY,NORMALIZED,Expected Prisma SubCounty 1269 (Malindi) but found 479 (Malindi Sub County).
1856,Gongoni Ward,Kilifi,Magarini Sub County,003,0307,Magarini,2147,Gongoni Ward,73,Kilifi,480,Magarini Sub County,1268,Magarini,WRONG_SUBCOUNTY,NORMALIZED,Expected Prisma SubCounty 1268 (Magarini) but found 480 (Magarini Sub County).
1857,Adu Ward,Kilifi,Magarini Sub County,003,0307,Magarini,2148,Adu Ward,73,Kilifi,480,Magarini Sub County,1268,Magarini,WRONG_SUBCOUNTY,NORMALIZED,Expected Prisma SubCounty 1268 (Magarini) but found 480 (Magarini Sub County).
1858,Garashi Ward,Kilifi,Magarini Sub County,003,0307,Magarini,2149,Garashi Ward,73,Kilifi,480,Magarini Sub County,1268,Magarini,WRONG_SUBCOUNTY,NORMALIZED,Expected Prisma SubCounty 1268 (Magarini) but found 480 (Magarini Sub County).
1859,Sabaki Ward,Kilifi,Magarini Sub County,003,0307,Magarini,2150,Sabaki Ward,73,Kilifi,480,Magarini Sub County,1268,Magarini,WRONG_SUBCOUNTY,NORMALIZED,Expected Prisma SubCounty 1268 (Magarini) but found 480 (Magarini Sub County).
1860,North Alego Ward,Siaya,Alego Usonga Sub County,,,,2151,North Alego Ward,83,Siaya,483,Alego Usonga Sub County,,,TARGET_UNRESOLVED,NOT_FOUND,Authoritative subcounty could not be mapped to exactly one Prisma target.
1861,South East Alego Ward,Siaya,Alego Usonga Sub County,,,,2152,South East Alego Ward,83,Siaya,483,Alego Usonga Sub County,,,TARGET_UNRESOLVED,NOT_FOUND,Authoritative subcounty could not be mapped to exactly one Prisma target.
1862,North Gem Ward,Siaya,Gem Sub County,041,4102,Gem,2153,North Gem Ward,83,Siaya,530,Gem Sub County,1530,Gem,WRONG_SUBCOUNTY,NORMALIZED,Expected Prisma SubCounty 1530 (Gem) but found 530 (Gem Sub County).
1863,West Gem Ward,Siaya,Gem Sub County,041,4102,Gem,2154,West Gem Ward,83,Siaya,530,Gem Sub County,1530,Gem,WRONG_SUBCOUNTY,NORMALIZED,Expected Prisma SubCounty 1530 (Gem) but found 530 (Gem Sub County).
1864,Central Gem Ward,Siaya,Gem Sub County,041,4102,Gem,2155,Central Gem Ward,83,Siaya,530,Gem Sub County,1530,Gem,WRONG_SUBCOUNTY,NORMALIZED,Expected Prisma SubCounty 1530 (Gem) but found 530 (Gem Sub County).
1865,Yala Township Ward,Siaya,Gem Sub County,041,4102,Gem,2156,Yala Township Ward,83,Siaya,530,Gem Sub County,1530,Gem,WRONG_SUBCOUNTY,NORMALIZED,Expected Prisma SubCounty 1530 (Gem) but found 530 (Gem Sub County).
1866,East Gem Ward,Siaya,Gem Sub County,041,4102,Gem,2157,East Gem Ward,83,Siaya,530,Gem Sub County,1530,Gem,WRONG_SUBCOUNTY,NORMALIZED,Expected Prisma SubCounty 1530 (Gem) but found 530 (Gem Sub County).
1867,South Gem Ward,Siaya,Gem Sub County,041,4102,Gem,2158,South Gem Ward,83,Siaya,530,Gem Sub County,1530,Gem,WRONG_SUBCOUNTY,NORMALIZED,Expected Prisma SubCounty 1530 (Gem) but found 530 (Gem Sub County).
1868,West Yimbo Ward,Siaya,Bondo Sub County,041,4105,Bondo,2159,West Yimbo Ward,83,Siaya,531,Bondo Sub County,1533,Bondo,WRONG_SUBCOUNTY,NORMALIZED,Expected Prisma SubCounty 1533 (Bondo) but found 531 (Bondo Sub County).
1869,Central Sakwa Ward,Siaya,Bondo Sub County,041,4105,Bondo,2160,Central Sakwa Ward,83,Siaya,531,Bondo Sub County,1533,Bondo,WRONG_SUBCOUNTY,NORMALIZED,Expected Prisma SubCounty 1533 (Bondo) but found 531 (Bondo Sub County).
1870,South Sakwa Ward,Siaya,Bondo Sub County,041,4105,Bondo,2161,South Sakwa Ward,83,Siaya,531,Bondo Sub County,1533,Bondo,WRONG_SUBCOUNTY,NORMALIZED,Expected Prisma SubCounty 1533 (Bondo) but found 531 (Bondo Sub County).
1871,Yimbo East Ward,Siaya,Bondo Sub County,041,4105,Bondo,2162,Yimbo East Ward,83,Siaya,531,Bondo Sub County,1533,Bondo,WRONG_SUBCOUNTY,NORMALIZED,Expected Prisma SubCounty 1533 (Bondo) but found 531 (Bondo Sub County).
1872,West Sakwa Ward,Siaya,Bondo Sub County,041,4105,Bondo,2163,West Sakwa Ward,83,Siaya,531,Bondo Sub County,1533,Bondo,WRONG_SUBCOUNTY,NORMALIZED,Expected Prisma SubCounty 1533 (Bondo) but found 531 (Bondo Sub County).
1873,North Sakwa Ward,Siaya,Bondo Sub County,041,4105,Bondo,2164,North Sakwa Ward,83,Siaya,531,Bondo Sub County,1533,Bondo,WRONG_SUBCOUNTY,NORMALIZED,Expected Prisma SubCounty 1533 (Bondo) but found 531 (Bondo Sub County).
1874,East Asembo Ward,Siaya,Rarieda Sub County,041,4106,Rarieda,2165,East Asembo Ward,83,Siaya,442,Rarieda Sub County,1534,Rarieda,WRONG_SUBCOUNTY,NORMALIZED,Expected Prisma SubCounty 1534 (Rarieda) but found 442 (Rarieda Sub County).
1875,West Asembo Ward,Siaya,Rarieda Sub County,041,4106,Rarieda,2166,West Asembo Ward,83,Siaya,442,Rarieda Sub County,1534,Rarieda,WRONG_SUBCOUNTY,NORMALIZED,Expected Prisma SubCounty 1534 (Rarieda) but found 442 (Rarieda Sub County).
1910,Kajulu Ward,Kisumu,Kisumu East Sub County,042,4201,Kisumu East,2167,Kajulu Ward,93,Kisumu,471,Kisumu East Sub County,1535,Kisumu East,WRONG_SUBCOUNTY,NORMALIZED,Expected Prisma SubCounty 1535 (Kisumu East) but found 471 (Kisumu East Sub County).
1911,Kolwa East Ward,Kisumu,Kisumu East Sub County,042,4201,Kisumu East,2168,Kolwa East Ward,93,Kisumu,471,Kisumu East Sub County,1535,Kisumu East,WRONG_SUBCOUNTY,NORMALIZED,Expected Prisma SubCounty 1535 (Kisumu East) but found 471 (Kisumu East Sub County).
1914,Kolwa Central Ward,Kisumu,Kisumu East Sub County,042,4201,Kisumu East,2169,Kolwa Central Ward,93,Kisumu,471,Kisumu East Sub County,1535,Kisumu East,WRONG_SUBCOUNTY,NORMALIZED,Expected Prisma SubCounty 1535 (Kisumu East) but found 471 (Kisumu East Sub County).
1916,Central Kisumu Ward,Kisumu,Kisumu West Sub County,042,4203,Kisumu West,2170,Central Kisumu Ward,93,Kisumu,484,Kisumu West Sub County,1537,Kisumu West,WRONG_SUBCOUNTY,NORMALIZED,Expected Prisma SubCounty 1537 (Kisumu West) but found 484 (Kisumu West Sub County).
127,Kaloleni  Ward,TAITA TAVETA,Voi Sub County,006,0604,Voi,2171,Kaloleni  Ward,59,Taita Taveta,1279,Voi,1279,Voi,CORRECT,NORMALIZED,Prisma ward ownership matches the authoritative target.
1917,North Kisumu Ward,Kisumu,Kisumu West Sub County,042,4203,Kisumu West,2172,North Kisumu Ward,93,Kisumu,484,Kisumu West Sub County,1537,Kisumu West,WRONG_SUBCOUNTY,NORMALIZED,Expected Prisma SubCounty 1537 (Kisumu West) but found 484 (Kisumu West Sub County).
1918,West Kisumu Ward,Kisumu,Kisumu West Sub County,042,4203,Kisumu West,2173,West Kisumu Ward,93,Kisumu,484,Kisumu West Sub County,1537,Kisumu West,WRONG_SUBCOUNTY,NORMALIZED,Expected Prisma SubCounty 1537 (Kisumu West) but found 484 (Kisumu West Sub County).
1919,North West Kisumu Ward,Kisumu,Kisumu West Sub County,042,4203,Kisumu West,2174,North West Kisumu Ward,93,Kisumu,484,Kisumu West Sub County,1537,Kisumu West,WRONG_SUBCOUNTY,NORMALIZED,Expected Prisma SubCounty 1537 (Kisumu West) but found 484 (Kisumu West Sub County).
1920,Railways Ward,Kisumu,Kisumu Central Sub County,042,4202,Kisumu Central,2175,Railways Ward,93,Kisumu,477,Kisumu Central Sub County,1536,Kisumu Central,WRONG_SUBCOUNTY,NORMALIZED,Expected Prisma SubCounty 1536 (Kisumu Central) but found 477 (Kisumu Central Sub County).
1921,Migosi Ward,Kisumu,Kisumu Central Sub County,042,4202,Kisumu Central,2176,Migosi Ward,93,Kisumu,477,Kisumu Central Sub County,1536,Kisumu Central,WRONG_SUBCOUNTY,NORMALIZED,Expected Prisma SubCounty 1536 (Kisumu Central) but found 477 (Kisumu Central Sub County).
1998,Ibeno Ward,Kisii,Nyaribari Chache  Sub County,,,,2177,Ibeno Ward,87,Kisii,508,Nyaribari Chache  Sub County,,,TARGET_UNRESOLVED,NOT_FOUND,Authoritative subcounty could not be mapped to exactly one Prisma target.
1999,Monyerero Ward,Kisii,Kitutu Chache North Sub County,,,,2178,Monyerero Ward,87,Kisii,510,Kitutu Chache North Sub County,,,TARGET_UNRESOLVED,NOT_FOUND,Authoritative subcounty could not be mapped to exactly one Prisma target.
2001,Marani Ward,Kisii,Kitutu Chache North Sub County,,,,2179,Marani Ward,87,Kisii,510,Kitutu Chache North Sub County,,,TARGET_UNRESOLVED,NOT_FOUND,Authoritative subcounty could not be mapped to exactly one Prisma target.
2002,Kegogi Ward,Kisii,Kitutu Chache North Sub County,,,,2180,Kegogi Ward,87,Kisii,510,Kitutu Chache North Sub County,,,TARGET_UNRESOLVED,NOT_FOUND,Authoritative subcounty could not be mapped to exactly one Prisma target.
2003,Bogusero Ward,Kisii,Kitutu Chache South Sub County,,,,2181,Bogusero Ward,87,Kisii,485,Kitutu Chache South Sub County,,,TARGET_UNRESOLVED,NOT_FOUND,Authoritative subcounty could not be mapped to exactly one Prisma target.
2004,Bogeka Ward,Kisii,Kitutu Chache South Sub County,,,,2182,Bogeka Ward,87,Kisii,485,Kitutu Chache South Sub County,,,TARGET_UNRESOLVED,NOT_FOUND,Authoritative subcounty could not be mapped to exactly one Prisma target.
2007,Nyatieko Ward,Kisii,Kitutu Chache South Sub County,,,,2183,Nyatieko Ward,87,Kisii,485,Kitutu Chache South Sub County,,,TARGET_UNRESOLVED,NOT_FOUND,Authoritative subcounty could not be mapped to exactly one Prisma target.
2009,Karura Ward,Nairobi,Westlands  Sub County,,,,2184,Karura Ward,79,Nairobi City,486,Westlands  Sub County,,,TARGET_UNRESOLVED,NOT_FOUND,Authoritative subcounty could not be mapped to exactly one Prisma target.
2010,Kangemi Ward,Nairobi,Westlands  Sub County,,,,2185,Kangemi Ward,79,Nairobi City,486,Westlands  Sub County,,,TARGET_UNRESOLVED,NOT_FOUND,Authoritative subcounty could not be mapped to exactly one Prisma target.
2011,Mountain View Ward,Nairobi,Westlands  Sub County,,,,2186,Mountain View Ward,79,Nairobi City,486,Westlands  Sub County,,,TARGET_UNRESOLVED,NOT_FOUND,Authoritative subcounty could not be mapped to exactly one Prisma target.
678,Keiyo Ward,TRANS NZOIA,Kwanza  Sub County,026,2603,Kwanza,2187,Keiyo Ward,81,Trans Nzoia,422,Kwanza  Sub County,1427,Kwanza,WRONG_SUBCOUNTY,NORMALIZED,Expected Prisma SubCounty 1427 (Kwanza) but found 422 (Kwanza  Sub County).
2014,Gatina Ward,Nairobi,Dagoretti North Sub County,,,,2188,Gatina Ward,79,Nairobi City,487,Dagoretti North Sub County,,,TARGET_UNRESOLVED,NOT_FOUND,Authoritative subcounty could not be mapped to exactly one Prisma target.
780,Sangalo/kebulonik Ward,NANDI,Mosop Sub County,,,,2189,Sangalo/kebulonik Ward,88,Nandi,462,Mosop Sub County,,,TARGET_UNRESOLVED,NOT_FOUND,Authoritative subcounty could not be mapped to exactly one Prisma target.
786,Tangulbei/korossi Ward,BARINGO,Tiaty Sub County,030,3007,Tiaty East,2190,Tangulbei/korossi Ward,90,Baringo,463,Tiaty West Sub County,757,Tiaty East,WRONG_SUBCOUNTY,ALIAS,Expected Prisma SubCounty 757 (Tiaty East) but found 463 (Tiaty West Sub County).
2023,Nairobi West Ward,Nairobi,Langata  Sub County,047,4706,Lang'ata,2191,Nairobi West Ward,79,Nairobi City,525,Langata  Sub County,1577,Lang'ata,WRONG_SUBCOUNTY,NORMALIZED,Expected Prisma SubCounty 1577 (Lang'ata) but found 525 (Langata  Sub County).
2024,Mugumo-ini Ward,Nairobi,Langata  Sub County,047,4706,Lang'ata,2192,Mugumo-ini Ward,79,Nairobi City,525,Langata  Sub County,1577,Lang'ata,WRONG_SUBCOUNTY,NORMALIZED,Expected Prisma SubCounty 1577 (Lang'ata) but found 525 (Langata  Sub County).
787,Churo/amaya Ward,BARINGO,Tiaty Sub County,030,3007,Tiaty East,2193,Churo/amaya Ward,90,Baringo,463,Tiaty West Sub County,757,Tiaty East,WRONG_SUBCOUNTY,ALIAS,Expected Prisma SubCounty 757 (Tiaty East) but found 463 (Tiaty West Sub County).
788,Barwessa Ward,BARINGO,Baringo North Sub County,030,3002,Baringo North,2194,Barwessa Ward,90,Baringo,532,Baringo North Sub County,1447,Baringo North,WRONG_SUBCOUNTY,NORMALIZED,Expected Prisma SubCounty 1447 (Baringo North) but found 532 (Baringo North Sub County).
789,Kabartonjo Ward,BARINGO,Baringo North Sub County,030,3002,Baringo North,2195,Kabartonjo Ward,90,Baringo,532,Baringo North Sub County,1447,Baringo North,WRONG_SUBCOUNTY,NORMALIZED,Expected Prisma SubCounty 1447 (Baringo North) but found 532 (Baringo North Sub County).
790,Saimoi/kipsaraman Ward,BARINGO,Baringo North Sub County,030,3002,Baringo North,2196,Saimoi/kipsaraman Ward,90,Baringo,532,Baringo North Sub County,1447,Baringo North,WRONG_SUBCOUNTY,NORMALIZED,Expected Prisma SubCounty 1447 (Baringo North) but found 532 (Baringo North Sub County).
791,Saimo/soi Ward,BARINGO,Baringo North Sub County,030,3002,Baringo North,2197,Saimo/soi Ward,90,Baringo,532,Baringo North Sub County,1447,Baringo North,WRONG_SUBCOUNTY,NORMALIZED,Expected Prisma SubCounty 1447 (Baringo North) but found 532 (Baringo North Sub County).
792,Bartabwa Ward,BARINGO,Baringo North Sub County,030,3002,Baringo North,2198,Bartabwa Ward,90,Baringo,532,Baringo North Sub County,1447,Baringo North,WRONG_SUBCOUNTY,NORMALIZED,Expected Prisma SubCounty 1447 (Baringo North) but found 532 (Baringo North Sub County).
793,Kabarnet Ward,BARINGO,Baringo Central Sub County,030,3001,Baringo Central,2199,Kabarnet Ward,90,Baringo,526,Baringo Central Sub County,1446,Baringo Central,WRONG_SUBCOUNTY,NORMALIZED,Expected Prisma SubCounty 1446 (Baringo Central) but found 526 (Baringo Central Sub County).
2025,South C Ward,Nairobi,Langata  Sub County,047,4706,Lang'ata,2200,South C Ward,79,Nairobi City,525,Langata  Sub County,1577,Lang'ata,WRONG_SUBCOUNTY,NORMALIZED,Expected Prisma SubCounty 1577 (Lang'ata) but found 525 (Langata  Sub County).
795,Tenges Ward,BARINGO,Baringo Central Sub County,030,3001,Baringo Central,2201,Tenges Ward,90,Baringo,526,Baringo Central Sub County,1446,Baringo Central,WRONG_SUBCOUNTY,NORMALIZED,Expected Prisma SubCounty 1446 (Baringo Central) but found 526 (Baringo Central Sub County).
796,Ewalel/chapchap Ward,BARINGO,Baringo Central Sub County,030,3001,Baringo Central,2202,Ewalel/chapchap Ward,90,Baringo,526,Baringo Central Sub County,1446,Baringo Central,WRONG_SUBCOUNTY,NORMALIZED,Expected Prisma SubCounty 1446 (Baringo Central) but found 526 (Baringo Central Sub County).
797,Kapropita Ward,BARINGO,Baringo Central Sub County,030,3001,Baringo Central,2203,Kapropita Ward,90,Baringo,526,Baringo Central Sub County,1446,Baringo Central,WRONG_SUBCOUNTY,NORMALIZED,Expected Prisma SubCounty 1446 (Baringo Central) but found 526 (Baringo Central Sub County).
798,Marigat Ward,BARINGO,Marigat Sub County,030,3005,Marigat,2204,Marigat Ward,90,Baringo,527,Marigat Sub County,1450,Marigat,WRONG_SUBCOUNTY,NORMALIZED,Expected Prisma SubCounty 1450 (Marigat) but found 527 (Marigat Sub County).
799,Iichamus Ward,BARINGO,Marigat Sub County,030,3005,Marigat,2205,Iichamus Ward,90,Baringo,527,Marigat Sub County,1450,Marigat,WRONG_SUBCOUNTY,NORMALIZED,Expected Prisma SubCounty 1450 (Marigat) but found 527 (Marigat Sub County).
800,Mochongoi Ward,BARINGO,Marigat Sub County,030,3005,Marigat,2206,Mochongoi Ward,90,Baringo,527,Marigat Sub County,1450,Marigat,WRONG_SUBCOUNTY,NORMALIZED,Expected Prisma SubCounty 1450 (Marigat) but found 527 (Marigat Sub County).
2026,Nyayo Highrise Ward,Nairobi,Langata  Sub County,047,4706,Lang'ata,2207,Nyayo Highrise Ward,79,Nairobi City,525,Langata  Sub County,1577,Lang'ata,WRONG_SUBCOUNTY,NORMALIZED,Expected Prisma SubCounty 1577 (Lang'ata) but found 525 (Langata  Sub County).
2027,Laini Saba Ward,Nairobi,Kibra  Sub County,047,4705,Kibra,2208,Laini Saba Ward,79,Nairobi City,490,Kibra  Sub County,1576,Kibra,WRONG_SUBCOUNTY,NORMALIZED,Expected Prisma SubCounty 1576 (Kibra) but found 490 (Kibra  Sub County).
930,Mosiro Ward,KAJIADO,Kajiado West Sub County,034,3404,Kajiado West,2209,Mosiro Ward,92,Kajiado,470,Kajiado West Sub County,1479,Kajiado West,WRONG_SUBCOUNTY,NORMALIZED,Expected Prisma SubCounty 1479 (Kajiado West) but found 470 (Kajiado West Sub County).
931,Entonet/lenkism Ward,KAJIADO,Loitokitok Sub County,034,3405,Loitokitok,2210,Entonet/lenkism Ward,92,Kajiado,528,Loitokitok Sub County,1480,Loitokitok,WRONG_SUBCOUNTY,NORMALIZED,Expected Prisma SubCounty 1480 (Loitokitok) but found 528 (Loitokitok Sub County).
932,Imbrikani/eselelnkei Ward,KAJIADO,Loitokitok Sub County,034,3405,Loitokitok,2211,Imbrikani/eselelnkei Ward,92,Kajiado,528,Loitokitok Sub County,1480,Loitokitok,WRONG_SUBCOUNTY,NORMALIZED,Expected Prisma SubCounty 1480 (Loitokitok) but found 528 (Loitokitok Sub County).
933,Kuku Ward,KAJIADO,Loitokitok Sub County,034,3405,Loitokitok,2212,Kuku Ward,92,Kajiado,528,Loitokitok Sub County,1480,Loitokitok,WRONG_SUBCOUNTY,NORMALIZED,Expected Prisma SubCounty 1480 (Loitokitok) but found 528 (Loitokitok Sub County).
934,Rombo Ward,KAJIADO,Loitokitok Sub County,034,3405,Loitokitok,2213,Rombo Ward,92,Kajiado,528,Loitokitok Sub County,1480,Loitokitok,WRONG_SUBCOUNTY,NORMALIZED,Expected Prisma SubCounty 1480 (Loitokitok) but found 528 (Loitokitok Sub County).
2028,Lindi Ward,Nairobi,Kibra  Sub County,047,4705,Kibra,2214,Lindi Ward,79,Nairobi City,490,Kibra  Sub County,1576,Kibra,WRONG_SUBCOUNTY,NORMALIZED,Expected Prisma SubCounty 1576 (Kibra) but found 490 (Kibra  Sub County).
936,Londiani Ward,KERICHO,Kipkelion East Sub County,,,,2215,Londiani Ward,56,Kericho,491,Kipkelion East Sub County,,,TARGET_UNRESOLVED,NOT_FOUND,Authoritative subcounty could not be mapped to exactly one Prisma target.
2029,Makina Ward,Nairobi,Kibra  Sub County,047,4705,Kibra,2216,Makina Ward,79,Nairobi City,490,Kibra  Sub County,1576,Kibra,WRONG_SUBCOUNTY,NORMALIZED,Expected Prisma SubCounty 1576 (Kibra) but found 490 (Kibra  Sub County).
2031,Sarang'ombe Ward,Nairobi,Kibra  Sub County,047,4705,Kibra,2217,Sarang'ombe Ward,79,Nairobi City,490,Kibra  Sub County,1576,Kibra,WRONG_SUBCOUNTY,NORMALIZED,Expected Prisma SubCounty 1576 (Kibra) but found 490 (Kibra  Sub County).
2032,Githurai Ward,Nairobi,Roysambu  Sub County,,,,2218,Githurai Ward,79,Nairobi City,492,Roysambu  Sub County,,,TARGET_UNRESOLVED,NOT_FOUND,Authoritative subcounty could not be mapped to exactly one Prisma target.
2033,Kahawa West,Nairobi,Roysambu  Sub County,,,,2219,Kahawa West,79,Nairobi City,492,Roysambu  Sub County,,,TARGET_UNRESOLVED,NOT_FOUND,Authoritative subcounty could not be mapped to exactly one Prisma target.
2036,Kahawa,Nairobi,Roysambu  Sub County,,,,2220,Kahawa,79,Nairobi City,492,Roysambu  Sub County,,,TARGET_UNRESOLVED,NOT_FOUND,Authoritative subcounty could not be mapped to exactly one Prisma target.
2037,Clay City,Nairobi,Kasarani  Sub County,047,4704,Kasarani,2221,Clay City,79,Nairobi City,493,Kasarani  Sub County,1575,Kasarani,WRONG_SUBCOUNTY,NORMALIZED,Expected Prisma SubCounty 1575 (Kasarani) but found 493 (Kasarani  Sub County).
2040,Njiru Ward,Nairobi,Kasarani  Sub County,047,4704,Kasarani,2222,Njiru Ward,79,Nairobi City,493,Kasarani  Sub County,1575,Kasarani,WRONG_SUBCOUNTY,NORMALIZED,Expected Prisma SubCounty 1575 (Kasarani) but found 493 (Kasarani  Sub County).
2041,Ruai Ward,Nairobi,Kasarani  Sub County,047,4704,Kasarani,2223,Ruai Ward,79,Nairobi City,493,Kasarani  Sub County,1575,Kasarani,WRONG_SUBCOUNTY,NORMALIZED,Expected Prisma SubCounty 1575 (Kasarani) but found 493 (Kasarani  Sub County).
2042,Babandogo,Nairobi,Ruaraka  Sub County,,,,2224,Babandogo,79,Nairobi City,405,Ruaraka  Sub County,,,TARGET_UNRESOLVED,NOT_FOUND,Authoritative subcounty could not be mapped to exactly one Prisma target.
2043,Utalii Ward,Nairobi,Ruaraka  Sub County,,,,2225,Utalii Ward,79,Nairobi City,405,Ruaraka  Sub County,,,TARGET_UNRESOLVED,NOT_FOUND,Authoritative subcounty could not be mapped to exactly one Prisma target.
2048,Kwa Njenga Ward,Nairobi,Embakasi South Sub County,,,,2226,Kwa Njenga Ward,79,Nairobi City,407,Embakasi South Sub County,,,TARGET_UNRESOLVED,NOT_FOUND,Authoritative subcounty could not be mapped to exactly one Prisma target.
2056,Dandora Area Iv Ward,Nairobi,Embakasi North Sub County,,,,2227,Dandora Area Iv Ward,79,Nairobi City,533,Embakasi North Sub County,,,TARGET_UNRESOLVED,NOT_FOUND,Authoritative subcounty could not be mapped to exactly one Prisma target.
2049,Kwa Reuben Ward,Nairobi,Embakasi South Sub County,,,,2228,Kwa Reuben Ward,79,Nairobi City,407,Embakasi South Sub County,,,TARGET_UNRESOLVED,NOT_FOUND,Authoritative subcounty could not be mapped to exactly one Prisma target.
2067,Umoja I Ward,Nairobi,Embakasi West Sub County,,,,2229,Umoja I Ward,79,Nairobi City,534,Embakasi West Sub County,,,TARGET_UNRESOLVED,NOT_FOUND,Authoritative subcounty could not be mapped to exactly one Prisma target.
2051,Kware Ward,Nairobi,Embakasi South Sub County,,,,2230,Kware Ward,79,Nairobi City,407,Embakasi South Sub County,,,TARGET_UNRESOLVED,NOT_FOUND,Authoritative subcounty could not be mapped to exactly one Prisma target.
2052,Kariobangi North Ward,Nairobi,Embakasi North Sub County,,,,2231,Kariobangi North Ward,79,Nairobi City,533,Embakasi North Sub County,,,TARGET_UNRESOLVED,NOT_FOUND,Authoritative subcounty could not be mapped to exactly one Prisma target.
2053,Dandora Area I Ward,Nairobi,Embakasi North Sub County,,,,2232,Dandora Area I Ward,79,Nairobi City,533,Embakasi North Sub County,,,TARGET_UNRESOLVED,NOT_FOUND,Authoritative subcounty could not be mapped to exactly one Prisma target.
2054,Dandora Area Ii Ward,Nairobi,Embakasi North Sub County,,,,2233,Dandora Area Ii Ward,79,Nairobi City,533,Embakasi North Sub County,,,TARGET_UNRESOLVED,NOT_FOUND,Authoritative subcounty could not be mapped to exactly one Prisma target.
2055,Dandora Area Iii Ward,Nairobi,Embakasi North Sub County,,,,2234,Dandora Area Iii Ward,79,Nairobi City,533,Embakasi North Sub County,,,TARGET_UNRESOLVED,NOT_FOUND,Authoritative subcounty could not be mapped to exactly one Prisma target.
2057,Kayole North Ward,Nairobi,Embakasi Central Sub County,,,,2235,Kayole North Ward,79,Nairobi City,535,Embakasi Central Sub County,,,TARGET_UNRESOLVED,NOT_FOUND,Authoritative subcounty could not be mapped to exactly one Prisma target.
2058,Kayole Central Ward,Nairobi,Embakasi Central Sub County,,,,2236,Kayole Central Ward,79,Nairobi City,535,Embakasi Central Sub County,,,TARGET_UNRESOLVED,NOT_FOUND,Authoritative subcounty could not be mapped to exactly one Prisma target.
2068,Umoja Ii Ward,Nairobi,Embakasi West Sub County,,,,2237,Umoja Ii Ward,79,Nairobi City,534,Embakasi West Sub County,,,TARGET_UNRESOLVED,NOT_FOUND,Authoritative subcounty could not be mapped to exactly one Prisma target.
2059,Kayole South Ward,Nairobi,Embakasi Central Sub County,,,,2238,Kayole South Ward,79,Nairobi City,535,Embakasi Central Sub County,,,TARGET_UNRESOLVED,NOT_FOUND,Authoritative subcounty could not be mapped to exactly one Prisma target.
2074,Makongeni Ward,Nairobi,Makadara  Sub County,047,4707,Makadara,2239,Makongeni Ward,79,Nairobi City,511,Makadara  Sub County,1578,Makadara,WRONG_SUBCOUNTY,NORMALIZED,Expected Prisma SubCounty 1578 (Makadara) but found 511 (Makadara  Sub County).
2060,Komarock Ward,Nairobi,Embakasi Central Sub County,,,,2240,Komarock Ward,79,Nairobi City,535,Embakasi Central Sub County,,,TARGET_UNRESOLVED,NOT_FOUND,Authoritative subcounty could not be mapped to exactly one Prisma target.
2061,Matopeni/spring Valley Ward,Nairobi,Embakasi Central Sub County,,,,2241,Matopeni/spring Valley Ward,79,Nairobi City,535,Embakasi Central Sub County,,,TARGET_UNRESOLVED,NOT_FOUND,Authoritative subcounty could not be mapped to exactly one Prisma target.
2076,Eastleigh North Ward,Nairobi,Kamukunji  Sub County,047,4703,Kamukunji,2242,Eastleigh North Ward,79,Nairobi City,512,Kamukunji  Sub County,1574,Kamukunji,WRONG_SUBCOUNTY,NORMALIZED,Expected Prisma SubCounty 1574 (Kamukunji) but found 512 (Kamukunji  Sub County).
2062,Upper Savanna Ward,Nairobi,Embakasi East Sub County,,,,2243,Upper Savanna Ward,79,Nairobi City,509,Embakasi East Sub County,,,TARGET_UNRESOLVED,NOT_FOUND,Authoritative subcounty could not be mapped to exactly one Prisma target.
2069,Mowlem Ward,Nairobi,Embakasi West Sub County,,,,2244,Mowlem Ward,79,Nairobi City,534,Embakasi West Sub County,,,TARGET_UNRESOLVED,NOT_FOUND,Authoritative subcounty could not be mapped to exactly one Prisma target.
2070,Kariobangi South Ward,Nairobi,Embakasi West Sub County,,,,2245,Kariobangi South Ward,79,Nairobi City,534,Embakasi West Sub County,,,TARGET_UNRESOLVED,NOT_FOUND,Authoritative subcounty could not be mapped to exactly one Prisma target.
2071,Maringo/hamza Ward,Nairobi,Makadara  Sub County,047,4707,Makadara,2246,Maringo/hamza Ward,79,Nairobi City,511,Makadara  Sub County,1578,Makadara,WRONG_SUBCOUNTY,NORMALIZED,Expected Prisma SubCounty 1578 (Makadara) but found 511 (Makadara  Sub County).
693,Nabiswa Ward,TRANS NZOIA,Kiminini  Sub County,026,2605,Kiminini,2247,Nabiswa Ward,81,Trans Nzoia,432,Kiminini  Sub County,1429,Kiminini,WRONG_SUBCOUNTY,NORMALIZED,Expected Prisma SubCounty 1429 (Kiminini) but found 432 (Kiminini  Sub County).
2079,California Ward,Nairobi,Kamukunji  Sub County,047,4703,Kamukunji,2248,California Ward,79,Nairobi City,512,Kamukunji  Sub County,1574,Kamukunji,WRONG_SUBCOUNTY,NORMALIZED,Expected Prisma SubCounty 1574 (Kamukunji) but found 512 (Kamukunji  Sub County).
2075,Pumwani Ward,Nairobi,Kamukunji  Sub County,047,4703,Kamukunji,2249,Pumwani Ward,79,Nairobi City,512,Kamukunji  Sub County,1574,Kamukunji,WRONG_SUBCOUNTY,NORMALIZED,Expected Prisma SubCounty 1574 (Kamukunji) but found 512 (Kamukunji  Sub County).
694,Sinyerere Ward,TRANS NZOIA,Cherangany Sub County,,,,2250,Sinyerere Ward,81,Trans Nzoia,441,Cherangany Sub County,,,TARGET_UNRESOLVED,NOT_FOUND,Authoritative subcounty could not be mapped to exactly one Prisma target.
2078,Airbase Ward,Nairobi,Kamukunji  Sub County,047,4703,Kamukunji,2251,Airbase Ward,79,Nairobi City,512,Kamukunji  Sub County,1574,Kamukunji,WRONG_SUBCOUNTY,NORMALIZED,Expected Prisma SubCounty 1574 (Kamukunji) but found 512 (Kamukunji  Sub County).
133,Iftin Ward,GARISSA,Garissa Sub County,007,0704,Garissa,2252,Iftin Ward,60,Garissa,1283,Garissa,1283,Garissa,CORRECT,NORMALIZED,Prisma ward ownership matches the authoritative target.
2080,Nairobi Central Ward,Nairobi,Starehe  Sub County,,,,2253,Nairobi Central Ward,79,Nairobi City,513,Starehe  Sub County,,,TARGET_UNRESOLVED,NOT_FOUND,Authoritative subcounty could not be mapped to exactly one Prisma target.
146,Dertu Ward,GARISSA,Dadaab Sub County,007,0702,Dadaab,2254,Dertu Ward,60,Garissa,536,Dadaab Sub County,1281,Dadaab,WRONG_SUBCOUNTY,NORMALIZED,Expected Prisma SubCounty 1281 (Dadaab) but found 536 (Dadaab Sub County).
147,Dadaab Ward,GARISSA,Dadaab Sub County,007,0702,Dadaab,2255,Dadaab Ward,60,Garissa,536,Dadaab Sub County,1281,Dadaab,WRONG_SUBCOUNTY,NORMALIZED,Expected Prisma SubCounty 1281 (Dadaab) but found 536 (Dadaab Sub County).
148,LABISGALE Ward,GARISSA,Dadaab Sub County,007,0702,Dadaab,2256,LABISGALE Ward,60,Garissa,536,Dadaab Sub County,1281,Dadaab,WRONG_SUBCOUNTY,NORMALIZED,Expected Prisma SubCounty 1281 (Dadaab) but found 536 (Dadaab Sub County).
149,Damajale Ward,GARISSA,Dadaab Sub County,007,0702,Dadaab,2257,Damajale Ward,60,Garissa,536,Dadaab Sub County,1281,Dadaab,WRONG_SUBCOUNTY,NORMALIZED,Expected Prisma SubCounty 1281 (Dadaab) but found 536 (Dadaab Sub County).
150,Liboi Ward,GARISSA,Dadaab Sub County,007,0702,Dadaab,2258,Liboi Ward,60,Garissa,536,Dadaab Sub County,1281,Dadaab,WRONG_SUBCOUNTY,NORMALIZED,Expected Prisma SubCounty 1281 (Dadaab) but found 536 (Dadaab Sub County).
151,Abakaile Ward,GARISSA,Dadaab Sub County,007,0702,Dadaab,2259,Abakaile Ward,60,Garissa,536,Dadaab Sub County,1281,Dadaab,WRONG_SUBCOUNTY,NORMALIZED,Expected Prisma SubCounty 1281 (Dadaab) but found 536 (Dadaab Sub County).
756,Terik Ward,NANDI,Aldai Sub County,,,,2260,Terik Ward,88,Nandi,451,Aldai Sub County,,,TARGET_UNRESOLVED,NOT_FOUND,Authoritative subcounty could not be mapped to exactly one Prisma target.
2081,Ngara Ward Ward,Nairobi,Starehe  Sub County,,,,2261,Ngara Ward Ward,79,Nairobi City,513,Starehe  Sub County,,,TARGET_UNRESOLVED,NOT_FOUND,Authoritative subcounty could not be mapped to exactly one Prisma target.
2082,Pangani Ward,Nairobi,Starehe  Sub County,,,,2262,Pangani Ward,79,Nairobi City,513,Starehe  Sub County,,,TARGET_UNRESOLVED,NOT_FOUND,Authoritative subcounty could not be mapped to exactly one Prisma target.
2083,Ziwani/kariokor,Nairobi,Starehe  Sub County,,,,2263,Ziwani/kariokor,79,Nairobi City,513,Starehe  Sub County,,,TARGET_UNRESOLVED,NOT_FOUND,Authoritative subcounty could not be mapped to exactly one Prisma target.
2086,Hospital Ward,Nairobi,Mathare  Sub County,047,4708,Mathare,2264,Hospital Ward,79,Nairobi City,514,Mathare  Sub County,1579,Mathare,WRONG_SUBCOUNTY,NORMALIZED,Expected Prisma SubCounty 1579 (Mathare) but found 514 (Mathare  Sub County).
2087,Mabatini Ward,Nairobi,Mathare  Sub County,047,4708,Mathare,2265,Mabatini Ward,79,Nairobi City,514,Mathare  Sub County,1579,Mathare,WRONG_SUBCOUNTY,NORMALIZED,Expected Prisma SubCounty 1579 (Mathare) but found 514 (Mathare  Sub County).
2089,Ngei Ward,Nairobi,Mathare  Sub County,047,4708,Mathare,2266,Ngei Ward,79,Nairobi City,514,Mathare  Sub County,1579,Mathare,WRONG_SUBCOUNTY,NORMALIZED,Expected Prisma SubCounty 1579 (Mathare) but found 514 (Mathare  Sub County).
2090,Mlango Kubwa,Nairobi,Mathare  Sub County,047,4708,Mathare,2267,Mlango Kubwa,79,Nairobi City,514,Mathare  Sub County,1579,Mathare,WRONG_SUBCOUNTY,NORMALIZED,Expected Prisma SubCounty 1579 (Mathare) but found 514 (Mathare  Sub County).
2091,Kiamaiko Ward,Nairobi,Mathare  Sub County,047,4708,Mathare,2268,Kiamaiko Ward,79,Nairobi City,514,Mathare  Sub County,1579,Mathare,WRONG_SUBCOUNTY,NORMALIZED,Expected Prisma SubCounty 1579 (Mathare) but found 514 (Mathare  Sub County).
2092,Kitisuru Ward,Nairobi,Westlands  Sub County,,,,2269,Kitisuru Ward,79,Nairobi City,486,Westlands  Sub County,,,TARGET_UNRESOLVED,NOT_FOUND,Authoritative subcounty could not be mapped to exactly one Prisma target.
2093,Kanyenya-ini Ward,Muranga,Kangema Sub County,021,2102,Kangema,2270,Kanyenya-ini Ward,76,Murang'a,537,Kangema Sub County,1390,Kangema,WRONG_SUBCOUNTY,NORMALIZED,Expected Prisma SubCounty 1390 (Kangema) but found 537 (Kangema Sub County).
2094,Muguru Ward,Muranga,Kangema Sub County,021,2102,Kangema,2271,Muguru Ward,76,Murang'a,537,Kangema Sub County,1390,Kangema,WRONG_SUBCOUNTY,NORMALIZED,Expected Prisma SubCounty 1390 (Kangema) but found 537 (Kangema Sub County).
2095,Rwathia Ward,Muranga,Kangema Sub County,021,2102,Kangema,2272,Rwathia Ward,76,Murang'a,537,Kangema Sub County,1390,Kangema,WRONG_SUBCOUNTY,NORMALIZED,Expected Prisma SubCounty 1390 (Kangema) but found 537 (Kangema Sub County).
2096,Gitugi Ward,Muranga,Mathioya Sub County,021,2103,Mathioya,2273,Gitugi Ward,76,Murang'a,1391,Mathioya,1391,Mathioya,CORRECT,NORMALIZED,Prisma ward ownership matches the authoritative target.
168,Wagberi Ward,WAJIR,Wajir East Sub County,008,0805,Wajir East,2274,Wagberi Ward,61,Wajir,1291,Wajir East,1291,Wajir East,CORRECT,NORMALIZED,Prisma ward ownership matches the authoritative target.
2151,Ngeria Ward,Uasin Gishu,Kapseret Sub County,027,2702,Kapseret,2275,Ngeria Ward,78,Uasin Gishu,410,Kapseret Sub County,1431,Kapseret,WRONG_SUBCOUNTY,NORMALIZED,Expected Prisma SubCounty 1431 (Kapseret) but found 410 (Kapseret Sub County).
2153,Langas Ward,Uasin Gishu,Kapseret Sub County,027,2702,Kapseret,2276,Langas Ward,78,Uasin Gishu,410,Kapseret Sub County,1431,Kapseret,WRONG_SUBCOUNTY,NORMALIZED,Expected Prisma SubCounty 1431 (Kapseret) but found 410 (Kapseret Sub County).
181,Eldas Ward,WAJIR,Eldas Sub County,008,0802,Eldas,2277,Eldas Ward,61,Wajir,1288,Eldas,1288,Eldas,CORRECT,NORMALIZED,Prisma ward ownership matches the authoritative target.
2154,Racecourse Ward,Uasin Gishu,Kesses Sub County,027,2703,Kesses,2278,Racecourse Ward,78,Uasin Gishu,538,Kesses Sub County,1432,Kesses,WRONG_SUBCOUNTY,ALIAS,Expected Prisma SubCounty 1432 (Kesses) but found 538 (Kesses Sub County).
2155,Cheptiret/kipchamo Ward,Uasin Gishu,Kesses Sub County,027,2703,Kesses,2279,Cheptiret/kipchamo Ward,78,Uasin Gishu,538,Kesses Sub County,1432,Kesses,WRONG_SUBCOUNTY,ALIAS,Expected Prisma SubCounty 1432 (Kesses) but found 538 (Kesses Sub County).
2156,Tulwet/chiyat Ward,Uasin Gishu,Kesses Sub County,027,2703,Kesses,2280,Tulwet/chiyat Ward,78,Uasin Gishu,538,Kesses Sub County,1432,Kesses,WRONG_SUBCOUNTY,ALIAS,Expected Prisma SubCounty 1432 (Kesses) but found 538 (Kesses Sub County).
2157,Tarakwa Ward,Uasin Gishu,Kesses Sub County,027,2703,Kesses,2281,Tarakwa Ward,78,Uasin Gishu,538,Kesses Sub County,1432,Kesses,WRONG_SUBCOUNTY,ALIAS,Expected Prisma SubCounty 1432 (Kesses) but found 538 (Kesses Sub County).
152,Bura Ward,GARISSA,Fafi Sub County,007,0703,Fafi,2282,Bura Ward,60,Garissa,1282,Fafi,1282,Fafi,CORRECT,NORMALIZED,Prisma ward ownership matches the authoritative target.
2167,Kapsasian Ward,Narok,Transmara East Sub County,033,3305,Trans Mara East,2283,Kapsasian Ward,80,Narok,515,Transmara East Sub County,1474,Trans Mara East,WRONG_SUBCOUNTY,ALIAS,Expected Prisma SubCounty 1474 (Trans Mara East) but found 515 (Transmara East Sub County).
2168,Olposimoru Ward,Narok,Narok North Sub County,033,3302,Narok North,2284,Olposimoru Ward,80,Narok,416,Narok North Sub County,1471,Narok North,WRONG_SUBCOUNTY,NORMALIZED,Expected Prisma SubCounty 1471 (Narok North) but found 416 (Narok North Sub County).
2169,Olokurto Ward,Narok,Narok North Sub County,033,3302,Narok North,2285,Olokurto Ward,80,Narok,416,Narok North Sub County,1471,Narok North,WRONG_SUBCOUNTY,NORMALIZED,Expected Prisma SubCounty 1471 (Narok North) but found 416 (Narok North Sub County).
2170,Narok Town Ward,Narok,Narok North Sub County,033,3302,Narok North,2286,Narok Town Ward,80,Narok,416,Narok North Sub County,1471,Narok North,WRONG_SUBCOUNTY,NORMALIZED,Expected Prisma SubCounty 1471 (Narok North) but found 416 (Narok North Sub County).
2171,Nkareta Ward,Narok,Narok North Sub County,033,3302,Narok North,2287,Nkareta Ward,80,Narok,416,Narok North Sub County,1471,Narok North,WRONG_SUBCOUNTY,NORMALIZED,Expected Prisma SubCounty 1471 (Narok North) but found 416 (Narok North Sub County).
182,Della Ward,WAJIR,Eldas Sub County,008,0802,Eldas,2288,Della Ward,61,Wajir,1288,Eldas,1288,Eldas,CORRECT,NORMALIZED,Prisma ward ownership matches the authoritative target.
186,Dadaja bulla Ward,WAJIR,Wajir South Sub County,008,0807,Wajir South,2289,Dadaja bulla Ward,61,Wajir,1293,Wajir South,1293,Wajir South,CORRECT,NORMALIZED,Prisma ward ownership matches the authoritative target.
187,Habasswein Ward,WAJIR,Wajir South Sub County,008,0807,Wajir South,2290,Habasswein Ward,61,Wajir,1293,Wajir South,1293,Wajir South,CORRECT,NORMALIZED,Prisma ward ownership matches the authoritative target.
188,Lagboghoi south Ward,WAJIR,Wajir South Sub County,008,0807,Wajir South,2291,Lagboghoi south Ward,61,Wajir,1293,Wajir South,1293,Wajir South,CORRECT,NORMALIZED,Prisma ward ownership matches the authoritative target.
2205,Uthiru Ward,Kiambu,Kabete Sub County,022,2205,Kabete,2292,Uthiru Ward,82,Kiambu,431,Kabete Sub County,1401,Kabete,WRONG_SUBCOUNTY,NORMALIZED,Expected Prisma SubCounty 1401 (Kabete) but found 431 (Kabete Sub County).
2206,Karai,Kiambu,Kikuyu Sub County,022,2208,Kikuyu,2293,Karai,82,Kiambu,539,Kikuyu Sub County,1404,Kikuyu,WRONG_SUBCOUNTY,NORMALIZED,Expected Prisma SubCounty 1404 (Kikuyu) but found 539 (Kikuyu Sub County).
2207,Nachu Ward,Kiambu,Kikuyu Sub County,022,2208,Kikuyu,2294,Nachu Ward,82,Kiambu,539,Kikuyu Sub County,1404,Kikuyu,WRONG_SUBCOUNTY,NORMALIZED,Expected Prisma SubCounty 1404 (Kikuyu) but found 539 (Kikuyu Sub County).
2208,Sigona Ward,Kiambu,Kikuyu Sub County,022,2208,Kikuyu,2295,Sigona Ward,82,Kiambu,539,Kikuyu Sub County,1404,Kikuyu,WRONG_SUBCOUNTY,NORMALIZED,Expected Prisma SubCounty 1404 (Kikuyu) but found 539 (Kikuyu Sub County).
2209,Kikuyu Ward,Kiambu,Kikuyu Sub County,022,2208,Kikuyu,2296,Kikuyu Ward,82,Kiambu,539,Kikuyu Sub County,1404,Kikuyu,WRONG_SUBCOUNTY,NORMALIZED,Expected Prisma SubCounty 1404 (Kikuyu) but found 539 (Kikuyu Sub County).
2210,Kinoo,Kiambu,Kikuyu Sub County,022,2208,Kikuyu,2297,Kinoo,82,Kiambu,539,Kikuyu Sub County,1404,Kikuyu,WRONG_SUBCOUNTY,NORMALIZED,Expected Prisma SubCounty 1404 (Kikuyu) but found 539 (Kikuyu Sub County).
2211,Bibirioni Ward,Kiambu,Limuru Sub County,022,2210,Limuru,2298,Bibirioni Ward,82,Kiambu,540,Limuru Sub County,1406,Limuru,WRONG_SUBCOUNTY,NORMALIZED,Expected Prisma SubCounty 1406 (Limuru) but found 540 (Limuru Sub County).
2212,Limuru Central Ward,Kiambu,Limuru Sub County,022,2210,Limuru,2299,Limuru Central Ward,82,Kiambu,540,Limuru Sub County,1406,Limuru,WRONG_SUBCOUNTY,NORMALIZED,Expected Prisma SubCounty 1406 (Limuru) but found 540 (Limuru Sub County).
2213,Ndeiya Ward,Kiambu,Limuru Sub County,022,2210,Limuru,2300,Ndeiya Ward,82,Kiambu,540,Limuru Sub County,1406,Limuru,WRONG_SUBCOUNTY,NORMALIZED,Expected Prisma SubCounty 1406 (Limuru) but found 540 (Limuru Sub County).
2214,Limuru East Ward,Kiambu,Limuru Sub County,022,2210,Limuru,2301,Limuru East Ward,82,Kiambu,540,Limuru Sub County,1406,Limuru,WRONG_SUBCOUNTY,NORMALIZED,Expected Prisma SubCounty 1406 (Limuru) but found 540 (Limuru Sub County).
2215,Ngecha Tigoni Ward,Kiambu,Limuru Sub County,022,2210,Limuru,2302,Ngecha Tigoni Ward,82,Kiambu,540,Limuru Sub County,1406,Limuru,WRONG_SUBCOUNTY,NORMALIZED,Expected Prisma SubCounty 1406 (Limuru) but found 540 (Limuru Sub County).
153,Dekaharia Ward,GARISSA,Fafi Sub County,007,0703,Fafi,2303,Dekaharia Ward,60,Garissa,1282,Fafi,1282,Fafi,CORRECT,NORMALIZED,Prisma ward ownership matches the authoritative target.
190,Diif Ward,WAJIR,Wajir South Sub County,008,0807,Wajir South,2304,Diif Ward,61,Wajir,1293,Wajir South,1293,Wajir South,CORRECT,NORMALIZED,Prisma ward ownership matches the authoritative target.
2240,Biashara Ward,Kiambu,Ruiru Sub County,022,2211,Ruiru,2305,Biashara Ward,82,Kiambu,448,Ruiru Sub County,1407,Ruiru,WRONG_SUBCOUNTY,NORMALIZED,Expected Prisma SubCounty 1407 (Ruiru) but found 448 (Ruiru Sub County).
308,Nkondi Ward,THARAKA-NITHI,Tharaka South Sub County,013,1305,Tharaka South,2306,Nkondi Ward,66,Tharaka Nithi,541,Tharaka South Sub County,1327,Tharaka South,WRONG_SUBCOUNTY,NORMALIZED,Expected Prisma SubCounty 1327 (Tharaka South) but found 541 (Tharaka South Sub County).
309,Chiakagira Ward,THARAKA-NITHI,Tharaka South Sub County,013,1305,Tharaka South,2307,Chiakagira Ward,66,Tharaka Nithi,541,Tharaka South Sub County,1327,Tharaka South,WRONG_SUBCOUNTY,NORMALIZED,Expected Prisma SubCounty 1327 (Tharaka South) but found 541 (Tharaka South Sub County).
310,Marimanti Ward,THARAKA-NITHI,Tharaka South Sub County,013,1305,Tharaka South,2308,Marimanti Ward,66,Tharaka Nithi,541,Tharaka South Sub County,1327,Tharaka South,WRONG_SUBCOUNTY,NORMALIZED,Expected Prisma SubCounty 1327 (Tharaka South) but found 541 (Tharaka South Sub County).
311,Ruguru-Ngandori Ward,EMBU,Manyatta  Sub County,,,,2309,Ruguru-Ngandori Ward,89,Embu,542,Manyatta  Sub County,,,TARGET_UNRESOLVED,NOT_FOUND,Authoritative subcounty could not be mapped to exactly one Prisma target.
312,Kithimu Ward,EMBU,Manyatta  Sub County,,,,2310,Kithimu Ward,89,Embu,542,Manyatta  Sub County,,,TARGET_UNRESOLVED,NOT_FOUND,Authoritative subcounty could not be mapped to exactly one Prisma target.
313,Nginda Ward,EMBU,Manyatta  Sub County,,,,2311,Nginda Ward,89,Embu,542,Manyatta  Sub County,,,TARGET_UNRESOLVED,NOT_FOUND,Authoritative subcounty could not be mapped to exactly one Prisma target.
314,Mbeti north Ward,EMBU,Manyatta  Sub County,,,,2312,Mbeti north Ward,89,Embu,542,Manyatta  Sub County,,,TARGET_UNRESOLVED,NOT_FOUND,Authoritative subcounty could not be mapped to exactly one Prisma target.
315,Kirimari Ward,EMBU,Manyatta  Sub County,,,,2313,Kirimari Ward,89,Embu,542,Manyatta  Sub County,,,TARGET_UNRESOLVED,NOT_FOUND,Authoritative subcounty could not be mapped to exactly one Prisma target.
316,Gaturi south Ward,EMBU,Manyatta  Sub County,,,,2314,Gaturi south Ward,89,Embu,542,Manyatta  Sub County,,,TARGET_UNRESOLVED,NOT_FOUND,Authoritative subcounty could not be mapped to exactly one Prisma target.
317,Gaturi north Ward,EMBU,Manyatta  Sub County,,,,2315,Gaturi north Ward,89,Embu,542,Manyatta  Sub County,,,TARGET_UNRESOLVED,NOT_FOUND,Authoritative subcounty could not be mapped to exactly one Prisma target.
318,Kaagari South Ward,EMBU,Runyenjes  Sub County,,,,2316,Kaagari South Ward,89,Embu,543,Runyenjes  Sub County,,,TARGET_UNRESOLVED,NOT_FOUND,Authoritative subcounty could not be mapped to exactly one Prisma target.
319,Central ward,EMBU,Runyenjes  Sub County,,,,2317,Central ward,89,Embu,543,Runyenjes  Sub County,,,TARGET_UNRESOLVED,NOT_FOUND,Authoritative subcounty could not be mapped to exactly one Prisma target.
320,Kaagari North Ward,EMBU,Runyenjes  Sub County,,,,2318,Kaagari North Ward,89,Embu,543,Runyenjes  Sub County,,,TARGET_UNRESOLVED,NOT_FOUND,Authoritative subcounty could not be mapped to exactly one Prisma target.
2242,Kahawa/sukari Ward,Kiambu,Ruiru Sub County,022,2211,Ruiru,2319,Kahawa/sukari Ward,82,Kiambu,448,Ruiru Sub County,1407,Ruiru,WRONG_SUBCOUNTY,NORMALIZED,Expected Prisma SubCounty 1407 (Ruiru) but found 448 (Ruiru Sub County).
2244,Kiuu Ward,Kiambu,Ruiru Sub County,022,2211,Ruiru,2320,Kiuu Ward,82,Kiambu,448,Ruiru Sub County,1407,Ruiru,WRONG_SUBCOUNTY,NORMALIZED,Expected Prisma SubCounty 1407 (Ruiru) but found 448 (Ruiru Sub County).
331,Ngomeni Ward,KITUI,Mwingi North Sub County,,,,2321,Ngomeni Ward,68,Kitui,343,Mwingi North Sub County,,,TARGET_UNRESOLVED,NOT_FOUND,Authoritative subcounty could not be mapped to exactly one Prisma target.
332,Kyuso Ward,KITUI,Mwingi North Sub County,,,,2322,Kyuso Ward,68,Kitui,343,Mwingi North Sub County,,,TARGET_UNRESOLVED,NOT_FOUND,Authoritative subcounty could not be mapped to exactly one Prisma target.
2245,Mwiki Ward,Kiambu,Ruiru Sub County,022,2211,Ruiru,2323,Mwiki Ward,82,Kiambu,448,Ruiru Sub County,1407,Ruiru,WRONG_SUBCOUNTY,NORMALIZED,Expected Prisma SubCounty 1407 (Ruiru) but found 448 (Ruiru Sub County).
2246,Mwihoko Ward,Kiambu,Ruiru Sub County,022,2211,Ruiru,2324,Mwihoko Ward,82,Kiambu,448,Ruiru Sub County,1407,Ruiru,WRONG_SUBCOUNTY,NORMALIZED,Expected Prisma SubCounty 1407 (Ruiru) but found 448 (Ruiru Sub County).
2247,Githunguri Ward,Kiambu,Githunguri Sub County,022,2203,Githunguri,2325,Githunguri Ward,82,Kiambu,427,Githunguri Sub County,1399,Githunguri,WRONG_SUBCOUNTY,NORMALIZED,Expected Prisma SubCounty 1399 (Githunguri) but found 427 (Githunguri Sub County).
2248,Ndanai/abosi Ward,Bomet,Sotik Sub County,036,3604,Sotik,2326,Ndanai/abosi Ward,86,Bomet,544,Sotik Sub County,1491,Sotik,WRONG_SUBCOUNTY,NORMALIZED,Expected Prisma SubCounty 1491 (Sotik) but found 544 (Sotik Sub County).
2249,Chemagel Ward,Bomet,Sotik Sub County,036,3604,Sotik,2327,Chemagel Ward,86,Bomet,544,Sotik Sub County,1491,Sotik,WRONG_SUBCOUNTY,NORMALIZED,Expected Prisma SubCounty 1491 (Sotik) but found 544 (Sotik Sub County).
2250,Kipsonoi Ward,Bomet,Sotik Sub County,036,3604,Sotik,2328,Kipsonoi Ward,86,Bomet,544,Sotik Sub County,1491,Sotik,WRONG_SUBCOUNTY,NORMALIZED,Expected Prisma SubCounty 1491 (Sotik) but found 544 (Sotik Sub County).
2251,Kapletundo Ward,Bomet,Sotik Sub County,036,3604,Sotik,2329,Kapletundo Ward,86,Bomet,544,Sotik Sub County,1491,Sotik,WRONG_SUBCOUNTY,NORMALIZED,Expected Prisma SubCounty 1491 (Sotik) but found 544 (Sotik Sub County).
2252,Rongena/manaret Ward,Bomet,Sotik Sub County,036,3604,Sotik,2330,Rongena/manaret Ward,86,Bomet,544,Sotik Sub County,1491,Sotik,WRONG_SUBCOUNTY,NORMALIZED,Expected Prisma SubCounty 1491 (Sotik) but found 544 (Sotik Sub County).
2253,Kong'asis Ward,Bomet,Chepalungu Sub County,036,3602,Chepalungu,2331,Kong'asis Ward,86,Bomet,545,Chepalungu Sub County,1489,Chepalungu,WRONG_SUBCOUNTY,NORMALIZED,Expected Prisma SubCounty 1489 (Chepalungu) but found 545 (Chepalungu Sub County).
2254,Nyangores Ward,Bomet,Chepalungu Sub County,036,3602,Chepalungu,2332,Nyangores Ward,86,Bomet,545,Chepalungu Sub County,1489,Chepalungu,WRONG_SUBCOUNTY,NORMALIZED,Expected Prisma SubCounty 1489 (Chepalungu) but found 545 (Chepalungu Sub County).
2255,Sigor Ward,Bomet,Chepalungu Sub County,036,3602,Chepalungu,2333,Sigor Ward,86,Bomet,545,Chepalungu Sub County,1489,Chepalungu,WRONG_SUBCOUNTY,NORMALIZED,Expected Prisma SubCounty 1489 (Chepalungu) but found 545 (Chepalungu Sub County).
2256,Chebunyo Ward,Bomet,Chepalungu Sub County,036,3602,Chepalungu,2334,Chebunyo Ward,86,Bomet,545,Chepalungu Sub County,1489,Chepalungu,WRONG_SUBCOUNTY,NORMALIZED,Expected Prisma SubCounty 1489 (Chepalungu) but found 545 (Chepalungu Sub County).
2257,Siongiroi Ward,Bomet,Chepalungu Sub County,036,3602,Chepalungu,2335,Siongiroi Ward,86,Bomet,545,Chepalungu Sub County,1489,Chepalungu,WRONG_SUBCOUNTY,NORMALIZED,Expected Prisma SubCounty 1489 (Chepalungu) but found 545 (Chepalungu Sub County).
2258,Merigi Ward,Bomet,Bomet East Sub County,036,3601,Bomet East,2336,Merigi Ward,86,Bomet,546,Bomet East Sub County,1488,Bomet East,WRONG_SUBCOUNTY,NORMALIZED,Expected Prisma SubCounty 1488 (Bomet East) but found 546 (Bomet East Sub County).
2259,Kembu Ward,Bomet,Bomet East Sub County,036,3601,Bomet East,2337,Kembu Ward,86,Bomet,546,Bomet East Sub County,1488,Bomet East,WRONG_SUBCOUNTY,NORMALIZED,Expected Prisma SubCounty 1488 (Bomet East) but found 546 (Bomet East Sub County).
2260,Longisa Ward,Bomet,Bomet East Sub County,036,3601,Bomet East,2338,Longisa Ward,86,Bomet,546,Bomet East Sub County,1488,Bomet East,WRONG_SUBCOUNTY,NORMALIZED,Expected Prisma SubCounty 1488 (Bomet East) but found 546 (Bomet East Sub County).
2261,Kipreres  Ward,Bomet,Bomet East Sub County,036,3601,Bomet East,2339,Kipreres  Ward,86,Bomet,546,Bomet East Sub County,1488,Bomet East,WRONG_SUBCOUNTY,NORMALIZED,Expected Prisma SubCounty 1488 (Bomet East) but found 546 (Bomet East Sub County).
2262,Chemaner Ward,Bomet,Bomet East Sub County,036,3601,Bomet East,2340,Chemaner Ward,86,Bomet,546,Bomet East Sub County,1488,Bomet East,WRONG_SUBCOUNTY,NORMALIZED,Expected Prisma SubCounty 1488 (Bomet East) but found 546 (Bomet East Sub County).
2263,Silibwet Township Ward,Bomet,Bomet Central Sub County,036,3605,Bomet Central,2341,Silibwet Township Ward,86,Bomet,547,Bomet Central Sub County,1492,Bomet Central,WRONG_SUBCOUNTY,NORMALIZED,Expected Prisma SubCounty 1492 (Bomet Central) but found 547 (Bomet Central Sub County).
2264,Ndaraweta Ward,Bomet,Bomet Central Sub County,036,3605,Bomet Central,2342,Ndaraweta Ward,86,Bomet,547,Bomet Central Sub County,1492,Bomet Central,WRONG_SUBCOUNTY,NORMALIZED,Expected Prisma SubCounty 1492 (Bomet Central) but found 547 (Bomet Central Sub County).
2265,Singorwet Ward,Bomet,Bomet Central Sub County,036,3605,Bomet Central,2343,Singorwet Ward,86,Bomet,547,Bomet Central Sub County,1492,Bomet Central,WRONG_SUBCOUNTY,NORMALIZED,Expected Prisma SubCounty 1492 (Bomet Central) but found 547 (Bomet Central Sub County).
2266,Chesoen Ward,Bomet,Bomet Central Sub County,036,3605,Bomet Central,2344,Chesoen Ward,86,Bomet,547,Bomet Central Sub County,1492,Bomet Central,WRONG_SUBCOUNTY,NORMALIZED,Expected Prisma SubCounty 1492 (Bomet Central) but found 547 (Bomet Central Sub County).
2267,Mutarakwa  Ward,Bomet,Bomet Central Sub County,036,3605,Bomet Central,2345,Mutarakwa  Ward,86,Bomet,547,Bomet Central Sub County,1492,Bomet Central,WRONG_SUBCOUNTY,NORMALIZED,Expected Prisma SubCounty 1492 (Bomet Central) but found 547 (Bomet Central Sub County).
2268,Chepchabas Ward,Bomet,Konoin Sub County,036,3603,Konoin,2346,Chepchabas Ward,86,Bomet,449,Konoin Sub County,1490,Konoin,WRONG_SUBCOUNTY,NORMALIZED,Expected Prisma SubCounty 1490 (Konoin) but found 449 (Konoin Sub County).
159,Ijara Ward,GARISSA,Ijara Sub County,007,0706,Ijara,2347,Ijara Ward,60,Garissa,397,Ijara Sub County,1285,Ijara,WRONG_SUBCOUNTY,NORMALIZED,Expected Prisma SubCounty 1285 (Ijara) but found 397 (Ijara Sub County).
198,GUBA,MANDERA,BANISSA,009,0902,Banisa,2348,GUBA,63,Mandera,518,BANISSA,1296,Banisa,WRONG_SUBCOUNTY,ALIAS,Expected Prisma SubCounty 1296 (Banisa) but found 518 (BANISSA).
199,MALKAMARI,MANDERA,BANISSA,009,0902,Banisa,2349,MALKAMARI,63,Mandera,518,BANISSA,1296,Banisa,WRONG_SUBCOUNTY,ALIAS,Expected Prisma SubCounty 1296 (Banisa) but found 518 (BANISSA).
88,Kipini west Ward,TANA RIVER,Garsen Sub County,,,,2350,Kipini west Ward,57,Tana River,517,Garsen Sub County,,,TARGET_UNRESOLVED,NOT_FOUND,Authoritative subcounty could not be mapped to exactly one Prisma target.
89,Garsen central Ward,TANA RIVER,Garsen Sub County,,,,2351,Garsen central Ward,57,Tana River,517,Garsen Sub County,,,TARGET_UNRESOLVED,NOT_FOUND,Authoritative subcounty could not be mapped to exactly one Prisma target.
90,Garsen west Ward,TANA RIVER,Garsen Sub County,,,,2352,Garsen west Ward,57,Tana River,517,Garsen Sub County,,,TARGET_UNRESOLVED,NOT_FOUND,Authoritative subcounty could not be mapped to exactly one Prisma target.
107,MKUNUMBI,LAMU,LAMU WEST,005,0502,Lamu West,2353,MKUNUMBI,58,Lamu,1275,Lamu West,1275,Lamu West,CORRECT,EXACT,Prisma ward ownership matches the authoritative target.
110,BAHARI,LAMU,LAMU WEST,005,0502,Lamu West,2354,BAHARI,58,Lamu,1275,Lamu West,1275,Lamu West,CORRECT,EXACT,Prisma ward ownership matches the authoritative target.
194,DANDU,MANDERA,MANDERA WEST,009,0901,Mandera West,2355,DANDU,63,Mandera,1295,Mandera West,1295,Mandera West,CORRECT,EXACT,Prisma ward ownership matches the authoritative target.
195,GITHER,MANDERA,MANDERA WEST,009,0901,Mandera West,2356,GITHER,63,Mandera,1295,Mandera West,1295,Mandera West,CORRECT,EXACT,Prisma ward ownership matches the authoritative target.
200,KILIWAHERI,MANDERA,BANISSA,009,0902,Banisa,2357,KILIWAHERI,63,Mandera,518,BANISSA,1296,Banisa,WRONG_SUBCOUNTY,ALIAS,Expected Prisma SubCounty 1296 (Banisa) but found 518 (BANISSA).
209,ELWAK NORTH,MANDERA,MANDERA SOUTH,,,,2358,ELWAK NORTH,63,Mandera,325,MANDERA SOUTH,,,TARGET_UNRESOLVED,NOT_FOUND,Authoritative subcounty could not be mapped to exactly one Prisma target.
230,TURBI,MARSABIT,NORTH HORR,010,1006,North Horr,2359,TURBI,64,Marsabit,1307,North Horr,1307,North Horr,CORRECT,EXACT,Prisma ward ownership matches the authoritative target.
109,WITU,LAMU,LAMU WEST,005,0502,Lamu West,2360,WITU,58,Lamu,1275,Lamu West,1275,Lamu West,CORRECT,EXACT,Prisma ward ownership matches the authoritative target.
237,KARGI/SOUTH HORR,MARSABIT,LAISAMIS,,,,2361,KARGI/SOUTH HORR,64,Marsabit,330,LAISAMIS,,,TARGET_UNRESOLVED,NOT_FOUND,Authoritative subcounty could not be mapped to exactly one Prisma target.
238,KORR/NGURUNIT,MARSABIT,LAISAMIS,,,,2362,KORR/NGURUNIT,64,Marsabit,330,LAISAMIS,,,TARGET_UNRESOLVED,NOT_FOUND,Authoritative subcounty could not be mapped to exactly one Prisma target.
91,Garsen north Ward,TANA RIVER,Garsen Sub County,,,,2363,Garsen north Ward,57,Tana River,517,Garsen Sub County,,,TARGET_UNRESOLVED,NOT_FOUND,Authoritative subcounty could not be mapped to exactly one Prisma target.
239,LOGOLOGO,MARSABIT,LAISAMIS,,,,2364,LOGOLOGO,64,Marsabit,330,LAISAMIS,,,TARGET_UNRESOLVED,NOT_FOUND,Authoritative subcounty could not be mapped to exactly one Prisma target.
132,Galbet Ward,GARISSA,Garissa Sub County,007,0704,Garissa,2365,Galbet Ward,60,Garissa,1283,Garissa,1283,Garissa,CORRECT,NORMALIZED,Prisma ward ownership matches the authoritative target.
169,Township Ward,WAJIR,Wajir East Sub County,008,0805,Wajir East,2366,Township Ward,61,Wajir,1291,Wajir East,1291,Wajir East,CORRECT,NORMALIZED,Prisma ward ownership matches the authoritative target.
170,Barwaqo Ward,WAJIR,Wajir East Sub County,008,0805,Wajir East,2367,Barwaqo Ward,61,Wajir,1291,Wajir East,1291,Wajir East,CORRECT,NORMALIZED,Prisma ward ownership matches the authoritative target.
176,Arbajahan Ward,WAJIR,Wajir West Sub County,008,0808,Wajir West,2368,Arbajahan Ward,61,Wajir,1294,Wajir West,1294,Wajir West,CORRECT,NORMALIZED,Prisma ward ownership matches the authoritative target.
178,ADEMASAJIDE Ward,WAJIR,Wajir West Sub County,008,0808,Wajir West,2369,ADEMASAJIDE Ward,61,Wajir,1294,Wajir West,1294,Wajir West,CORRECT,NORMALIZED,Prisma ward ownership matches the authoritative target.
179,Ganyure Wagalla Ward,WAJIR,Wajir West Sub County,008,0808,Wajir West,2370,Ganyure Wagalla Ward,61,Wajir,1294,Wajir West,1294,Wajir West,CORRECT,NORMALIZED,Prisma ward ownership matches the authoritative target.
180,Lakoley south/basir Ward,WAJIR,Eldas Sub County,008,0802,Eldas,2371,Lakoley south/basir Ward,61,Wajir,1288,Eldas,1288,Eldas,CORRECT,NORMALIZED,Prisma ward ownership matches the authoritative target.
299,Ganga Ward,THARAKA-NITHI,Mwimbi Sub County,,,,2372,Ganga Ward,66,Tharaka Nithi,341,Mwimbi Sub County,,,TARGET_UNRESOLVED,NOT_FOUND,Authoritative subcounty could not be mapped to exactly one Prisma target.
300,Chogoria Ward,THARAKA-NITHI,Mwimbi Sub County,,,,2373,Chogoria Ward,66,Tharaka Nithi,341,Mwimbi Sub County,,,TARGET_UNRESOLVED,NOT_FOUND,Authoritative subcounty could not be mapped to exactly one Prisma target.
301,Mariani Ward,THARAKA-NITHI,Igambang'ombe Sub County,013,1301,Igambang'ombe,2374,Mariani Ward,66,Tharaka Nithi,453,Igambang'ombe Sub County,1323,Igambang'ombe,WRONG_SUBCOUNTY,NORMALIZED,Expected Prisma SubCounty 1323 (Igambang'ombe) but found 453 (Igambang'ombe Sub County).
302,Karingani Ward,THARAKA-NITHI,Chuka Sub County,,,,2375,Karingani Ward,66,Tharaka Nithi,548,Chuka Sub County,,,TARGET_UNRESOLVED,NOT_FOUND,Authoritative subcounty could not be mapped to exactly one Prisma target.
303,Magumoni Ward,THARAKA-NITHI,Chuka Sub County,,,,2376,Magumoni Ward,66,Tharaka Nithi,548,Chuka Sub County,,,TARGET_UNRESOLVED,NOT_FOUND,Authoritative subcounty could not be mapped to exactly one Prisma target.
304,Mugwe Ward,THARAKA-NITHI,Chuka Sub County,,,,2377,Mugwe Ward,66,Tharaka Nithi,548,Chuka Sub County,,,TARGET_UNRESOLVED,NOT_FOUND,Authoritative subcounty could not be mapped to exactly one Prisma target.
321,Kyeni north Ward,EMBU,Runyenjes  Sub County,,,,2378,Kyeni north Ward,89,Embu,543,Runyenjes  Sub County,,,TARGET_UNRESOLVED,NOT_FOUND,Authoritative subcounty could not be mapped to exactly one Prisma target.
322,Kyeni south Ward,EMBU,Runyenjes  Sub County,,,,2379,Kyeni south Ward,89,Embu,543,Runyenjes  Sub County,,,TARGET_UNRESOLVED,NOT_FOUND,Authoritative subcounty could not be mapped to exactly one Prisma target.
323,Mwea Ward,EMBU,Mbeere South  Sub County,014,1404,Mbeere South,2380,Mwea Ward,89,Embu,549,Mbeere South  Sub County,1331,Mbeere South,WRONG_SUBCOUNTY,NORMALIZED,Expected Prisma SubCounty 1331 (Mbeere South) but found 549 (Mbeere South  Sub County).
324,Makima Ward,EMBU,Mbeere South  Sub County,014,1404,Mbeere South,2381,Makima Ward,89,Embu,549,Mbeere South  Sub County,1331,Mbeere South,WRONG_SUBCOUNTY,NORMALIZED,Expected Prisma SubCounty 1331 (Mbeere South) but found 549 (Mbeere South  Sub County).
325,Mbeti south Ward,EMBU,Mbeere South  Sub County,014,1404,Mbeere South,2382,Mbeti south Ward,89,Embu,549,Mbeere South  Sub County,1331,Mbeere South,WRONG_SUBCOUNTY,NORMALIZED,Expected Prisma SubCounty 1331 (Mbeere South) but found 549 (Mbeere South  Sub County).
326,Mavuria Ward,EMBU,Mbeere South  Sub County,014,1404,Mbeere South,2383,Mavuria Ward,89,Embu,549,Mbeere South  Sub County,1331,Mbeere South,WRONG_SUBCOUNTY,NORMALIZED,Expected Prisma SubCounty 1331 (Mbeere South) but found 549 (Mbeere South  Sub County).
327,Kiambere Ward,EMBU,Mbeere South  Sub County,014,1404,Mbeere South,2384,Kiambere Ward,89,Embu,549,Mbeere South  Sub County,1331,Mbeere South,WRONG_SUBCOUNTY,NORMALIZED,Expected Prisma SubCounty 1331 (Mbeere South) but found 549 (Mbeere South  Sub County).
328,Nthawa Ward,EMBU,Mbeere North  Sub County,014,1405,Mbeere North,2385,Nthawa Ward,89,Embu,455,Mbeere North  Sub County,1332,Mbeere North,WRONG_SUBCOUNTY,NORMALIZED,Expected Prisma SubCounty 1332 (Mbeere North) but found 455 (Mbeere North  Sub County).
350,Kisasi Ward,KITUI,Kitui Rural Sub County,,,,2386,Kisasi Ward,68,Kitui,348,Kitui Rural Sub County,,,TARGET_UNRESOLVED,NOT_FOUND,Authoritative subcounty could not be mapped to exactly one Prisma target.
357,Mulango Ward,KITUI,Kitui Central  Sub County,015,1504,Kitui Central,2387,Mulango Ward,68,Kitui,1336,Kitui Central,1336,Kitui Central,CORRECT,NORMALIZED,Prisma ward ownership matches the authoritative target.
358,Kyangwithya east Ward,KITUI,Kitui Central  Sub County,015,1504,Kitui Central,2388,Kyangwithya east Ward,68,Kitui,1336,Kitui Central,1336,Kitui Central,CORRECT,NORMALIZED,Prisma ward ownership matches the authoritative target.
361,Chuluni Ward,KITUI,Kitui East Sub County,,,,2389,Chuluni Ward,68,Kitui,354,Kitui East Sub County,,,TARGET_UNRESOLVED,NOT_FOUND,Authoritative subcounty could not be mapped to exactly one Prisma target.
366,Mutomo Ward,KITUI,Kitui South Sub County,,,,2390,Mutomo Ward,68,Kitui,357,Kitui South Sub County,,,TARGET_UNRESOLVED,NOT_FOUND,Authoritative subcounty could not be mapped to exactly one Prisma target.
367,Mutha Ward,KITUI,Kitui South Sub County,,,,2391,Mutha Ward,68,Kitui,357,Kitui South Sub County,,,TARGET_UNRESOLVED,NOT_FOUND,Authoritative subcounty could not be mapped to exactly one Prisma target.
369,Kanziko Ward,KITUI,Kitui South Sub County,,,,2392,Kanziko Ward,68,Kitui,357,Kitui South Sub County,,,TARGET_UNRESOLVED,NOT_FOUND,Authoritative subcounty could not be mapped to exactly one Prisma target.
446,Nyakio Ward,NYANDARUA,Kinangop Sub County,018,1801,Kinangop,2393,Nyakio Ward,67,Nyandarua,402,Kinangop Sub County,1369,Kinangop,WRONG_SUBCOUNTY,NORMALIZED,Expected Prisma SubCounty 1369 (Kinangop) but found 402 (Kinangop Sub County).
447,Githabai Ward,NYANDARUA,Kinangop Sub County,018,1801,Kinangop,2394,Githabai Ward,67,Nyandarua,402,Kinangop Sub County,1369,Kinangop,WRONG_SUBCOUNTY,NORMALIZED,Expected Prisma SubCounty 1369 (Kinangop) but found 402 (Kinangop Sub County).
448,Magumu Ward,NYANDARUA,Kinangop Sub County,018,1801,Kinangop,2395,Magumu Ward,67,Nyandarua,402,Kinangop Sub County,1369,Kinangop,WRONG_SUBCOUNTY,NORMALIZED,Expected Prisma SubCounty 1369 (Kinangop) but found 402 (Kinangop Sub County).
451,Geta Ward,NYANDARUA,Kipipiri Sub County,018,1804,Kipipiri,2396,Geta Ward,67,Nyandarua,1372,Kipipiri,1372,Kipipiri,CORRECT,NORMALIZED,Prisma ward ownership matches the authoritative target.
453,Karau Ward,NYANDARUA,Olkalou Sub County,,,,2397,Karau Ward,67,Nyandarua,374,Olkalou Sub County,,,TARGET_UNRESOLVED,NOT_FOUND,Authoritative subcounty could not be mapped to exactly one Prisma target.
455,Mirangine Ward,NYANDARUA,Olkalou Sub County,,,,2398,Mirangine Ward,67,Nyandarua,374,Olkalou Sub County,,,TARGET_UNRESOLVED,NOT_FOUND,Authoritative subcounty could not be mapped to exactly one Prisma target.
456,Kaimbaga Ward,NYANDARUA,Olkalou Sub County,,,,2399,Kaimbaga Ward,67,Nyandarua,374,Olkalou Sub County,,,TARGET_UNRESOLVED,NOT_FOUND,Authoritative subcounty could not be mapped to exactly one Prisma target.
458,Gathanji Ward,NYANDARUA,Oljoroorok Sub County,,,,2400,Gathanji Ward,67,Nyandarua,342,Oljoroorok Sub County,,,TARGET_UNRESOLVED,NOT_FOUND,Authoritative subcounty could not be mapped to exactly one Prisma target.
459,Gatimu Ward,NYANDARUA,Oljoroorok Sub County,,,,2401,Gatimu Ward,67,Nyandarua,342,Oljoroorok Sub County,,,TARGET_UNRESOLVED,NOT_FOUND,Authoritative subcounty could not be mapped to exactly one Prisma target.
460,Weru Ward,NYANDARUA,Oljoroorok Sub County,,,,2402,Weru Ward,67,Nyandarua,342,Oljoroorok Sub County,,,TARGET_UNRESOLVED,NOT_FOUND,Authoritative subcounty could not be mapped to exactly one Prisma target.
463,Kiritta Ward,NYANDARUA,Ndaragwa Sub County,,,,2403,Kiritta Ward,67,Nyandarua,395,Ndaragwa Sub County,,,TARGET_UNRESOLVED,NOT_FOUND,Authoritative subcounty could not be mapped to exactly one Prisma target.
464,Central Ward,NYANDARUA,Ndaragwa Sub County,,,,2404,Central Ward,67,Nyandarua,395,Ndaragwa Sub County,,,TARGET_UNRESOLVED,NOT_FOUND,Authoritative subcounty could not be mapped to exactly one Prisma target.
465,Shamata Ward,NYANDARUA,Ndaragwa Sub County,,,,2405,Shamata Ward,67,Nyandarua,395,Ndaragwa Sub County,,,TARGET_UNRESOLVED,NOT_FOUND,Authoritative subcounty could not be mapped to exactly one Prisma target.
466,Dedan kimathi Ward,NYERI,Tetu Sub County,019,1901,Tetu,2406,Dedan kimathi Ward,69,Nyeri,550,Tetu Sub County,1376,Tetu,WRONG_SUBCOUNTY,NORMALIZED,Expected Prisma SubCounty 1376 (Tetu) but found 550 (Tetu Sub County).
467,Wamagana Ward,NYERI,Tetu Sub County,019,1901,Tetu,2407,Wamagana Ward,69,Nyeri,550,Tetu Sub County,1376,Tetu,WRONG_SUBCOUNTY,NORMALIZED,Expected Prisma SubCounty 1376 (Tetu) but found 550 (Tetu Sub County).
468,Aguthi-gaaki Ward,NYERI,Tetu Sub County,019,1901,Tetu,2408,Aguthi-gaaki Ward,69,Nyeri,550,Tetu Sub County,1376,Tetu,WRONG_SUBCOUNTY,NORMALIZED,Expected Prisma SubCounty 1376 (Tetu) but found 550 (Tetu Sub County).
469,Mweiga Ward,NYERI,Kieni West Sub County,019,1903,Kieni West,2409,Mweiga Ward,69,Nyeri,551,Kieni West Sub County,1378,Kieni West,WRONG_SUBCOUNTY,NORMALIZED,Expected Prisma SubCounty 1378 (Kieni West) but found 551 (Kieni West Sub County).
470,Naromoru/kiamathaga Ward,NYERI,Kieni East Sub County,019,1902,Kieni East,2410,Naromoru/kiamathaga Ward,69,Nyeri,552,Kieni East Sub County,1377,Kieni East,WRONG_SUBCOUNTY,NORMALIZED,Expected Prisma SubCounty 1377 (Kieni East) but found 552 (Kieni East Sub County).
471,Mwiyogo/endarasha Ward,NYERI,Kieni West Sub County,019,1903,Kieni West,2411,Mwiyogo/endarasha Ward,69,Nyeri,551,Kieni West Sub County,1378,Kieni West,WRONG_SUBCOUNTY,NORMALIZED,Expected Prisma SubCounty 1378 (Kieni West) but found 551 (Kieni West Sub County).
472,Mugunda Ward,NYERI,Kieni West Sub County,019,1903,Kieni West,2412,Mugunda Ward,69,Nyeri,551,Kieni West Sub County,1378,Kieni West,WRONG_SUBCOUNTY,NORMALIZED,Expected Prisma SubCounty 1378 (Kieni West) but found 551 (Kieni West Sub County).
473,Gatarakwa Ward,NYERI,Kieni West Sub County,019,1903,Kieni West,2413,Gatarakwa Ward,69,Nyeri,551,Kieni West Sub County,1378,Kieni West,WRONG_SUBCOUNTY,NORMALIZED,Expected Prisma SubCounty 1378 (Kieni West) but found 551 (Kieni West Sub County).
474,Thegu river Ward,NYERI,Kieni East Sub County,019,1902,Kieni East,2414,Thegu river Ward,69,Nyeri,552,Kieni East Sub County,1377,Kieni East,WRONG_SUBCOUNTY,NORMALIZED,Expected Prisma SubCounty 1377 (Kieni East) but found 552 (Kieni East Sub County).
475,Kabaru Ward,NYERI,Kieni East Sub County,019,1902,Kieni East,2415,Kabaru Ward,69,Nyeri,552,Kieni East Sub County,1377,Kieni East,WRONG_SUBCOUNTY,NORMALIZED,Expected Prisma SubCounty 1377 (Kieni East) but found 552 (Kieni East Sub County).
476,Gakawa Ward,NYERI,Kieni East Sub County,019,1902,Kieni East,2416,Gakawa Ward,69,Nyeri,552,Kieni East Sub County,1377,Kieni East,WRONG_SUBCOUNTY,NORMALIZED,Expected Prisma SubCounty 1377 (Kieni East) but found 552 (Kieni East Sub County).
477,Ruguru Ward,NYERI,Mathira West Sub County,019,1905,Mathira West,2417,Ruguru Ward,69,Nyeri,459,Mathira West Sub County,1380,Mathira West,WRONG_SUBCOUNTY,NORMALIZED,Expected Prisma SubCounty 1380 (Mathira West) but found 459 (Mathira West Sub County).
478,Magutu Ward,NYERI,Mathira East Sub County,019,1904,Mathira East,2418,Magutu Ward,69,Nyeri,400,Mathira East Sub County,1379,Mathira East,WRONG_SUBCOUNTY,NORMALIZED,Expected Prisma SubCounty 1379 (Mathira East) but found 400 (Mathira East Sub County).
617,Kakuma Ward,TURKANA,Turkana West Sub County,023,2307,Turkana West,2419,Kakuma Ward,70,Turkana,1416,Turkana West,1416,Turkana West,CORRECT,NORMALIZED,Prisma ward ownership matches the authoritative target.
621,Kalobeyei Ward,TURKANA,Turkana West Sub County,023,2307,Turkana West,2420,Kalobeyei Ward,70,Turkana,1416,Turkana West,1416,Turkana West,CORRECT,NORMALIZED,Prisma ward ownership matches the authoritative target.
623,Nanaam Ward,TURKANA,Turkana West Sub County,023,2307,Turkana West,2421,Nanaam Ward,70,Turkana,1416,Turkana West,1416,Turkana West,CORRECT,NORMALIZED,Prisma ward ownership matches the authoritative target.
627,Lodwar Township Ward,TURKANA,Turkana Central Sub County,023,2303,Turkana Central,2422,Lodwar Township Ward,70,Turkana,404,Turkana Central Sub County,1412,Turkana Central,WRONG_SUBCOUNTY,NORMALIZED,Expected Prisma SubCounty 1412 (Turkana Central) but found 404 (Turkana Central Sub County).
628,Kanamkemer Ward,TURKANA,Turkana Central Sub County,023,2303,Turkana Central,2423,Kanamkemer Ward,70,Turkana,404,Turkana Central Sub County,1412,Turkana Central,WRONG_SUBCOUNTY,NORMALIZED,Expected Prisma SubCounty 1412 (Turkana Central) but found 404 (Turkana Central Sub County).
629,Kotaruk/Lobei Ward,TURKANA,Loima Sub County,023,2302,Loima,2424,Kotaruk/Lobei Ward,70,Turkana,413,Loima Sub County,1411,Loima,WRONG_SUBCOUNTY,NORMALIZED,Expected Prisma SubCounty 1411 (Loima) but found 413 (Loima Sub County).
631,Loima Ward,TURKANA,Loima Sub County,023,2302,Loima,2425,Loima Ward,70,Turkana,413,Loima Sub County,1411,Loima,WRONG_SUBCOUNTY,NORMALIZED,Expected Prisma SubCounty 1411 (Loima) but found 413 (Loima Sub County).
634,Katilu Ward,TURKANA,Turkana South Sub County,023,2306,Turkana South,2426,Katilu Ward,70,Turkana,414,Turkana South Sub County,1415,Turkana South,WRONG_SUBCOUNTY,NORMALIZED,Expected Prisma SubCounty 1415 (Turkana South) but found 414 (Turkana South Sub County).
639,Katilia Ward,TURKANA,Turkana East Sub County,023,2304,Turkana East,2427,Katilia Ward,70,Turkana,522,Turkana East Sub County,1413,Turkana East,WRONG_SUBCOUNTY,NORMALIZED,Expected Prisma SubCounty 1413 (Turkana East) but found 522 (Turkana East Sub County).
640,Lokori/kochodin Ward,TURKANA,Turkana East Sub County,023,2304,Turkana East,2428,Lokori/kochodin Ward,70,Turkana,522,Turkana East Sub County,1413,Turkana East,WRONG_SUBCOUNTY,NORMALIZED,Expected Prisma SubCounty 1413 (Turkana East) but found 522 (Turkana East Sub County).
656,Alale Ward,WEST POKOT,Pokot North Sub County,024,2403,Pokot North,2429,Alale Ward,71,West Pokot,1419,Pokot North,1419,Pokot North,CORRECT,NORMALIZED,Prisma ward ownership matches the authoritative target.
657,Chepareria Ward,WEST POKOT,Pokot South Sub County,024,2404,Pokot South,2430,Chepareria Ward,71,West Pokot,553,Pokot South Sub County,1420,Pokot South,WRONG_SUBCOUNTY,NORMALIZED,Expected Prisma SubCounty 1420 (Pokot South) but found 553 (Pokot South Sub County).
658,Batei Ward,WEST POKOT,Pokot South Sub County,024,2404,Pokot South,2431,Batei Ward,71,West Pokot,553,Pokot South Sub County,1420,Pokot South,WRONG_SUBCOUNTY,NORMALIZED,Expected Prisma SubCounty 1420 (Pokot South) but found 553 (Pokot South Sub County).
659,Lelan Ward,WEST POKOT,Pokot South Sub County,024,2404,Pokot South,2432,Lelan Ward,71,West Pokot,553,Pokot South Sub County,1420,Pokot South,WRONG_SUBCOUNTY,NORMALIZED,Expected Prisma SubCounty 1420 (Pokot South) but found 553 (Pokot South Sub County).
660,Tapach Ward,WEST POKOT,Pokot South Sub County,024,2404,Pokot South,2433,Tapach Ward,71,West Pokot,553,Pokot South Sub County,1420,Pokot South,WRONG_SUBCOUNTY,NORMALIZED,Expected Prisma SubCounty 1420 (Pokot South) but found 553 (Pokot South Sub County).
661,Lodokejek Ward,SAMBURU,Samburu Central Sub County,025,2501,Samburu Central,2434,Lodokejek Ward,72,Samburu,1422,Samburu Central,1422,Samburu Central,CORRECT,NORMALIZED,Prisma ward ownership matches the authoritative target.
679,Bidii Ward,TRANS NZOIA,Kwanza  Sub County,026,2603,Kwanza,2435,Bidii Ward,81,Trans Nzoia,422,Kwanza  Sub County,1427,Kwanza,WRONG_SUBCOUNTY,NORMALIZED,Expected Prisma SubCounty 1427 (Kwanza) but found 422 (Kwanza  Sub County).
685,Tuwani Ward,TRANS NZOIA,Saboti  Sub County,,,,2436,Tuwani Ward,81,Trans Nzoia,425,Saboti  Sub County,,,TARGET_UNRESOLVED,NOT_FOUND,Authoritative subcounty could not be mapped to exactly one Prisma target.
686,Saboti Ward,TRANS NZOIA,Saboti  Sub County,,,,2437,Saboti Ward,81,Trans Nzoia,425,Saboti  Sub County,,,TARGET_UNRESOLVED,NOT_FOUND,Authoritative subcounty could not be mapped to exactly one Prisma target.
687,Machewa Ward,TRANS NZOIA,Saboti  Sub County,,,,2438,Machewa Ward,81,Trans Nzoia,425,Saboti  Sub County,,,TARGET_UNRESOLVED,NOT_FOUND,Authoritative subcounty could not be mapped to exactly one Prisma target.
691,Hospital Ward,TRANS NZOIA,Kiminini  Sub County,026,2605,Kiminini,2439,Hospital Ward,81,Trans Nzoia,432,Kiminini  Sub County,1429,Kiminini,WRONG_SUBCOUNTY,NORMALIZED,Expected Prisma SubCounty 1429 (Kiminini) but found 432 (Kiminini  Sub County).
692,Sikhendu Ward,TRANS NZOIA,Kiminini  Sub County,026,2605,Kiminini,2440,Sikhendu Ward,81,Trans Nzoia,432,Kiminini  Sub County,1429,Kiminini,WRONG_SUBCOUNTY,NORMALIZED,Expected Prisma SubCounty 1429 (Kiminini) but found 432 (Kiminini  Sub County).
700,Sitatunga Ward,TRANS NZOIA,Cherangany Sub County,,,,2441,Sitatunga Ward,81,Trans Nzoia,441,Cherangany Sub County,,,TARGET_UNRESOLVED,NOT_FOUND,Authoritative subcounty could not be mapped to exactly one Prisma target.
736,Sengwer Ward,ELGEYO-MARAKWET,Marakwet West Sub County,028,2804,Marakwet West,2442,Sengwer Ward,85,Elgeyo Marakwet,523,Marakwet West Sub County,1439,Marakwet West,WRONG_SUBCOUNTY,NORMALIZED,Expected Prisma SubCounty 1439 (Marakwet West) but found 523 (Marakwet West Sub County).
737,Cherangany  Ward,ELGEYO-MARAKWET,Marakwet West Sub County,028,2804,Marakwet West,2443,Cherangany  Ward,85,Elgeyo Marakwet,523,Marakwet West Sub County,1439,Marakwet West,WRONG_SUBCOUNTY,NORMALIZED,Expected Prisma SubCounty 1439 (Marakwet West) but found 523 (Marakwet West Sub County).
738,Moiben Kuserwo Ward,ELGEYO-MARAKWET,Marakwet West Sub County,028,2804,Marakwet West,2444,Moiben Kuserwo Ward,85,Elgeyo Marakwet,523,Marakwet West Sub County,1439,Marakwet West,WRONG_SUBCOUNTY,NORMALIZED,Expected Prisma SubCounty 1439 (Marakwet West) but found 523 (Marakwet West Sub County).
739,Kapsowar Ward,ELGEYO-MARAKWET,Marakwet West Sub County,028,2804,Marakwet West,2445,Kapsowar Ward,85,Elgeyo Marakwet,523,Marakwet West Sub County,1439,Marakwet West,WRONG_SUBCOUNTY,NORMALIZED,Expected Prisma SubCounty 1439 (Marakwet West) but found 523 (Marakwet West Sub County).
740,Arror Ward,ELGEYO-MARAKWET,Marakwet West Sub County,028,2804,Marakwet West,2446,Arror Ward,85,Elgeyo Marakwet,523,Marakwet West Sub County,1439,Marakwet West,WRONG_SUBCOUNTY,NORMALIZED,Expected Prisma SubCounty 1439 (Marakwet West) but found 523 (Marakwet West Sub County).
741,Kamariny Ward,ELGEYO-MARAKWET,Keiyo North Sub County,028,2801,Keiyo North,2447,Kamariny Ward,85,Elgeyo Marakwet,554,Keiyo North Sub County,1436,Keiyo North,WRONG_SUBCOUNTY,NORMALIZED,Expected Prisma SubCounty 1436 (Keiyo North) but found 554 (Keiyo North Sub County).
742,Emsoo Ward,ELGEYO-MARAKWET,Keiyo North Sub County,028,2801,Keiyo North,2448,Emsoo Ward,85,Elgeyo Marakwet,554,Keiyo North Sub County,1436,Keiyo North,WRONG_SUBCOUNTY,NORMALIZED,Expected Prisma SubCounty 1436 (Keiyo North) but found 554 (Keiyo North Sub County).
743,Tambach Ward,ELGEYO-MARAKWET,Keiyo North Sub County,028,2801,Keiyo North,2449,Tambach Ward,85,Elgeyo Marakwet,554,Keiyo North Sub County,1436,Keiyo North,WRONG_SUBCOUNTY,NORMALIZED,Expected Prisma SubCounty 1436 (Keiyo North) but found 554 (Keiyo North Sub County).
744,Kapchemutwa Ward,ELGEYO-MARAKWET,Keiyo North Sub County,028,2801,Keiyo North,2450,Kapchemutwa Ward,85,Elgeyo Marakwet,554,Keiyo North Sub County,1436,Keiyo North,WRONG_SUBCOUNTY,NORMALIZED,Expected Prisma SubCounty 1436 (Keiyo North) but found 554 (Keiyo North Sub County).
745,Kaptarakwa Ward,ELGEYO-MARAKWET,Keiyo South Sub County,028,2802,Keiyo South,2451,Kaptarakwa Ward,85,Elgeyo Marakwet,460,Keiyo South Sub County,1437,Keiyo South,WRONG_SUBCOUNTY,NORMALIZED,Expected Prisma SubCounty 1437 (Keiyo South) but found 460 (Keiyo South Sub County).
746,Chepkorio Ward,ELGEYO-MARAKWET,Keiyo South Sub County,028,2802,Keiyo South,2452,Chepkorio Ward,85,Elgeyo Marakwet,460,Keiyo South Sub County,1437,Keiyo South,WRONG_SUBCOUNTY,NORMALIZED,Expected Prisma SubCounty 1437 (Keiyo South) but found 460 (Keiyo South Sub County).
750,Metkei Ward,ELGEYO-MARAKWET,Keiyo South Sub County,028,2802,Keiyo South,2453,Metkei Ward,85,Elgeyo Marakwet,460,Keiyo South Sub County,1437,Keiyo South,WRONG_SUBCOUNTY,NORMALIZED,Expected Prisma SubCounty 1437 (Keiyo South) but found 460 (Keiyo South Sub County).
751,Songhor/Soba Ward,NANDI,Tinderet Sub County,029,2906,Tinderet,2454,Songhor/Soba Ward,88,Nandi,555,Tinderet Sub County,1445,Tinderet,WRONG_SUBCOUNTY,NORMALIZED,Expected Prisma SubCounty 1445 (Tinderet) but found 555 (Tinderet Sub County).
752,Tinderet Ward,NANDI,Tinderet Sub County,029,2906,Tinderet,2455,Tinderet Ward,88,Nandi,555,Tinderet Sub County,1445,Tinderet,WRONG_SUBCOUNTY,NORMALIZED,Expected Prisma SubCounty 1445 (Tinderet) but found 555 (Tinderet Sub County).
753,Chemelil/chemase Ward,NANDI,Tinderet Sub County,029,2906,Tinderet,2456,Chemelil/chemase Ward,88,Nandi,555,Tinderet Sub County,1445,Tinderet,WRONG_SUBCOUNTY,NORMALIZED,Expected Prisma SubCounty 1445 (Tinderet) but found 555 (Tinderet Sub County).
754,Kapsimotwo Ward,NANDI,Nandi East Sub County,029,2903,Nandi East,2457,Kapsimotwo Ward,88,Nandi,452,Nandi East Sub County,1442,Nandi East,WRONG_SUBCOUNTY,NORMALIZED,Expected Prisma SubCounty 1442 (Nandi East) but found 452 (Nandi East Sub County).
763,Ol'lessos Ward,NANDI,Nandi East Sub County,029,2903,Nandi East,2458,Ol'lessos Ward,88,Nandi,452,Nandi East Sub County,1442,Nandi East,WRONG_SUBCOUNTY,NORMALIZED,Expected Prisma SubCounty 1442 (Nandi East) but found 452 (Nandi East Sub County).
764,Kapchorua Ward,NANDI,Nandi East Sub County,029,2903,Nandi East,2459,Kapchorua Ward,88,Nandi,452,Nandi East Sub County,1442,Nandi East,WRONG_SUBCOUNTY,NORMALIZED,Expected Prisma SubCounty 1442 (Nandi East) but found 452 (Nandi East Sub County).
766,Kosirai Ward,NANDI,Chesumei Sub County,029,2901,Chesumei,2460,Kosirai Ward,88,Nandi,454,Chesumei Sub County,1440,Chesumei,WRONG_SUBCOUNTY,NORMALIZED,Expected Prisma SubCounty 1440 (Chesumei) but found 454 (Chesumei Sub County).
768,Kaptel/kamoiywo Ward,NANDI,Chesumei Sub County,029,2901,Chesumei,2461,Kaptel/kamoiywo Ward,88,Nandi,454,Chesumei Sub County,1440,Chesumei,WRONG_SUBCOUNTY,NORMALIZED,Expected Prisma SubCounty 1440 (Chesumei) but found 454 (Chesumei Sub County).
769,Kiptuiya Ward,NANDI,Chesumei Sub County,029,2901,Chesumei,2462,Kiptuiya Ward,88,Nandi,454,Chesumei Sub County,1440,Chesumei,WRONG_SUBCOUNTY,NORMALIZED,Expected Prisma SubCounty 1440 (Chesumei) but found 454 (Chesumei Sub County).
771,Kapkangani Ward,NANDI,Emgwen Sub County,,,,2463,Kapkangani Ward,88,Nandi,456,Emgwen Sub County,,,TARGET_UNRESOLVED,NOT_FOUND,Authoritative subcounty could not be mapped to exactly one Prisma target.
774,Chepterwai Ward,NANDI,Mosop Sub County,,,,2464,Chepterwai Ward,88,Nandi,462,Mosop Sub County,,,TARGET_UNRESOLVED,NOT_FOUND,Authoritative subcounty could not be mapped to exactly one Prisma target.
775,Kipkaren Ward,NANDI,Mosop Sub County,,,,2465,Kipkaren Ward,88,Nandi,462,Mosop Sub County,,,TARGET_UNRESOLVED,NOT_FOUND,Authoritative subcounty could not be mapped to exactly one Prisma target.
776,Kurgung/surungai Ward,NANDI,Mosop Sub County,,,,2466,Kurgung/surungai Ward,88,Nandi,462,Mosop Sub County,,,TARGET_UNRESOLVED,NOT_FOUND,Authoritative subcounty could not be mapped to exactly one Prisma target.
777,Kabiyet Ward,NANDI,Mosop Sub County,,,,2467,Kabiyet Ward,88,Nandi,462,Mosop Sub County,,,TARGET_UNRESOLVED,NOT_FOUND,Authoritative subcounty could not be mapped to exactly one Prisma target.
779,Kabisaga Ward,NANDI,Mosop Sub County,,,,2468,Kabisaga Ward,88,Nandi,462,Mosop Sub County,,,TARGET_UNRESOLVED,NOT_FOUND,Authoritative subcounty could not be mapped to exactly one Prisma target.
813,Githiga Ward,LAIKIPIA,Laikipia West Sub County,031,3104,Laikipia West,2469,Githiga Ward,91,Laikipia,464,Laikipia West Sub County,1457,Laikipia West,WRONG_SUBCOUNTY,NORMALIZED,Expected Prisma SubCounty 1457 (Laikipia West) but found 464 (Laikipia West Sub County).
956,Kapkatet Ward,KERICHO,Bureti Sub County,035,3502,Bureti,2470,Kapkatet Ward,56,Kericho,473,Bureti Sub County,1483,Bureti,WRONG_SUBCOUNTY,NORMALIZED,Expected Prisma SubCounty 1483 (Bureti) but found 473 (Bureti Sub County).
959,Cheptororiet/seretut Ward,KERICHO,Belgut Sub County,035,3501,Belgut,2471,Cheptororiet/seretut Ward,56,Kericho,1482,Belgut,1482,Belgut,CORRECT,NORMALIZED,Prisma ward ownership matches the authoritative target.