sourceGid,wardName,authoritativeCountyName,authoritativeSubcountyName,authoritativeScuid,authoritativeCountyId,authoritativeSubcountyId,databaseWardId,databaseWardName,databaseCountyId,databaseCountyName,databaseSubcountyId,databaseSubcountyName,status,resolutionType,notes
241,WABERA,ISIOLO,Isiolo Sub County,I2LYLqKU6AW,48,1310,1024,WABERA,48,Isiolo,1310,Isiolo,CORRECT,NORMALIZED,
1455,North Kamagambo Ward,Migori,Rongo Sub County,fT37q3rXQ35,49,1552,1025,North Kamagambo Ward,49,Migori,1552,Rongo,CORRECT,NORMALIZED,
1456,Central Kamagambo Ward,Migori,Rongo Sub County,fT37q3rXQ35,49,1552,1026,Central Kamagambo Ward,49,Migori,1552,Rongo,CORRECT,NORMALIZED,
1457,South Kamagambo Ward,Migori,Rongo Sub County,fT37q3rXQ35,49,1552,1027,South Kamagambo Ward,49,Migori,1552,Rongo,CORRECT,NORMALIZED,
1458,North Sakwa Ward,Migori,Awendo Sub County,ka9Uv3Ckcbd,49,1548,1028,North Sakwa Ward,49,Migori,1548,Awendo,CORRECT,NORMALIZED,
1459,South Sakwa Ward,Migori,Awendo Sub County,ka9Uv3Ckcbd,49,1548,1029,South Sakwa Ward,49,Migori,1548,Awendo,CORRECT,NORMALIZED,
1460,West Sakwa Ward,Migori,Awendo Sub County,ka9Uv3Ckcbd,49,1548,1030,West Sakwa Ward,49,Migori,1548,Awendo,CORRECT,NORMALIZED,
1461,Central Sakwa Ward,Migori,Awendo Sub County,ka9Uv3Ckcbd,49,1548,1031,Central Sakwa Ward,49,Migori,1548,Awendo,CORRECT,NORMALIZED,
1462,God Jope  Ward,Migori,Suna East Sub County,nHEr5EciFh0,49,1553,1032,God Jope  Ward,49,Migori,1553,Suna East,CORRECT,NORMALIZED,
1463,Suna Central Ward,Migori,Suna East Sub County,nHEr5EciFh0,49,1553,1033,Suna Central Ward,49,Migori,1553,Suna East,CORRECT,NORMALIZED,
1464,Kakrao Ward,Migori,Suna East Sub County,nHEr5EciFh0,49,1553,1034,Kakrao Ward,49,Migori,1553,Suna East,CORRECT,NORMALIZED,
1465,Kwa Ward,Migori,Suna East Sub County,nHEr5EciFh0,49,1553,1035,Kwa Ward,49,Migori,1553,Suna East,CORRECT,NORMALIZED,
1466,Wiga Ward,Migori,Suna West Sub County,VtuwXD7O1O9,49,1554,1036,Wiga Ward,49,Migori,1554,Suna West,CORRECT,NORMALIZED,
1467,Waseweta Ii Ward,Migori,Suna West Sub County,VtuwXD7O1O9,49,1554,1037,Waseweta Ii Ward,49,Migori,1554,Suna West,CORRECT,NORMALIZED,
1468,Ragana-oruba Ward,Migori,Suna West Sub County,VtuwXD7O1O9,49,1554,1038,Ragana-oruba Ward,49,Migori,1554,Suna West,CORRECT,NORMALIZED,
1469,Wasimbete Ward,Migori,Suna West Sub County,VtuwXD7O1O9,49,1554,1039,Wasimbete Ward,49,Migori,1554,Suna West,CORRECT,NORMALIZED,
1470,West Kanyamkago Ward,Migori,Uriri Sub County,fCInDXluNhx,49,1555,1040,West Kanyamkago Ward,49,Migori,1555,Uriri,CORRECT,NORMALIZED,
1471,North  Kanyamkago Ward,Migori,Uriri Sub County,fCInDXluNhx,49,1555,1041,North  Kanyamkago Ward,49,Migori,1555,Uriri,CORRECT,NORMALIZED,
1472,Central Kanyamkago Ward,Migori,Uriri Sub County,fCInDXluNhx,49,1555,1042,Central Kanyamkago Ward,49,Migori,1555,Uriri,CORRECT,NORMALIZED,
1473,South Kanyamkago Ward,Migori,Uriri Sub County,fCInDXluNhx,49,1555,1043,South Kanyamkago Ward,49,Migori,1555,Uriri,CORRECT,NORMALIZED,
1474,East Kanyamkago Ward,Migori,Uriri Sub County,fCInDXluNhx,49,1555,1044,East Kanyamkago Ward,49,Migori,1555,Uriri,CORRECT,NORMALIZED,
1475,Kachieng' Ward,Migori,Nyatike Sub County,D2lsuEzZAJP,49,1551,1045,Kachieng' Ward,49,Migori,1551,Nyatike,CORRECT,NORMALIZED,
1486,Masaba Ward,Migori,Kuria West Sub County,jtBjNpL9FXS,49,1550,1046,Masaba Ward,49,Migori,1550,Kuria West,CORRECT,NORMALIZED,
1490,Ntimaru West Ward,Migori,Kuria East Sub County,THm2tCJa2ZQ,49,1549,1047,Ntimaru West Ward,49,Migori,1549,Kuria East,CORRECT,NORMALIZED,
1520,Mathatani Ward,Machakos,Athi River Sub County,BxfsSc6Svrc,50,1351,1048,Mathatani Ward,50,Machakos,1351,Athi River,CORRECT,NORMALIZED,
1521,Syokimau-mulolongo Ward,Machakos,Athi River Sub County,BxfsSc6Svrc,50,1351,1049,Syokimau-mulolongo Ward,50,Machakos,1351,Athi River,CORRECT,NORMALIZED,
1522,Kalama Ward,Machakos,Machakos Sub County,KXc4ez8OAFz,50,1355,1050,Kalama Ward,50,Machakos,1355,Machakos,CORRECT,NORMALIZED,
1523,Mua Ward,Machakos,Machakos Sub County,KXc4ez8OAFz,50,1355,1051,Mua Ward,50,Machakos,1355,Machakos,CORRECT,NORMALIZED,
1524,Mutituni Ward,Machakos,Machakos Sub County,KXc4ez8OAFz,50,1355,1052,Mutituni Ward,50,Machakos,1355,Machakos,CORRECT,NORMALIZED,
1525,Township Ward,Machakos,Machakos Sub County,KXc4ez8OAFz,50,1355,1053,Township Ward,50,Machakos,1355,Machakos,CORRECT,NORMALIZED,
1526,Mumbuni North Ward,Machakos,Machakos Sub County,KXc4ez8OAFz,50,1355,1054,Mumbuni North Ward,50,Machakos,1355,Machakos,CORRECT,NORMALIZED,
1527,Muvuti-kiima-kimwe Ward,Machakos,Machakos Sub County,KXc4ez8OAFz,50,1355,1055,Muvuti-kiima-kimwe Ward,50,Machakos,1355,Machakos,CORRECT,NORMALIZED,
1528,Kola Ward,Machakos,Machakos Sub County,KXc4ez8OAFz,50,1355,1056,Kola Ward,50,Machakos,1355,Machakos,CORRECT,NORMALIZED,
1529,Mbiuni Ward,Machakos,Mwala Sub County,fYYivceocJ2,50,1358,1057,Mbiuni Ward,50,Machakos,1358,Mwala,CORRECT,NORMALIZED,
1530,Makutano-mwala Ward,Machakos,Mwala Sub County,fYYivceocJ2,50,1358,1058,Makutano-mwala Ward,50,Machakos,1358,Mwala,CORRECT,NORMALIZED,
1531,Masii Ward,Machakos,Mwala Sub County,fYYivceocJ2,50,1358,1059,Masii Ward,50,Machakos,1358,Mwala,CORRECT,NORMALIZED,
1532,Muthetheni Ward,Machakos,Mwala Sub County,fYYivceocJ2,50,1358,1060,Muthetheni Ward,50,Machakos,1358,Mwala,CORRECT,NORMALIZED,
1533,Wamunyu Ward,Machakos,Mwala Sub County,fYYivceocJ2,50,1358,1061,Wamunyu Ward,50,Machakos,1358,Mwala,CORRECT,NORMALIZED,
1534,Kibauni Ward,Machakos,Mwala Sub County,fYYivceocJ2,50,1358,1062,Kibauni Ward,50,Machakos,1358,Mwala,CORRECT,NORMALIZED,
1535,West Kasipul Ward,Homa Bay,Kasipul Sub County,NhsAMiaS0TD,51,267,1063,West Kasipul Ward,51,Homa Bay,267,Kasipul Sub County,CORRECT,EXACT,
1536,South Kasipul Ward,Homa Bay,Kasipul Sub County,NhsAMiaS0TD,51,267,1064,South Kasipul Ward,51,Homa Bay,267,Kasipul Sub County,CORRECT,EXACT,
1537,Central Kasipul Ward,Homa Bay,Kasipul Sub County,NhsAMiaS0TD,51,267,1065,Central Kasipul Ward,51,Homa Bay,267,Kasipul Sub County,CORRECT,EXACT,
1538,East Kamagak Ward,Homa Bay,Kasipul Sub County,NhsAMiaS0TD,51,267,1066,East Kamagak Ward,51,Homa Bay,267,Kasipul Sub County,CORRECT,EXACT,
1539,West Kamagak Ward,Homa Bay,Kasipul Sub County,NhsAMiaS0TD,51,267,1067,West Kamagak Ward,51,Homa Bay,267,Kasipul Sub County,CORRECT,EXACT,
1540,Kabondo East Ward,Homa Bay,Kabondo Kasipul Sub County,BzFBYZhF5fx,51,268,1068,Kabondo East Ward,51,Homa Bay,268,Kabondo Kasipul Sub County,CORRECT,EXACT,
1541,Kabondo West Ward,Homa Bay,Kabondo Kasipul Sub County,BzFBYZhF5fx,51,268,1069,Kabondo West Ward,51,Homa Bay,268,Kabondo Kasipul Sub County,CORRECT,EXACT,
1542,Kokwanyo/kakelo Ward,Homa Bay,Kabondo Kasipul Sub County,BzFBYZhF5fx,51,268,1070,Kokwanyo/kakelo Ward,51,Homa Bay,268,Kabondo Kasipul Sub County,CORRECT,EXACT,
1543,Kojwach Ward,Homa Bay,Kabondo Kasipul Sub County,BzFBYZhF5fx,51,268,1071,Kojwach Ward,51,Homa Bay,268,Kabondo Kasipul Sub County,CORRECT,EXACT,
1544,West Karachuonyo Ward,Homa Bay,Karachuonyo Sub County,fmsyW02tPng,51,269,1072,West Karachuonyo Ward,51,Homa Bay,269,Karachuonyo Sub County,CORRECT,EXACT,
1545,North Karachuonyo Ward,Homa Bay,Karachuonyo Sub County,fmsyW02tPng,51,269,1073,North Karachuonyo Ward,51,Homa Bay,269,Karachuonyo Sub County,CORRECT,EXACT,
1546,Central Ward,Homa Bay,Karachuonyo Sub County,fmsyW02tPng,51,269,1074,Central Ward,51,Homa Bay,269,Karachuonyo Sub County,CORRECT,EXACT,
1547,Kanyaluo Ward,Homa Bay,Karachuonyo Sub County,fmsyW02tPng,51,269,1075,Kanyaluo Ward,51,Homa Bay,269,Karachuonyo Sub County,CORRECT,EXACT,
1553,Kagan Ward,Homa Bay,Rangwe Sub County,iK2Jk2AxhlD,51,1545,1076,Kagan Ward,51,Homa Bay,1545,Rangwe,CORRECT,NORMALIZED,
1554,Kochia Ward,Homa Bay,Rangwe Sub County,iK2Jk2AxhlD,51,1545,1077,Kochia Ward,51,Homa Bay,1545,Rangwe,CORRECT,NORMALIZED,
1555,Homa Bay Central Ward,Homa Bay,Homa Bay Town Sub County,Ur2xRBDtazT,51,271,1078,Homa Bay Central Ward,51,Homa Bay,271,Homa Bay Town Sub County,CORRECT,EXACT,
1556,Homa Bay Arujo Ward,Homa Bay,Homa Bay Town Sub County,Ur2xRBDtazT,51,271,1079,Homa Bay Arujo Ward,51,Homa Bay,271,Homa Bay Town Sub County,CORRECT,EXACT,
1558,Homa Bay East Ward,Homa Bay,Homa Bay Town Sub County,Ur2xRBDtazT,51,271,1080,Homa Bay East Ward,51,Homa Bay,271,Homa Bay Town Sub County,CORRECT,EXACT,
1559,Kwabwai Ward,Homa Bay,Ndhiwa Sub County,i2Y2fyNoFyZ,51,1541,1081,Kwabwai Ward,51,Homa Bay,1541,Ndhiwa,CORRECT,NORMALIZED,
1560,Kanyadoto Ward,Homa Bay,Ndhiwa Sub County,i2Y2fyNoFyZ,51,1541,1082,Kanyadoto Ward,51,Homa Bay,1541,Ndhiwa,CORRECT,NORMALIZED,
1561,Kanyikela Ward,Homa Bay,Ndhiwa Sub County,i2Y2fyNoFyZ,51,1541,1083,Kanyikela Ward,51,Homa Bay,1541,Ndhiwa,CORRECT,NORMALIZED,
1562,Kabouch North Ward,Homa Bay,Ndhiwa Sub County,i2Y2fyNoFyZ,51,1541,1084,Kabouch North Ward,51,Homa Bay,1541,Ndhiwa,CORRECT,NORMALIZED,
1563,Kabuoch South/pala Ward,Homa Bay,Ndhiwa Sub County,i2Y2fyNoFyZ,51,1541,1085,Kabuoch South/pala Ward,51,Homa Bay,1541,Ndhiwa,CORRECT,NORMALIZED,
1565,Kanyamwa Kosewe Ward,Homa Bay,Ndhiwa Sub County,i2Y2fyNoFyZ,51,1541,1086,Kanyamwa Kosewe Ward,51,Homa Bay,1541,Ndhiwa,CORRECT,NORMALIZED,
1566,Mfangano Island Ward,Homa Bay,Mbita Sub County,mCGytMcMf6y,51,273,1087,Mfangano Island Ward,51,Homa Bay,273,Mbita Sub County,CORRECT,EXACT,
1567,Rusinga Island Ward,Homa Bay,Mbita Sub County,mCGytMcMf6y,51,273,1088,Rusinga Island Ward,51,Homa Bay,273,Mbita Sub County,CORRECT,EXACT,
1568,Kasgunga Ward,Homa Bay,Mbita Sub County,mCGytMcMf6y,51,273,1089,Kasgunga Ward,51,Homa Bay,273,Mbita Sub County,CORRECT,EXACT,
1579,Chavakali Ward,Vihiga,Sabatia Sub County,urtJSF5jcBC,52,1508,1090,Chavakali Ward,52,Vihiga,1508,Sabatia,CORRECT,NORMALIZED,
1582,Busali Ward,Vihiga,Sabatia Sub County,urtJSF5jcBC,52,1508,1091,Busali Ward,52,Vihiga,1508,Sabatia,CORRECT,NORMALIZED,
1583,Shiru Ward,Vihiga,Hamisi Sub County,BXaq5PxSfz2,52,1510,1092,Shiru Ward,52,Vihiga,1510,Hamisi,CORRECT,NORMALIZED,
1584,Gisambai Ward,Vihiga,Hamisi Sub County,BXaq5PxSfz2,52,1510,1093,Gisambai Ward,52,Vihiga,1510,Hamisi,CORRECT,NORMALIZED,
1585,Muhudu Ward,Vihiga,Hamisi Sub County,BXaq5PxSfz2,52,1510,1094,Muhudu Ward,52,Vihiga,1510,Hamisi,CORRECT,NORMALIZED,
1586,Tambua Ward,Vihiga,Hamisi Sub County,BXaq5PxSfz2,52,1510,1095,Tambua Ward,52,Vihiga,1510,Hamisi,CORRECT,NORMALIZED,
1587,Jepkoyai Ward,Vihiga,Hamisi Sub County,BXaq5PxSfz2,52,1510,1096,Jepkoyai Ward,52,Vihiga,1510,Hamisi,CORRECT,NORMALIZED,
1591,Luanda South Ward,Vihiga,Luanda Sub County,lkYdgjRSOoE,52,1509,1097,Luanda South Ward,52,Vihiga,1509,Luanda,CORRECT,NORMALIZED,
1593,North East Bunyore Ward,Vihiga,Emuhaya Sub County,Lpy789vqRC6,52,1506,1098,North East Bunyore Ward,52,Vihiga,1506,Emuhaya,CORRECT,NORMALIZED,
1596,Banja Ward,Vihiga,Hamisi Sub County,BXaq5PxSfz2,52,1510,1099,Banja Ward,52,Vihiga,1510,Hamisi,CORRECT,NORMALIZED,
1597,South Maragoli Ward,Vihiga,Vihiga Sub County,OOF3UX4yOt7,52,1507,1100,South Maragoli Ward,52,Vihiga,1507,Vihiga,CORRECT,NORMALIZED,
1598,Shamakhokho Ward,Vihiga,Hamisi Sub County,BXaq5PxSfz2,52,1510,1101,Shamakhokho Ward,52,Vihiga,1510,Hamisi,CORRECT,NORMALIZED,
1600,Cheptais Ward,Bungoma,Cheptais Sub County,NZphHeczehh,53,1516,1102,Cheptais Ward,53,Bungoma,1516,Cheptais,CORRECT,NORMALIZED,
1603,Kakateny Ward,Bungoma,Cheptais Sub County,NZphHeczehh,53,1516,1103,Kakateny Ward,53,Bungoma,1516,Cheptais,CORRECT,NORMALIZED,
1604,Kaptama Ward,Bungoma,Mt Elgon Sub County,ZCYATXdLsL1,53,280,1104,Kaptama Ward,53,Bungoma,280,Mt Elgon Sub County,CORRECT,EXACT,
1607,Malakisi/south Kulisiru Ward,Bungoma,Sirisia Sub County,whWfFA9D7td,53,281,1105,Malakisi/south Kulisiru Ward,53,Bungoma,281,Sirisia Sub County,CORRECT,EXACT,
1608,Lwandanyi Ward,Bungoma,Sirisia Sub County,whWfFA9D7td,53,281,1106,Lwandanyi Ward,53,Bungoma,281,Sirisia Sub County,CORRECT,EXACT,
1610,West Nalondo Ward,Bungoma,Kabuchai Sub County,k1mze33jOs0,53,282,1107,West Nalondo Ward,53,Bungoma,282,Kabuchai Sub County,CORRECT,EXACT,
1612,Mukuyuni Ward,Bungoma,Kabuchai Sub County,k1mze33jOs0,53,282,1108,Mukuyuni Ward,53,Bungoma,282,Kabuchai Sub County,CORRECT,EXACT,
1616,Kabula  Ward,Bungoma,Bumula Sub County,jkQZEow83MX,53,1511,1109,Kabula  Ward,53,Bungoma,1511,Bumula,CORRECT,NORMALIZED,
1617,Kimaeti Ward,Bungoma,Bumula Sub County,jkQZEow83MX,53,1511,1110,Kimaeti Ward,53,Bungoma,1511,Bumula,CORRECT,NORMALIZED,
1619,Siboti Ward,Bungoma,Bumula Sub County,jkQZEow83MX,53,1511,1111,Siboti Ward,53,Bungoma,1511,Bumula,CORRECT,NORMALIZED,
1620,Bukembe West Ward,Bungoma,Kanduyi Sub County,CUjthlounWV,53,284,1112,Bukembe West Ward,53,Bungoma,284,Kanduyi Sub County,CORRECT,EXACT,
1621,Bukembe East Ward,Bungoma,Kanduyi Sub County,CUjthlounWV,53,284,1113,Bukembe East Ward,53,Bungoma,284,Kanduyi Sub County,CORRECT,EXACT,
1634,Bokoli Ward,Bungoma,Webuye West Sub County,aqYhbqKclsI,53,1520,1114,Bokoli Ward,53,Bungoma,1520,Webuye West,CORRECT,NORMALIZED,
1635,Kibingei Ward,Bungoma,Kimilili Sub County,AphsS3lJwKU,53,1517,1115,Kibingei Ward,53,Bungoma,1517,Kimilili,CORRECT,NORMALIZED,
1636,Kimilili Ward,Bungoma,Kimilili Sub County,AphsS3lJwKU,53,1517,1116,Kimilili Ward,53,Bungoma,1517,Kimilili,CORRECT,NORMALIZED,
1637,Maeni Ward,Bungoma,Kimilili Sub County,AphsS3lJwKU,53,1517,1117,Maeni Ward,53,Bungoma,1517,Kimilili,CORRECT,NORMALIZED,
1638,Kamukuywa Ward,Bungoma,Kimilili Sub County,AphsS3lJwKU,53,1517,1118,Kamukuywa Ward,53,Bungoma,1517,Kimilili,CORRECT,NORMALIZED,
1639,Mbakalo Ward,Bungoma,Tongaren Sub County,orUwYD52An3,53,1519,1119,Mbakalo Ward,53,Bungoma,1519,Tongaren,CORRECT,NORMALIZED,
1640,Naitiri/kabuyefwe Ward,Bungoma,Tongaren Sub County,orUwYD52An3,53,1519,1120,Naitiri/kabuyefwe Ward,53,Bungoma,1519,Tongaren,CORRECT,NORMALIZED,
1641,Milima Ward,Bungoma,Tongaren Sub County,orUwYD52An3,53,1519,1121,Milima Ward,53,Bungoma,1519,Tongaren,CORRECT,NORMALIZED,
1642,Ndalu/ Tabani Ward,Bungoma,Tongaren Sub County,orUwYD52An3,53,1519,1122,Ndalu/ Tabani Ward,53,Bungoma,1519,Tongaren,CORRECT,NORMALIZED,
1643,Tongaren Ward,Bungoma,Tongaren Sub County,orUwYD52An3,53,1519,1123,Tongaren Ward,53,Bungoma,1519,Tongaren,CORRECT,NORMALIZED,
1644,Soysambu/ Mitua Ward,Bungoma,Tongaren Sub County,orUwYD52An3,53,1519,1124,Soysambu/ Mitua Ward,53,Bungoma,1519,Tongaren,CORRECT,NORMALIZED,
1645,Mautuma Ward,Kakamega,Lugari Sub County,ZOdhgR19Akq,54,1500,1125,Mautuma Ward,54,Kakamega,1500,Lugari,CORRECT,NORMALIZED,
1646,Lugari Ward,Kakamega,Lugari Sub County,ZOdhgR19Akq,54,1500,1126,Lugari Ward,54,Kakamega,1500,Lugari,CORRECT,NORMALIZED,
1647,Lumakanda Ward,Kakamega,Lugari Sub County,ZOdhgR19Akq,54,1500,1127,Lumakanda Ward,54,Kakamega,1500,Lugari,CORRECT,NORMALIZED,
1648,Chekalini Ward,Kakamega,Lugari Sub County,ZOdhgR19Akq,54,1500,1128,Chekalini Ward,54,Kakamega,1500,Lugari,CORRECT,NORMALIZED,
1649,Chevaywa Ward,Kakamega,Lugari Sub County,ZOdhgR19Akq,54,1500,1129,Chevaywa Ward,54,Kakamega,1500,Lugari,CORRECT,NORMALIZED,
1650,Lwandeti Ward,Kakamega,Lugari Sub County,ZOdhgR19Akq,54,1500,1130,Lwandeti Ward,54,Kakamega,1500,Lugari,CORRECT,NORMALIZED,
1651,Likuyani Ward,Kakamega,Likuyani Sub County,wMv0s3U2nnG,54,1499,1131,Likuyani Ward,54,Kakamega,1499,Likuyani,CORRECT,NORMALIZED,
1652,Sango Ward,Kakamega,Likuyani Sub County,wMv0s3U2nnG,54,1499,1132,Sango Ward,54,Kakamega,1499,Likuyani,CORRECT,NORMALIZED,
1653,Kongoni Ward,Kakamega,Likuyani Sub County,wMv0s3U2nnG,54,1499,1133,Kongoni Ward,54,Kakamega,1499,Likuyani,CORRECT,NORMALIZED,
1654,Nzoia Ward,Kakamega,Likuyani Sub County,wMv0s3U2nnG,54,1499,1134,Nzoia Ward,54,Kakamega,1499,Likuyani,CORRECT,NORMALIZED,
1655,Sinoko Ward,Kakamega,Likuyani Sub County,wMv0s3U2nnG,54,1499,1135,Sinoko Ward,54,Kakamega,1499,Likuyani,CORRECT,NORMALIZED,
1656,West Kabras Ward,Kakamega,Malava Sub County,ES1CWa4AJmJ,54,290,1136,West Kabras Ward,54,Kakamega,290,Malava Sub County,CORRECT,EXACT,
1657,Chemuche Ward,Kakamega,Malava Sub County,ES1CWa4AJmJ,54,290,1137,Chemuche Ward,54,Kakamega,290,Malava Sub County,CORRECT,EXACT,
1658,East Kabras Ward,Kakamega,Malava Sub County,ES1CWa4AJmJ,54,290,1138,East Kabras Ward,54,Kakamega,290,Malava Sub County,CORRECT,EXACT,
1659,Butali Chegulo Ward,Kakamega,Malava Sub County,ES1CWa4AJmJ,54,290,1139,Butali Chegulo Ward,54,Kakamega,290,Malava Sub County,CORRECT,EXACT,
1660,Manda-shivanga Ward,Kakamega,Malava Sub County,ES1CWa4AJmJ,54,290,1140,Manda-shivanga Ward,54,Kakamega,290,Malava Sub County,CORRECT,EXACT,
1661,Shirungu-mugai Ward,Kakamega,Malava Sub County,ES1CWa4AJmJ,54,290,1141,Shirungu-mugai Ward,54,Kakamega,290,Malava Sub County,CORRECT,EXACT,
1662,South Kabras Ward,Kakamega,Malava Sub County,ES1CWa4AJmJ,54,290,1142,South Kabras Ward,54,Kakamega,290,Malava Sub County,CORRECT,EXACT,
1663,Butsotso East Ward,Kakamega,Lurambi Sub County,Y3NjAhiBaZT,54,291,1143,Butsotso East Ward,54,Kakamega,291,Lurambi Sub County,CORRECT,EXACT,
1664,Butsotso South  Ward,Kakamega,Lurambi Sub County,Y3NjAhiBaZT,54,291,1144,Butsotso South  Ward,54,Kakamega,291,Lurambi Sub County,CORRECT,EXACT,
1665,Butsotso Central Ward,Kakamega,Lurambi Sub County,Y3NjAhiBaZT,54,291,1145,Butsotso Central Ward,54,Kakamega,291,Lurambi Sub County,CORRECT,EXACT,
1666,Sheywe Ward,Kakamega,Lurambi Sub County,Y3NjAhiBaZT,54,291,1146,Sheywe Ward,54,Kakamega,291,Lurambi Sub County,CORRECT,EXACT,
1667,Mahiakalo Ward,Kakamega,Lurambi Sub County,Y3NjAhiBaZT,54,291,1147,Mahiakalo Ward,54,Kakamega,291,Lurambi Sub County,CORRECT,EXACT,
1668,Shirere Ward,Kakamega,Lurambi Sub County,Y3NjAhiBaZT,54,291,1148,Shirere Ward,54,Kakamega,291,Lurambi Sub County,CORRECT,EXACT,
1669,Ingoste-matiha Ward,Kakamega,Navakholo Sub County,G6PJ5kFVAuO,54,1505,1149,Ingoste-matiha Ward,54,Kakamega,1505,Navakholo,CORRECT,NORMALIZED,
1670,Shinoyi-shikomari-esumeiya Ward,Kakamega,Navakholo Sub County,G6PJ5kFVAuO,54,1505,1150,Shinoyi-shikomari-esumeiya Ward,54,Kakamega,1505,Navakholo,CORRECT,NORMALIZED,
1671,Bunyala West Ward,Kakamega,Navakholo Sub County,G6PJ5kFVAuO,54,1505,1151,Bunyala West Ward,54,Kakamega,1505,Navakholo,CORRECT,NORMALIZED,
1672,Bunyala East Ward,Kakamega,Navakholo Sub County,G6PJ5kFVAuO,54,1505,1152,Bunyala East Ward,54,Kakamega,1505,Navakholo,CORRECT,NORMALIZED,
1673,Bunyala Central Ward,Kakamega,Navakholo Sub County,G6PJ5kFVAuO,54,1505,1153,Bunyala Central Ward,54,Kakamega,1505,Navakholo,CORRECT,NORMALIZED,
1674,Mumias Central Ward,Kakamega,Mumias West  Sub County,uRl5fBkhpcE,54,1504,1154,Mumias Central Ward,54,Kakamega,1504,Mumias West,CORRECT,NORMALIZED,
1796,Kipevu Ward,Mombasa,Changamwe Sub County,OvI6w06DhPJ,55,1251,1155,Kipevu Ward,55,Mombasa,1251,Changamwe,CORRECT,NORMALIZED,
961,BELGUT,KERICHO,AINAMOI,,56,295,1156,BELGUT,56,Kericho,295,AINAMOI,CORRECT,EXACT,
94,Chewani Ward,TANA RIVER,Galole Sub County,A4SNYCxrrnv,57,296,1157,Chewani Ward,57,Tana River,296,Galole Sub County,CORRECT,EXACT,
92,Kinakomba Ward,TANA RIVER,Galole Sub County,A4SNYCxrrnv,57,296,1158,Kinakomba Ward,57,Tana River,296,Galole Sub County,CORRECT,EXACT,
1476,Kanyasa Ward,Migori,Nyatike Sub County,D2lsuEzZAJP,49,1551,1159,Kanyasa Ward,49,Migori,1551,Nyatike,CORRECT,NORMALIZED,
1477,North Kadem Ward,Migori,Nyatike Sub County,D2lsuEzZAJP,49,1551,1160,North Kadem Ward,49,Migori,1551,Nyatike,CORRECT,NORMALIZED,
1478,Macalder/kanyarwanda Ward,Migori,Nyatike Sub County,D2lsuEzZAJP,49,1551,1161,Macalder/kanyarwanda Ward,49,Migori,1551,Nyatike,CORRECT,NORMALIZED,
1479,Kaler Ward,Migori,Nyatike Sub County,D2lsuEzZAJP,49,1551,1162,Kaler Ward,49,Migori,1551,Nyatike,CORRECT,NORMALIZED,
1480,Got Kachola Ward,Migori,Nyatike Sub County,D2lsuEzZAJP,49,1551,1163,Got Kachola Ward,49,Migori,1551,Nyatike,CORRECT,NORMALIZED,
1481,Muhuru Ward,Migori,Nyatike Sub County,D2lsuEzZAJP,49,1551,1164,Muhuru Ward,49,Migori,1551,Nyatike,CORRECT,NORMALIZED,
1482,Bukira East Ward,Migori,Kuria West Sub County,jtBjNpL9FXS,49,1550,1165,Bukira East Ward,49,Migori,1550,Kuria West,CORRECT,NORMALIZED,
1483,Bukira Central/ikerege Ward,Migori,Kuria West Sub County,jtBjNpL9FXS,49,1550,1166,Bukira Central/ikerege Ward,49,Migori,1550,Kuria West,CORRECT,NORMALIZED,
1484,Isibania Ward,Migori,Kuria West Sub County,jtBjNpL9FXS,49,1550,1167,Isibania Ward,49,Migori,1550,Kuria West,CORRECT,NORMALIZED,
1797,Airport Ward,Mombasa,Changamwe Sub County,OvI6w06DhPJ,55,1251,1168,Airport Ward,55,Mombasa,1251,Changamwe,CORRECT,NORMALIZED,
101,FAZA,LAMU,LAMU EAST,cwnqFyTJIgX,58,1274,1169,FAZA,58,Lamu,1274,Lamu East,CORRECT,EXACT,
102,KIUNGA,LAMU,LAMU EAST,cwnqFyTJIgX,58,1274,1170,KIUNGA,58,Lamu,1274,Lamu East,CORRECT,EXACT,
103,BASUBA,LAMU,LAMU EAST,cwnqFyTJIgX,58,1274,1171,BASUBA,58,Lamu,1274,Lamu East,CORRECT,EXACT,
104,SHELLA,LAMU,LAMU WEST,Lfxw0DfD4jN,58,1275,1172,SHELLA,58,Lamu,1275,Lamu West,CORRECT,EXACT,
105,MKOMAMI,LAMU,LAMU WEST,Lfxw0DfD4jN,58,1275,1173,MKOMAMI,58,Lamu,1275,Lamu West,CORRECT,EXACT,
106,HINDI,LAMU,LAMU WEST,Lfxw0DfD4jN,58,1275,1174,HINDI,58,Lamu,1275,Lamu West,CORRECT,EXACT,
98,Bangale Ward,TANA RIVER,Bura Sub County,yWPcTwGwQ2B,57,299,1175,Bangale Ward,57,Tana River,299,Bura Sub County,CORRECT,EXACT,
99,Sala Ward,TANA RIVER,Bura Sub County,yWPcTwGwQ2B,57,299,1176,Sala Ward,57,Tana River,299,Bura Sub County,CORRECT,EXACT,
108,HONGWE,LAMU,LAMU WEST,Lfxw0DfD4jN,58,1275,1177,HONGWE,58,Lamu,1275,Lamu West,CORRECT,EXACT,
1678,Lusheya Lubinu Ward,Kakamega,Mumias East Sub County,FBteTV1eqB6,54,1503,1178,Lusheya Lubinu Ward,54,Kakamega,1503,Mumias East,CORRECT,NORMALIZED,
1679,Malaha Isongo Makunga Ward,Kakamega,Mumias East Sub County,FBteTV1eqB6,54,1503,1179,Malaha Isongo Makunga Ward,54,Kakamega,1503,Mumias East,CORRECT,NORMALIZED,
1680,East Wanga Ward,Kakamega,Mumias East Sub County,FBteTV1eqB6,54,1503,1180,East Wanga Ward,54,Kakamega,1503,Mumias East,CORRECT,NORMALIZED,
1681,Koyonzo Ward,Kakamega,Matungu Sub County,ssbO49f0iLN,54,1502,1181,Koyonzo Ward,54,Kakamega,1502,Matungu,CORRECT,NORMALIZED,
1682,Kholera Ward,Kakamega,Matungu Sub County,ssbO49f0iLN,54,1502,1182,Kholera Ward,54,Kakamega,1502,Matungu,CORRECT,NORMALIZED,
1683,Khalaba Ward,Kakamega,Matungu Sub County,ssbO49f0iLN,54,1502,1183,Khalaba Ward,54,Kakamega,1502,Matungu,CORRECT,NORMALIZED,
111,Chala Ward,TAITA TAVETA,Taveta Sub County,jNzRdAwjaQ1,59,1278,1184,Chala Ward,59,Taita Taveta,1278,Taveta,CORRECT,NORMALIZED,
1485,Mokerero Ward,Migori,Kuria West Sub County,jtBjNpL9FXS,49,1550,1185,Mokerero Ward,49,Migori,1550,Kuria West,CORRECT,NORMALIZED,
115,Mata Ward,TAITA TAVETA,Taveta Sub County,jNzRdAwjaQ1,59,1278,1186,Mata Ward,59,Taita Taveta,1278,Taveta,CORRECT,NORMALIZED,
1487,Tagare Ward,Migori,Kuria West Sub County,jtBjNpL9FXS,49,1550,1187,Tagare Ward,49,Migori,1550,Kuria West,CORRECT,NORMALIZED,
116,Wundanyi/mbale Ward,TAITA TAVETA,Wundanyi Sub County,AM36DdkZ36Y,59,303,1188,Wundanyi/mbale Ward,59,Taita Taveta,303,Wundanyi Sub County,CORRECT,EXACT,
118,Wumingu/kishushe Ward,TAITA TAVETA,Wundanyi Sub County,AM36DdkZ36Y,59,303,1189,Wumingu/kishushe Ward,59,Taita Taveta,303,Wundanyi Sub County,CORRECT,EXACT,
1488,Nyamosense/komosoko Ward,Migori,Kuria West Sub County,jtBjNpL9FXS,49,1550,1190,Nyamosense/komosoko Ward,49,Migori,1550,Kuria West,CORRECT,NORMALIZED,
1489,Gokeharaka/getambwega Ward,Migori,Kuria East Sub County,THm2tCJa2ZQ,49,1549,1191,Gokeharaka/getambwega Ward,49,Migori,1549,Kuria East,CORRECT,NORMALIZED,
1491,Ntimaru East Ward,Migori,Kuria East Sub County,THm2tCJa2ZQ,49,1549,1192,Ntimaru East Ward,49,Migori,1549,Kuria East,CORRECT,NORMALIZED,
1492,Nyabasi East Ward,Migori,Kuria East Sub County,THm2tCJa2ZQ,49,1549,1193,Nyabasi East Ward,49,Migori,1549,Kuria East,CORRECT,NORMALIZED,
1493,Nyabasi West Ward,Migori,Kuria East Sub County,THm2tCJa2ZQ,49,1549,1194,Nyabasi West Ward,49,Migori,1549,Kuria East,CORRECT,NORMALIZED,
1494,East Kamagambo Ward,Migori,Rongo Sub County,fT37q3rXQ35,49,1552,1195,East Kamagambo Ward,49,Migori,1552,Rongo,CORRECT,NORMALIZED,
1495,Kivaa Ward,Machakos,Masinga Sub County,hpcb7MYi6nc,50,1356,1196,Kivaa Ward,50,Machakos,1356,Masinga,CORRECT,NORMALIZED,
1496,Masinga Central Ward,Machakos,Masinga Sub County,hpcb7MYi6nc,50,1356,1197,Masinga Central Ward,50,Machakos,1356,Masinga,CORRECT,NORMALIZED,
1497,Ekalakala Ward,Machakos,Masinga Sub County,hpcb7MYi6nc,50,1356,1198,Ekalakala Ward,50,Machakos,1356,Masinga,CORRECT,NORMALIZED,
1498,Muthesya Ward,Machakos,Masinga Sub County,hpcb7MYi6nc,50,1356,1199,Muthesya Ward,50,Machakos,1356,Masinga,CORRECT,NORMALIZED,
1499,Mananja Ward,Machakos,Masinga Sub County,hpcb7MYi6nc,50,1356,1200,Mananja Ward,50,Machakos,1356,Masinga,CORRECT,NORMALIZED,
1500,Ndalani Ward,Machakos,Yatta Sub County,CeukNtGhW7J,50,1359,1201,Ndalani Ward,50,Machakos,1359,Yatta,CORRECT,NORMALIZED,
1501,Matuu Ward,Machakos,Yatta Sub County,CeukNtGhW7J,50,1359,1202,Matuu Ward,50,Machakos,1359,Yatta,CORRECT,NORMALIZED,
1502,Kithimani Ward,Machakos,Yatta Sub County,CeukNtGhW7J,50,1359,1203,Kithimani Ward,50,Machakos,1359,Yatta,CORRECT,NORMALIZED,
1503,Ikombe Ward,Machakos,Yatta Sub County,CeukNtGhW7J,50,1359,1204,Ikombe Ward,50,Machakos,1359,Yatta,CORRECT,NORMALIZED,
1504,Katangi Ward,Machakos,Yatta Sub County,CeukNtGhW7J,50,1359,1205,Katangi Ward,50,Machakos,1359,Yatta,CORRECT,NORMALIZED,
1505,Kangundo North Ward,Machakos,Kangundo Sub County,vMPhBuymSKt,50,1353,1206,Kangundo North Ward,50,Machakos,1353,Kangundo,CORRECT,NORMALIZED,
1506,Kangundo Central Ward,Machakos,Kangundo Sub County,vMPhBuymSKt,50,1353,1207,Kangundo Central Ward,50,Machakos,1353,Kangundo,CORRECT,NORMALIZED,
1507,Kangundo East Ward,Machakos,Kangundo Sub County,vMPhBuymSKt,50,1353,1208,Kangundo East Ward,50,Machakos,1353,Kangundo,CORRECT,NORMALIZED,
1508,Kangundo West Ward,Machakos,Kangundo Sub County,vMPhBuymSKt,50,1353,1209,Kangundo West Ward,50,Machakos,1353,Kangundo,CORRECT,NORMALIZED,
1509,Tala Ward,Machakos,Matungulu Sub County,GnixPSqaV6D,50,1357,1210,Tala Ward,50,Machakos,1357,Matungulu,CORRECT,NORMALIZED,
1510,Matungulu North Ward,Machakos,Matungulu Sub County,GnixPSqaV6D,50,1357,1211,Matungulu North Ward,50,Machakos,1357,Matungulu,CORRECT,NORMALIZED,
1511,Matungulu East Ward,Machakos,Matungulu Sub County,GnixPSqaV6D,50,1357,1212,Matungulu East Ward,50,Machakos,1357,Matungulu,CORRECT,NORMALIZED,
1512,Matungulu West Ward,Machakos,Matungulu Sub County,GnixPSqaV6D,50,1357,1213,Matungulu West Ward,50,Machakos,1357,Matungulu,CORRECT,NORMALIZED,
1513,Kyeleni Ward,Machakos,Matungulu Sub County,GnixPSqaV6D,50,1357,1214,Kyeleni Ward,50,Machakos,1357,Matungulu,CORRECT,NORMALIZED,
1514,Mitamboni Ward,Machakos,Kathiani Sub County,iCey76HYgLP,50,1354,1215,Mitamboni Ward,50,Machakos,1354,Kathiani,CORRECT,NORMALIZED,
1515,Kathiani Central Ward,Machakos,Kathiani Sub County,iCey76HYgLP,50,1354,1216,Kathiani Central Ward,50,Machakos,1354,Kathiani,CORRECT,NORMALIZED,
1516,Upper Kaewa-iveti Ward,Machakos,Kathiani Sub County,iCey76HYgLP,50,1354,1217,Upper Kaewa-iveti Ward,50,Machakos,1354,Kathiani,CORRECT,NORMALIZED,
1517,Lower Kaewa-kaani Ward,Machakos,Kathiani Sub County,iCey76HYgLP,50,1354,1218,Lower Kaewa-kaani Ward,50,Machakos,1354,Kathiani,CORRECT,NORMALIZED,
1518,Athi River Ward,Machakos,Athi River Sub County,BxfsSc6Svrc,50,1351,1219,Athi River Ward,50,Machakos,1351,Athi River,CORRECT,NORMALIZED,
1519,Kinanie Ward,Machakos,Athi River Sub County,BxfsSc6Svrc,50,1351,1220,Kinanie Ward,50,Machakos,1351,Athi River,CORRECT,NORMALIZED,
1548,Kibiri Ward,Homa Bay,Karachuonyo Sub County,fmsyW02tPng,51,269,1221,Kibiri Ward,51,Homa Bay,269,Karachuonyo Sub County,CORRECT,EXACT,
1549,Wang'chieng Ward,Homa Bay,Karachuonyo Sub County,fmsyW02tPng,51,269,1222,Wang'chieng Ward,51,Homa Bay,269,Karachuonyo Sub County,CORRECT,EXACT,
1550,Kendu Bay Town Ward,Homa Bay,Karachuonyo Sub County,fmsyW02tPng,51,269,1223,Kendu Bay Town Ward,51,Homa Bay,269,Karachuonyo Sub County,CORRECT,EXACT,
1551,West Gem Ward,Homa Bay,Rangwe Sub County,iK2Jk2AxhlD,51,1545,1224,West Gem Ward,51,Homa Bay,1545,Rangwe,CORRECT,NORMALIZED,
1552,East Gem Ward,Homa Bay,Rangwe Sub County,iK2Jk2AxhlD,51,1545,1225,East Gem Ward,51,Homa Bay,1545,Rangwe,CORRECT,NORMALIZED,
1557,Homa Bay West Ward,Homa Bay,Homa Bay Town Sub County,Ur2xRBDtazT,51,271,1226,Homa Bay West Ward,51,Homa Bay,271,Homa Bay Town Sub County,CORRECT,EXACT,
131,Township Ward,GARISSA,Garissa Sub County,lQkHbTC1iRg,60,1283,1227,Township Ward,60,Garissa,1283,Garissa,CORRECT,NORMALIZED,
1564,Kanyamwa Kologi Ward,Homa Bay,Ndhiwa Sub County,i2Y2fyNoFyZ,51,1541,1228,Kanyamwa Kologi Ward,51,Homa Bay,1541,Ndhiwa,CORRECT,NORMALIZED,
1569,Gembe Ward,Homa Bay,Mbita Sub County,mCGytMcMf6y,51,273,1229,Gembe Ward,51,Homa Bay,273,Mbita Sub County,CORRECT,EXACT,
1570,Lambwe Ward,Homa Bay,Mbita Sub County,mCGytMcMf6y,51,273,1230,Lambwe Ward,51,Homa Bay,273,Mbita Sub County,CORRECT,EXACT,
1571,Gwassi South Ward,Homa Bay,Suba Sub County,HoRW5aISmiD,51,310,1231,Gwassi South Ward,51,Homa Bay,310,Suba Sub County,CORRECT,EXACT,
1572,Gwassi North Ward,Homa Bay,Suba Sub County,HoRW5aISmiD,51,310,1232,Gwassi North Ward,51,Homa Bay,310,Suba Sub County,CORRECT,EXACT,
1573,Kaksingiri West Ward,Homa Bay,Suba Sub County,HoRW5aISmiD,51,310,1233,Kaksingiri West Ward,51,Homa Bay,310,Suba Sub County,CORRECT,EXACT,
134,Waberi Ward,GARISSA,Garissa Sub County,lQkHbTC1iRg,60,1283,1234,Waberi Ward,60,Garissa,1283,Garissa,CORRECT,NORMALIZED,
135,Balambala Ward,GARISSA,Balambala Sub County,FGBNPr91pXH,60,1280,1235,Balambala Ward,60,Garissa,1280,Balambala,CORRECT,NORMALIZED,
136,Danyere Ward,GARISSA,Balambala Sub County,FGBNPr91pXH,60,1280,1236,Danyere Ward,60,Garissa,1280,Balambala,CORRECT,NORMALIZED,
137,Jarajara Ward,GARISSA,Balambala Sub County,FGBNPr91pXH,60,1280,1237,Jarajara Ward,60,Garissa,1280,Balambala,CORRECT,NORMALIZED,
138,Saka Ward,GARISSA,Balambala Sub County,FGBNPr91pXH,60,1280,1238,Saka Ward,60,Garissa,1280,Balambala,CORRECT,NORMALIZED,
139,Sankuri Ward,GARISSA,Garissa Sub County,lQkHbTC1iRg,60,1283,1239,Sankuri Ward,60,Garissa,1283,Garissa,CORRECT,NORMALIZED,
140,Modogashe Ward,GARISSA,Lagdera Sub County,J69iWev2zwu,60,1286,1240,Modogashe Ward,60,Garissa,1286,Lagdera,CORRECT,NORMALIZED,
141,Benane Ward,GARISSA,Lagdera Sub County,J69iWev2zwu,60,1286,1241,Benane Ward,60,Garissa,1286,Lagdera,CORRECT,NORMALIZED,
142,Goreale Ward,GARISSA,Lagdera Sub County,J69iWev2zwu,60,1286,1242,Goreale Ward,60,Garissa,1286,Lagdera,CORRECT,NORMALIZED,
1798,Changamwe Ward,Mombasa,Changamwe Sub County,OvI6w06DhPJ,55,1251,1243,Changamwe Ward,55,Mombasa,1251,Changamwe,CORRECT,NORMALIZED,
1574,Ruma-kaksingiri East Ward,Homa Bay,Suba Sub County,HoRW5aISmiD,51,310,1244,Ruma-kaksingiri East Ward,51,Homa Bay,310,Suba Sub County,CORRECT,EXACT,
1575,Lugaga-wamuluma Ward,Vihiga,Vihiga Sub County,OOF3UX4yOt7,52,1507,1245,Lugaga-wamuluma Ward,52,Vihiga,1507,Vihiga,CORRECT,NORMALIZED,
1576,Central Maragoli Ward,Vihiga,Vihiga Sub County,OOF3UX4yOt7,52,1507,1246,Central Maragoli Ward,52,Vihiga,1507,Vihiga,CORRECT,NORMALIZED,
1577,Lyaduywa/izava Ward,Vihiga,Sabatia Sub County,urtJSF5jcBC,52,1508,1247,Lyaduywa/izava Ward,52,Vihiga,1508,Sabatia,CORRECT,NORMALIZED,
1578,West Sabatia Ward,Vihiga,Sabatia Sub County,urtJSF5jcBC,52,1508,1248,West Sabatia Ward,52,Vihiga,1508,Sabatia,CORRECT,NORMALIZED,
156,Nanighi Ward,GARISSA,Fafi Sub County,RScEHA3V38d,60,1282,1249,Nanighi Ward,60,Garissa,1282,Fafi,CORRECT,NORMALIZED,
157,Hulugho Ward,GARISSA,Hulugho Sub County,uyeif4CPqHt,60,1284,1250,Hulugho Ward,60,Garissa,1284,Hulugho,CORRECT,NORMALIZED,
158,Sangailu Ward,GARISSA,Hulugho Sub County,uyeif4CPqHt,60,1284,1251,Sangailu Ward,60,Garissa,1284,Hulugho,CORRECT,NORMALIZED,
1580,North Maragoli Ward,Vihiga,Sabatia Sub County,urtJSF5jcBC,52,1508,1252,North Maragoli Ward,52,Vihiga,1508,Sabatia,CORRECT,NORMALIZED,
1581,Wodanga Ward,Vihiga,Sabatia Sub County,urtJSF5jcBC,52,1508,1253,Wodanga Ward,52,Vihiga,1508,Sabatia,CORRECT,NORMALIZED,
1588,Luanda Township Ward,Vihiga,Luanda Sub County,lkYdgjRSOoE,52,1509,1254,Luanda Township Ward,52,Vihiga,1509,Luanda,CORRECT,NORMALIZED,
1589,Wemilabi Ward,Vihiga,Luanda Sub County,lkYdgjRSOoE,52,1509,1255,Wemilabi Ward,52,Vihiga,1509,Luanda,CORRECT,NORMALIZED,
1590,Mwibona Ward,Vihiga,Luanda Sub County,lkYdgjRSOoE,52,1509,1256,Mwibona Ward,52,Vihiga,1509,Luanda,CORRECT,NORMALIZED,
164,Malkagufu Ward,WAJIR,Wajir North Sub County,qsjAa8FE8OS,61,1292,1257,Malkagufu Ward,61,Wajir,1292,Wajir North,CORRECT,NORMALIZED,
165,Batalu Ward,WAJIR,Wajir North Sub County,qsjAa8FE8OS,61,1292,1258,Batalu Ward,61,Wajir,1292,Wajir North,CORRECT,NORMALIZED,
1592,Emabungo Ward,Vihiga,Luanda Sub County,lkYdgjRSOoE,52,1509,1259,Emabungo Ward,52,Vihiga,1509,Luanda,CORRECT,NORMALIZED,
167,Godoma Ward,WAJIR,Wajir North Sub County,qsjAa8FE8OS,61,1292,1260,Godoma Ward,61,Wajir,1292,Wajir North,CORRECT,NORMALIZED,
1594,Central Bunyore Ward,Vihiga,Emuhaya Sub County,Lpy789vqRC6,52,1506,1261,Central Bunyore Ward,52,Vihiga,1506,Emuhaya,CORRECT,NORMALIZED,
1595,West Bunyore Ward,Vihiga,Emuhaya Sub County,Lpy789vqRC6,52,1506,1262,West Bunyore Ward,52,Vihiga,1506,Emuhaya,CORRECT,NORMALIZED,
93,Mikinduni Ward,TANA RIVER,Galole Sub County,A4SNYCxrrnv,57,296,1263,Mikinduni Ward,57,Tana River,296,Galole Sub County,CORRECT,EXACT,
171,Khorof/Harar Ward,WAJIR,Wajir East Sub County,uov0yFMw9Qm,61,1291,1264,Khorof/Harar Ward,61,Wajir,1291,Wajir East,CORRECT,NORMALIZED,
172,Elben Ward,WAJIR,Tarbaj Sub County,fmNokBURXjM,61,1290,1265,Elben Ward,61,Wajir,1290,Tarbaj,CORRECT,NORMALIZED,
173,Sarman Ward,WAJIR,Tarbaj Sub County,fmNokBURXjM,61,1290,1266,Sarman Ward,61,Wajir,1290,Tarbaj,CORRECT,NORMALIZED,
174,Tarbaj Ward,WAJIR,Tarbaj Sub County,fmNokBURXjM,61,1290,1267,Tarbaj Ward,61,Wajir,1290,Tarbaj,CORRECT,NORMALIZED,
175,Wargadud Ward,WAJIR,Tarbaj Sub County,fmNokBURXjM,61,1290,1268,Wargadud Ward,61,Wajir,1290,Tarbaj,CORRECT,NORMALIZED,
122,Bura Ward,TAITA TAVETA,Mwatate Sub County,IBDoGsLdhvt,59,1276,1269,Bura Ward,59,Taita Taveta,1276,Mwatate,CORRECT,NORMALIZED,
177,Hadado Athibohol Ward,WAJIR,Wajir West Sub County,X98G0eIWdmP,61,1294,1270,Hadado Athibohol Ward,61,Wajir,1294,Wajir West,CORRECT,NORMALIZED,
1800,Jomvu Kuu Ward,Mombasa,Jomvu  Sub County,vSISrsNNHwq,55,1252,1271,Jomvu Kuu Ward,55,Mombasa,1252,Jomvu,CORRECT,NORMALIZED,
1599,Mungoma Ward,Vihiga,Vihiga Sub County,OOF3UX4yOt7,52,1507,1272,Mungoma Ward,52,Vihiga,1507,Vihiga,CORRECT,NORMALIZED,
1601,Chesikaki Ward,Bungoma,Cheptais Sub County,NZphHeczehh,53,1516,1273,Chesikaki Ward,53,Bungoma,1516,Cheptais,CORRECT,NORMALIZED,
1602,Chepyuk Ward,Bungoma,Cheptais Sub County,NZphHeczehh,53,1516,1274,Chepyuk Ward,53,Bungoma,1516,Cheptais,CORRECT,NORMALIZED,
1605,Elgon Ward,Bungoma,Mt Elgon Sub County,ZCYATXdLsL1,53,280,1275,Elgon Ward,53,Bungoma,280,Mt Elgon Sub County,CORRECT,EXACT,
1691,Kisa North Ward,Kakamega,Khwisero Sub County,UhQS2Mv0PCK,54,1498,1276,Kisa North Ward,54,Kakamega,1498,Khwisero,CORRECT,NORMALIZED,
1717,Nambale Township Ward,Busia,Nambale Sub County,e1J7R103h8I,62,1525,1277,Nambale Township Ward,62,Busia,1525,Nambale,CORRECT,NORMALIZED,
1718,Bukhayo North Walatsi Ward,Busia,Nambale Sub County,e1J7R103h8I,62,1525,1278,Bukhayo North Walatsi Ward,62,Busia,1525,Nambale,CORRECT,NORMALIZED,
1719,Bukhayo East Ward,Busia,Nambale Sub County,e1J7R103h8I,62,1525,1279,Bukhayo East Ward,62,Busia,1525,Nambale,CORRECT,NORMALIZED,
1720,Bukhayo Central Ward,Busia,Nambale Sub County,e1J7R103h8I,62,1525,1280,Bukhayo Central Ward,62,Busia,1525,Nambale,CORRECT,NORMALIZED,
1721,Bukhayo West Ward,Busia,Matayos Sub County,tvkI2HSIRW9,62,323,1281,Bukhayo West Ward,62,Busia,323,Matayos Sub County,CORRECT,EXACT,
203,MAROTHILE,MANDERA,MANDERA NORTH,,63,1301,2472,MAROTHILE,63,Mandera,1301,Mandera North,CORRECT,EXACT,
204,RHAMU,MANDERA,MANDERA NORTH,jrm0uyLXnC1,63,1301,1282,RHAMU,63,Mandera,1301,Mandera North,CORRECT,EXACT,
205,RHAMU DIMTU,MANDERA,MANDERA NORTH,jrm0uyLXnC1,63,1301,1283,RHAMU DIMTU,63,Mandera,1301,Mandera North,CORRECT,EXACT,
207,KOTULO,MANDERA,MANDERA SOUTH,iGFdm333PJ2,63,325,1284,KOTULO,63,Mandera,325,MANDERA SOUTH,CORRECT,EXACT,
208,ELWAK SOUTH,MANDERA,MANDERA SOUTH,qyhVIMG2rUw,63,325,1285,ELWAK SOUTH,63,Mandera,325,MANDERA SOUTH,CORRECT,EXACT,
210,SHAMBIR FATUMA,MANDERA,MANDERA SOUTH,qyhVIMG2rUw,63,325,1286,SHAMBIR FATUMA,63,Mandera,325,MANDERA SOUTH,CORRECT,EXACT,
211,ARABIA,MANDERA,MANDERA EAST,fGr9rRvaovO,63,1300,1287,ARABIA,63,Mandera,1300,Mandera East,CORRECT,EXACT,
221,BUTIYE,MARSABIT,MOYALE,sZjPgbWI5ra,64,1306,1288,BUTIYE,64,Marsabit,1306,Moyale,CORRECT,EXACT,
222,SOLOLO,MARSABIT,MOYALE,sZjPgbWI5ra,64,1306,1289,SOLOLO,64,Marsabit,1306,Moyale,CORRECT,EXACT,
223,HEILLU/MANYATTA,MARSABIT,MOYALE,sZjPgbWI5ra,64,1306,1290,HEILLU/MANYATTA,64,Marsabit,1306,Moyale,CORRECT,EXACT,
224,GOLBO,MARSABIT,MOYALE,sZjPgbWI5ra,64,1306,1291,GOLBO,64,Marsabit,1306,Moyale,CORRECT,EXACT,
231,NORTH HORR,MARSABIT,NORTH HORR,j6fqt5TYqPZ,64,1307,1292,NORTH HORR,64,Marsabit,1307,North Horr,CORRECT,EXACT,
232,ILLERET,MARSABIT,NORTH HORR,j6fqt5TYqPZ,64,1307,1293,ILLERET,64,Marsabit,1307,North Horr,CORRECT,EXACT,
233,SAGANTE/JALDESA,MARSABIT,SAKU,WILszL634oZ,64,329,1294,SAGANTE/JALDESA,64,Marsabit,329,SAKU,CORRECT,EXACT,
1723,Matayos South Ward,Busia,Matayos Sub County,tvkI2HSIRW9,62,323,1295,Matayos South Ward,62,Busia,323,Matayos Sub County,CORRECT,EXACT,
1724,Busibwabo Ward,Busia,Matayos Sub County,tvkI2HSIRW9,62,323,1296,Busibwabo Ward,62,Busia,323,Matayos Sub County,CORRECT,EXACT,
1725,Burumba Ward,Busia,Matayos Sub County,tvkI2HSIRW9,62,323,1297,Burumba Ward,62,Busia,323,Matayos Sub County,CORRECT,EXACT,
240,LAISAMIS,MARSABIT,LAISAMIS,eZpy65ooW0m,64,330,1298,LAISAMIS,64,Marsabit,330,LAISAMIS,CORRECT,EXACT,
251,Maua Ward,MERU,Igembe South Sub County,wtuGWT7KjVm,65,1316,1299,Maua Ward,65,Meru,1316,Igembe South,CORRECT,NORMALIZED,
252,Kiegoi/antubochiu Ward,MERU,Igembe South Sub County,wtuGWT7KjVm,65,1316,1300,Kiegoi/antubochiu Ward,65,Meru,1316,Igembe South,CORRECT,NORMALIZED,
253,Athiru gaiti Ward,MERU,Igembe South Sub County,wtuGWT7KjVm,65,1316,1301,Athiru gaiti Ward,65,Meru,1316,Igembe South,CORRECT,NORMALIZED,
254,Akachiu Ward,MERU,Igembe South Sub County,wtuGWT7KjVm,65,1316,1302,Akachiu Ward,65,Meru,1316,Igembe South,CORRECT,NORMALIZED,
255,Kanuni Ward,MERU,Igembe South Sub County,wtuGWT7KjVm,65,1316,1303,Kanuni Ward,65,Meru,1316,Igembe South,CORRECT,NORMALIZED,
256,Akirang'ondu Ward,MERU,Igembe Central Sub County,TPfcUHno8oP,65,1314,1304,Akirang'ondu Ward,65,Meru,1314,Igembe Central,CORRECT,NORMALIZED,
257,Athiru ruujine Ward,MERU,Igembe Central Sub County,TPfcUHno8oP,65,1314,1305,Athiru ruujine Ward,65,Meru,1314,Igembe Central,CORRECT,NORMALIZED,
258,Kiengu/Igembe East ward,MERU,Igembe Central Sub County,TPfcUHno8oP,65,1314,1306,Kiengu/Igembe East ward,65,Meru,1314,Igembe Central,CORRECT,NORMALIZED,
259,Njia Ward,MERU,Igembe Central Sub County,TPfcUHno8oP,65,1314,1307,Njia Ward,65,Meru,1314,Igembe Central,CORRECT,NORMALIZED,
260,Kangeta Ward,MERU,Igembe Central Sub County,TPfcUHno8oP,65,1314,1308,Kangeta Ward,65,Meru,1314,Igembe Central,CORRECT,NORMALIZED,
261,Antuambui Ward,MERU,Igembe North Sub County,G9DoZvSdGLx,65,1315,1309,Antuambui Ward,65,Meru,1315,Igembe North,CORRECT,NORMALIZED,
262,Ntunene Ward,MERU,Igembe North Sub County,G9DoZvSdGLx,65,1315,1310,Ntunene Ward,65,Meru,1315,Igembe North,CORRECT,NORMALIZED,
263,Antubetwe kiongo Ward,MERU,Igembe North Sub County,G9DoZvSdGLx,65,1315,1311,Antubetwe kiongo Ward,65,Meru,1315,Igembe North,CORRECT,NORMALIZED,
264,Naathu Ward,MERU,Igembe North Sub County,G9DoZvSdGLx,65,1315,1312,Naathu Ward,65,Meru,1315,Igembe North,CORRECT,NORMALIZED,
265,Amwathi Ward,MERU,Igembe North Sub County,G9DoZvSdGLx,65,1315,1313,Amwathi Ward,65,Meru,1315,Igembe North,CORRECT,NORMALIZED,
266,Athwana Ward,MERU,Tigania West Sub County,Q4xAPhWUnYC,65,1322,1314,Athwana Ward,65,Meru,1322,Tigania West,CORRECT,NORMALIZED,
267,Akithii Ward,MERU,Tigania West Sub County,Q4xAPhWUnYC,65,1322,1315,Akithii Ward,65,Meru,1322,Tigania West,CORRECT,NORMALIZED,
268,Kianjai Ward,MERU,Tigania West Sub County,Q4xAPhWUnYC,65,1322,1316,Kianjai Ward,65,Meru,1322,Tigania West,CORRECT,NORMALIZED,
269,Nkomo Ward,MERU,Tigania West Sub County,Q4xAPhWUnYC,65,1322,1317,Nkomo Ward,65,Meru,1322,Tigania West,CORRECT,NORMALIZED,
270,Mbeu Ward,MERU,Tigania West Sub County,Q4xAPhWUnYC,65,1322,1318,Mbeu Ward,65,Meru,1322,Tigania West,CORRECT,NORMALIZED,
271,Thangatha Ward,MERU,Tigania East Sub County,U3lGZ71W9Te,65,1321,1319,Thangatha Ward,65,Meru,1321,Tigania East,CORRECT,NORMALIZED,
272,Mikinduri Ward,MERU,Tigania East Sub County,U3lGZ71W9Te,65,1321,1320,Mikinduri Ward,65,Meru,1321,Tigania East,CORRECT,NORMALIZED,
273,Kiguchwa Ward,MERU,Tigania East Sub County,U3lGZ71W9Te,65,1321,1321,Kiguchwa Ward,65,Meru,1321,Tigania East,CORRECT,NORMALIZED,
274,Muthara Ward,MERU,Tigania East Sub County,U3lGZ71W9Te,65,1321,1322,Muthara Ward,65,Meru,1321,Tigania East,CORRECT,NORMALIZED,
275,Karama Ward,MERU,Tigania East Sub County,U3lGZ71W9Te,65,1321,1323,Karama Ward,65,Meru,1321,Tigania East,CORRECT,NORMALIZED,
276,Municipality Ward,MERU,Imenti North Sub County,BDxUGx86itV,65,1317,1324,Municipality Ward,65,Meru,1317,Imenti North,CORRECT,NORMALIZED,
277,Ntima east Ward,MERU,Imenti North Sub County,BDxUGx86itV,65,1317,1325,Ntima east Ward,65,Meru,1317,Imenti North,CORRECT,NORMALIZED,
278,Ntima west Ward,MERU,Imenti North Sub County,BDxUGx86itV,65,1317,1326,Ntima west Ward,65,Meru,1317,Imenti North,CORRECT,NORMALIZED,
279,Nyaki west Ward,MERU,Imenti North Sub County,BDxUGx86itV,65,1317,1327,Nyaki west Ward,65,Meru,1317,Imenti North,CORRECT,NORMALIZED,
280,Nyaki east Ward,MERU,Imenti North Sub County,BDxUGx86itV,65,1317,1328,Nyaki east Ward,65,Meru,1317,Imenti North,CORRECT,NORMALIZED,
281,Timau Ward,MERU,Buuri Sub County,xN5aPo4ZOIt,65,337,1329,Timau Ward,65,Meru,337,Buuri Sub County,CORRECT,EXACT,
282,Kisima Ward,MERU,Buuri Sub County,xN5aPo4ZOIt,65,337,1330,Kisima Ward,65,Meru,337,Buuri Sub County,CORRECT,EXACT,
283,Kiirua Naari Ward,MERU,Buuri Sub County,xN5aPo4ZOIt,65,337,1331,Kiirua Naari Ward,65,Meru,337,Buuri Sub County,CORRECT,EXACT,
284,Ruiru Rwawera Ward,MERU,Buuri Sub County,xN5aPo4ZOIt,65,337,1332,Ruiru Rwawera Ward,65,Meru,337,Buuri Sub County,CORRECT,EXACT,
285,Mwangathia Ward,MERU,Imenti Central Sub County,OnNcTsJgfvL,65,338,1333,Mwangathia Ward,65,Meru,338,Imenti Central Sub County,CORRECT,EXACT,
286,Abothuguchi central Ward,MERU,Imenti Central Sub County,OnNcTsJgfvL,65,338,1334,Abothuguchi central Ward,65,Meru,338,Imenti Central Sub County,CORRECT,EXACT,
287,Abothuguchi west Ward,MERU,Imenti Central Sub County,OnNcTsJgfvL,65,338,1335,Abothuguchi west Ward,65,Meru,338,Imenti Central Sub County,CORRECT,EXACT,
288,Kiagu Ward,MERU,Imenti Central Sub County,OnNcTsJgfvL,65,338,1336,Kiagu Ward,65,Meru,338,Imenti Central Sub County,CORRECT,EXACT,
289,Kibirichia Ward,MERU,Buuri Sub County,xN5aPo4ZOIt,65,337,1337,Kibirichia Ward,65,Meru,337,Buuri Sub County,CORRECT,EXACT,
290,Mitunguu Ward,MERU,Imenti South Sub County,AFIlzKNxXST,65,1318,1338,Mitunguu Ward,65,Meru,1318,Imenti South,CORRECT,NORMALIZED,
291,Igoji east Ward,MERU,Imenti South Sub County,AFIlzKNxXST,65,1318,1339,Igoji east Ward,65,Meru,1318,Imenti South,CORRECT,NORMALIZED,
292,Igoji west Ward,MERU,Imenti South Sub County,AFIlzKNxXST,65,1318,1340,Igoji west Ward,65,Meru,1318,Imenti South,CORRECT,NORMALIZED,
293,Abogeta east Ward,MERU,Imenti South Sub County,AFIlzKNxXST,65,1318,1341,Abogeta east Ward,65,Meru,1318,Imenti South,CORRECT,NORMALIZED,
294,Abogeta west Ward,MERU,Imenti South Sub County,AFIlzKNxXST,65,1318,1342,Abogeta west Ward,65,Meru,1318,Imenti South,CORRECT,NORMALIZED,
295,Nkuene Ward,MERU,Imenti South Sub County,AFIlzKNxXST,65,1318,1343,Nkuene Ward,65,Meru,1318,Imenti South,CORRECT,NORMALIZED,
296,Mitheru Ward,THARAKA-NITHI,Muthambi Sub County,gLD3Q9fHpvy,66,340,1344,Mitheru Ward,66,Tharaka Nithi,340,Muthambi Sub County,CORRECT,EXACT,
297,Muthambi Ward,THARAKA-NITHI,Muthambi Sub County,gLD3Q9fHpvy,66,340,1345,Muthambi Ward,66,Tharaka Nithi,340,Muthambi Sub County,CORRECT,EXACT,
298,Mwimbi Ward,THARAKA-NITHI,Mwimbi Sub County,wQ8XjZ7zVwL,66,341,1346,Mwimbi Ward,66,Tharaka Nithi,341,Mwimbi Sub County,CORRECT,EXACT,
1606,Namwela Ward,Bungoma,Sirisia Sub County,whWfFA9D7td,53,281,1347,Namwela Ward,53,Bungoma,281,Sirisia Sub County,CORRECT,EXACT,
461,Charagita Ward,NYANDARUA,Oljoroorok Sub County,fVSw60UAC3W,67,342,1348,Charagita Ward,67,Nyandarua,342,Oljoroorok Sub County,CORRECT,EXACT,
1609,Kabuchai/chwele Ward,Bungoma,Kabuchai Sub County,k1mze33jOs0,53,282,1349,Kabuchai/chwele Ward,53,Bungoma,282,Kabuchai Sub County,CORRECT,EXACT,
1611,Bwake/luuya Ward,Bungoma,Kabuchai Sub County,k1mze33jOs0,53,282,1350,Bwake/luuya Ward,53,Bungoma,282,Kabuchai Sub County,CORRECT,EXACT,
333,Mumoni Ward,KITUI,Mwingi North Sub County,KXM9VnhuLfP,68,343,1351,Mumoni Ward,68,Kitui,343,Mwingi North Sub County,CORRECT,EXACT,
334,Tseikuru Ward,KITUI,Mwingi North Sub County,KXM9VnhuLfP,68,343,1352,Tseikuru Ward,68,Kitui,343,Mwingi North Sub County,CORRECT,EXACT,
335,Tharaka Ward,KITUI,Mwingi North Sub County,KXM9VnhuLfP,68,343,1353,Tharaka Ward,68,Kitui,343,Mwingi North Sub County,CORRECT,EXACT,
336,Kyome/thaana Ward,KITUI,Mwingi West Sub County,svwbDnzhgik,68,344,1354,Kyome/thaana Ward,68,Kitui,344,Mwingi West Sub County,CORRECT,EXACT,
337,Nguutani Ward,KITUI,Mwingi West Sub County,svwbDnzhgik,68,344,1355,Nguutani Ward,68,Kitui,344,Mwingi West Sub County,CORRECT,EXACT,
338,Migwani Ward,KITUI,Mwingi West Sub County,svwbDnzhgik,68,344,1356,Migwani Ward,68,Kitui,344,Mwingi West Sub County,CORRECT,EXACT,
339,Kiomo/kyethani Ward,KITUI,Mwingi West Sub County,svwbDnzhgik,68,344,1357,Kiomo/kyethani Ward,68,Kitui,344,Mwingi West Sub County,CORRECT,EXACT,
340,Central Ward,KITUI,Mwingi Central Sub- County,uE7HKhqPOtf,68,1346,1358,Central Ward,68,Kitui,1346,Mwingi Central,CORRECT,NORMALIZED,
341,Kivou Ward,KITUI,Mwingi Central Sub- County,uE7HKhqPOtf,68,1346,1359,Kivou Ward,68,Kitui,1346,Mwingi Central,CORRECT,NORMALIZED,
342,Nguni Ward,KITUI,Mwingi Central Sub- County,uE7HKhqPOtf,68,1346,1360,Nguni Ward,68,Kitui,1346,Mwingi Central,CORRECT,NORMALIZED,
343,Nuu Ward,KITUI,Mwingi Central Sub- County,uE7HKhqPOtf,68,1346,1361,Nuu Ward,68,Kitui,1346,Mwingi Central,CORRECT,NORMALIZED,
344,Mui Ward,KITUI,Mwingi Central Sub- County,uE7HKhqPOtf,68,1346,1362,Mui Ward,68,Kitui,1346,Mwingi Central,CORRECT,NORMALIZED,
1613,South Bukusu Ward,Bungoma,Bumula Sub County,jkQZEow83MX,53,1511,1363,South Bukusu Ward,53,Bungoma,1511,Bumula,CORRECT,NORMALIZED,
484,Iria-ini Ward,NYERI,Nyeri South Sub County,dd7jowvUO95,69,1381,1364,Iria-ini Ward,69,Nyeri,1381,Nyeri South,CORRECT,NORMALIZED,
485,Chinga Ward,NYERI,Nyeri South Sub County,dd7jowvUO95,69,1381,1365,Chinga Ward,69,Nyeri,1381,Nyeri South,CORRECT,NORMALIZED,
616,Nakalale Ward,TURKANA,Turkana West Sub County,HK5SUCMQmsw,70,1416,1366,Nakalale Ward,70,Turkana,1416,Turkana West,CORRECT,NORMALIZED,
352,Kwavonza/yatta Ward,KITUI,Kitui Rural Sub County,vbauk0RRq9N,68,348,1367,Kwavonza/yatta Ward,68,Kitui,348,Kitui Rural Sub County,CORRECT,EXACT,
353,Kanyangi Ward,KITUI,Kitui Rural Sub County,vbauk0RRq9N,68,348,1368,Kanyangi Ward,68,Kitui,348,Kitui Rural Sub County,CORRECT,EXACT,
354,Miambani Ward,KITUI,Kitui Central  Sub County,MWqQbxWqACn,68,1336,1369,Miambani Ward,68,Kitui,1336,Kitui Central,CORRECT,NORMALIZED,
355,Township Ward,KITUI,Kitui Central  Sub County,MWqQbxWqACn,68,1336,1370,Township Ward,68,Kitui,1336,Kitui Central,CORRECT,NORMALIZED,
356,Kyangwithya west Ward,KITUI,Kitui Central  Sub County,MWqQbxWqACn,68,1336,1371,Kyangwithya west Ward,68,Kitui,1336,Kitui Central,CORRECT,NORMALIZED,
641,Riwo Ward,WEST POKOT,West Pokot Sub County,ylWg6VvADJE,71,1421,1372,Riwo Ward,71,West Pokot,1421,West Pokot,CORRECT,NORMALIZED,
651,Suam Ward,WEST POKOT,Pokot North Sub County,YXpHG1Ez8V2,71,1419,1373,Suam Ward,71,West Pokot,1419,Pokot North,CORRECT,NORMALIZED,
652,Kodich Ward,WEST POKOT,Pokot North Sub County,YXpHG1Ez8V2,71,1419,1374,Kodich Ward,71,West Pokot,1419,Pokot North,CORRECT,NORMALIZED,
653,Kasei Ward,WEST POKOT,Pokot North Sub County,YXpHG1Ez8V2,71,1419,1375,Kasei Ward,71,West Pokot,1419,Pokot North,CORRECT,NORMALIZED,
654,Kapchok Ward,WEST POKOT,Pokot North Sub County,YXpHG1Ez8V2,71,1419,1376,Kapchok Ward,71,West Pokot,1419,Pokot North,CORRECT,NORMALIZED,
655,Kiwawa Ward,WEST POKOT,Pokot North Sub County,YXpHG1Ez8V2,71,1419,1377,Kiwawa Ward,71,West Pokot,1419,Pokot North,CORRECT,NORMALIZED,
1801,Miritini Ward,Mombasa,Jomvu  Sub County,vSISrsNNHwq,55,1252,1378,Miritini Ward,55,Mombasa,1252,Jomvu,CORRECT,NORMALIZED,
960,Chaik Ward,KERICHO,Belgut Sub County,YnIAWg1T4AY,56,1482,1379,Chaik Ward,56,Kericho,1482,Belgut,CORRECT,NORMALIZED,
1614,Bumula Ward,Bungoma,Bumula Sub County,jkQZEow83MX,53,1511,1380,Bumula Ward,53,Bungoma,1511,Bumula,CORRECT,NORMALIZED,
1615,Khasoko Ward,Bungoma,Bumula Sub County,jkQZEow83MX,53,1511,1381,Khasoko Ward,53,Bungoma,1511,Bumula,CORRECT,NORMALIZED,
663,Maralal Ward,SAMBURU,Samburu Central Sub County,EmQRGVtvWy3,72,1422,1382,Maralal Ward,72,Samburu,1422,Samburu Central,CORRECT,NORMALIZED,
162,Bute Ward,WAJIR,Wajir North Sub County,qsjAa8FE8OS,61,1292,1383,Bute Ward,61,Wajir,1292,Wajir North,CORRECT,NORMALIZED,
360,Nzambani Ward,KITUI,Kitui East Sub County,d0Gu8FrRM0Y,68,354,1384,Nzambani Ward,68,Kitui,354,Kitui East Sub County,CORRECT,EXACT,
1618,West Bukusu Ward,Bungoma,Bumula Sub County,jkQZEow83MX,53,1511,1385,West Bukusu Ward,53,Bungoma,1511,Bumula,CORRECT,NORMALIZED,
1622,Township Ward,Bungoma,Kanduyi Sub County,CUjthlounWV,53,284,1386,Township Ward,53,Bungoma,284,Kanduyi Sub County,CORRECT,EXACT,
1623,Khalaba Ward,Bungoma,Kanduyi Sub County,CUjthlounWV,53,284,1387,Khalaba Ward,53,Bungoma,284,Kanduyi Sub County,CORRECT,EXACT,
1624,Musikoma Ward,Bungoma,Kanduyi Sub County,CUjthlounWV,53,284,1388,Musikoma Ward,53,Bungoma,284,Kanduyi Sub County,CORRECT,EXACT,
1625,East Sang'alo Ward,Bungoma,Kanduyi Sub County,CUjthlounWV,53,284,1389,East Sang'alo Ward,53,Bungoma,284,Kanduyi Sub County,CORRECT,EXACT,
1626,Marakaru/tuuti Ward,Bungoma,Kanduyi Sub County,CUjthlounWV,53,284,1390,Marakaru/tuuti Ward,53,Bungoma,284,Kanduyi Sub County,CORRECT,EXACT,
1627,West Sang'alo Ward,Bungoma,Kanduyi Sub County,CUjthlounWV,53,284,1391,West Sang'alo Ward,53,Bungoma,284,Kanduyi Sub County,CORRECT,EXACT,
1628,Mihuu Ward,Bungoma,Webuye  East Sub County,f4AOiG8fYtn,53,355,1392,Mihuu Ward,53,Bungoma,355,Webuye  East Sub County,CORRECT,EXACT,
1629,Ndivisi Ward,Bungoma,Webuye  East Sub County,f4AOiG8fYtn,53,355,1393,Ndivisi Ward,53,Bungoma,355,Webuye  East Sub County,CORRECT,EXACT,
1630,Maraka Ward,Bungoma,Webuye  East Sub County,f4AOiG8fYtn,53,355,1394,Maraka Ward,53,Bungoma,355,Webuye  East Sub County,CORRECT,EXACT,
1631,Misikhu Ward,Bungoma,Webuye West Sub County,aqYhbqKclsI,53,1520,1395,Misikhu Ward,53,Bungoma,1520,Webuye West,CORRECT,NORMALIZED,
1632,Sitikho Ward,Bungoma,Webuye West Sub County,aqYhbqKclsI,53,1520,1396,Sitikho Ward,53,Bungoma,1520,Webuye West,CORRECT,NORMALIZED,
1633,Matulo Ward,Bungoma,Webuye West Sub County,aqYhbqKclsI,53,1520,1397,Matulo Ward,53,Bungoma,1520,Webuye West,CORRECT,NORMALIZED,
97,Hirimani Ward,TANA RIVER,Bura Sub County,yWPcTwGwQ2B,57,299,1398,Hirimani Ward,57,Tana River,299,Bura Sub County,CORRECT,EXACT,
1831,Mnarani Ward,Kilifi,Kilifi North Sub County,MEkEH8ZmcOU,73,1266,1399,Mnarani Ward,73,Kilifi,1266,Kilifi North,CORRECT,NORMALIZED,
1675,Mumias North Ward,Kakamega,Mumias West  Sub County,uRl5fBkhpcE,54,1504,1400,Mumias North Ward,54,Kakamega,1504,Mumias West,CORRECT,NORMALIZED,
95,Wayu Ward,TANA RIVER,Galole Sub County,A4SNYCxrrnv,57,296,1401,Wayu Ward,57,Tana River,296,Galole Sub County,CORRECT,EXACT,
368,Ikutha Ward,KITUI,Kitui South Sub County,d3hSQ3EtnPk,68,357,1402,Ikutha Ward,68,Kitui,357,Kitui South Sub County,CORRECT,EXACT,
370,Athi Ward,KITUI,Kitui South Sub County,d3hSQ3EtnPk,68,357,1403,Athi Ward,68,Kitui,357,Kitui South Sub County,CORRECT,EXACT,
411,Tulimani Ward,MAKUENI,Mbooni  Sub County,jxjGWCdfsib,74,358,1404,Tulimani Ward,74,Makueni,358,Mbooni  Sub County,CORRECT,EXACT,
412,Mbooni Ward,MAKUENI,Mbooni  Sub County,jxjGWCdfsib,74,358,1405,Mbooni Ward,74,Makueni,358,Mbooni  Sub County,CORRECT,EXACT,
413,Kithungo/Kitundu Ward,MAKUENI,Mbooni  Sub County,jxjGWCdfsib,74,358,1406,Kithungo/Kitundu Ward,74,Makueni,358,Mbooni  Sub County,CORRECT,EXACT,
414,Kiteta-Kisau Ward,MAKUENI,Mbooni  Sub County,jxjGWCdfsib,74,358,1407,Kiteta-Kisau Ward,74,Makueni,358,Mbooni  Sub County,CORRECT,EXACT,
415,Waia/Kako Ward,MAKUENI,Mbooni  Sub County,jxjGWCdfsib,74,358,1408,Waia/Kako Ward,74,Makueni,358,Mbooni  Sub County,CORRECT,EXACT,
416,Kalawa/ Kathulumbi Ward,MAKUENI,Mbooni  Sub County,jxjGWCdfsib,74,358,1409,Kalawa/ Kathulumbi Ward,74,Makueni,358,Mbooni  Sub County,CORRECT,EXACT,
417,Kasikeu Ward,MAKUENI,Kilome Sub County,XAy1bjurhLU,74,359,1410,Kasikeu Ward,74,Makueni,359,Kilome Sub County,CORRECT,EXACT,
418,Mukaa Ward,MAKUENI,Kilome Sub County,XAy1bjurhLU,74,359,1411,Mukaa Ward,74,Makueni,359,Kilome Sub County,CORRECT,EXACT,
419,Kiima Kiu/Kalanzoni Ward,MAKUENI,Kilome Sub County,XAy1bjurhLU,74,359,1412,Kiima Kiu/Kalanzoni Ward,74,Makueni,359,Kilome Sub County,CORRECT,EXACT,
420,Ukia ward,MAKUENI,Kaiti  Sub County,pKJ4NZGPzTA,74,360,1413,Ukia ward,74,Makueni,360,Kaiti  Sub County,CORRECT,EXACT,
421,Kee ward,MAKUENI,Kaiti  Sub County,pKJ4NZGPzTA,74,360,1414,Kee ward,74,Makueni,360,Kaiti  Sub County,CORRECT,EXACT,
422,Kilungu ward,MAKUENI,Kaiti  Sub County,pKJ4NZGPzTA,74,360,1415,Kilungu ward,74,Makueni,360,Kaiti  Sub County,CORRECT,EXACT,
423,Ilima ward,MAKUENI,Kaiti  Sub County,pKJ4NZGPzTA,74,360,1416,Ilima ward,74,Makueni,360,Kaiti  Sub County,CORRECT,EXACT,
424,Wote Ward,MAKUENI,Makueni  Sub County,AIGIQpolMRn,74,1364,1417,Wote Ward,74,Makueni,1364,Makueni,CORRECT,NORMALIZED,
425,Muvau/Kikumini Ward,MAKUENI,Makueni  Sub County,AIGIQpolMRn,74,1364,1418,Muvau/Kikumini Ward,74,Makueni,1364,Makueni,CORRECT,NORMALIZED,
426,Mavindini Ward,MAKUENI,Makueni  Sub County,AIGIQpolMRn,74,1364,1419,Mavindini Ward,74,Makueni,1364,Makueni,CORRECT,NORMALIZED,
427,Kitise/Kithuki Ward,MAKUENI,Makueni  Sub County,AIGIQpolMRn,74,1364,1420,Kitise/Kithuki Ward,74,Makueni,1364,Makueni,CORRECT,NORMALIZED,
428,Kathonzweni Ward,MAKUENI,Makueni  Sub County,AIGIQpolMRn,74,1364,1421,Kathonzweni Ward,74,Makueni,1364,Makueni,CORRECT,NORMALIZED,
429,Nzaui/Kilili/Kalamba Ward,MAKUENI,Makueni  Sub County,AIGIQpolMRn,74,1364,1422,Nzaui/Kilili/Kalamba Ward,74,Makueni,1364,Makueni,CORRECT,NORMALIZED,
430,Mbitini Ward,MAKUENI,Makueni  Sub County,AIGIQpolMRn,74,1364,1423,Mbitini Ward,74,Makueni,1364,Makueni,CORRECT,NORMALIZED,
431,Makindu Ward,MAKUENI,Kibwezi West  Sub County,toa2Hl7iVQI,74,362,1424,Makindu Ward,74,Makueni,362,Kibwezi West  Sub County,CORRECT,EXACT,
432,Nguumo Ward,MAKUENI,Kibwezi West  Sub County,toa2Hl7iVQI,74,362,1425,Nguumo Ward,74,Makueni,362,Kibwezi West  Sub County,CORRECT,EXACT,
433,Kikumbulyu North Ward,MAKUENI,Kibwezi West  Sub County,toa2Hl7iVQI,74,362,1426,Kikumbulyu North Ward,74,Makueni,362,Kibwezi West  Sub County,CORRECT,EXACT,
434,Kikumbulyu South Ward,MAKUENI,Kibwezi West  Sub County,toa2Hl7iVQI,74,362,1427,Kikumbulyu South Ward,74,Makueni,362,Kibwezi West  Sub County,CORRECT,EXACT,
435,Nguu/Masumba Ward,MAKUENI,Kibwezi West  Sub County,toa2Hl7iVQI,74,362,1428,Nguu/Masumba Ward,74,Makueni,362,Kibwezi West  Sub County,CORRECT,EXACT,
1676,Etenje Ward,Kakamega,Mumias West  Sub County,uRl5fBkhpcE,54,1504,1429,Etenje Ward,54,Kakamega,1504,Mumias West,CORRECT,NORMALIZED,
1677,Musanda Ward,Kakamega,Mumias West  Sub County,uRl5fBkhpcE,54,1504,1430,Musanda Ward,54,Kakamega,1504,Mumias West,CORRECT,NORMALIZED,
113,Bomani Ward,TAITA TAVETA,Taveta Sub County,jNzRdAwjaQ1,59,1278,1431,Bomani Ward,59,Taita Taveta,1278,Taveta,CORRECT,NORMALIZED,
114,Mboghoni Ward,TAITA TAVETA,Taveta Sub County,jNzRdAwjaQ1,59,1278,1432,Mboghoni Ward,59,Taita Taveta,1278,Taveta,CORRECT,NORMALIZED,
129,Kasigau Ward,TAITA TAVETA,Voi Sub County,yoGLpCTgjed,59,1279,1433,Kasigau Ward,59,Taita Taveta,1279,Voi,CORRECT,NORMALIZED,
154,Jarajila Ward,GARISSA,Fafi Sub County,RScEHA3V38d,60,1282,1434,Jarajila Ward,60,Garissa,1282,Fafi,CORRECT,NORMALIZED,
155,Fafi Ward,GARISSA,Fafi Sub County,RScEHA3V38d,60,1282,1435,Fafi Ward,60,Garissa,1282,Fafi,CORRECT,NORMALIZED,
163,Korondile Ward,WAJIR,Wajir North Sub County,qsjAa8FE8OS,61,1292,1436,Korondile Ward,61,Wajir,1292,Wajir North,CORRECT,NORMALIZED,
183,Elnur/tula tula Ward,WAJIR,Eldas Sub County,x6Z1sBeiyqQ,61,1288,1437,Elnur/tula tula Ward,61,Wajir,1288,Eldas,CORRECT,NORMALIZED,
191,TAKABA SOUTH,MANDERA,MANDERA WEST,H5RvDZkoDJL,63,1295,1438,TAKABA SOUTH,63,Mandera,1295,Mandera West,CORRECT,EXACT,
192,TAKABA,MANDERA,MANDERA WEST,H5RvDZkoDJL,63,1295,1439,TAKABA,63,Mandera,1295,Mandera West,CORRECT,EXACT,
184,Benane Ward,WAJIR,Wajir South Sub County,U7KFQn3Up3o,61,1293,1440,Benane Ward,61,Wajir,1293,Wajir South,CORRECT,NORMALIZED,
185,Burder Ward,WAJIR,Wajir South Sub County,U7KFQn3Up3o,61,1293,1441,Burder Ward,61,Wajir,1293,Wajir South,CORRECT,NORMALIZED,
1832,Junju Ward,Kilifi,Kilifi South Sub County,xWAZBULwGxp,73,1267,1442,Junju Ward,73,Kilifi,1267,Kilifi South,CORRECT,NORMALIZED,
1684,Mayoni Ward,Kakamega,Matungu Sub County,ssbO49f0iLN,54,1502,1443,Mayoni Ward,54,Kakamega,1502,Matungu,CORRECT,NORMALIZED,
1685,Namamali Ward,Kakamega,Matungu Sub County,ssbO49f0iLN,54,1502,1444,Namamali Ward,54,Kakamega,1502,Matungu,CORRECT,NORMALIZED,
1686,Marama West Ward,Kakamega,Butere Sub County,K7mZpm8COh7,54,1493,1445,Marama West Ward,54,Kakamega,1493,Butere,CORRECT,NORMALIZED,
1687,Marama Central Ward,Kakamega,Butere Sub County,K7mZpm8COh7,54,1493,1446,Marama Central Ward,54,Kakamega,1493,Butere,CORRECT,NORMALIZED,
1688,Marenyo-shianda Ward,Kakamega,Butere Sub County,K7mZpm8COh7,54,1493,1447,Marenyo-shianda Ward,54,Kakamega,1493,Butere,CORRECT,NORMALIZED,
1689,Marama North Ward,Kakamega,Butere Sub County,K7mZpm8COh7,54,1493,1448,Marama North Ward,54,Kakamega,1493,Butere,CORRECT,NORMALIZED,
1690,Marama South Ward,Kakamega,Butere Sub County,K7mZpm8COh7,54,1493,1449,Marama South Ward,54,Kakamega,1493,Butere,CORRECT,NORMALIZED,
1692,Kisa East Ward,Kakamega,Khwisero Sub County,UhQS2Mv0PCK,54,1498,1450,Kisa East Ward,54,Kakamega,1498,Khwisero,CORRECT,NORMALIZED,
1693,Kisa West Ward,Kakamega,Khwisero Sub County,UhQS2Mv0PCK,54,1498,1451,Kisa West Ward,54,Kakamega,1498,Khwisero,CORRECT,NORMALIZED,
1694,Kisa Central Ward,Kakamega,Khwisero Sub County,UhQS2Mv0PCK,54,1498,1452,Kisa Central Ward,54,Kakamega,1498,Khwisero,CORRECT,NORMALIZED,
1695,Isukha North Ward,Kakamega,Shinyalu Sub County,sjlSPeRgl7d,54,369,1453,Isukha North Ward,54,Kakamega,369,Shinyalu Sub County,CORRECT,EXACT,
1696,Murhanda Ward,Kakamega,Shinyalu Sub County,sjlSPeRgl7d,54,369,1454,Murhanda Ward,54,Kakamega,369,Shinyalu Sub County,CORRECT,EXACT,
1697,Isukha Central Ward,Kakamega,Shinyalu Sub County,sjlSPeRgl7d,54,369,1455,Isukha Central Ward,54,Kakamega,369,Shinyalu Sub County,CORRECT,EXACT,
1698,Isukha South Ward,Kakamega,Shinyalu Sub County,sjlSPeRgl7d,54,369,1456,Isukha South Ward,54,Kakamega,369,Shinyalu Sub County,CORRECT,EXACT,
1699,Isukha East Ward,Kakamega,Shinyalu Sub County,sjlSPeRgl7d,54,369,1457,Isukha East Ward,54,Kakamega,369,Shinyalu Sub County,CORRECT,EXACT,
1700,Isukha West Ward,Kakamega,Shinyalu Sub County,sjlSPeRgl7d,54,369,1458,Isukha West Ward,54,Kakamega,369,Shinyalu Sub County,CORRECT,EXACT,
1701,Idakho South Ward,Kakamega,Ikolomani Sub County,BE6HMtlHyl1,54,370,1459,Idakho South Ward,54,Kakamega,370,Ikolomani Sub County,CORRECT,EXACT,
1702,Idakho East Ward,Kakamega,Ikolomani Sub County,BE6HMtlHyl1,54,370,1460,Idakho East Ward,54,Kakamega,370,Ikolomani Sub County,CORRECT,EXACT,
1703,Idakho North Ward,Kakamega,Ikolomani Sub County,BE6HMtlHyl1,54,370,1461,Idakho North Ward,54,Kakamega,370,Ikolomani Sub County,CORRECT,EXACT,
1704,Idakho Central Ward,Kakamega,Ikolomani Sub County,BE6HMtlHyl1,54,370,1462,Idakho Central Ward,54,Kakamega,370,Ikolomani Sub County,CORRECT,EXACT,
1705,Malaba Central Ward,Busia,Teso North Sub County,GpEIlwz3FvT,62,1527,1463,Malaba Central Ward,62,Busia,1527,Teso North,CORRECT,NORMALIZED,
1706,Malaba North Ward,Busia,Teso North Sub County,GpEIlwz3FvT,62,1527,1464,Malaba North Ward,62,Busia,1527,Teso North,CORRECT,NORMALIZED,
1707,Ang'urai South Ward,Busia,Teso North Sub County,GpEIlwz3FvT,62,1527,1465,Ang'urai South Ward,62,Busia,1527,Teso North,CORRECT,NORMALIZED,
1708,Ang'urai North Ward,Busia,Teso North Sub County,GpEIlwz3FvT,62,1527,1466,Ang'urai North Ward,62,Busia,1527,Teso North,CORRECT,NORMALIZED,
1709,Ang'urai East Ward,Busia,Teso North Sub County,GpEIlwz3FvT,62,1527,1467,Ang'urai East Ward,62,Busia,1527,Teso North,CORRECT,NORMALIZED,
1710,Malaba South Ward,Busia,Teso North Sub County,GpEIlwz3FvT,62,1527,1468,Malaba South Ward,62,Busia,1527,Teso North,CORRECT,NORMALIZED,
1711,Ang'orom Ward,Busia,Teso South Sub County,EhchjCHkhJ9,62,1528,1469,Ang'orom Ward,62,Busia,1528,Teso South,CORRECT,NORMALIZED,
1712,Chakol South Ward,Busia,Teso South Sub County,EhchjCHkhJ9,62,1528,1470,Chakol South Ward,62,Busia,1528,Teso South,CORRECT,NORMALIZED,
1713,Chakol North Ward,Busia,Teso South Sub County,EhchjCHkhJ9,62,1528,1471,Chakol North Ward,62,Busia,1528,Teso South,CORRECT,NORMALIZED,
1714,Amukura West Ward,Busia,Teso South Sub County,EhchjCHkhJ9,62,1528,1472,Amukura West Ward,62,Busia,1528,Teso South,CORRECT,NORMALIZED,
1715,Amukura East Ward,Busia,Teso South Sub County,EhchjCHkhJ9,62,1528,1473,Amukura East Ward,62,Busia,1528,Teso South,CORRECT,NORMALIZED,
452,Githioro Ward,NYANDARUA,Kipipiri Sub County,KlVgeHmvG6n,67,1372,1474,Githioro Ward,67,Nyandarua,1372,Kipipiri,CORRECT,NORMALIZED,
351,Mbitini Ward,KITUI,Kitui Rural Sub County,vbauk0RRq9N,68,348,1475,Mbitini Ward,68,Kitui,348,Kitui Rural Sub County,CORRECT,EXACT,
454,Kanjuiri range Ward,NYANDARUA,Olkalou Sub County,Lm9RMwhIu3G,67,374,1476,Kanjuiri range Ward,67,Nyandarua,374,Olkalou Sub County,CORRECT,EXACT,
1716,Amukura Central Ward,Busia,Teso South Sub County,EhchjCHkhJ9,62,1528,1477,Amukura Central Ward,62,Busia,1528,Teso South,CORRECT,NORMALIZED,
359,Zombe/mwitika Ward,KITUI,Kitui East Sub County,d0Gu8FrRM0Y,68,354,1478,Zombe/mwitika Ward,68,Kitui,354,Kitui East Sub County,CORRECT,EXACT,
225,MOYALE TOWNSHIP,MARSABIT,MOYALE,sZjPgbWI5ra,64,1306,1479,MOYALE TOWNSHIP,64,Marsabit,1306,Moyale,CORRECT,EXACT,
226,URAN,MARSABIT,MOYALE,sZjPgbWI5ra,64,1306,1480,URAN,64,Marsabit,1306,Moyale,CORRECT,EXACT,
227,OBBU,MARSABIT,MOYALE,sZjPgbWI5ra,64,1306,1481,OBBU,64,Marsabit,1306,Moyale,CORRECT,EXACT,
228,DUKANA,MARSABIT,NORTH HORR,j6fqt5TYqPZ,64,1307,1482,DUKANA,64,Marsabit,1307,North Horr,CORRECT,EXACT,
229,MAIKONA,MARSABIT,NORTH HORR,j6fqt5TYqPZ,64,1307,1483,MAIKONA,64,Marsabit,1307,North Horr,CORRECT,EXACT,
206,WARGADUD,MANDERA,MANDERA SOUTH,qyhVIMG2rUw,63,325,1484,WARGADUD,63,Mandera,325,MANDERA SOUTH,CORRECT,EXACT,
457,Rurii Ward,NYANDARUA,Olkalou Sub County,Lm9RMwhIu3G,67,374,1485,Rurii Ward,67,Nyandarua,374,Olkalou Sub County,CORRECT,EXACT,
96,Chewele Ward,TANA RIVER,Bura Sub County,yWPcTwGwQ2B,57,299,1486,Chewele Ward,57,Tana River,299,Bura Sub County,CORRECT,EXACT,
234,KARARE,MARSABIT,SAKU,WILszL634oZ,64,329,1487,KARARE,64,Marsabit,329,SAKU,CORRECT,EXACT,
235,MARSABIT CENTRAL,MARSABIT,SAKU,WILszL634oZ,64,329,1488,MARSABIT CENTRAL,64,Marsabit,329,SAKU,CORRECT,EXACT,
236,LOIYANGALANI,MARSABIT,LAISAMIS,eZpy65ooW0m,64,330,1489,LOIYANGALANI,64,Marsabit,330,LAISAMIS,CORRECT,EXACT,
100,Madogo Ward,TANA RIVER,Bura Sub County,yWPcTwGwQ2B,57,299,1490,Madogo Ward,57,Tana River,299,Bura Sub County,CORRECT,EXACT,
1722,Mayenje Ward,Busia,Matayos Sub County,tvkI2HSIRW9,62,323,1491,Mayenje Ward,62,Busia,323,Matayos Sub County,CORRECT,EXACT,
1726,Marachi West Ward,Busia,Butula Sub County,RIBiZFJxB1K,62,1524,1492,Marachi West Ward,62,Busia,1524,Butula,CORRECT,NORMALIZED,
486,Karima Ward,NYERI,Nyeri South Sub County,dd7jowvUO95,69,1381,1493,Karima Ward,69,Nyeri,1381,Nyeri South,CORRECT,NORMALIZED,
487,Gikondi Ward,NYERI,Mukurweini Sub County,zT8Zj5vNYCy,69,376,1494,Gikondi Ward,69,Nyeri,376,Mukurweini Sub County,CORRECT,EXACT,
488,Rugi Ward,NYERI,Mukurweini Sub County,zT8Zj5vNYCy,69,376,1495,Rugi Ward,69,Nyeri,376,Mukurweini Sub County,CORRECT,EXACT,
489,Mukurwe-ini west Ward,NYERI,Mukurweini Sub County,zT8Zj5vNYCy,69,376,1496,Mukurwe-ini west Ward,69,Nyeri,376,Mukurweini Sub County,CORRECT,EXACT,
490,Mukurwe-ini central Ward,NYERI,Mukurweini Sub County,zT8Zj5vNYCy,69,376,1497,Mukurwe-ini central Ward,69,Nyeri,376,Mukurweini Sub County,CORRECT,EXACT,
491,Kiganjo/mathari Ward,NYERI,Nyeri Central Sub County,GXnD5lHeanK,69,1383,1498,Kiganjo/mathari Ward,69,Nyeri,1383,Nyeri Central,CORRECT,NORMALIZED,
492,Rware Ward,NYERI,Nyeri Central Sub County,GXnD5lHeanK,69,1383,1499,Rware Ward,69,Nyeri,1383,Nyeri Central,CORRECT,NORMALIZED,
493,Gatitu/muruguru Ward,NYERI,Nyeri Central Sub County,GXnD5lHeanK,69,1383,1500,Gatitu/muruguru Ward,69,Nyeri,1383,Nyeri Central,CORRECT,NORMALIZED,
494,RURING'U / Karia Ward,NYERI,Nyeri Central Sub County,GXnD5lHeanK,69,1383,1501,RURING'U / Karia Ward,69,Nyeri,1383,Nyeri Central,CORRECT,NORMALIZED,
495,Kamakwa/mukaro Ward,NYERI,Nyeri Central Sub County,GXnD5lHeanK,69,1383,1502,Kamakwa/mukaro Ward,69,Nyeri,1383,Nyeri Central,CORRECT,NORMALIZED,
496,Mutithi Ward,KIRINYAGA,Kirinyaga North/Mwea West Sub County,f6EOn3xI9YH,75,378,1503,Mutithi Ward,75,Kirinyaga,378,Kirinyaga North/Mwea West Sub County,CORRECT,EXACT,
497,Kangai Ward,KIRINYAGA,Kirinyaga North/Mwea West Sub County,f6EOn3xI9YH,75,378,1504,Kangai Ward,75,Kirinyaga,378,Kirinyaga North/Mwea West Sub County,CORRECT,EXACT,
498,Thiba Ward,KIRINYAGA,Kirinyaga North/Mwea West Sub County,f6EOn3xI9YH,75,378,1505,Thiba Ward,75,Kirinyaga,378,Kirinyaga North/Mwea West Sub County,CORRECT,EXACT,
499,Wamumu Ward,KIRINYAGA,Kirinyaga North/Mwea West Sub County,f6EOn3xI9YH,75,378,1506,Wamumu Ward,75,Kirinyaga,378,Kirinyaga North/Mwea West Sub County,CORRECT,EXACT,
500,Nyangati Ward,KIRINYAGA,Kirinyaga South Sub County,jHmpQUlnkQk,75,379,1507,Nyangati Ward,75,Kirinyaga,379,Kirinyaga South Sub County,CORRECT,EXACT,
501,Murinduko Ward,KIRINYAGA,Kirinyaga South Sub County,jHmpQUlnkQk,75,379,1508,Murinduko Ward,75,Kirinyaga,379,Kirinyaga South Sub County,CORRECT,EXACT,
502,Gathigiriri Ward,KIRINYAGA,Kirinyaga South Sub County,jHmpQUlnkQk,75,379,1509,Gathigiriri Ward,75,Kirinyaga,379,Kirinyaga South Sub County,CORRECT,EXACT,
503,Tebere Ward,KIRINYAGA,Kirinyaga South Sub County,jHmpQUlnkQk,75,379,1510,Tebere Ward,75,Kirinyaga,379,Kirinyaga South Sub County,CORRECT,EXACT,
504,Kabare Ward,KIRINYAGA,Kirinyaga East Sub County,yOaHQLOLd1H,75,1385,1511,Kabare Ward,75,Kirinyaga,1385,Kirinyaga East,CORRECT,NORMALIZED,
505,Baragwi Ward,KIRINYAGA,Kirinyaga East Sub County,yOaHQLOLd1H,75,1385,1512,Baragwi Ward,75,Kirinyaga,1385,Kirinyaga East,CORRECT,NORMALIZED,
506,Njukiine Ward,KIRINYAGA,Kirinyaga East Sub County,yOaHQLOLd1H,75,1385,1513,Njukiine Ward,75,Kirinyaga,1385,Kirinyaga East,CORRECT,NORMALIZED,
507,Ngariama Ward,KIRINYAGA,Kirinyaga East Sub County,yOaHQLOLd1H,75,1385,1514,Ngariama Ward,75,Kirinyaga,1385,Kirinyaga East,CORRECT,NORMALIZED,
508,Karumandi Ward,KIRINYAGA,Kirinyaga East Sub County,yOaHQLOLd1H,75,1385,1515,Karumandi Ward,75,Kirinyaga,1385,Kirinyaga East,CORRECT,NORMALIZED,
509,Mukure Ward,KIRINYAGA,Kirinyaga West Sub County,A34NiI4rgnf,75,1386,1516,Mukure Ward,75,Kirinyaga,1386,Kirinyaga West,CORRECT,NORMALIZED,
510,Kiine Ward,KIRINYAGA,Kirinyaga West Sub County,A34NiI4rgnf,75,1386,1517,Kiine Ward,75,Kirinyaga,1386,Kirinyaga West,CORRECT,NORMALIZED,
511,Kariti Ward,KIRINYAGA,Kirinyaga West Sub County,A34NiI4rgnf,75,1386,1518,Kariti Ward,75,Kirinyaga,1386,Kirinyaga West,CORRECT,NORMALIZED,
1729,Marachi East Ward,Busia,Butula Sub County,RIBiZFJxB1K,62,1524,1519,Marachi East Ward,62,Busia,1524,Butula,CORRECT,NORMALIZED,
1730,Marachi North Ward,Busia,Butula Sub County,RIBiZFJxB1K,62,1524,1520,Marachi North Ward,62,Busia,1524,Butula,CORRECT,NORMALIZED,
1731,Elugulu Ward,Busia,Butula Sub County,RIBiZFJxB1K,62,1524,1521,Elugulu Ward,62,Busia,1524,Butula,CORRECT,NORMALIZED,
1732,Namboboto Nambuku Ward,Busia,Samia Sub County,NHRktMsAkO1,62,1526,1522,Namboboto Nambuku Ward,62,Busia,1526,Samia,CORRECT,NORMALIZED,
1733,Nangina Ward,Busia,Samia Sub County,NHRktMsAkO1,62,1526,1523,Nangina Ward,62,Busia,1526,Samia,CORRECT,NORMALIZED,
1734,Ageng'a Nanguba Ward,Busia,Samia Sub County,NHRktMsAkO1,62,1526,1524,Ageng'a Nanguba Ward,62,Busia,1526,Samia,CORRECT,NORMALIZED,
1735,Bwiri Ward,Busia,Samia Sub County,NHRktMsAkO1,62,1526,1525,Bwiri Ward,62,Busia,1526,Samia,CORRECT,NORMALIZED,
2097,Kiru Ward,Muranga,Mathioya Sub County,u7Gkh63FYe4,76,1391,1526,Kiru Ward,76,Murang'a,1391,Mathioya,CORRECT,NORMALIZED,
2098,Kamacharia Ward,Muranga,Mathioya Sub County,u7Gkh63FYe4,76,1391,1527,Kamacharia Ward,76,Murang'a,1391,Mathioya,CORRECT,NORMALIZED,
2099,Wangu Ward,Muranga,Kiharu Sub County,VDlzh6w4LKv,76,384,1528,Wangu Ward,76,Murang'a,384,Kiharu Sub County,CORRECT,EXACT,
2100,Mugoiri Ward,Muranga,Kiharu Sub County,VDlzh6w4LKv,76,384,1529,Mugoiri Ward,76,Murang'a,384,Kiharu Sub County,CORRECT,EXACT,
2101,Mbiri Ward,Muranga,Kiharu Sub County,VDlzh6w4LKv,76,384,1530,Mbiri Ward,76,Murang'a,384,Kiharu Sub County,CORRECT,EXACT,
2102,Township Ward,Muranga,Kiharu Sub County,VDlzh6w4LKv,76,384,1531,Township Ward,76,Murang'a,384,Kiharu Sub County,CORRECT,EXACT,
2103,Murarandia Ward,Muranga,Kiharu Sub County,VDlzh6w4LKv,76,384,1532,Murarandia Ward,76,Murang'a,384,Kiharu Sub County,CORRECT,EXACT,
1741,Elburgon Ward,Nakuru,Molo  Sub County,RJ4LGJiSHFg,77,1462,1533,Elburgon Ward,77,Nakuru,1462,Molo,CORRECT,NORMALIZED,
1749,Njoro Ward,Nakuru,Njoro  Sub County,gSJXzH1DM75,77,1467,1534,Njoro Ward,77,Nakuru,1467,Njoro,CORRECT,NORMALIZED,
1750,Biashara Ward,Nakuru,Naivasha  Sub County,yZJJPoSGhY6,77,1463,1535,Biashara Ward,77,Nakuru,1463,Naivasha,CORRECT,NORMALIZED,
1751,Hells Gate Ward,Nakuru,Naivasha  Sub County,yZJJPoSGhY6,77,1463,1536,Hells Gate Ward,77,Nakuru,1463,Naivasha,CORRECT,NORMALIZED,
2104,Gaturi Ward,Muranga,Kiharu Sub County,VDlzh6w4LKv,76,384,1537,Gaturi Ward,76,Murang'a,384,Kiharu Sub County,CORRECT,EXACT,
2105,Kahumbu Ward,Muranga,Kigumo Sub County,tyfDsdZ1h3R,76,1395,1538,Kahumbu Ward,76,Murang'a,1395,Kigumo,CORRECT,NORMALIZED,
1763,Amalo Ward,Nakuru,Kuresoi South  Sub County,QwGkDS0DNls,77,1461,1539,Amalo Ward,77,Nakuru,1461,Kuresoi South,CORRECT,NORMALIZED,
1764,Keringet Ward,Nakuru,Kuresoi South  Sub County,QwGkDS0DNls,77,1461,1540,Keringet Ward,77,Nakuru,1461,Kuresoi South,CORRECT,NORMALIZED,
1765,Kiptagich Ward,Nakuru,Kuresoi South  Sub County,QwGkDS0DNls,77,1461,1541,Kiptagich Ward,77,Nakuru,1461,Kuresoi South,CORRECT,NORMALIZED,
1766,Tinet Ward,Nakuru,Kuresoi South  Sub County,QwGkDS0DNls,77,1461,1542,Tinet Ward,77,Nakuru,1461,Kuresoi South,CORRECT,NORMALIZED,
611,Kaeris Ward,TURKANA,Turkana North Sub County,mWpq607yRXh,70,1414,1543,Kaeris Ward,70,Turkana,1414,Turkana North,CORRECT,NORMALIZED,
612,Lakezone Ward,TURKANA,Turkana North Sub County,mWpq607yRXh,70,1414,1544,Lakezone Ward,70,Turkana,1414,Turkana North,CORRECT,NORMALIZED,
613,Lapur Ward,TURKANA,Turkana North Sub County,mWpq607yRXh,70,1414,1545,Lapur Ward,70,Turkana,1414,Turkana North,CORRECT,NORMALIZED,
614,Kaaleng/kaikor Ward,TURKANA,Kibish Sub County,AXNntZ7T30a,70,1410,1546,Kaaleng/kaikor Ward,70,Turkana,1410,Kibish,CORRECT,NORMALIZED,
2106,Muthithi Ward,Muranga,Kigumo Sub County,tyfDsdZ1h3R,76,1395,1547,Muthithi Ward,76,Murang'a,1395,Kigumo,CORRECT,NORMALIZED,
2107,Kigumo Ward,Muranga,Kigumo Sub County,tyfDsdZ1h3R,76,1395,1548,Kigumo Ward,76,Murang'a,1395,Kigumo,CORRECT,NORMALIZED,
2108,Kangari Ward,Muranga,Kigumo Sub County,tyfDsdZ1h3R,76,1395,1549,Kangari Ward,76,Murang'a,1395,Kigumo,CORRECT,NORMALIZED,
2109,Kinyona Ward,Muranga,Kigumo Sub County,tyfDsdZ1h3R,76,1395,1550,Kinyona Ward,76,Murang'a,1395,Kigumo,CORRECT,NORMALIZED,
2110,Kimorori/wempa Ward,Muranga,Muranga South Sub County,l46g2PZUjoh,76,1393,1551,Kimorori/wempa Ward,76,Murang'a,1393,Murang'a South,CORRECT,ALIAS,
2111,Makuyu Ward,Muranga,Muranga South Sub County,l46g2PZUjoh,76,1393,1552,Makuyu Ward,76,Murang'a,1393,Murang'a South,CORRECT,ALIAS,
2112,Kambiti Ward,Muranga,Muranga South Sub County,l46g2PZUjoh,76,1393,1553,Kambiti Ward,76,Murang'a,1393,Murang'a South,CORRECT,ALIAS,
2113,Kamahuhu Ward,Muranga,Muranga South Sub County,l46g2PZUjoh,76,1393,1554,Kamahuhu Ward,76,Murang'a,1393,Murang'a South,CORRECT,ALIAS,
2114,Ichagaki Ward,Muranga,Muranga South Sub County,l46g2PZUjoh,76,1393,1555,Ichagaki Ward,76,Murang'a,1393,Murang'a South,CORRECT,ALIAS,
2115,Nginda Ward,Muranga,Muranga South Sub County,l46g2PZUjoh,76,1393,1556,Nginda Ward,76,Murang'a,1393,Murang'a South,CORRECT,ALIAS,
2116,Ng'araria Ward,Muranga,Kandara Sub County,gwYTo0wITYX,76,1396,1557,Ng'araria Ward,76,Murang'a,1396,Kandara,CORRECT,NORMALIZED,
2117,Muruka Ward,Muranga,Kandara Sub County,gwYTo0wITYX,76,1396,1558,Muruka Ward,76,Murang'a,1396,Kandara,CORRECT,NORMALIZED,
2118,Kagundu-ini Ward,Muranga,Kandara Sub County,gwYTo0wITYX,76,1396,1559,Kagundu-ini Ward,76,Murang'a,1396,Kandara,CORRECT,NORMALIZED,
2119,Gaichanjiru Ward,Muranga,Kandara Sub County,gwYTo0wITYX,76,1396,1560,Gaichanjiru Ward,76,Murang'a,1396,Kandara,CORRECT,NORMALIZED,
2120,Ithiru Ward,Muranga,Kandara Sub County,gwYTo0wITYX,76,1396,1561,Ithiru Ward,76,Murang'a,1396,Kandara,CORRECT,NORMALIZED,
2121,Ruchu Ward,Muranga,Kandara Sub County,gwYTo0wITYX,76,1396,1562,Ruchu Ward,76,Murang'a,1396,Kandara,CORRECT,NORMALIZED,
2122,Ithanga Ward,Muranga,Gatanga Sub County,Z7ALMtFNfeZ,76,1394,1563,Ithanga Ward,76,Murang'a,1394,Gatanga,CORRECT,NORMALIZED,
2123,Kakuzi/mitubiri Ward,Muranga,Gatanga Sub County,Z7ALMtFNfeZ,76,1394,1564,Kakuzi/mitubiri Ward,76,Murang'a,1394,Gatanga,CORRECT,NORMALIZED,
1727,Kingandole Ward,Busia,Butula Sub County,RIBiZFJxB1K,62,1524,1565,Kingandole Ward,62,Busia,1524,Butula,CORRECT,NORMALIZED,
462,Leshau/pondo Ward,NYANDARUA,Ndaragwa Sub County,EESGLsSLTqH,67,395,1566,Leshau/pondo Ward,67,Nyandarua,395,Ndaragwa Sub County,CORRECT,EXACT,
618,Lopur Ward,TURKANA,Turkana West Sub County,HK5SUCMQmsw,70,1416,1567,Lopur Ward,70,Turkana,1416,Turkana West,CORRECT,NORMALIZED,
619,Letea Ward,TURKANA,Turkana West Sub County,HK5SUCMQmsw,70,1416,1568,Letea Ward,70,Turkana,1416,Turkana West,CORRECT,NORMALIZED,
620,Songot Ward,TURKANA,Turkana West Sub County,HK5SUCMQmsw,70,1416,1569,Songot Ward,70,Turkana,1416,Turkana West,CORRECT,NORMALIZED,
2124,Mugumo-ini Ward,Muranga,Gatanga Sub County,Z7ALMtFNfeZ,76,1394,1570,Mugumo-ini Ward,76,Murang'a,1394,Gatanga,CORRECT,NORMALIZED,
2125,Kihumbu-ini Ward,Muranga,Gatanga Sub County,Z7ALMtFNfeZ,76,1394,1571,Kihumbu-ini Ward,76,Murang'a,1394,Gatanga,CORRECT,NORMALIZED,
2126,Gatanga Ward,Muranga,Gatanga Sub County,Z7ALMtFNfeZ,76,1394,1572,Gatanga Ward,76,Murang'a,1394,Gatanga,CORRECT,NORMALIZED,
2127,Kariara Ward,Muranga,Gatanga Sub County,Z7ALMtFNfeZ,76,1394,1573,Kariara Ward,76,Murang'a,1394,Gatanga,CORRECT,NORMALIZED,
2128,Moi's Bridge Ward,Uasin Gishu,Soy Sub County,lmr1q6dTaso,78,1434,1574,Moi's Bridge Ward,78,Uasin Gishu,1434,Soy,CORRECT,NORMALIZED,
160,Masalani Ward,GARISSA,Ijara Sub County,l5E6PiIUs1J,60,1285,1575,Masalani Ward,60,Garissa,1285,Ijara,CORRECT,NORMALIZED,
2129,Kapkures Ward,Uasin Gishu,Soy Sub County,lmr1q6dTaso,78,1434,1576,Kapkures Ward,78,Uasin Gishu,1434,Soy,CORRECT,NORMALIZED,
2130,Ziwa Ward,Uasin Gishu,Soy Sub County,lmr1q6dTaso,78,1434,1577,Ziwa Ward,78,Uasin Gishu,1434,Soy,CORRECT,NORMALIZED,
2133,Soy Ward,Uasin Gishu,Soy Sub County,lmr1q6dTaso,78,1434,1578,Soy Ward,78,Uasin Gishu,1434,Soy,CORRECT,NORMALIZED,
2134,Kuinet/kapsuswa Ward,Uasin Gishu,Soy Sub County,lmr1q6dTaso,78,1434,1579,Kuinet/kapsuswa Ward,78,Uasin Gishu,1434,Soy,CORRECT,NORMALIZED,
2135,Ngenyilel Ward,Uasin Gishu,Turbo Sub County,KuprsuBe1l0,78,1435,1580,Ngenyilel Ward,78,Uasin Gishu,1435,Turbo,CORRECT,NORMALIZED,
2136,Tapsagoi Ward,Uasin Gishu,Turbo Sub County,KuprsuBe1l0,78,1435,1581,Tapsagoi Ward,78,Uasin Gishu,1435,Turbo,CORRECT,NORMALIZED,
2137,Kamagut Ward,Uasin Gishu,Turbo Sub County,KuprsuBe1l0,78,1435,1582,Kamagut Ward,78,Uasin Gishu,1435,Turbo,CORRECT,NORMALIZED,
2138,Kiplombe Ward,Uasin Gishu,Turbo Sub County,KuprsuBe1l0,78,1435,1583,Kiplombe Ward,78,Uasin Gishu,1435,Turbo,CORRECT,NORMALIZED,
2139,Kapsaos Ward,Uasin Gishu,Turbo Sub County,KuprsuBe1l0,78,1435,1584,Kapsaos Ward,78,Uasin Gishu,1435,Turbo,CORRECT,NORMALIZED,
2140,Huruma Ward,Uasin Gishu,Turbo Sub County,KuprsuBe1l0,78,1435,1585,Huruma Ward,78,Uasin Gishu,1435,Turbo,CORRECT,NORMALIZED,
161,Gurar Ward,WAJIR,Wajir North Sub County,qsjAa8FE8OS,61,1292,1586,Gurar Ward,61,Wajir,1292,Wajir North,CORRECT,NORMALIZED,
345,Waita Ward,KITUI,Mwingi Central Sub- County,uE7HKhqPOtf,68,1346,1587,Waita Ward,68,Kitui,1346,Mwingi Central,CORRECT,NORMALIZED,
346,Mutongoni Ward,KITUI,Kitui West  Sub County,cmWAJB5kCDW,68,1337,1588,Mutongoni Ward,68,Kitui,1337,Kitui West,CORRECT,NORMALIZED,
347,Kauwi Ward,KITUI,Kitui West  Sub County,cmWAJB5kCDW,68,1337,1589,Kauwi Ward,68,Kitui,1337,Kitui West,CORRECT,NORMALIZED,
348,Matinyani Ward,KITUI,Kitui West  Sub County,cmWAJB5kCDW,68,1337,1590,Matinyani Ward,68,Kitui,1337,Kitui West,CORRECT,NORMALIZED,
349,Kwamutonga/kithumula Ward,KITUI,Kitui West  Sub County,cmWAJB5kCDW,68,1337,1591,Kwamutonga/kithumula Ward,68,Kitui,1337,Kitui West,CORRECT,NORMALIZED,
482,Karatina town Ward,NYERI,Mathira East Sub County,vznKK4IegIL,69,1379,1592,Karatina town Ward,69,Nyeri,1379,Mathira East,CORRECT,NORMALIZED,
483,Mahiga Ward,NYERI,Nyeri South Sub County,dd7jowvUO95,69,1381,1593,Mahiga Ward,69,Nyeri,1381,Nyeri South,CORRECT,NORMALIZED,
362,Voo/kyamatu Ward,KITUI,Kitui East Sub County,d0Gu8FrRM0Y,68,354,1594,Voo/kyamatu Ward,68,Kitui,354,Kitui East Sub County,CORRECT,EXACT,
363,Endau/malalani Ward,KITUI,Kitui East Sub County,d0Gu8FrRM0Y,68,354,1595,Endau/malalani Ward,68,Kitui,354,Kitui East Sub County,CORRECT,EXACT,
364,Mutitu/kaliku Ward,KITUI,Kitui East Sub County,d0Gu8FrRM0Y,68,354,1596,Mutitu/kaliku Ward,68,Kitui,354,Kitui East Sub County,CORRECT,EXACT,
365,Ikanga/kyatune Ward,KITUI,Kitui South Sub County,d3hSQ3EtnPk,68,357,1597,Ikanga/kyatune Ward,68,Kitui,357,Kitui South Sub County,CORRECT,EXACT,
436,Emali/Mulala Ward,MAKUENI,Kibwezi West  Sub County,toa2Hl7iVQI,74,362,1598,Emali/Mulala Ward,74,Makueni,362,Kibwezi West  Sub County,CORRECT,EXACT,
437,Masongaleni Ward,MAKUENI,Kibwezi East  Sub County,ZhhyithPNoI,74,401,1599,Masongaleni Ward,74,Makueni,401,Kibwezi East  Sub County,CORRECT,EXACT,
438,Mtito Andei Ward,MAKUENI,Kibwezi East  Sub County,ZhhyithPNoI,74,401,1600,Mtito Andei Ward,74,Makueni,401,Kibwezi East  Sub County,CORRECT,EXACT,
439,Thange Ward,MAKUENI,Kibwezi East  Sub County,ZhhyithPNoI,74,401,1601,Thange Ward,74,Makueni,401,Kibwezi East  Sub County,CORRECT,EXACT,
440,Ivingoni/Nzambani Ward,MAKUENI,Kibwezi East  Sub County,ZhhyithPNoI,74,401,1602,Ivingoni/Nzambani Ward,74,Makueni,401,Kibwezi East  Sub County,CORRECT,EXACT,
441,Engineer Ward,NYANDARUA,Kinangop Sub County,RAnL5kBKMIt,67,1369,1603,Engineer Ward,67,Nyandarua,1369,Kinangop,CORRECT,NORMALIZED,
442,Gathara Ward,NYANDARUA,Kinangop Sub County,RAnL5kBKMIt,67,1369,1604,Gathara Ward,67,Nyandarua,1369,Kinangop,CORRECT,NORMALIZED,
443,North kinangop Ward,NYANDARUA,Kinangop Sub County,RAnL5kBKMIt,67,1369,1605,North kinangop Ward,67,Nyandarua,1369,Kinangop,CORRECT,NORMALIZED,
444,Murungaru Ward,NYANDARUA,Kinangop Sub County,RAnL5kBKMIt,67,1369,1606,Murungaru Ward,67,Nyandarua,1369,Kinangop,CORRECT,NORMALIZED,
449,Wanjohi Ward,NYANDARUA,Kipipiri Sub County,KlVgeHmvG6n,67,1372,1607,Wanjohi Ward,67,Nyandarua,1372,Kipipiri,CORRECT,NORMALIZED,
450,Kipipiri Ward,NYANDARUA,Kipipiri Sub County,KlVgeHmvG6n,67,1372,1608,Kipipiri Ward,67,Nyandarua,1372,Kipipiri,CORRECT,NORMALIZED,
512,Mutira Ward,KIRINYAGA,Kirinyaga Central Sub County,JKNaaTjVapG,75,1384,1609,Mutira Ward,75,Kirinyaga,1384,Kirinyaga Central,CORRECT,NORMALIZED,
513,Kanyekini Ward,KIRINYAGA,Kirinyaga Central Sub County,JKNaaTjVapG,75,1384,1610,Kanyekini Ward,75,Kirinyaga,1384,Kirinyaga Central,CORRECT,NORMALIZED,
514,Kerugoya Ward,KIRINYAGA,Kirinyaga Central Sub County,JKNaaTjVapG,75,1384,1611,Kerugoya Ward,75,Kirinyaga,1384,Kirinyaga Central,CORRECT,NORMALIZED,
515,Inoi Ward,KIRINYAGA,Kirinyaga Central Sub County,JKNaaTjVapG,75,1384,1612,Inoi Ward,75,Kirinyaga,1384,Kirinyaga Central,CORRECT,NORMALIZED,
624,Kerio Delta Ward,TURKANA,Turkana Central Sub County,zd8rhYqGowE,70,1412,1613,Kerio Delta Ward,70,Turkana,1412,Turkana Central,CORRECT,NORMALIZED,
625,KANG'ATOTHA Ward,TURKANA,Turkana Central Sub County,zd8rhYqGowE,70,1412,1614,KANG'ATOTHA Ward,70,Turkana,1412,Turkana Central,CORRECT,NORMALIZED,
626,Kalokol Ward,TURKANA,Turkana Central Sub County,zd8rhYqGowE,70,1412,1615,Kalokol Ward,70,Turkana,1412,Turkana Central,CORRECT,NORMALIZED,
2044,Mathare North Ward,Nairobi,Ruaraka  Sub County,Cc8uEFkzfVf,79,405,1616,Mathare North Ward,79,Nairobi City,405,Ruaraka  Sub County,CORRECT,EXACT,
1728,Marachi Central Ward,Busia,Butula Sub County,RIBiZFJxB1K,62,1524,1617,Marachi Central Ward,62,Busia,1524,Butula,CORRECT,NORMALIZED,
1736,Bunyala Central Ward,Busia,Bunyala Sub County,zI6vnsXresW,62,1522,1618,Bunyala Central Ward,62,Busia,1522,Bunyala,CORRECT,NORMALIZED,
2047,Imara Daima Ward,Nairobi,Embakasi South Sub County,aDp1odOWYC1,79,407,1619,Imara Daima Ward,79,Nairobi City,407,Embakasi South Sub County,CORRECT,EXACT,
2141,Tembelio Ward,Uasin Gishu,Moiben Sub County,q8R0FA1hxnP,78,1433,1620,Tembelio Ward,78,Uasin Gishu,1433,Moiben,CORRECT,NORMALIZED,
2142,Sergoit Ward,Uasin Gishu,Moiben Sub County,q8R0FA1hxnP,78,1433,1621,Sergoit Ward,78,Uasin Gishu,1433,Moiben,CORRECT,NORMALIZED,
2143,Karuna/meibeki Ward,Uasin Gishu,Moiben Sub County,q8R0FA1hxnP,78,1433,1622,Karuna/meibeki Ward,78,Uasin Gishu,1433,Moiben,CORRECT,NORMALIZED,
2144,Moiben Ward,Uasin Gishu,Moiben Sub County,q8R0FA1hxnP,78,1433,1623,Moiben Ward,78,Uasin Gishu,1433,Moiben,CORRECT,NORMALIZED,
2145,Kimumu Ward,Uasin Gishu,Moiben Sub County,q8R0FA1hxnP,78,1433,1624,Kimumu Ward,78,Uasin Gishu,1433,Moiben,CORRECT,NORMALIZED,
2146,Kapsoya Ward,Uasin Gishu,Ainabkoi Sub County,mYlMs4xTj82,78,1430,1625,Kapsoya Ward,78,Uasin Gishu,1430,Ainabkoi,CORRECT,ALIAS,
2147,Kaptagat Ward,Uasin Gishu,Ainabkoi Sub County,mYlMs4xTj82,78,1430,1626,Kaptagat Ward,78,Uasin Gishu,1430,Ainabkoi,CORRECT,ALIAS,
2148,Ainabkoi/olare Ward,Uasin Gishu,Ainabkoi Sub County,mYlMs4xTj82,78,1430,1627,Ainabkoi/olare Ward,78,Uasin Gishu,1430,Ainabkoi,CORRECT,ALIAS,
2149,Simat/ Kapseret Ward,Uasin Gishu,Kapseret Sub County,u9yagZzK49q,78,1431,1628,Simat/ Kapseret Ward,78,Uasin Gishu,1431,Kapseret,CORRECT,NORMALIZED,
2150,Kipkenyo Ward,Uasin Gishu,Kapseret Sub County,u9yagZzK49q,78,1431,1629,Kipkenyo Ward,78,Uasin Gishu,1431,Kapseret,CORRECT,NORMALIZED,
1737,Bunyala North Ward,Busia,Bunyala Sub County,zI6vnsXresW,62,1522,1630,Bunyala North Ward,62,Busia,1522,Bunyala,CORRECT,NORMALIZED,
1738,Bunyala West Ward,Busia,Bunyala Sub County,zI6vnsXresW,62,1522,1631,Bunyala West Ward,62,Busia,1522,Bunyala,CORRECT,NORMALIZED,
1739,Bunyala South Ward,Busia,Bunyala Sub County,zI6vnsXresW,62,1522,1632,Bunyala South Ward,62,Busia,1522,Bunyala,CORRECT,NORMALIZED,
1740,Mariashoni Ward,Nakuru,Molo  Sub County,RJ4LGJiSHFg,77,1462,1633,Mariashoni Ward,77,Nakuru,1462,Molo,CORRECT,NORMALIZED,
1742,Turi Ward,Nakuru,Molo  Sub County,RJ4LGJiSHFg,77,1462,1634,Turi Ward,77,Nakuru,1462,Molo,CORRECT,NORMALIZED,
1743,Molo Ward,Nakuru,Molo  Sub County,RJ4LGJiSHFg,77,1462,1635,Molo Ward,77,Nakuru,1462,Molo,CORRECT,NORMALIZED,
1744,Mau Narok Ward,Nakuru,Njoro  Sub County,gSJXzH1DM75,77,1467,1636,Mau Narok Ward,77,Nakuru,1467,Njoro,CORRECT,NORMALIZED,
1745,Mauche Ward,Nakuru,Njoro  Sub County,gSJXzH1DM75,77,1467,1637,Mauche Ward,77,Nakuru,1467,Njoro,CORRECT,NORMALIZED,
1746,Kihingo Ward,Nakuru,Njoro  Sub County,gSJXzH1DM75,77,1467,1638,Kihingo Ward,77,Nakuru,1467,Njoro,CORRECT,NORMALIZED,
1747,Nessuit Ward,Nakuru,Njoro  Sub County,gSJXzH1DM75,77,1467,1639,Nessuit Ward,77,Nakuru,1467,Njoro,CORRECT,NORMALIZED,
1748,Lare Ward,Nakuru,Njoro  Sub County,gSJXzH1DM75,77,1467,1640,Lare Ward,77,Nakuru,1467,Njoro,CORRECT,NORMALIZED,
2158,Kilgoris Central  Ward,Narok,Transmara West Sub County,Nb6e34jNGAq,80,411,1641,Kilgoris Central  Ward,80,Narok,411,Transmara West Sub County,CORRECT,EXACT,
1752,Lake View Ward,Nakuru,Naivasha  Sub County,yZJJPoSGhY6,77,1463,1642,Lake View Ward,77,Nakuru,1463,Naivasha,CORRECT,NORMALIZED,
1753,Mai Mahiu Ward,Nakuru,Naivasha  Sub County,yZJJPoSGhY6,77,1463,1643,Mai Mahiu Ward,77,Nakuru,1463,Naivasha,CORRECT,NORMALIZED,
1754,Maeilla Ward,Nakuru,Naivasha  Sub County,yZJJPoSGhY6,77,1463,1644,Maeilla Ward,77,Nakuru,1463,Naivasha,CORRECT,NORMALIZED,
1755,Olkaria Ward,Nakuru,Naivasha  Sub County,yZJJPoSGhY6,77,1463,1645,Olkaria Ward,77,Nakuru,1463,Naivasha,CORRECT,NORMALIZED,
1756,Naivasha East Ward,Nakuru,Naivasha  Sub County,yZJJPoSGhY6,77,1463,1646,Naivasha East Ward,77,Nakuru,1463,Naivasha,CORRECT,NORMALIZED,
1757,Viwandani Ward,Nakuru,Naivasha  Sub County,yZJJPoSGhY6,77,1463,1647,Viwandani Ward,77,Nakuru,1463,Naivasha,CORRECT,NORMALIZED,
1758,Gilgil Ward,Nakuru,Gilgil Sub County,hBU8B1KI12P,77,1459,1648,Gilgil Ward,77,Nakuru,1459,Gilgil,CORRECT,NORMALIZED,
1759,Elementaita Ward,Nakuru,Gilgil Sub County,hBU8B1KI12P,77,1459,1649,Elementaita Ward,77,Nakuru,1459,Gilgil,CORRECT,NORMALIZED,
1760,Mbaruk/eburu Ward,Nakuru,Gilgil Sub County,hBU8B1KI12P,77,1459,1650,Mbaruk/eburu Ward,77,Nakuru,1459,Gilgil,CORRECT,NORMALIZED,
1761,Malewa West Ward,Nakuru,Gilgil Sub County,hBU8B1KI12P,77,1459,1651,Malewa West Ward,77,Nakuru,1459,Gilgil,CORRECT,NORMALIZED,
1762,Murindat Ward,Nakuru,Gilgil Sub County,hBU8B1KI12P,77,1459,1652,Murindat Ward,77,Nakuru,1459,Gilgil,CORRECT,NORMALIZED,
615,Kibish Ward,TURKANA,Kibish Sub County,AXNntZ7T30a,70,1410,1653,Kibish Ward,70,Turkana,1410,Kibish,CORRECT,NORMALIZED,
622,Lokichoggio Ward,TURKANA,Turkana West Sub County,HK5SUCMQmsw,70,1416,1654,Lokichoggio Ward,70,Turkana,1416,Turkana West,CORRECT,NORMALIZED,
630,Turkwel Ward,TURKANA,Loima Sub County,OZiGQn2R8kK,70,1411,1655,Turkwel Ward,70,Turkana,1411,Loima,CORRECT,NORMALIZED,
632,Lokiriama/Lorengippi Ward,TURKANA,Loima Sub County,OZiGQn2R8kK,70,1411,1656,Lokiriama/Lorengippi Ward,70,Turkana,1411,Loima,CORRECT,NORMALIZED,
633,Kaputir Ward,TURKANA,Turkana South Sub County,iTw0sFjlqZ2,70,1415,1657,Kaputir Ward,70,Turkana,1415,Turkana South,CORRECT,NORMALIZED,
635,Lobokat Ward,TURKANA,Turkana South Sub County,iTw0sFjlqZ2,70,1415,1658,Lobokat Ward,70,Turkana,1415,Turkana South,CORRECT,NORMALIZED,
636,Kalapata Ward,TURKANA,Turkana South Sub County,iTw0sFjlqZ2,70,1415,1659,Kalapata Ward,70,Turkana,1415,Turkana South,CORRECT,NORMALIZED,
642,Kapenguria Ward,WEST POKOT,West Pokot Sub County,ylWg6VvADJE,71,1421,1660,Kapenguria Ward,71,West Pokot,1421,West Pokot,CORRECT,NORMALIZED,
643,Mnagei Ward,WEST POKOT,West Pokot Sub County,ylWg6VvADJE,71,1421,1661,Mnagei Ward,71,West Pokot,1421,West Pokot,CORRECT,NORMALIZED,
644,Siyoi Ward,WEST POKOT,West Pokot Sub County,ylWg6VvADJE,71,1421,1662,Siyoi Ward,71,West Pokot,1421,West Pokot,CORRECT,NORMALIZED,
645,Endugh Ward,WEST POKOT,West Pokot Sub County,ylWg6VvADJE,71,1421,1663,Endugh Ward,71,West Pokot,1421,West Pokot,CORRECT,NORMALIZED,
646,Sook Ward,WEST POKOT,West Pokot Sub County,ylWg6VvADJE,71,1421,1664,Sook Ward,71,West Pokot,1421,West Pokot,CORRECT,NORMALIZED,
647,Sekerr Ward,WEST POKOT,Pokot Central Sub County,SCbMzaOeTuR,71,1418,1665,Sekerr Ward,71,West Pokot,1418,Pokot Central,CORRECT,NORMALIZED,
648,Masool Ward,WEST POKOT,Pokot Central Sub County,SCbMzaOeTuR,71,1418,1666,Masool Ward,71,West Pokot,1418,Pokot Central,CORRECT,NORMALIZED,
166,Danaba Ward,WAJIR,Wajir North Sub County,qsjAa8FE8OS,61,1292,1667,Danaba Ward,61,Wajir,1292,Wajir North,CORRECT,NORMALIZED,
649,Lomut Ward,WEST POKOT,Pokot Central Sub County,SCbMzaOeTuR,71,1418,1668,Lomut Ward,71,West Pokot,1418,Pokot Central,CORRECT,NORMALIZED,
650,Wei wei Ward,WEST POKOT,Pokot Central Sub County,SCbMzaOeTuR,71,1418,1669,Wei wei Ward,71,West Pokot,1418,Pokot Central,CORRECT,NORMALIZED,
2172,Olorropil Ward,Narok,Narok North Sub County,fNROL0qm8De,80,1471,1670,Olorropil Ward,80,Narok,1471,Narok North,CORRECT,NORMALIZED,
2173,Melili Ward,Narok,Narok North Sub County,fNROL0qm8De,80,1471,1671,Melili Ward,80,Narok,1471,Narok North,CORRECT,NORMALIZED,
2174,Mosiro Ward,Narok,Narok East Sub County,gZM3NbHaugk,80,1470,1672,Mosiro Ward,80,Narok,1470,Narok East,CORRECT,NORMALIZED,
2175,Ildamat Ward,Narok,Narok East Sub County,gZM3NbHaugk,80,1470,1673,Ildamat Ward,80,Narok,1470,Narok East,CORRECT,NORMALIZED,
2176,Keekonyokie Ward,Narok,Narok East Sub County,gZM3NbHaugk,80,1470,1674,Keekonyokie Ward,80,Narok,1470,Narok East,CORRECT,NORMALIZED,
2177,Suswa Ward,Narok,Narok East Sub County,gZM3NbHaugk,80,1470,1675,Suswa Ward,80,Narok,1470,Narok East,CORRECT,NORMALIZED,
2178,Maji Moto/naroosura Ward,Narok,Narok South Sub County,bnYzgzYe2Z7,80,1472,1676,Maji Moto/naroosura Ward,80,Narok,1472,Narok South,CORRECT,NORMALIZED,
2179,Ololulung'a Ward,Narok,Narok South Sub County,bnYzgzYe2Z7,80,1472,1677,Ololulung'a Ward,80,Narok,1472,Narok South,CORRECT,NORMALIZED,
2180,Melelo Ward,Narok,Narok South Sub County,bnYzgzYe2Z7,80,1472,1678,Melelo Ward,80,Narok,1472,Narok South,CORRECT,NORMALIZED,
2181,Loita Ward,Narok,Narok South Sub County,bnYzgzYe2Z7,80,1472,1679,Loita Ward,80,Narok,1472,Narok South,CORRECT,NORMALIZED,
2182,Sogoo Ward,Narok,Narok South Sub County,bnYzgzYe2Z7,80,1472,1680,Sogoo Ward,80,Narok,1472,Narok South,CORRECT,NORMALIZED,
2183,Sagamian Ward,Narok,Narok South Sub County,bnYzgzYe2Z7,80,1472,1681,Sagamian Ward,80,Narok,1472,Narok South,CORRECT,NORMALIZED,
2184,Ilmotiook Ward,Narok,Narok West Sub County,ouA247cg58A,80,1473,1682,Ilmotiook Ward,80,Narok,1473,Narok West,CORRECT,NORMALIZED,
2185,Mara Ward,Narok,Narok West Sub County,ouA247cg58A,80,1473,1683,Mara Ward,80,Narok,1473,Narok West,CORRECT,NORMALIZED,
2186,Siana Ward,Narok,Narok West Sub County,ouA247cg58A,80,1473,1684,Siana Ward,80,Narok,1473,Narok West,CORRECT,NORMALIZED,
664,Loosuk Ward,SAMBURU,Samburu Central Sub County,EmQRGVtvWy3,72,1422,1685,Loosuk Ward,72,Samburu,1422,Samburu Central,CORRECT,NORMALIZED,
665,Porro Ward,SAMBURU,Samburu Central Sub County,EmQRGVtvWy3,72,1422,1686,Porro Ward,72,Samburu,1422,Samburu Central,CORRECT,NORMALIZED,
666,El-barta Ward,SAMBURU,Samburu North Sub County,E2DGjZRlwbY,72,1424,1687,El-barta Ward,72,Samburu,1424,Samburu North,CORRECT,NORMALIZED,
667,Nachola Ward,SAMBURU,Samburu North Sub County,E2DGjZRlwbY,72,1424,1688,Nachola Ward,72,Samburu,1424,Samburu North,CORRECT,NORMALIZED,
668,Ndoto Ward,SAMBURU,Samburu North Sub County,E2DGjZRlwbY,72,1424,1689,Ndoto Ward,72,Samburu,1424,Samburu North,CORRECT,NORMALIZED,
669,Nyiro Ward,SAMBURU,Samburu North Sub County,E2DGjZRlwbY,72,1424,1690,Nyiro Ward,72,Samburu,1424,Samburu North,CORRECT,NORMALIZED,
670,Angata nayokie Ward,SAMBURU,Samburu Central Sub County,EmQRGVtvWy3,72,1422,1691,Angata nayokie Ward,72,Samburu,1422,Samburu Central,CORRECT,NORMALIZED,
671,Baawa Ward,SAMBURU,Samburu Central Sub County,EmQRGVtvWy3,72,1422,1692,Baawa Ward,72,Samburu,1422,Samburu Central,CORRECT,NORMALIZED,
672,Waso Ward,SAMBURU,Samburu East Sub County,ldZ10N9unC9,72,421,1693,Waso Ward,72,Samburu,421,Samburu East Sub County,CORRECT,EXACT,
673,Wamba west Ward,SAMBURU,Samburu East Sub County,ldZ10N9unC9,72,421,1694,Wamba west Ward,72,Samburu,421,Samburu East Sub County,CORRECT,EXACT,
674,Wamba east Ward,SAMBURU,Samburu East Sub County,ldZ10N9unC9,72,421,1695,Wamba east Ward,72,Samburu,421,Samburu East Sub County,CORRECT,EXACT,
675,Wamba north Ward,SAMBURU,Samburu East Sub County,ldZ10N9unC9,72,421,1696,Wamba north Ward,72,Samburu,421,Samburu East Sub County,CORRECT,EXACT,
676,Kapomboi Ward,TRANS NZOIA,Kwanza  Sub County,ABy8CNqf2e7,81,1427,1697,Kapomboi Ward,81,Trans Nzoia,1427,Kwanza,CORRECT,NORMALIZED,
677,Kwanza Ward,TRANS NZOIA,Kwanza  Sub County,ABy8CNqf2e7,81,1427,1698,Kwanza Ward,81,Trans Nzoia,1427,Kwanza,CORRECT,NORMALIZED,
1841,Mwawesa Ward,Kilifi,Rabai Sub County,hJf4rt7cvI6,73,1270,1699,Mwawesa Ward,73,Kilifi,1270,Rabai,CORRECT,NORMALIZED,
680,Chepchoina Ward,TRANS NZOIA,Endebess Sub County,PsjxYLsJSIp,81,1428,1700,Chepchoina Ward,81,Trans Nzoia,1428,Endebess,CORRECT,NORMALIZED,
681,Endebess Ward,TRANS NZOIA,Endebess Sub County,PsjxYLsJSIp,81,1428,1701,Endebess Ward,81,Trans Nzoia,1428,Endebess,CORRECT,NORMALIZED,
682,Matumbei Ward,TRANS NZOIA,Endebess Sub County,PsjxYLsJSIp,81,1428,1702,Matumbei Ward,81,Trans Nzoia,1428,Endebess,CORRECT,NORMALIZED,
683,Kinyoro Ward,TRANS NZOIA,Saboti  Sub County,y2M16lesMsF,81,425,1703,Kinyoro Ward,81,Trans Nzoia,425,Saboti  Sub County,CORRECT,EXACT,
684,Matisi Ward,TRANS NZOIA,Saboti  Sub County,y2M16lesMsF,81,425,1704,Matisi Ward,81,Trans Nzoia,425,Saboti  Sub County,CORRECT,EXACT,
1803,Mjambere Ward,Mombasa,Kisauni  Sub County,C1hO6wNOgrH,55,1253,1705,Mjambere Ward,55,Mombasa,1253,Kisauni,CORRECT,NORMALIZED,
2187,Naikarra Ward,Narok,Narok West Sub County,ouA247cg58A,80,1473,1706,Naikarra Ward,80,Narok,1473,Narok West,CORRECT,NORMALIZED,
2188,Githiga Ward,Kiambu,Githunguri Sub County,E7tkGikenbD,82,1399,1707,Githiga Ward,82,Kiambu,1399,Githunguri,CORRECT,NORMALIZED,
2189,Ikinu Ward,Kiambu,Githunguri Sub County,E7tkGikenbD,82,1399,1708,Ikinu Ward,82,Kiambu,1399,Githunguri,CORRECT,NORMALIZED,
2190,Ngewa Ward,Kiambu,Githunguri Sub County,E7tkGikenbD,82,1399,1709,Ngewa Ward,82,Kiambu,1399,Githunguri,CORRECT,NORMALIZED,
2191,Komothai Ward,Kiambu,Githunguri Sub County,E7tkGikenbD,82,1399,1710,Komothai Ward,82,Kiambu,1399,Githunguri,CORRECT,NORMALIZED,
2192,Ting'ang'a Ward,Kiambu,Kiambu Town Sub County,SBz4c48i24Y,82,428,1711,Ting'ang'a Ward,82,Kiambu,428,Kiambu Town Sub County,CORRECT,EXACT,
2193,Ndumberi Ward,Kiambu,Kiambu Town Sub County,SBz4c48i24Y,82,428,1712,Ndumberi Ward,82,Kiambu,428,Kiambu Town Sub County,CORRECT,EXACT,
2194,Riabai Ward,Kiambu,Kiambu Town Sub County,SBz4c48i24Y,82,428,1713,Riabai Ward,82,Kiambu,428,Kiambu Town Sub County,CORRECT,EXACT,
2195,Kiambu Township Ward,Kiambu,Kiambu Town Sub County,SBz4c48i24Y,82,428,1714,Kiambu Township Ward,82,Kiambu,428,Kiambu Town Sub County,CORRECT,EXACT,
2196,Cianda Ward,Kiambu,Kiambaa Sub County,oMaQgNIs85x,82,1402,1715,Cianda Ward,82,Kiambu,1402,Kiambaa,CORRECT,NORMALIZED,
2197,Karuri Ward,Kiambu,Kiambaa Sub County,oMaQgNIs85x,82,1402,1716,Karuri Ward,82,Kiambu,1402,Kiambaa,CORRECT,NORMALIZED,
2198,Ndenderu Ward,Kiambu,Kiambaa Sub County,oMaQgNIs85x,82,1402,1717,Ndenderu Ward,82,Kiambu,1402,Kiambaa,CORRECT,NORMALIZED,
2199,Muchatha Ward,Kiambu,Kiambaa Sub County,oMaQgNIs85x,82,1402,1718,Muchatha Ward,82,Kiambu,1402,Kiambaa,CORRECT,NORMALIZED,
2200,Kihara Ward,Kiambu,Kiambaa Sub County,oMaQgNIs85x,82,1402,1719,Kihara Ward,82,Kiambu,1402,Kiambaa,CORRECT,NORMALIZED,
1767,Kiptororo Ward,Nakuru,Kuresoi North  Sub County,QBwORnYdu0e,77,1460,1720,Kiptororo Ward,77,Nakuru,1460,Kuresoi North,CORRECT,NORMALIZED,
1768,Nyota Ward,Nakuru,Kuresoi North  Sub County,QBwORnYdu0e,77,1460,1721,Nyota Ward,77,Nakuru,1460,Kuresoi North,CORRECT,NORMALIZED,
1769,Sirikwa Ward,Nakuru,Kuresoi North  Sub County,QBwORnYdu0e,77,1460,1722,Sirikwa Ward,77,Nakuru,1460,Kuresoi North,CORRECT,NORMALIZED,
2201,Gitaru,Kiambu,Kabete Sub County,lb5LzWiUX8Y,82,1401,1723,Gitaru,82,Kiambu,1401,Kabete,CORRECT,NORMALIZED,
2202,Muguga,Kiambu,Kabete Sub County,lb5LzWiUX8Y,82,1401,1724,Muguga,82,Kiambu,1401,Kabete,CORRECT,NORMALIZED,
2203,Nyadhuna Ward,Kiambu,Kabete Sub County,lb5LzWiUX8Y,82,1401,1725,Nyadhuna Ward,82,Kiambu,1401,Kabete,CORRECT,NORMALIZED,
2204,Kabete Ward,Kiambu,Kabete Sub County,lb5LzWiUX8Y,82,1401,1726,Kabete Ward,82,Kiambu,1401,Kabete,CORRECT,NORMALIZED,
688,Kiminini Ward,TRANS NZOIA,Kiminini  Sub County,pzZHpL2ueIn,81,1429,1727,Kiminini Ward,81,Trans Nzoia,1429,Kiminini,CORRECT,NORMALIZED,
689,Waitaluk Ward,TRANS NZOIA,Kiminini  Sub County,pzZHpL2ueIn,81,1429,1728,Waitaluk Ward,81,Trans Nzoia,1429,Kiminini,CORRECT,NORMALIZED,
690,Sirende Ward,TRANS NZOIA,Kiminini  Sub County,pzZHpL2ueIn,81,1429,1729,Sirende Ward,81,Trans Nzoia,1429,Kiminini,CORRECT,NORMALIZED,
1771,Subukia Ward,Nakuru,Subukia  Sub County,zQEuNRaPYgE,77,1469,1730,Subukia Ward,77,Nakuru,1469,Subukia,CORRECT,NORMALIZED,
189,Ibrahim ure Ward,WAJIR,Wajir South Sub County,U7KFQn3Up3o,61,1293,1731,Ibrahim ure Ward,61,Wajir,1293,Wajir South,CORRECT,NORMALIZED,
1774,Menengai West Ward,Nakuru,Rongai  Sub County,OK0hW8DFHq3,77,1468,1732,Menengai West Ward,77,Nakuru,1468,Rongai,CORRECT,NORMALIZED,
2216,Kinale Ward,Kiambu,Lari Sub County,nCziQtZ49jj,82,1405,1733,Kinale Ward,82,Kiambu,1405,Lari,CORRECT,NORMALIZED,
2218,Nyanduma Ward,Kiambu,Lari Sub County,nCziQtZ49jj,82,1405,1734,Nyanduma Ward,82,Kiambu,1405,Lari,CORRECT,NORMALIZED,
2219,Kamburu Ward,Kiambu,Lari Sub County,nCziQtZ49jj,82,1405,1735,Kamburu Ward,82,Kiambu,1405,Lari,CORRECT,NORMALIZED,
2220,Lari/kirenga Ward,Kiambu,Lari Sub County,nCziQtZ49jj,82,1405,1736,Lari/kirenga Ward,82,Kiambu,1405,Lari,CORRECT,NORMALIZED,
2221,Kiamwangi Ward,Kiambu,Gatundu South Sub County,EcRytSSIkUq,82,1398,1737,Kiamwangi Ward,82,Kiambu,1398,Gatundu South,CORRECT,NORMALIZED,
2222,Kiganjo Ward,Kiambu,Gatundu South Sub County,EcRytSSIkUq,82,1398,1738,Kiganjo Ward,82,Kiambu,1398,Gatundu South,CORRECT,NORMALIZED,
2223,Ndarugu Ward,Kiambu,Gatundu South Sub County,EcRytSSIkUq,82,1398,1739,Ndarugu Ward,82,Kiambu,1398,Gatundu South,CORRECT,NORMALIZED,
2224,Ngenda Ward,Kiambu,Gatundu South Sub County,EcRytSSIkUq,82,1398,1740,Ngenda Ward,82,Kiambu,1398,Gatundu South,CORRECT,NORMALIZED,
2225,Gituamba Ward,Kiambu,Gatundu North Sub County,HEsM6W2ImQR,82,1397,1741,Gituamba Ward,82,Kiambu,1397,Gatundu North,CORRECT,NORMALIZED,
2226,Githobokoni Ward,Kiambu,Gatundu North Sub County,HEsM6W2ImQR,82,1397,1742,Githobokoni Ward,82,Kiambu,1397,Gatundu North,CORRECT,NORMALIZED,
2227,Chania Ward,Kiambu,Gatundu North Sub County,HEsM6W2ImQR,82,1397,1743,Chania Ward,82,Kiambu,1397,Gatundu North,CORRECT,NORMALIZED,
2228,Mang'u Ward,Kiambu,Gatundu North Sub County,HEsM6W2ImQR,82,1397,1744,Mang'u Ward,82,Kiambu,1397,Gatundu North,CORRECT,NORMALIZED,
2229,Murera Ward,Kiambu,Juja Sub County,aiqi2bz0IMI,82,1400,1745,Murera Ward,82,Kiambu,1400,Juja,CORRECT,NORMALIZED,
2230,Theta Ward,Kiambu,Juja Sub County,aiqi2bz0IMI,82,1400,1746,Theta Ward,82,Kiambu,1400,Juja,CORRECT,NORMALIZED,
1776,Visoi Ward,Nakuru,Rongai  Sub County,OK0hW8DFHq3,77,1468,1747,Visoi Ward,77,Nakuru,1468,Rongai,CORRECT,NORMALIZED,
2231,Juja Ward,Kiambu,Juja Sub County,aiqi2bz0IMI,82,1400,1748,Juja Ward,82,Kiambu,1400,Juja,CORRECT,NORMALIZED,
2232,Witeithie Ward,Kiambu,Juja Sub County,aiqi2bz0IMI,82,1400,1749,Witeithie Ward,82,Kiambu,1400,Juja,CORRECT,NORMALIZED,
2233,Kalimoni Ward,Kiambu,Juja Sub County,aiqi2bz0IMI,82,1400,1750,Kalimoni Ward,82,Kiambu,1400,Juja,CORRECT,NORMALIZED,
2234,Thika Township Ward,Kiambu,Thika Town Sub County,YZAZ1a9MIvX,82,439,1751,Thika Township Ward,82,Kiambu,439,Thika Town Sub County,CORRECT,EXACT,
2235,Kamenu Ward,Kiambu,Thika Town Sub County,YZAZ1a9MIvX,82,439,1752,Kamenu Ward,82,Kiambu,439,Thika Town Sub County,CORRECT,EXACT,
2236,Hospital Ward,Kiambu,Thika Town Sub County,YZAZ1a9MIvX,82,439,1753,Hospital Ward,82,Kiambu,439,Thika Town Sub County,CORRECT,EXACT,
1779,Dundori Ward,Nakuru,Nakuru North  Sub County,nwh9bXKykiS,77,1465,1754,Dundori Ward,77,Nakuru,1465,Nakuru North,CORRECT,NORMALIZED,
1842,Rurumaward,Kilifi,Rabai Sub County,hJf4rt7cvI6,73,1270,1755,Rurumaward,73,Kilifi,1270,Rabai,CORRECT,NORMALIZED,
695,Makutano Ward,TRANS NZOIA,Cherangany Sub County,f18kGo9yXWo,81,441,1756,Makutano Ward,81,Trans Nzoia,441,Cherangany Sub County,CORRECT,EXACT,
696,Kaplamai Ward,TRANS NZOIA,Cherangany Sub County,f18kGo9yXWo,81,441,1757,Kaplamai Ward,81,Trans Nzoia,441,Cherangany Sub County,CORRECT,EXACT,
697,Motosiet Ward,TRANS NZOIA,Cherangany Sub County,f18kGo9yXWo,81,441,1758,Motosiet Ward,81,Trans Nzoia,441,Cherangany Sub County,CORRECT,EXACT,
698,Cherangany/suwerwa Ward,TRANS NZOIA,Cherangany Sub County,f18kGo9yXWo,81,441,1759,Cherangany/suwerwa Ward,81,Trans Nzoia,441,Cherangany Sub County,CORRECT,EXACT,
699,Chepsiro/kiptoror Ward,TRANS NZOIA,Cherangany Sub County,f18kGo9yXWo,81,441,1760,Chepsiro/kiptoror Ward,81,Trans Nzoia,441,Cherangany Sub County,CORRECT,EXACT,
1808,Magogoni Ward,Mombasa,Kisauni  Sub County,C1hO6wNOgrH,55,1253,1761,Magogoni Ward,55,Mombasa,1253,Kisauni,CORRECT,NORMALIZED,
1876,North Uyoma Ward,Siaya,Rarieda Sub County,XcRpb1xsM64,83,1534,1762,North Uyoma Ward,83,Siaya,1534,Rarieda,CORRECT,NORMALIZED,
1877,South Uyoma Ward,Siaya,Rarieda Sub County,XcRpb1xsM64,83,1534,1763,South Uyoma Ward,83,Siaya,1534,Rarieda,CORRECT,NORMALIZED,
1878,West Uyoma Ward,Siaya,Rarieda Sub County,XcRpb1xsM64,83,1534,1764,West Uyoma Ward,83,Siaya,1534,Rarieda,CORRECT,NORMALIZED,
1891,Ukunda Ward,Kwale,Msambweni Sub County,ADMywdLwoRX,84,1260,1765,Ukunda Ward,84,Kwale,1260,Msambweni,CORRECT,NORMALIZED,
1892,Kinondo Ward,Kwale,Msambweni Sub County,ADMywdLwoRX,84,1260,1766,Kinondo Ward,84,Kwale,1260,Msambweni,CORRECT,NORMALIZED,
1893,Ramisi Ward,Kwale,Msambweni Sub County,ADMywdLwoRX,84,1260,1767,Ramisi Ward,84,Kwale,1260,Msambweni,CORRECT,NORMALIZED,
1894,Pongwe Kikoneni Ward,Kwale,Lunga Lunga Sub County,TdcYaufNV4p,84,1258,1768,Pongwe Kikoneni Ward,84,Kwale,1258,Lunga Lunga,CORRECT,NORMALIZED,
1895,Dzombo Ward,Kwale,Lunga Lunga Sub County,TdcYaufNV4p,84,1258,1769,Dzombo Ward,84,Kwale,1258,Lunga Lunga,CORRECT,NORMALIZED,
1896,Mwereni Ward,Kwale,Lunga Lunga Sub County,TdcYaufNV4p,84,1258,1770,Mwereni Ward,84,Kwale,1258,Lunga Lunga,CORRECT,NORMALIZED,
1897,Vanga Ward,Kwale,Lunga Lunga Sub County,TdcYaufNV4p,84,1258,1771,Vanga Ward,84,Kwale,1258,Lunga Lunga,CORRECT,NORMALIZED,
1780,Kabatini Ward,Nakuru,Nakuru North  Sub County,nwh9bXKykiS,77,1465,1772,Kabatini Ward,77,Nakuru,1465,Nakuru North,CORRECT,NORMALIZED,
1898,Tsimba Golini Ward,Kwale,Matuga Sub County,wUNEDOnx9uB,84,1259,1773,Tsimba Golini Ward,84,Kwale,1259,Matuga,CORRECT,NORMALIZED,
1899,Waa Ngombeni Ward,Kwale,Matuga Sub County,wUNEDOnx9uB,84,1259,1774,Waa Ngombeni Ward,84,Kwale,1259,Matuga,CORRECT,NORMALIZED,
1770,Kamara Ward,Nakuru,Kuresoi North  Sub County,QBwORnYdu0e,77,1460,1775,Kamara Ward,77,Nakuru,1460,Kuresoi North,CORRECT,NORMALIZED,
1900,Tiwi Ward,Kwale,Matuga Sub County,wUNEDOnx9uB,84,1259,1776,Tiwi Ward,84,Kwale,1259,Matuga,CORRECT,NORMALIZED,
1901,Kubo South Ward,Kwale,Matuga Sub County,wUNEDOnx9uB,84,1259,1777,Kubo South Ward,84,Kwale,1259,Matuga,CORRECT,NORMALIZED,
1772,Waseges Ward,Nakuru,Subukia  Sub County,zQEuNRaPYgE,77,1469,1778,Waseges Ward,77,Nakuru,1469,Subukia,CORRECT,NORMALIZED,
1773,Kabazi Ward,Nakuru,Subukia  Sub County,zQEuNRaPYgE,77,1469,1779,Kabazi Ward,77,Nakuru,1469,Subukia,CORRECT,NORMALIZED,
731,Kapyego Ward,ELGEYO-MARAKWET,Marakwet East sub-county,EZraJgLdRLX,85,1438,1780,Kapyego Ward,85,Elgeyo Marakwet,1438,Marakwet East,CORRECT,NORMALIZED,
732,Sambirir Ward,ELGEYO-MARAKWET,Marakwet East sub-county,EZraJgLdRLX,85,1438,1781,Sambirir Ward,85,Elgeyo Marakwet,1438,Marakwet East,CORRECT,NORMALIZED,
1902,Mkongani Ward,Kwale,Matuga Sub County,wUNEDOnx9uB,84,1259,1782,Mkongani Ward,84,Kwale,1259,Matuga,CORRECT,NORMALIZED,
1903,Ndavaya Ward,Kwale,Kinango Sub County,LOgbecTRkbp,84,1257,1783,Ndavaya Ward,84,Kwale,1257,Kinango,CORRECT,NORMALIZED,
1904,Puma Ward,Kwale,Kinango Sub County,LOgbecTRkbp,84,1257,1784,Puma Ward,84,Kwale,1257,Kinango,CORRECT,NORMALIZED,
1905,Kinango Ward,Kwale,Kinango Sub County,LOgbecTRkbp,84,1257,1785,Kinango Ward,84,Kwale,1257,Kinango,CORRECT,NORMALIZED,
1906,Mackinon Road Ward,Kwale,Kinango Sub County,LOgbecTRkbp,84,1257,1786,Mackinon Road Ward,84,Kwale,1257,Kinango,CORRECT,NORMALIZED,
1907,Chengoni/samburu Ward,Kwale,Kinango Sub County,LOgbecTRkbp,84,1257,1787,Chengoni/samburu Ward,84,Kwale,1257,Kinango,CORRECT,NORMALIZED,
1908,Mwavumbo Ward,Kwale,Kinango Sub County,LOgbecTRkbp,84,1257,1788,Mwavumbo Ward,84,Kwale,1257,Kinango,CORRECT,NORMALIZED,
1781,Kiamaina Ward,Nakuru,Nakuru North  Sub County,nwh9bXKykiS,77,1465,1789,Kiamaina Ward,77,Nakuru,1465,Nakuru North,CORRECT,NORMALIZED,
1909,Kasemeni Ward,Kwale,Kinango Sub County,LOgbecTRkbp,84,1257,1790,Kasemeni Ward,84,Kwale,1257,Kinango,CORRECT,NORMALIZED,
2237,Gatuanyaga Ward,Kiambu,Thika Town Sub County,YZAZ1a9MIvX,82,439,1791,Gatuanyaga Ward,82,Kiambu,439,Thika Town Sub County,CORRECT,EXACT,
2238,Ngoliba Ward,Kiambu,Thika Town Sub County,YZAZ1a9MIvX,82,439,1792,Ngoliba Ward,82,Kiambu,439,Thika Town Sub County,CORRECT,EXACT,
2239,Gitothua,Kiambu,Ruiru Sub County,TPRNJqSm4lK,82,1407,1793,Gitothua,82,Kiambu,1407,Ruiru,CORRECT,NORMALIZED,
112,Mahoo Ward,TAITA TAVETA,Taveta Sub County,jNzRdAwjaQ1,59,1278,1794,Mahoo Ward,59,Taita Taveta,1278,Taveta,CORRECT,NORMALIZED,
2269,Kimulot Ward,Bomet,Konoin Sub County,PLFoYJO8MVS,86,1490,1795,Kimulot Ward,86,Bomet,1490,Konoin,CORRECT,NORMALIZED,
2270,Mogogosiek Ward,Bomet,Konoin Sub County,PLFoYJO8MVS,86,1490,1796,Mogogosiek Ward,86,Bomet,1490,Konoin,CORRECT,NORMALIZED,
2271,Boito Ward,Bomet,Konoin Sub County,PLFoYJO8MVS,86,1490,1797,Boito Ward,86,Bomet,1490,Konoin,CORRECT,NORMALIZED,
2272,Embomos Ward,Bomet,Konoin Sub County,PLFoYJO8MVS,86,1490,1798,Embomos Ward,86,Bomet,1490,Konoin,CORRECT,NORMALIZED,
2273,BOMBABA BORABU,Kisii,Bomachoge Borabu Sub County,ntRK47D5dYL,87,450,1799,BOMBABA BORABU,87,Kisii,450,Bomachoge Borabu Sub County,CORRECT,EXACT,
1775,Soin Ward,Nakuru,Rongai  Sub County,OK0hW8DFHq3,77,1468,1800,Soin Ward,77,Nakuru,1468,Rongai,CORRECT,NORMALIZED,
757,Kemeloi-maraba Ward,NANDI,Aldai Sub County,Sq2fLWnOCGg,88,451,1801,Kemeloi-maraba Ward,88,Nandi,451,Aldai Sub County,CORRECT,EXACT,
758,Kobujoi Ward,NANDI,Aldai Sub County,Sq2fLWnOCGg,88,451,1802,Kobujoi Ward,88,Nandi,451,Aldai Sub County,CORRECT,EXACT,
759,Kaptumo/kaboi Ward,NANDI,Aldai Sub County,Sq2fLWnOCGg,88,451,1803,Kaptumo/kaboi Ward,88,Nandi,451,Aldai Sub County,CORRECT,EXACT,
760,Koyo/ndurio Ward,NANDI,Aldai Sub County,Sq2fLWnOCGg,88,451,1804,Koyo/ndurio Ward,88,Nandi,451,Aldai Sub County,CORRECT,EXACT,
761,Nandi hills Ward,NANDI,Nandi East Sub County,W6Err8cQf5J,88,1442,1805,Nandi hills Ward,88,Nandi,1442,Nandi East,CORRECT,NORMALIZED,
762,Chepkunyuk Ward,NANDI,Nandi East Sub County,W6Err8cQf5J,88,1442,1806,Chepkunyuk Ward,88,Nandi,1442,Nandi East,CORRECT,NORMALIZED,
119,Mwanda/mgange Ward,TAITA TAVETA,Wundanyi Sub County,AM36DdkZ36Y,59,303,1807,Mwanda/mgange Ward,59,Taita Taveta,303,Wundanyi Sub County,CORRECT,EXACT,
120,Ronge Ward,TAITA TAVETA,Mwatate Sub County,IBDoGsLdhvt,59,1276,1808,Ronge Ward,59,Taita Taveta,1276,Mwatate,CORRECT,NORMALIZED,
305,Igambang`ombe Ward,THARAKA-NITHI,Igambang'ombe Sub County,yXwsnpFBIPW,66,1323,1809,Igambang`ombe Ward,66,Tharaka Nithi,1323,Igambang'ombe,CORRECT,NORMALIZED,
767,Lelmoko/ngechek Ward,NANDI,Chesumei Sub County,xLWuQq3DjOR,88,1440,1810,Lelmoko/ngechek Ward,88,Nandi,1440,Chesumei,CORRECT,NORMALIZED,
121,Mwatate Ward,TAITA TAVETA,Mwatate Sub County,IBDoGsLdhvt,59,1276,1811,Mwatate Ward,59,Taita Taveta,1276,Mwatate,CORRECT,NORMALIZED,
124,Wusi/kishamba Ward,TAITA TAVETA,Mwatate Sub County,IBDoGsLdhvt,59,1276,1812,Wusi/kishamba Ward,59,Taita Taveta,1276,Mwatate,CORRECT,NORMALIZED,
329,Muminji Ward,EMBU,Mbeere North  Sub County,eYBXetGx8xF,89,1332,1813,Muminji Ward,89,Embu,1332,Mbeere North,CORRECT,NORMALIZED,
330,Evurore Ward,EMBU,Mbeere North  Sub County,eYBXetGx8xF,89,1332,1814,Evurore Ward,89,Embu,1332,Mbeere North,CORRECT,NORMALIZED,
1782,Lanet/umoja Ward,Nakuru,Nakuru North  Sub County,nwh9bXKykiS,77,1465,1815,Lanet/umoja Ward,77,Nakuru,1465,Nakuru North,CORRECT,NORMALIZED,
770,Chepkumia Ward,NANDI,Emgwen Sub County,Njv37QXxNy2,88,456,1816,Chepkumia Ward,88,Nandi,456,Emgwen Sub County,CORRECT,EXACT,
1783,Bahati Ward,Nakuru,Nakuru North  Sub County,nwh9bXKykiS,77,1465,1817,Bahati Ward,77,Nakuru,1465,Nakuru North,CORRECT,NORMALIZED,
1786,Kaptembwo Ward,Nakuru,Nakuru West  Sub County,KTayLusaU5I,77,1466,1818,Kaptembwo Ward,77,Nakuru,1466,Nakuru West,CORRECT,NORMALIZED,
479,Iriaini Ward,NYERI,Mathira East Sub County,vznKK4IegIL,69,1379,1819,Iriaini Ward,69,Nyeri,1379,Mathira East,CORRECT,NORMALIZED,
480,Konyu Ward,NYERI,Mathira East Sub County,vznKK4IegIL,69,1379,1820,Konyu Ward,69,Nyeri,1379,Mathira East,CORRECT,NORMALIZED,
772,Kapsabet Ward,NANDI,Emgwen Sub County,Njv37QXxNy2,88,456,1821,Kapsabet Ward,88,Nandi,456,Emgwen Sub County,CORRECT,EXACT,
773,Kilibwoni Ward,NANDI,Emgwen Sub County,Njv37QXxNy2,88,456,1822,Kilibwoni Ward,88,Nandi,456,Emgwen Sub County,CORRECT,EXACT,
1810,Frere Town Ward,Mombasa,Nyali  Sub County,sr8WEz03EnP,55,1256,1823,Frere Town Ward,55,Mombasa,1256,Nyali,CORRECT,NORMALIZED,
481,Kirimukuyu Ward,NYERI,Mathira West Sub County,msIc1uFAY6B,69,1380,1824,Kirimukuyu Ward,69,Nyeri,1380,Mathira West,CORRECT,NORMALIZED,
1787,Kapkures Ward,Nakuru,Nakuru West  Sub County,KTayLusaU5I,77,1466,1825,Kapkures Ward,77,Nakuru,1466,Nakuru West,CORRECT,NORMALIZED,
662,Suguta Marmar Ward,SAMBURU,Samburu Central Sub County,EmQRGVtvWy3,72,1422,1826,Suguta Marmar Ward,72,Samburu,1422,Samburu Central,CORRECT,NORMALIZED,
1788,Rhoda Ward,Nakuru,Nakuru West  Sub County,KTayLusaU5I,77,1466,1827,Rhoda Ward,77,Nakuru,1466,Nakuru West,CORRECT,NORMALIZED,
1789,Shaabab Ward,Nakuru,Nakuru West  Sub County,KTayLusaU5I,77,1466,1828,Shaabab Ward,77,Nakuru,1466,Nakuru West,CORRECT,NORMALIZED,
747,Soy North Ward,ELGEYO-MARAKWET,Keiyo South Sub County,SOEG546PqbA,85,1437,1829,Soy North Ward,85,Elgeyo Marakwet,1437,Keiyo South,CORRECT,NORMALIZED,
748,Soy South Ward,ELGEYO-MARAKWET,Keiyo South Sub County,SOEG546PqbA,85,1437,1830,Soy South Ward,85,Elgeyo Marakwet,1437,Keiyo South,CORRECT,NORMALIZED,
1790,Biashara Ward,Nakuru,Nakuru East  Sub County,FBJ9Y11esHS,77,1464,1831,Biashara Ward,77,Nakuru,1464,Nakuru East,CORRECT,NORMALIZED,
755,Kabwareng Ward,NANDI,Aldai Sub County,Sq2fLWnOCGg,88,451,1832,Kabwareng Ward,88,Nandi,451,Aldai Sub County,CORRECT,EXACT,
778,Ndalat Ward,NANDI,Mosop Sub County,Xtb7tbJpk9p,88,462,1833,Ndalat Ward,88,Nandi,462,Mosop Sub County,CORRECT,EXACT,
1791,Kivumbini Ward,Nakuru,Nakuru East  Sub County,FBJ9Y11esHS,77,1464,1834,Kivumbini Ward,77,Nakuru,1464,Nakuru East,CORRECT,NORMALIZED,
1792,Flamingo Ward,Nakuru,Nakuru East  Sub County,FBJ9Y11esHS,77,1464,1835,Flamingo Ward,77,Nakuru,1464,Nakuru East,CORRECT,NORMALIZED,
1793,Menengai Ward,Nakuru,Nakuru East  Sub County,FBJ9Y11esHS,77,1464,1836,Menengai Ward,77,Nakuru,1464,Nakuru East,CORRECT,NORMALIZED,
781,Tirioko Ward,BARINGO,Tiaty Sub County,Mk4bMOSMRTB,90,757,1837,Tirioko Ward,90,Baringo,463,Tiaty West Sub County,WRONG_SUBCOUNTY,ALIAS,Database ward points to a different SubCounty than the resolved authoritative target.
782,Kolowa Ward,BARINGO,Tiaty Sub County,Mk4bMOSMRTB,90,757,1838,Kolowa Ward,90,Baringo,463,Tiaty West Sub County,WRONG_SUBCOUNTY,ALIAS,Database ward points to a different SubCounty than the resolved authoritative target.
783,Ribkwo Ward,BARINGO,Tiaty Sub County,Mk4bMOSMRTB,90,757,1839,Ribkwo Ward,90,Baringo,463,Tiaty West Sub County,WRONG_SUBCOUNTY,ALIAS,Database ward points to a different SubCounty than the resolved authoritative target.
784,Silale Ward,BARINGO,Tiaty Sub County,Mk4bMOSMRTB,90,757,1840,Silale Ward,90,Baringo,463,Tiaty West Sub County,WRONG_SUBCOUNTY,ALIAS,Database ward points to a different SubCounty than the resolved authoritative target.
785,Loiyamorok Ward,BARINGO,Tiaty Sub County,Mk4bMOSMRTB,90,757,1841,Loiyamorok Ward,90,Baringo,463,Tiaty West Sub County,WRONG_SUBCOUNTY,ALIAS,Database ward points to a different SubCounty than the resolved authoritative target.
1813,Kongowea Ward,Mombasa,Nyali  Sub County,sr8WEz03EnP,55,1256,1842,Kongowea Ward,55,Mombasa,1256,Nyali,CORRECT,NORMALIZED,
814,Marmanet Ward,LAIKIPIA,Laikipia West Sub County,pXbWrnFPpKb,91,1457,1843,Marmanet Ward,91,Laikipia,1457,Laikipia West,CORRECT,NORMALIZED,
815,Igwamiti Ward,LAIKIPIA,Laikipia West Sub County,pXbWrnFPpKb,91,1457,1844,Igwamiti Ward,91,Laikipia,1457,Laikipia West,CORRECT,NORMALIZED,
816,Salama Ward,LAIKIPIA,Laikipia West Sub County,pXbWrnFPpKb,91,1457,1845,Salama Ward,91,Laikipia,1457,Laikipia West,CORRECT,NORMALIZED,
817,Ngobit Ward,LAIKIPIA,Laikipia East Sub County,pF6qPMIlHte,91,1455,1846,Ngobit Ward,91,Laikipia,1455,Laikipia East,CORRECT,NORMALIZED,
818,Tigithi Ward,LAIKIPIA,Laikipia East Sub County,pF6qPMIlHte,91,1455,1847,Tigithi Ward,91,Laikipia,1455,Laikipia East,CORRECT,NORMALIZED,
819,Thingithu Ward,LAIKIPIA,Laikipia East Sub County,pF6qPMIlHte,91,1455,1848,Thingithu Ward,91,Laikipia,1455,Laikipia East,CORRECT,NORMALIZED,
820,Nanyuki Ward,LAIKIPIA,Laikipia East Sub County,pF6qPMIlHte,91,1455,1849,Nanyuki Ward,91,Laikipia,1455,Laikipia East,CORRECT,NORMALIZED,
1821,Tudor Ward,Mombasa,Mvita  Sub County,C1xuoa1NAMm,55,1255,1850,Tudor Ward,55,Mombasa,1255,Mvita,CORRECT,NORMALIZED,
1777,Mosop Ward,Nakuru,Rongai  Sub County,OK0hW8DFHq3,77,1468,1851,Mosop Ward,77,Nakuru,1468,Rongai,CORRECT,NORMALIZED,
1778,Solai Ward,Nakuru,Rongai  Sub County,OK0hW8DFHq3,77,1468,1852,Solai Ward,77,Nakuru,1468,Rongai,CORRECT,NORMALIZED,
117,Werugha Ward,TAITA TAVETA,Wundanyi Sub County,AM36DdkZ36Y,59,303,1853,Werugha Ward,59,Taita Taveta,303,Wundanyi Sub County,CORRECT,EXACT,
1784,Barut Ward,Nakuru,Nakuru West  Sub County,KTayLusaU5I,77,1466,1854,Barut Ward,77,Nakuru,1466,Nakuru West,CORRECT,NORMALIZED,
1785,London Ward,Nakuru,Nakuru West  Sub County,KTayLusaU5I,77,1466,1855,London Ward,77,Nakuru,1466,Nakuru West,CORRECT,NORMALIZED,
1799,Chaani Ward,Mombasa,Changamwe Sub County,OvI6w06DhPJ,55,1251,1856,Chaani Ward,55,Mombasa,1251,Changamwe,CORRECT,NORMALIZED,
911,Olkeri Ward,KAJIADO,Kajiado North Sub County,BLz1HkvvMkA,92,1478,1857,Olkeri Ward,92,Kajiado,1478,Kajiado North,CORRECT,NORMALIZED,
912,Ongata rongai Ward,KAJIADO,Kajiado North Sub County,BLz1HkvvMkA,92,1478,1858,Ongata rongai Ward,92,Kajiado,1478,Kajiado North,CORRECT,NORMALIZED,
913,Nkaimurunya Ward,KAJIADO,Kajiado North Sub County,BLz1HkvvMkA,92,1478,1859,Nkaimurunya Ward,92,Kajiado,1478,Kajiado North,CORRECT,NORMALIZED,
914,Oloolua Ward,KAJIADO,Kajiado North Sub County,BLz1HkvvMkA,92,1478,1860,Oloolua Ward,92,Kajiado,1478,Kajiado North,CORRECT,NORMALIZED,
915,Ngong Ward,KAJIADO,Kajiado North Sub County,BLz1HkvvMkA,92,1478,1861,Ngong Ward,92,Kajiado,1478,Kajiado North,CORRECT,NORMALIZED,
916,Purko Ward,KAJIADO,Kajiado Central Sub County,SZapM1R0Kti,92,1477,1862,Purko Ward,92,Kajiado,1477,Kajiado Central,CORRECT,NORMALIZED,
917,Ildamat Ward,KAJIADO,Kajiado Central Sub County,SZapM1R0Kti,92,1477,1863,Ildamat Ward,92,Kajiado,1477,Kajiado Central,CORRECT,NORMALIZED,
918,Dalalekutuk Ward,KAJIADO,Kajiado Central Sub County,SZapM1R0Kti,92,1477,1864,Dalalekutuk Ward,92,Kajiado,1477,Kajiado Central,CORRECT,NORMALIZED,
919,Matapato north Ward,KAJIADO,Kajiado Central Sub County,SZapM1R0Kti,92,1477,1865,Matapato north Ward,92,Kajiado,1477,Kajiado Central,CORRECT,NORMALIZED,
920,Matapato south Ward,KAJIADO,Kajiado Central Sub County,SZapM1R0Kti,92,1477,1866,Matapato south Ward,92,Kajiado,1477,Kajiado Central,CORRECT,NORMALIZED,
921,Kaputiei north Ward,KAJIADO,Kajiado East Sub County,g6gTzQ5nfYq,92,469,1867,Kaputiei north Ward,92,Kajiado,469,Kajiado East Sub County,CORRECT,EXACT,
922,Kitengela Ward,KAJIADO,Kajiado East Sub County,g6gTzQ5nfYq,92,469,1868,Kitengela Ward,92,Kajiado,469,Kajiado East Sub County,CORRECT,EXACT,
923,Oloosirkon/sholinke Ward,KAJIADO,Kajiado East Sub County,g6gTzQ5nfYq,92,469,1869,Oloosirkon/sholinke Ward,92,Kajiado,469,Kajiado East Sub County,CORRECT,EXACT,
924,Kenyawa-poka Ward,KAJIADO,Kajiado East Sub County,g6gTzQ5nfYq,92,469,1870,Kenyawa-poka Ward,92,Kajiado,469,Kajiado East Sub County,CORRECT,EXACT,
925,Imaroro Ward,KAJIADO,Kajiado East Sub County,g6gTzQ5nfYq,92,469,1871,Imaroro Ward,92,Kajiado,469,Kajiado East Sub County,CORRECT,EXACT,
926,Keekonyokie Ward,KAJIADO,Kajiado West Sub County,wYsCfCAUWNB,92,1479,1872,Keekonyokie Ward,92,Kajiado,1479,Kajiado West,CORRECT,NORMALIZED,
1912,Manyatta B Ward,Kisumu,Kisumu East Sub County,PRpKwAloU5b,93,1535,1873,Manyatta B Ward,93,Kisumu,1535,Kisumu East,CORRECT,NORMALIZED,
943,Chilchila Ward,KERICHO,Kipkelion West Sub County,Taw0Zg7nArd,56,472,1874,Chilchila Ward,56,Kericho,472,Kipkelion West Sub County,CORRECT,EXACT,
944,Kapsoit Ward,KERICHO,Ainamoi Sub County,GshNTMZJ5r1,56,295,1875,Kapsoit Ward,56,Kericho,295,AINAMOI,CORRECT,NORMALIZED,
945,Ainamoi Ward,KERICHO,Ainamoi Sub County,GshNTMZJ5r1,56,295,1876,Ainamoi Ward,56,Kericho,295,AINAMOI,CORRECT,NORMALIZED,
946,Kapkugerwet Ward,KERICHO,Ainamoi Sub County,GshNTMZJ5r1,56,295,1877,Kapkugerwet Ward,56,Kericho,295,AINAMOI,CORRECT,NORMALIZED,
947,Kipchebor Ward,KERICHO,Ainamoi Sub County,GshNTMZJ5r1,56,295,1878,Kipchebor Ward,56,Kericho,295,AINAMOI,CORRECT,NORMALIZED,
948,Kipchimchim Ward,KERICHO,Ainamoi Sub County,GshNTMZJ5r1,56,295,1879,Kipchimchim Ward,56,Kericho,295,AINAMOI,CORRECT,NORMALIZED,
949,Kapsaos Ward,KERICHO,Ainamoi Sub County,GshNTMZJ5r1,56,295,1880,Kapsaos Ward,56,Kericho,295,AINAMOI,CORRECT,NORMALIZED,
950,Kisiara Ward,KERICHO,Bureti Sub County,wt8cPHWfkfu,56,1483,1881,Kisiara Ward,56,Kericho,1483,Bureti,CORRECT,NORMALIZED,
951,Tebesonik Ward,KERICHO,Bureti Sub County,wt8cPHWfkfu,56,1483,1882,Tebesonik Ward,56,Kericho,1483,Bureti,CORRECT,NORMALIZED,
952,Cheboin Ward,KERICHO,Bureti Sub County,wt8cPHWfkfu,56,1483,1883,Cheboin Ward,56,Kericho,1483,Bureti,CORRECT,NORMALIZED,
953,Chemosot Ward,KERICHO,Bureti Sub County,wt8cPHWfkfu,56,1483,1884,Chemosot Ward,56,Kericho,1483,Bureti,CORRECT,NORMALIZED,
954,Litein Ward,KERICHO,Bureti Sub County,wt8cPHWfkfu,56,1483,1885,Litein Ward,56,Kericho,1483,Bureti,CORRECT,NORMALIZED,
955,Cheplanget Ward,KERICHO,Bureti Sub County,wt8cPHWfkfu,56,1483,1886,Cheplanget Ward,56,Kericho,1483,Bureti,CORRECT,NORMALIZED,
957,Waldai Ward,KERICHO,Belgut Sub County,YnIAWg1T4AY,56,1482,1887,Waldai Ward,56,Kericho,1482,Belgut,CORRECT,NORMALIZED,
958,Kabianga Ward,KERICHO,Belgut Sub County,YnIAWg1T4AY,56,1482,1888,Kabianga Ward,56,Kericho,1482,Belgut,CORRECT,NORMALIZED,
1814,Kadzandani Ward,Mombasa,Nyali  Sub County,sr8WEz03EnP,55,1256,1889,Kadzandani Ward,55,Mombasa,1256,Nyali,CORRECT,NORMALIZED,
1794,Nakuru East Ward,Nakuru,Nakuru East  Sub County,FBJ9Y11esHS,77,1464,1890,Nakuru East Ward,77,Nakuru,1464,Nakuru East,CORRECT,NORMALIZED,
1795,Port Reitz Ward,Mombasa,Changamwe Sub County,OvI6w06DhPJ,55,1251,1891,Port Reitz Ward,55,Mombasa,1251,Changamwe,CORRECT,NORMALIZED,
962,Sigowet Ward,KERICHO,Sigowet/Soin Sub County,ScLzA7tQxrH,56,474,1892,Sigowet Ward,56,Kericho,474,Sigowet/Soin Sub County,CORRECT,EXACT,
963,Kaplelartet Ward,KERICHO,Sigowet/Soin Sub County,ScLzA7tQxrH,56,474,1893,Kaplelartet Ward,56,Kericho,474,Sigowet/Soin Sub County,CORRECT,EXACT,
964,Soliat Ward,KERICHO,Sigowet/Soin Sub County,ScLzA7tQxrH,56,474,1894,Soliat Ward,56,Kericho,474,Sigowet/Soin Sub County,CORRECT,EXACT,
965,Soin Ward,KERICHO,Sigowet/Soin Sub County,ScLzA7tQxrH,56,474,1895,Soin Ward,56,Kericho,474,Sigowet/Soin Sub County,CORRECT,EXACT,
1816,Shika Adabu Ward,Mombasa,Likoni  Sub County,iy93Mmi73Or,55,1254,1896,Shika Adabu Ward,55,Mombasa,1254,Likoni,CORRECT,NORMALIZED,
1804,Junda Ward,Mombasa,Kisauni  Sub County,C1hO6wNOgrH,55,1253,1897,Junda Ward,55,Mombasa,1253,Kisauni,CORRECT,NORMALIZED,
1805,Bamburi Ward,Mombasa,Kisauni  Sub County,C1hO6wNOgrH,55,1253,1898,Bamburi Ward,55,Mombasa,1253,Kisauni,CORRECT,NORMALIZED,
1806,Mwakirunge Ward,Mombasa,Kisauni  Sub County,C1hO6wNOgrH,55,1253,1899,Mwakirunge Ward,55,Mombasa,1253,Kisauni,CORRECT,NORMALIZED,
1807,Mtopanga Ward,Mombasa,Kisauni  Sub County,C1hO6wNOgrH,55,1253,1900,Mtopanga Ward,55,Mombasa,1253,Kisauni,CORRECT,NORMALIZED,
1913,Nyalenda A Ward,Kisumu,Kisumu East Sub County,PRpKwAloU5b,93,1535,1901,Nyalenda A Ward,93,Kisumu,1535,Kisumu East,CORRECT,NORMALIZED,
1809,Shanzu Ward,Mombasa,Kisauni  Sub County,C1hO6wNOgrH,55,1253,1902,Shanzu Ward,55,Mombasa,1253,Kisauni,CORRECT,NORMALIZED,
1811,Ziwa La Ng'ombe Ward,Mombasa,Nyali  Sub County,sr8WEz03EnP,55,1256,1903,Ziwa La Ng'ombe Ward,55,Mombasa,1256,Nyali,CORRECT,NORMALIZED,
1812,Mkomani Ward,Mombasa,Nyali  Sub County,sr8WEz03EnP,55,1256,1904,Mkomani Ward,55,Mombasa,1256,Nyali,CORRECT,NORMALIZED,
1815,Mtongwe Ward,Mombasa,Likoni  Sub County,iy93Mmi73Or,55,1254,1905,Mtongwe Ward,55,Mombasa,1254,Likoni,CORRECT,NORMALIZED,
125,Mbololo Ward,TAITA TAVETA,Voi Sub County,yoGLpCTgjed,59,1279,1906,Mbololo Ward,59,Taita Taveta,1279,Voi,CORRECT,NORMALIZED,
1817,Bofu Ward,Mombasa,Likoni  Sub County,iy93Mmi73Or,55,1254,1907,Bofu Ward,55,Mombasa,1254,Likoni,CORRECT,NORMALIZED,
1826,Sokoni Ward,Kilifi,Kilifi North Sub County,MEkEH8ZmcOU,73,1266,1908,Sokoni Ward,73,Kilifi,1266,Kilifi North,CORRECT,NORMALIZED,
1828,Dabaso Ward,Kilifi,Kilifi North Sub County,MEkEH8ZmcOU,73,1266,1909,Dabaso Ward,73,Kilifi,1266,Kilifi North,CORRECT,NORMALIZED,
1830,Watamu Ward,Kilifi,Kilifi North Sub County,MEkEH8ZmcOU,73,1266,1910,Watamu Ward,73,Kilifi,1266,Kilifi North,CORRECT,NORMALIZED,
1833,Mwarakaya Ward,Kilifi,Kilifi South Sub County,xWAZBULwGxp,73,1267,1911,Mwarakaya Ward,73,Kilifi,1267,Kilifi South,CORRECT,NORMALIZED,
1835,Chasimba Ward,Kilifi,Kilifi South Sub County,xWAZBULwGxp,73,1267,1912,Chasimba Ward,73,Kilifi,1267,Kilifi South,CORRECT,NORMALIZED,
1836,Mtepeni Ward,Kilifi,Kilifi South Sub County,xWAZBULwGxp,73,1267,1913,Mtepeni Ward,73,Kilifi,1267,Kilifi South,CORRECT,NORMALIZED,
1837,Mariakani Ward,Kilifi,Kaloleni Sub County,tSKDWoVKiPo,73,1264,1914,Mariakani Ward,73,Kilifi,1264,Kaloleni,CORRECT,NORMALIZED,
1838,Kayafungo Ward,Kilifi,Kaloleni Sub County,tSKDWoVKiPo,73,1264,1915,Kayafungo Ward,73,Kilifi,1264,Kaloleni,CORRECT,NORMALIZED,
1839,Kaloleni Ward,Kilifi,Kaloleni Sub County,tSKDWoVKiPo,73,1264,1916,Kaloleni Ward,73,Kilifi,1264,Kaloleni,CORRECT,NORMALIZED,
1840,Mwanamwinga Ward,Kilifi,Kaloleni Sub County,tSKDWoVKiPo,73,1264,1917,Mwanamwinga Ward,73,Kilifi,1264,Kaloleni,CORRECT,NORMALIZED,
1843,Kambe/ribe Ward,Kilifi,Rabai Sub County,hJf4rt7cvI6,73,1270,1918,Kambe/ribe Ward,73,Kilifi,1270,Rabai,CORRECT,NORMALIZED,
1922,Shauri Moyo Kaloleni Ward,Kisumu,Kisumu Central Sub County,OpLt8IgyHop,93,1536,1919,Shauri Moyo Kaloleni Ward,93,Kisumu,1536,Kisumu Central,CORRECT,NORMALIZED,
1846,Bamba Ward,Kilifi,Ganze Sub County,x7qUMtZZvo9,73,1263,1920,Bamba Ward,73,Kilifi,1263,Ganze,CORRECT,NORMALIZED,
1847,Jaribuni Ward,Kilifi,Ganze Sub County,x7qUMtZZvo9,73,1263,1921,Jaribuni Ward,73,Kilifi,1263,Ganze,CORRECT,NORMALIZED,
1849,Jilore Ward,Kilifi,Malindi Sub County,lGg3wEy784X,73,1269,1922,Jilore Ward,73,Kilifi,1269,Malindi,CORRECT,NORMALIZED,
1850,Kakuyuni Ward,Kilifi,Malindi Sub County,lGg3wEy784X,73,1269,1923,Kakuyuni Ward,73,Kilifi,1269,Malindi,CORRECT,NORMALIZED,
1853,Shella Ward,Kilifi,Malindi Sub County,lGg3wEy784X,73,1269,1924,Shella Ward,73,Kilifi,1269,Malindi,CORRECT,NORMALIZED,
1854,Marafa Ward,Kilifi,Magarini Sub County,KMWrMZrlO5u,73,1268,1925,Marafa Ward,73,Kilifi,1268,Magarini,CORRECT,NORMALIZED,
1855,Magarini Ward,Kilifi,Magarini Sub County,KMWrMZrlO5u,73,1268,1926,Magarini Ward,73,Kilifi,1268,Magarini,CORRECT,NORMALIZED,
1879,West Ugenya Ward,Siaya,Ugenya Sub County,InECuIlzJGx,83,1531,1927,West Ugenya Ward,83,Siaya,1531,Ugenya,CORRECT,NORMALIZED,
1880,Ukwala Ward,Siaya,Ugenya Sub County,InECuIlzJGx,83,1531,1928,Ukwala Ward,83,Siaya,1531,Ugenya,CORRECT,NORMALIZED,
1881,North Ugenya Ward,Siaya,Ugenya Sub County,InECuIlzJGx,83,1531,1929,North Ugenya Ward,83,Siaya,1531,Ugenya,CORRECT,NORMALIZED,
1882,East Ugenya Ward,Siaya,Ugenya Sub County,InECuIlzJGx,83,1531,1930,East Ugenya Ward,83,Siaya,1531,Ugenya,CORRECT,NORMALIZED,
1883,Sidindi Ward,Siaya,Ugunja Sub County,m9nsQ1MXlVU,83,1532,1931,Sidindi Ward,83,Siaya,1532,Ugunja,CORRECT,NORMALIZED,
1884,Sigomere Ward,Siaya,Ugunja Sub County,m9nsQ1MXlVU,83,1532,1932,Sigomere Ward,83,Siaya,1532,Ugunja,CORRECT,NORMALIZED,
1885,Ugunja Ward,Siaya,Ugunja Sub County,m9nsQ1MXlVU,83,1532,1933,Ugunja Ward,83,Siaya,1532,Ugunja,CORRECT,NORMALIZED,
1886,Usonga Ward,Siaya,Alego Usonga Sub County,Cu46otDi1RO,83,483,1934,Usonga Ward,83,Siaya,483,Alego Usonga Sub County,CORRECT,EXACT,
1887,West Alego Ward,Siaya,Alego Usonga Sub County,Cu46otDi1RO,83,483,1935,West Alego Ward,83,Siaya,483,Alego Usonga Sub County,CORRECT,EXACT,
1888,Central Alego Ward,Siaya,Alego Usonga Sub County,Cu46otDi1RO,83,483,1936,Central Alego Ward,83,Siaya,483,Alego Usonga Sub County,CORRECT,EXACT,
1889,Siaya Township Ward,Siaya,Alego Usonga Sub County,Cu46otDi1RO,83,483,1937,Siaya Township Ward,83,Siaya,483,Alego Usonga Sub County,CORRECT,EXACT,
1890,Gombato Bongwe Ward,Kwale,Msambweni Sub County,ADMywdLwoRX,84,1260,1938,Gombato Bongwe Ward,84,Kwale,1260,Msambweni,CORRECT,NORMALIZED,
126,Sagala Ward,TAITA TAVETA,Voi Sub County,yoGLpCTgjed,59,1279,1939,Sagala Ward,59,Taita Taveta,1279,Voi,CORRECT,NORMALIZED,
1915,South West Kisumu Ward,Kisumu,Kisumu West Sub County,YzEDO9Mq4TR,93,1537,1940,South West Kisumu Ward,93,Kisumu,1537,Kisumu West,CORRECT,NORMALIZED,
2005,Nyakoe Ward,Kisii,Kitutu Chache South Sub County,gPR82w2xgJZ,87,485,1941,Nyakoe Ward,87,Kisii,485,Kitutu Chache South Sub County,CORRECT,EXACT,
2006,Kisii Central Ward,Kisii,Kitutu Chache South Sub County,gPR82w2xgJZ,87,485,1942,Kisii Central Ward,87,Kisii,485,Kitutu Chache South Sub County,CORRECT,EXACT,
2008,Parklands/highridge Ward,Nairobi,Westlands  Sub County,f1T0Ltob8VQ,79,486,1943,Parklands/highridge Ward,79,Nairobi City,486,Westlands  Sub County,CORRECT,EXACT,
2012,Kilimani Ward,Nairobi,Dagoretti North Sub County,CcTr4bcVGAG,79,487,1944,Kilimani Ward,79,Nairobi City,487,Dagoretti North Sub County,CORRECT,EXACT,
2015,Kileleshwa Ward,Nairobi,Dagoretti North Sub County,CcTr4bcVGAG,79,487,1945,Kileleshwa Ward,79,Nairobi City,487,Dagoretti North Sub County,CORRECT,EXACT,
802,Mogotio Ward,BARINGO,Mogotio Sub County,k5sxmlXAtIg,90,1451,1946,Mogotio Ward,90,Baringo,1451,Mogotio,CORRECT,NORMALIZED,
803,Emining Ward,BARINGO,Mogotio Sub County,k5sxmlXAtIg,90,1451,1947,Emining Ward,90,Baringo,1451,Mogotio,CORRECT,NORMALIZED,
804,Kisanana Ward,BARINGO,Mogotio Sub County,k5sxmlXAtIg,90,1451,1948,Kisanana Ward,90,Baringo,1451,Mogotio,CORRECT,NORMALIZED,
805,Lembus Ward,BARINGO,Koibatek Sub County,Yl9UDBnDvvW,90,1449,1949,Lembus Ward,90,Baringo,1449,Koibatek,CORRECT,NORMALIZED,
806,Lembus kwen Ward,BARINGO,Koibatek Sub County,Yl9UDBnDvvW,90,1449,1950,Lembus kwen Ward,90,Baringo,1449,Koibatek,CORRECT,NORMALIZED,
807,Ravine Ward,BARINGO,Koibatek Sub County,Yl9UDBnDvvW,90,1449,1951,Ravine Ward,90,Baringo,1449,Koibatek,CORRECT,NORMALIZED,
808,Mumberes/Maji Mazuri Ward,BARINGO,Koibatek Sub County,Yl9UDBnDvvW,90,1449,1952,Mumberes/Maji Mazuri Ward,90,Baringo,1449,Koibatek,CORRECT,NORMALIZED,
809,Lembus/Perkerra Ward,BARINGO,Koibatek Sub County,Yl9UDBnDvvW,90,1449,1953,Lembus/Perkerra Ward,90,Baringo,1449,Koibatek,CORRECT,NORMALIZED,
810,Koibatek Ward,BARINGO,Koibatek Sub County,Yl9UDBnDvvW,90,1449,1954,Koibatek Ward,90,Baringo,1449,Koibatek,CORRECT,NORMALIZED,
811,Ol-Moran Ward,LAIKIPIA,Laikipia West Sub County,pXbWrnFPpKb,91,1457,1955,Ol-Moran Ward,91,Laikipia,1457,Laikipia West,CORRECT,NORMALIZED,
812,Rumuruti Township Ward,LAIKIPIA,Laikipia West Sub County,pXbWrnFPpKb,91,1457,1956,Rumuruti Township Ward,91,Laikipia,1457,Laikipia West,CORRECT,NORMALIZED,
2030,Woodley/kenyatta Golf Course Ward,Nairobi,Kibra  Sub County,LO5he3DtiFG,79,1576,1957,Woodley/kenyatta Golf Course Ward,79,Nairobi City,1576,Kibra,CORRECT,NORMALIZED,
937,Kedowa/kimugul Ward,KERICHO,Kipkelion East Sub County,gU0Cz7Qlfss,56,491,1958,Kedowa/kimugul Ward,56,Kericho,491,Kipkelion East Sub County,CORRECT,EXACT,
938,Chepseon Ward,KERICHO,Kipkelion East Sub County,gU0Cz7Qlfss,56,491,1959,Chepseon Ward,56,Kericho,491,Kipkelion East Sub County,CORRECT,EXACT,
939,Tendeno/sorget Ward,KERICHO,Kipkelion East Sub County,gU0Cz7Qlfss,56,491,1960,Tendeno/sorget Ward,56,Kericho,491,Kipkelion East Sub County,CORRECT,EXACT,
940,Kunyak Ward,KERICHO,Kipkelion West Sub County,Taw0Zg7nArd,56,472,1961,Kunyak Ward,56,Kericho,472,Kipkelion West Sub County,CORRECT,EXACT,
941,Kamasian Ward,KERICHO,Kipkelion West Sub County,Taw0Zg7nArd,56,472,1962,Kamasian Ward,56,Kericho,472,Kipkelion West Sub County,CORRECT,EXACT,
942,Kipkelion Ward,KERICHO,Kipkelion West Sub County,Taw0Zg7nArd,56,472,1963,Kipkelion Ward,56,Kericho,472,Kipkelion West Sub County,CORRECT,EXACT,
1818,Likoni Ward,Mombasa,Likoni  Sub County,iy93Mmi73Or,55,1254,1964,Likoni Ward,55,Mombasa,1254,Likoni,CORRECT,NORMALIZED,
2034,Zimmerman Ward,Nairobi,Roysambu  Sub County,j7GpbairCOi,79,492,1965,Zimmerman Ward,79,Nairobi City,492,Roysambu  Sub County,CORRECT,EXACT,
2035,Roysambu Ward,Nairobi,Roysambu  Sub County,j7GpbairCOi,79,492,1966,Roysambu Ward,79,Nairobi City,492,Roysambu  Sub County,CORRECT,EXACT,
2038,Mwiki Ward,Nairobi,Kasarani  Sub County,FoqzDgIByL6,79,1575,1967,Mwiki Ward,79,Nairobi City,1575,Kasarani,CORRECT,NORMALIZED,
2039,Kasarani Ward,Nairobi,Kasarani  Sub County,FoqzDgIByL6,79,1575,1968,Kasarani Ward,79,Nairobi City,1575,Kasarani,CORRECT,NORMALIZED,
1923,Market Milimani Ward,Kisumu,Kisumu Central Sub County,OpLt8IgyHop,93,1536,1969,Market Milimani Ward,93,Kisumu,1536,Kisumu Central,CORRECT,NORMALIZED,
2045,Lucky Summer Ward,Nairobi,Ruaraka  Sub County,Cc8uEFkzfVf,79,405,1970,Lucky Summer Ward,79,Nairobi City,405,Ruaraka  Sub County,CORRECT,EXACT,
2046,Korogocho Ward,Nairobi,Ruaraka  Sub County,Cc8uEFkzfVf,79,405,1971,Korogocho Ward,79,Nairobi City,405,Ruaraka  Sub County,CORRECT,EXACT,
1827,Kibarani Ward,Kilifi,Kilifi North Sub County,MEkEH8ZmcOU,73,1266,1972,Kibarani Ward,73,Kilifi,1266,Kilifi North,CORRECT,NORMALIZED,
1829,Matsangoni Ward,Kilifi,Kilifi North Sub County,MEkEH8ZmcOU,73,1266,1973,Matsangoni Ward,73,Kilifi,1266,Kilifi North,CORRECT,NORMALIZED,
2050,Pipeline Ward,Nairobi,Embakasi South Sub County,aDp1odOWYC1,79,407,1974,Pipeline Ward,79,Nairobi City,407,Embakasi South Sub County,CORRECT,EXACT,
1924,Kondele Ward,Kisumu,Kisumu Central Sub County,OpLt8IgyHop,93,1536,1975,Kondele Ward,93,Kisumu,1536,Kisumu Central,CORRECT,NORMALIZED,
1819,Timbwani Ward,Mombasa,Likoni  Sub County,iy93Mmi73Or,55,1254,1976,Timbwani Ward,55,Mombasa,1254,Likoni,CORRECT,NORMALIZED,
1925,Nyalenda B Ward,Kisumu,Kisumu Central Sub County,OpLt8IgyHop,93,1536,1977,Nyalenda B Ward,93,Kisumu,1536,Kisumu Central,CORRECT,NORMALIZED,
1926,West Seme Ward,Kisumu,Seme Sub County,LRNmnMw1fBs,93,1538,1978,West Seme Ward,93,Kisumu,1538,Seme,CORRECT,NORMALIZED,
1927,Central Seme Ward,Kisumu,Seme Sub County,LRNmnMw1fBs,93,1538,1979,Central Seme Ward,93,Kisumu,1538,Seme,CORRECT,NORMALIZED,
1928,East Seme Ward,Kisumu,Seme Sub County,LRNmnMw1fBs,93,1538,1980,East Seme Ward,93,Kisumu,1538,Seme,CORRECT,NORMALIZED,
1929,North Seme Ward,Kisumu,Seme Sub County,LRNmnMw1fBs,93,1538,1981,North Seme Ward,93,Kisumu,1538,Seme,CORRECT,NORMALIZED,
1930,East Kano/wawidhi Ward,Kisumu,Nyando Sub County,iRK9uABUTVZ,93,495,1982,East Kano/wawidhi Ward,93,Kisumu,495,Nyando Sub County,CORRECT,EXACT,
1931,Kabonyo Kanyagwal,Kisumu,Nyando Sub County,iRK9uABUTVZ,93,495,1983,Kabonyo Kanyagwal,93,Kisumu,495,Nyando Sub County,CORRECT,EXACT,
1932,Kobura Ward,Kisumu,Nyando Sub County,iRK9uABUTVZ,93,495,1984,Kobura Ward,93,Kisumu,495,Nyando Sub County,CORRECT,EXACT,
1933,Miwani Ward,Kisumu,Muhoroni Sub County,NmbwkQ5r5cB,93,1539,1985,Miwani Ward,93,Kisumu,1539,Muhoroni,CORRECT,NORMALIZED,
1934,Ombeyi Ward,Kisumu,Muhoroni Sub County,NmbwkQ5r5cB,93,1539,1986,Ombeyi Ward,93,Kisumu,1539,Muhoroni,CORRECT,NORMALIZED,
1935,Masogo/nyang'oma Ward,Kisumu,Muhoroni Sub County,NmbwkQ5r5cB,93,1539,1987,Masogo/nyang'oma Ward,93,Kisumu,1539,Muhoroni,CORRECT,NORMALIZED,
1936,Chemelil Ward,Kisumu,Muhoroni Sub County,NmbwkQ5r5cB,93,1539,1988,Chemelil Ward,93,Kisumu,1539,Muhoroni,CORRECT,NORMALIZED,
1937,Muhoroni Koru Ward,Kisumu,Muhoroni Sub County,NmbwkQ5r5cB,93,1539,1989,Muhoroni Koru Ward,93,Kisumu,1539,Muhoroni,CORRECT,NORMALIZED,
1938,South West Nyakach Ward,Kisumu,Nyakach Sub County,kBQIjtWUBqj,93,497,1990,South West Nyakach Ward,93,Kisumu,497,Nyakach Sub County,CORRECT,EXACT,
1939,North Nyakach Ward,Kisumu,Nyakach Sub County,kBQIjtWUBqj,93,497,1991,North Nyakach Ward,93,Kisumu,497,Nyakach Sub County,CORRECT,EXACT,
1940,Central Nyakach Ward,Kisumu,Nyakach Sub County,kBQIjtWUBqj,93,497,1992,Central Nyakach Ward,93,Kisumu,497,Nyakach Sub County,CORRECT,EXACT,
1941,West Nyakach Ward,Kisumu,Nyakach Sub County,kBQIjtWUBqj,93,497,1993,West Nyakach Ward,93,Kisumu,497,Nyakach Sub County,CORRECT,EXACT,
1942,South East Nyakach Ward,Kisumu,Nyakach Sub County,kBQIjtWUBqj,93,497,1994,South East Nyakach Ward,93,Kisumu,497,Nyakach Sub County,CORRECT,EXACT,
1943,Awasi/onjiko Ward,Kisumu,Nyando Sub County,iRK9uABUTVZ,93,495,1995,Awasi/onjiko Ward,93,Kisumu,495,Nyando Sub County,CORRECT,EXACT,
1944,Ahero Ward,Kisumu,Nyando Sub County,iRK9uABUTVZ,93,495,1996,Ahero Ward,93,Kisumu,495,Nyando Sub County,CORRECT,EXACT,
1945,Rigoma Ward,Nyamira,Masaba North Sub County,Qn5Fff2lIDz,94,1569,1997,Rigoma Ward,94,Nyamira,1569,Masaba North,CORRECT,NORMALIZED,
1946,Gachuba Ward,Nyamira,Masaba North Sub County,Qn5Fff2lIDz,94,1569,1998,Gachuba Ward,94,Nyamira,1569,Masaba North,CORRECT,NORMALIZED,
1947,Kamera Ward,Nyamira,Manga Sub County,f3AcdRzgTwz,94,1568,1999,Kamera Ward,94,Nyamira,1568,Manga,CORRECT,NORMALIZED,
1948,Magombo Ward,Nyamira,Manga Sub County,f3AcdRzgTwz,94,1568,2000,Magombo Ward,94,Nyamira,1568,Manga,CORRECT,NORMALIZED,
1949,Manga Ward,Nyamira,Manga Sub County,f3AcdRzgTwz,94,1568,2001,Manga Ward,94,Nyamira,1568,Manga,CORRECT,NORMALIZED,
1950,Gesima Ward,Nyamira,Masaba North Sub County,Qn5Fff2lIDz,94,1569,2002,Gesima Ward,94,Nyamira,1569,Masaba North,CORRECT,NORMALIZED,
1951,Nyamaiya Ward,Nyamira,Nyamira Sub County,cxjRPbvhjzr,94,500,2003,Nyamaiya Ward,94,Nyamira,500,Nyamira Sub County,CORRECT,EXACT,
1952,Bogichora Ward,Nyamira,Nyamira Sub County,cxjRPbvhjzr,94,500,2004,Bogichora Ward,94,Nyamira,500,Nyamira Sub County,CORRECT,EXACT,
1953,Bosamaro Ward,Nyamira,Nyamira Sub County,cxjRPbvhjzr,94,500,2005,Bosamaro Ward,94,Nyamira,500,Nyamira Sub County,CORRECT,EXACT,
1954,Bonyamatuta Ward,Nyamira,Nyamira Sub County,cxjRPbvhjzr,94,500,2006,Bonyamatuta Ward,94,Nyamira,500,Nyamira Sub County,CORRECT,EXACT,
1955,Township Ward,Nyamira,Nyamira Sub County,cxjRPbvhjzr,94,500,2007,Township Ward,94,Nyamira,500,Nyamira Sub County,CORRECT,EXACT,
1956,Itibo Ward,Nyamira,Nyamira North Sub County,v5qbFUgfIoF,94,1570,2008,Itibo Ward,94,Nyamira,1570,Nyamira North,CORRECT,NORMALIZED,
1957,Bomwagamo Ward,Nyamira,Nyamira North Sub County,v5qbFUgfIoF,94,1570,2009,Bomwagamo Ward,94,Nyamira,1570,Nyamira North,CORRECT,NORMALIZED,
1958,Bokeira Ward,Nyamira,Nyamira North Sub County,v5qbFUgfIoF,94,1570,2010,Bokeira Ward,94,Nyamira,1570,Nyamira North,CORRECT,NORMALIZED,
1959,Magwagwa Ward,Nyamira,Nyamira North Sub County,v5qbFUgfIoF,94,1570,2011,Magwagwa Ward,94,Nyamira,1570,Nyamira North,CORRECT,NORMALIZED,
1960,Ekerenyo Ward,Nyamira,Nyamira North Sub County,v5qbFUgfIoF,94,1570,2012,Ekerenyo Ward,94,Nyamira,1570,Nyamira North,CORRECT,NORMALIZED,
1961,Mekenene Ward,Nyamira,Borabu Sub County,ABuzigW8Lzw,94,1567,2013,Mekenene Ward,94,Nyamira,1567,Borabu,CORRECT,NORMALIZED,
1962,Kiabonyoru Ward,Nyamira,Borabu Sub County,ABuzigW8Lzw,94,1567,2014,Kiabonyoru Ward,94,Nyamira,1567,Borabu,CORRECT,NORMALIZED,
1963,Nyansiongo Ward,Nyamira,Borabu Sub County,ABuzigW8Lzw,94,1567,2015,Nyansiongo Ward,94,Nyamira,1567,Borabu,CORRECT,NORMALIZED,
1964,Esise Ward,Nyamira,Borabu Sub County,ABuzigW8Lzw,94,1567,2016,Esise Ward,94,Nyamira,1567,Borabu,CORRECT,NORMALIZED,
1965,Bomariba Ward,Kisii,Bonchari  Sub County,zCCIu1Vi3Wh,87,503,2017,Bomariba Ward,87,Kisii,503,Bonchari  Sub County,CORRECT,EXACT,
1966,Bogiakumu Ward,Kisii,Bonchari  Sub County,zCCIu1Vi3Wh,87,503,2018,Bogiakumu Ward,87,Kisii,503,Bonchari  Sub County,CORRECT,EXACT,
1967,Bomorenda Ward,Kisii,Bonchari  Sub County,zCCIu1Vi3Wh,87,503,2019,Bomorenda Ward,87,Kisii,503,Bonchari  Sub County,CORRECT,EXACT,
1968,Riana Ward,Kisii,Bonchari  Sub County,zCCIu1Vi3Wh,87,503,2020,Riana Ward,87,Kisii,503,Bonchari  Sub County,CORRECT,EXACT,
1969,Tabaka Ward,Kisii,South Mugirango Sub County,WHG67QCDRS9,87,504,2021,Tabaka Ward,87,Kisii,504,South Mugirango Sub County,CORRECT,EXACT,
1970,Boikanga Ward,Kisii,South Mugirango Sub County,WHG67QCDRS9,87,504,2022,Boikanga Ward,87,Kisii,504,South Mugirango Sub County,CORRECT,EXACT,
1971,Bogetenga Ward,Kisii,South Mugirango Sub County,WHG67QCDRS9,87,504,2023,Bogetenga Ward,87,Kisii,504,South Mugirango Sub County,CORRECT,EXACT,
1972,Borabu Chitago Ward,Kisii,South Mugirango Sub County,WHG67QCDRS9,87,504,2024,Borabu Chitago Ward,87,Kisii,504,South Mugirango Sub County,CORRECT,EXACT,
1973,Moticho Ward,Kisii,South Mugirango Sub County,WHG67QCDRS9,87,504,2025,Moticho Ward,87,Kisii,504,South Mugirango Sub County,CORRECT,EXACT,
1974,Getenga Ward,Kisii,South Mugirango Sub County,WHG67QCDRS9,87,504,2026,Getenga Ward,87,Kisii,504,South Mugirango Sub County,CORRECT,EXACT,
1975,Bokimonge Ward,Kisii,Bomachoge Borabu Sub County,ntRK47D5dYL,87,450,2027,Bokimonge Ward,87,Kisii,450,Bomachoge Borabu Sub County,CORRECT,EXACT,
1976,Magenche Ward,Kisii,Bomachoge Borabu Sub County,ntRK47D5dYL,87,450,2028,Magenche Ward,87,Kisii,450,Bomachoge Borabu Sub County,CORRECT,EXACT,
1977,Masige West Ward,Kisii,Bobasi Sub County,cooDDG3Lh3A,87,505,2029,Masige West Ward,87,Kisii,505,Bobasi Sub County,CORRECT,EXACT,
1978,Masige East Ward,Kisii,Bobasi Sub County,cooDDG3Lh3A,87,505,2030,Masige East Ward,87,Kisii,505,Bobasi Sub County,CORRECT,EXACT,
1979,Basi Central Ward,Kisii,Bobasi Sub County,cooDDG3Lh3A,87,505,2031,Basi Central Ward,87,Kisii,505,Bobasi Sub County,CORRECT,EXACT,
1980,Nyacheki Ward,Kisii,Bobasi Sub County,cooDDG3Lh3A,87,505,2032,Nyacheki Ward,87,Kisii,505,Bobasi Sub County,CORRECT,EXACT,
1981,Bassi Bogetaorio Ward,Kisii,Bobasi Sub County,cooDDG3Lh3A,87,505,2033,Bassi Bogetaorio Ward,87,Kisii,505,Bobasi Sub County,CORRECT,EXACT,
1982,Bobasi Chache Ward,Kisii,Bobasi Sub County,cooDDG3Lh3A,87,505,2034,Bobasi Chache Ward,87,Kisii,505,Bobasi Sub County,CORRECT,EXACT,
1983,Sameta Mokwerero Ward,Kisii,Bobasi Sub County,cooDDG3Lh3A,87,505,2035,Sameta Mokwerero Ward,87,Kisii,505,Bobasi Sub County,CORRECT,EXACT,
1984,Bobasi Boitangare Ward,Kisii,Bobasi Sub County,cooDDG3Lh3A,87,505,2036,Bobasi Boitangare Ward,87,Kisii,505,Bobasi Sub County,CORRECT,EXACT,
1985,Majoge Basi Ward,Kisii,Bomachoge Chache Sub County,YqYSkwmOtiR,87,506,2037,Majoge Basi Ward,87,Kisii,506,Bomachoge Chache Sub County,CORRECT,EXACT,
1986,Boochi Tendere Ward,Kisii,Bomachoge Chache Sub County,YqYSkwmOtiR,87,506,2038,Boochi Tendere Ward,87,Kisii,506,Bomachoge Chache Sub County,CORRECT,EXACT,
1987,Bosoti Sengera Ward,Kisii,Bomachoge Chache Sub County,YqYSkwmOtiR,87,506,2039,Bosoti Sengera Ward,87,Kisii,506,Bomachoge Chache Sub County,CORRECT,EXACT,
1988,Ichuni Ward,Kisii,Nyaribari Masaba Sub County,A6Sj8RumZ0m,87,507,2040,Ichuni Ward,87,Kisii,507,Nyaribari Masaba Sub County,CORRECT,EXACT,
1989,Nyamasibi Ward,Kisii,Nyaribari Masaba Sub County,A6Sj8RumZ0m,87,507,2041,Nyamasibi Ward,87,Kisii,507,Nyaribari Masaba Sub County,CORRECT,EXACT,
1990,Masimba Ward,Kisii,Nyaribari Masaba Sub County,A6Sj8RumZ0m,87,507,2042,Masimba Ward,87,Kisii,507,Nyaribari Masaba Sub County,CORRECT,EXACT,
1991,Gesusu Ward,Kisii,Nyaribari Masaba Sub County,A6Sj8RumZ0m,87,507,2043,Gesusu Ward,87,Kisii,507,Nyaribari Masaba Sub County,CORRECT,EXACT,
1992,Kiamokama Ward,Kisii,Nyaribari Masaba Sub County,A6Sj8RumZ0m,87,507,2044,Kiamokama Ward,87,Kisii,507,Nyaribari Masaba Sub County,CORRECT,EXACT,
1993,Bobaracho Ward,Kisii,Nyaribari Chache  Sub County,fFh3beH29fD,87,508,2045,Bobaracho Ward,87,Kisii,508,Nyaribari Chache  Sub County,CORRECT,EXACT,
1994,Kisii Central Ward,Kisii,Nyaribari Chache  Sub County,fFh3beH29fD,87,508,2628,Kisii Central Ward,87,Kisii,508,Nyaribari Chache  Sub County,CORRECT,EXACT,
1995,Keumbu Ward,Kisii,Nyaribari Chache  Sub County,fFh3beH29fD,87,508,2046,Keumbu Ward,87,Kisii,508,Nyaribari Chache  Sub County,CORRECT,EXACT,
1996,Kiogoro Ward,Kisii,Nyaribari Chache  Sub County,fFh3beH29fD,87,508,2047,Kiogoro Ward,87,Kisii,508,Nyaribari Chache  Sub County,CORRECT,EXACT,
1997,Birongo Ward,Kisii,Nyaribari Chache  Sub County,fFh3beH29fD,87,508,2048,Birongo Ward,87,Kisii,508,Nyaribari Chache  Sub County,CORRECT,EXACT,
128,Marungu Ward,TAITA TAVETA,Voi Sub County,yoGLpCTgjed,59,1279,2049,Marungu Ward,59,Taita Taveta,1279,Voi,CORRECT,NORMALIZED,
2063,Lower Savanna Ward,Nairobi,Embakasi East Sub County,gD4xxgDGJ4Y,79,509,2050,Lower Savanna Ward,79,Nairobi City,509,Embakasi East Sub County,CORRECT,EXACT,
2064,Embakasi Ward,Nairobi,Embakasi East Sub County,gD4xxgDGJ4Y,79,509,2051,Embakasi Ward,79,Nairobi City,509,Embakasi East Sub County,CORRECT,EXACT,
2065,Utawala Ward,Nairobi,Embakasi East Sub County,gD4xxgDGJ4Y,79,509,2052,Utawala Ward,79,Nairobi City,509,Embakasi East Sub County,CORRECT,EXACT,
2066,Mihango Ward,Nairobi,Embakasi East Sub County,gD4xxgDGJ4Y,79,509,2053,Mihango Ward,79,Nairobi City,509,Embakasi East Sub County,CORRECT,EXACT,
130,Ngolia Ward,TAITA TAVETA,Voi Sub County,yoGLpCTgjed,59,1279,2054,Ngolia Ward,59,Taita Taveta,1279,Voi,CORRECT,NORMALIZED,
2000,Sensi Ward,Kisii,Kitutu Chache North Sub County,cQkF9l9wePP,87,510,2055,Sensi Ward,87,Kisii,510,Kitutu Chache North Sub County,CORRECT,EXACT,
2072,Viwandani Ward,Nairobi,Makadara  Sub County,wwROy3Qkwin,79,1578,2056,Viwandani Ward,79,Nairobi City,1578,Makadara,CORRECT,NORMALIZED,
2073,Harambee Ward,Nairobi,Makadara  Sub County,wwROy3Qkwin,79,1578,2057,Harambee Ward,79,Nairobi City,1578,Makadara,CORRECT,NORMALIZED,
2077,Eastleigh South Ward,Nairobi,Kamukunji  Sub County,qoLIT7y5f5c,79,1574,2058,Eastleigh South Ward,79,Nairobi City,1574,Kamukunji,CORRECT,NORMALIZED,
749,Kabiemit Ward,ELGEYO-MARAKWET,Keiyo South Sub County,SOEG546PqbA,85,1437,2059,Kabiemit Ward,85,Elgeyo Marakwet,1437,Keiyo South,CORRECT,NORMALIZED,
143,Maalimin Ward,GARISSA,Lagdera Sub County,J69iWev2zwu,60,1286,2060,Maalimin Ward,60,Garissa,1286,Lagdera,CORRECT,NORMALIZED,
144,Sabena Ward,GARISSA,Lagdera Sub County,J69iWev2zwu,60,1286,2061,Sabena Ward,60,Garissa,1286,Lagdera,CORRECT,NORMALIZED,
145,Baraki Ward,GARISSA,Lagdera Sub County,J69iWev2zwu,60,1286,2062,Baraki Ward,60,Garissa,1286,Lagdera,CORRECT,NORMALIZED,
765,Chemundu/kapng'etunyi Ward,NANDI,Chesumei Sub County,xLWuQq3DjOR,88,1440,2063,Chemundu/kapng'etunyi Ward,88,Nandi,1440,Chesumei,CORRECT,NORMALIZED,
2013,Kawangware Ward,Nairobi,Dagoretti North Sub County,CcTr4bcVGAG,79,487,2064,Kawangware Ward,79,Nairobi City,487,Dagoretti North Sub County,CORRECT,EXACT,
2084,Landimawe Ward,Nairobi,Starehe  Sub County,nKHlZyN0lt9,79,513,2065,Landimawe Ward,79,Nairobi City,513,Starehe  Sub County,CORRECT,EXACT,
2085,Nairobi South Ward,Nairobi,Starehe  Sub County,nKHlZyN0lt9,79,513,2066,Nairobi South Ward,79,Nairobi City,513,Starehe  Sub County,CORRECT,EXACT,
2088,Huruma Ward,Nairobi,Mathare  Sub County,gh2kzpOFCeF,79,1579,2067,Huruma Ward,79,Nairobi City,1579,Mathare,CORRECT,NORMALIZED,
2131,Segeroi/barsombe Ward,Uasin Gishu,Soy Sub County,lmr1q6dTaso,78,1434,2068,Segeroi/barsombe Ward,78,Uasin Gishu,1434,Soy,CORRECT,NORMALIZED,
2132,Kipsomba Ward,Uasin Gishu,Soy Sub County,lmr1q6dTaso,78,1434,2069,Kipsomba Ward,78,Uasin Gishu,1434,Soy,CORRECT,NORMALIZED,
2152,Megun Ward,Uasin Gishu,Kapseret Sub County,u9yagZzK49q,78,1431,2070,Megun Ward,78,Uasin Gishu,1431,Kapseret,CORRECT,NORMALIZED,
2159,Keyian Ward,Narok,Transmara West Sub County,Nb6e34jNGAq,80,411,2071,Keyian Ward,80,Narok,411,Transmara West Sub County,CORRECT,EXACT,
2160,Angata Barikoi Ward,Narok,Transmara West Sub County,Nb6e34jNGAq,80,411,2072,Angata Barikoi Ward,80,Narok,411,Transmara West Sub County,CORRECT,EXACT,
2161,Shankoe Ward,Narok,Transmara West Sub County,Nb6e34jNGAq,80,411,2073,Shankoe Ward,80,Narok,411,Transmara West Sub County,CORRECT,EXACT,
2162,Kimintet Ward,Narok,Transmara West Sub County,Nb6e34jNGAq,80,411,2074,Kimintet Ward,80,Narok,411,Transmara West Sub County,CORRECT,EXACT,
2163,Lolgorian Ward,Narok,Transmara West Sub County,Nb6e34jNGAq,80,411,2075,Lolgorian Ward,80,Narok,411,Transmara West Sub County,CORRECT,EXACT,
2164,Iikerin Ward,Narok,Transmara East Sub County,PGTkGnIAZuy,80,515,2076,Iikerin Ward,80,Narok,515,Transmara East Sub County,CORRECT,EXACT,
2165,Ololmasani Ward,Narok,Transmara East Sub County,PGTkGnIAZuy,80,515,2077,Ololmasani Ward,80,Narok,515,Transmara East Sub County,CORRECT,EXACT,
2166,Mogondo Ward,Narok,Transmara East Sub County,PGTkGnIAZuy,80,515,2078,Mogondo Ward,80,Narok,515,Transmara East Sub County,CORRECT,EXACT,
2217,Kijabe Ward,Kiambu,Lari Sub County,nCziQtZ49jj,82,1405,2079,Kijabe Ward,82,Kiambu,1405,Lari,CORRECT,NORMALIZED,
2241,Gatongora Ward,Kiambu,Ruiru Sub County,TPRNJqSm4lK,82,1407,2080,Gatongora Ward,82,Kiambu,1407,Ruiru,CORRECT,NORMALIZED,
306,Gatunga Ward,THARAKA-NITHI,Tharaka North Sub County,ZNXf7qiVh3t,66,1326,2081,Gatunga Ward,66,Tharaka Nithi,1326,Tharaka North,CORRECT,NORMALIZED,
307,Mukothima Ward,THARAKA-NITHI,Tharaka North Sub County,ZNXf7qiVh3t,66,1326,2082,Mukothima Ward,66,Tharaka Nithi,1326,Tharaka North,CORRECT,NORMALIZED,
2243,Kahawa Wendani Ward,Kiambu,Ruiru Sub County,TPRNJqSm4lK,82,1407,2083,Kahawa Wendani Ward,82,Kiambu,1407,Ruiru,CORRECT,NORMALIZED,
2274,BOOCHI BORABU,Kisii,Bomachoge Borabu Sub County,ntRK47D5dYL,87,450,2084,BOOCHI BORABU,87,Kisii,450,Bomachoge Borabu Sub County,CORRECT,EXACT,
86,Kipini east Ward,TANA RIVER,Garsen Sub County,Lj0mu9j58Ss,57,517,2085,Kipini east Ward,57,Tana River,517,Garsen Sub County,CORRECT,EXACT,
87,Garsen south Ward,TANA RIVER,Garsen Sub County,Lj0mu9j58Ss,57,517,2086,Garsen south Ward,57,Tana River,517,Garsen Sub County,CORRECT,EXACT,
196,BANISSA,MANDERA,BANISSA,hCvlJNjyZna,63,518,2087,BANISSA,63,Mandera,518,BANISSA,CORRECT,EXACT,
197,DERKHALE,MANDERA,BANISSA,hCvlJNjyZna,63,518,2088,DERKHALE,63,Mandera,518,BANISSA,CORRECT,EXACT,
242,BULA PESA,ISIOLO,Isiolo Sub County,I2LYLqKU6AW,48,1310,2089,BULA PESA,48,Isiolo,1310,Isiolo,CORRECT,NORMALIZED,
243,CHARI,ISIOLO,Merti Sub County,NrGORu301bx,48,1311,2090,CHARI,48,Isiolo,1311,Merti,CORRECT,NORMALIZED,
244,CHERAB,ISIOLO,Merti Sub County,NrGORu301bx,48,1311,2091,CHERAB,48,Isiolo,1311,Merti,CORRECT,NORMALIZED,
245,NGARE MARA,ISIOLO,Isiolo Sub County,I2LYLqKU6AW,48,1310,2092,NGARE MARA,48,Isiolo,1310,Isiolo,CORRECT,NORMALIZED,
246,BURAT,ISIOLO,Isiolo Sub County,I2LYLqKU6AW,48,1310,2093,BURAT,48,Isiolo,1310,Isiolo,CORRECT,NORMALIZED,
247,OLDONYIRO,ISIOLO,Isiolo Sub County,I2LYLqKU6AW,48,1310,2094,OLDONYIRO,48,Isiolo,1310,Isiolo,CORRECT,NORMALIZED,
248,GARBATULLA,ISIOLO,Garbatulla Sub County,ecl4YnDebUi,48,1309,2095,GARBATULLA,48,Isiolo,1309,Garbatulla,CORRECT,NORMALIZED,
249,KINNA,ISIOLO,Garbatulla Sub County,ecl4YnDebUi,48,1309,2096,KINNA,48,Isiolo,1309,Garbatulla,CORRECT,NORMALIZED,
250,SERICHO,ISIOLO,Garbatulla Sub County,ecl4YnDebUi,48,1309,2097,SERICHO,48,Isiolo,1309,Garbatulla,CORRECT,NORMALIZED,
193,LAGHSURE,MANDERA,MANDERA WEST,H5RvDZkoDJL,63,1295,2098,LAGHSURE,63,Mandera,1295,Mandera West,CORRECT,EXACT,
201,ASHABITO,MANDERA,MANDERA NORTH,jrm0uyLXnC1,63,1301,2099,ASHABITO,63,Mandera,1301,Mandera North,CORRECT,EXACT,
202,GUTICHA,MANDERA,MANDERA NORTH,jrm0uyLXnC1,63,1301,2100,GUTICHA,63,Mandera,1301,Mandera North,CORRECT,EXACT,
212,BULLA MPYA,MANDERA,MANDERA EAST,fGr9rRvaovO,63,1300,2101,BULLA MPYA,63,Mandera,1300,Mandera East,CORRECT,EXACT,
213,KHALALIO,MANDERA,MANDERA EAST,fGr9rRvaovO,63,1300,2102,KHALALIO,63,Mandera,1300,Mandera East,CORRECT,EXACT,
214,NEBOI,MANDERA,MANDERA EAST,fGr9rRvaovO,63,1300,2103,NEBOI,63,Mandera,1300,Mandera East,CORRECT,EXACT,
215,TOWNSHIP,MANDERA,MANDERA EAST,fGr9rRvaovO,63,1300,2104,TOWNSHIP,63,Mandera,1300,Mandera East,CORRECT,EXACT,
216,LIBEHIA,MANDERA,LAFEY,nsfbHBS9tMT,63,1298,2105,LIBEHIA,63,Mandera,1298,Lafey,CORRECT,EXACT,
217,FINO,MANDERA,LAFEY,nsfbHBS9tMT,63,1298,2106,FINO,63,Mandera,1298,Lafey,CORRECT,EXACT,
218,LAFEY,MANDERA,LAFEY,nsfbHBS9tMT,63,1298,2107,LAFEY,63,Mandera,1298,Lafey,CORRECT,EXACT,
219,WARANKARA,MANDERA,LAFEY,nsfbHBS9tMT,63,1298,2108,WARANKARA,63,Mandera,1298,Lafey,CORRECT,EXACT,
220,ALANGO GOF,MANDERA,LAFEY,nsfbHBS9tMT,63,1298,2109,ALANGO GOF,63,Mandera,1298,Lafey,CORRECT,EXACT,
445,Njabani/kiburu Ward,NYANDARUA,Kinangop Sub County,RAnL5kBKMIt,67,1369,2110,Njabani/kiburu Ward,67,Nyandarua,1369,Kinangop,CORRECT,NORMALIZED,
637,Lokichar Ward,TURKANA,Turkana South Sub County,iTw0sFjlqZ2,70,1415,2111,Lokichar Ward,70,Turkana,1415,Turkana South,CORRECT,NORMALIZED,
638,Kapedo/napeitom Ward,TURKANA,Turkana East Sub County,dr8gOvVAdiE,70,1413,2112,Kapedo/napeitom Ward,70,Turkana,1413,Turkana East,CORRECT,NORMALIZED,
733,Endo Ward,ELGEYO-MARAKWET,Marakwet East sub-county,EZraJgLdRLX,85,1438,2113,Endo Ward,85,Elgeyo Marakwet,1438,Marakwet East,CORRECT,NORMALIZED,
734,Embobut/Embulot Ward,ELGEYO-MARAKWET,Marakwet East sub-county,EZraJgLdRLX,85,1438,2114,Embobut/Embulot Ward,85,Elgeyo Marakwet,1438,Marakwet East,CORRECT,NORMALIZED,
735,Lelan Ward,ELGEYO-MARAKWET,Marakwet West Sub County,fNCuk4Lpsnh,85,1439,2115,Lelan Ward,85,Elgeyo Marakwet,1439,Marakwet West,CORRECT,NORMALIZED,
2016,Kabiro Ward,Nairobi,Dagoretti North Sub County,CcTr4bcVGAG,79,487,2116,Kabiro Ward,79,Nairobi City,487,Dagoretti North Sub County,CORRECT,EXACT,
2017,Mutu-ini Ward,Nairobi,Dagoretti South Sub County,sqNWYDHZZ6W,79,524,2117,Mutu-ini Ward,79,Nairobi City,524,Dagoretti South Sub County,CORRECT,EXACT,
2018,Ngando Ward,Nairobi,Dagoretti South Sub County,sqNWYDHZZ6W,79,524,2118,Ngando Ward,79,Nairobi City,524,Dagoretti South Sub County,CORRECT,EXACT,
2019,Riruta Ward,Nairobi,Dagoretti South Sub County,sqNWYDHZZ6W,79,524,2119,Riruta Ward,79,Nairobi City,524,Dagoretti South Sub County,CORRECT,EXACT,
2020,Uthiru/ruthimitu Ward,Nairobi,Dagoretti South Sub County,sqNWYDHZZ6W,79,524,2120,Uthiru/ruthimitu Ward,79,Nairobi City,524,Dagoretti South Sub County,CORRECT,EXACT,
2021,Waithaka Ward,Nairobi,Dagoretti South Sub County,sqNWYDHZZ6W,79,524,2121,Waithaka Ward,79,Nairobi City,524,Dagoretti South Sub County,CORRECT,EXACT,
2022,Karen Ward,Nairobi,Langata  Sub County,aTGYlhEw2Xx,79,1577,2122,Karen Ward,79,Nairobi City,1577,Lang'ata,CORRECT,NORMALIZED,
794,Sacho Ward,BARINGO,Baringo Central Sub County,k7Rj54u6dMx,90,1446,2123,Sacho Ward,90,Baringo,1446,Baringo Central,CORRECT,NORMALIZED,
801,Mukutani Ward,BARINGO,Marigat Sub County,dSLnPmNlm8Q,90,1450,2124,Mukutani Ward,90,Baringo,1450,Marigat,CORRECT,NORMALIZED,
935,Kimana Ward,KAJIADO,Loitokitok Sub County,eyADpAXM834,92,1480,2125,Kimana Ward,92,Kajiado,1480,Loitokitok,CORRECT,NORMALIZED,
821,Umande Ward,LAIKIPIA,Laikipia East Sub County,pF6qPMIlHte,91,1455,2126,Umande Ward,91,Laikipia,1455,Laikipia East,CORRECT,NORMALIZED,
822,Sosian Ward,LAIKIPIA,Laikipia North Sub County,RJyUfi5BQUm,91,1456,2127,Sosian Ward,91,Laikipia,1456,Laikipia North,CORRECT,NORMALIZED,
823,Segera Ward,LAIKIPIA,Laikipia North Sub County,RJyUfi5BQUm,91,1456,2128,Segera Ward,91,Laikipia,1456,Laikipia North,CORRECT,NORMALIZED,
824,Mugogodo West Ward,LAIKIPIA,Laikipia North Sub County,RJyUfi5BQUm,91,1456,2129,Mugogodo West Ward,91,Laikipia,1456,Laikipia North,CORRECT,NORMALIZED,
825,Mugogodo East Ward,LAIKIPIA,Laikipia North Sub County,RJyUfi5BQUm,91,1456,2130,Mugogodo East Ward,91,Laikipia,1456,Laikipia North,CORRECT,NORMALIZED,
927,Iloodokilani Ward,KAJIADO,Kajiado West Sub County,wYsCfCAUWNB,92,1479,2131,Iloodokilani Ward,92,Kajiado,1479,Kajiado West,CORRECT,NORMALIZED,
928,Magadi Ward,KAJIADO,Kajiado West Sub County,wYsCfCAUWNB,92,1479,2132,Magadi Ward,92,Kajiado,1479,Kajiado West,CORRECT,NORMALIZED,
929,Ewuaso oonkidong'i Ward,KAJIADO,Kajiado West Sub County,wYsCfCAUWNB,92,1479,2133,Ewuaso oonkidong'i Ward,92,Kajiado,1479,Kajiado West,CORRECT,NORMALIZED,
1802,Mikindani Ward,Mombasa,Jomvu  Sub County,vSISrsNNHwq,55,1252,2134,Mikindani Ward,55,Mombasa,1252,Jomvu,CORRECT,NORMALIZED,
1820,Makadara Ward-mji Wa Kale Ward,Mombasa,Mvita  Sub County,C1xuoa1NAMm,55,1255,2135,Makadara Ward-mji Wa Kale Ward,55,Mombasa,1255,Mvita,CORRECT,NORMALIZED,
1822,Tononoka Ward,Mombasa,Mvita  Sub County,C1xuoa1NAMm,55,1255,2136,Tononoka Ward,55,Mombasa,1255,Mvita,CORRECT,NORMALIZED,
1823,Ganjoni Ward-shimanzi Ward,Mombasa,Mvita  Sub County,C1xuoa1NAMm,55,1255,2137,Ganjoni Ward-shimanzi Ward,55,Mombasa,1255,Mvita,CORRECT,NORMALIZED,
1824,Majengo Ward,Mombasa,Mvita  Sub County,C1xuoa1NAMm,55,1255,2138,Majengo Ward,55,Mombasa,1255,Mvita,CORRECT,NORMALIZED,
1825,Tezo Ward,Kilifi,Kilifi North Sub County,MEkEH8ZmcOU,73,1266,2139,Tezo Ward,73,Kilifi,1266,Kilifi North,CORRECT,NORMALIZED,
123,Chawia Ward,TAITA TAVETA,Mwatate Sub County,IBDoGsLdhvt,59,1276,2140,Chawia Ward,59,Taita Taveta,1276,Mwatate,CORRECT,NORMALIZED,
1834,Shimo La Tewa Ward,Kilifi,Kilifi South Sub County,xWAZBULwGxp,73,1267,2141,Shimo La Tewa Ward,73,Kilifi,1267,Kilifi South,CORRECT,NORMALIZED,
1844,Rabai/kisurutini Ward,Kilifi,Rabai Sub County,hJf4rt7cvI6,73,1270,2142,Rabai/kisurutini Ward,73,Kilifi,1270,Rabai,CORRECT,NORMALIZED,
1845,Ganze Ward,Kilifi,Ganze Sub County,x7qUMtZZvo9,73,1263,2143,Ganze Ward,73,Kilifi,1263,Ganze,CORRECT,NORMALIZED,
1848,Sokoke Ward,Kilifi,Ganze Sub County,x7qUMtZZvo9,73,1263,2144,Sokoke Ward,73,Kilifi,1263,Ganze,CORRECT,NORMALIZED,
1851,Ganda Ward,Kilifi,Malindi Sub County,lGg3wEy784X,73,1269,2145,Ganda Ward,73,Kilifi,1269,Malindi,CORRECT,NORMALIZED,
1852,Malindi Town Ward,Kilifi,Malindi Sub County,lGg3wEy784X,73,1269,2146,Malindi Town Ward,73,Kilifi,1269,Malindi,CORRECT,NORMALIZED,
1856,Gongoni Ward,Kilifi,Magarini Sub County,KMWrMZrlO5u,73,1268,2147,Gongoni Ward,73,Kilifi,1268,Magarini,CORRECT,NORMALIZED,
1857,Adu Ward,Kilifi,Magarini Sub County,KMWrMZrlO5u,73,1268,2148,Adu Ward,73,Kilifi,1268,Magarini,CORRECT,NORMALIZED,
1858,Garashi Ward,Kilifi,Magarini Sub County,KMWrMZrlO5u,73,1268,2149,Garashi Ward,73,Kilifi,1268,Magarini,CORRECT,NORMALIZED,
1859,Sabaki Ward,Kilifi,Magarini Sub County,KMWrMZrlO5u,73,1268,2150,Sabaki Ward,73,Kilifi,1268,Magarini,CORRECT,NORMALIZED,
1860,North Alego Ward,Siaya,Alego Usonga Sub County,Cu46otDi1RO,83,483,2151,North Alego Ward,83,Siaya,483,Alego Usonga Sub County,CORRECT,EXACT,
1861,South East Alego Ward,Siaya,Alego Usonga Sub County,Cu46otDi1RO,83,483,2152,South East Alego Ward,83,Siaya,483,Alego Usonga Sub County,CORRECT,EXACT,
1862,North Gem Ward,Siaya,Gem Sub County,PKeFksHlJkB,83,1530,2153,North Gem Ward,83,Siaya,1530,Gem,CORRECT,NORMALIZED,
1863,West Gem Ward,Siaya,Gem Sub County,PKeFksHlJkB,83,1530,2154,West Gem Ward,83,Siaya,1530,Gem,CORRECT,NORMALIZED,
1864,Central Gem Ward,Siaya,Gem Sub County,PKeFksHlJkB,83,1530,2155,Central Gem Ward,83,Siaya,1530,Gem,CORRECT,NORMALIZED,
1865,Yala Township Ward,Siaya,Gem Sub County,PKeFksHlJkB,83,1530,2156,Yala Township Ward,83,Siaya,1530,Gem,CORRECT,NORMALIZED,
1866,East Gem Ward,Siaya,Gem Sub County,PKeFksHlJkB,83,1530,2157,East Gem Ward,83,Siaya,1530,Gem,CORRECT,NORMALIZED,
1867,South Gem Ward,Siaya,Gem Sub County,PKeFksHlJkB,83,1530,2158,South Gem Ward,83,Siaya,1530,Gem,CORRECT,NORMALIZED,
1868,West Yimbo Ward,Siaya,Bondo Sub County,JNvqpOnKfGR,83,1533,2159,West Yimbo Ward,83,Siaya,1533,Bondo,CORRECT,NORMALIZED,
1869,Central Sakwa Ward,Siaya,Bondo Sub County,JNvqpOnKfGR,83,1533,2160,Central Sakwa Ward,83,Siaya,1533,Bondo,CORRECT,NORMALIZED,
1870,South Sakwa Ward,Siaya,Bondo Sub County,JNvqpOnKfGR,83,1533,2161,South Sakwa Ward,83,Siaya,1533,Bondo,CORRECT,NORMALIZED,
1871,Yimbo East Ward,Siaya,Bondo Sub County,JNvqpOnKfGR,83,1533,2162,Yimbo East Ward,83,Siaya,1533,Bondo,CORRECT,NORMALIZED,
1872,West Sakwa Ward,Siaya,Bondo Sub County,JNvqpOnKfGR,83,1533,2163,West Sakwa Ward,83,Siaya,1533,Bondo,CORRECT,NORMALIZED,
1873,North Sakwa Ward,Siaya,Bondo Sub County,JNvqpOnKfGR,83,1533,2164,North Sakwa Ward,83,Siaya,1533,Bondo,CORRECT,NORMALIZED,
1874,East Asembo Ward,Siaya,Rarieda Sub County,XcRpb1xsM64,83,1534,2165,East Asembo Ward,83,Siaya,1534,Rarieda,CORRECT,NORMALIZED,
1875,West Asembo Ward,Siaya,Rarieda Sub County,XcRpb1xsM64,83,1534,2166,West Asembo Ward,83,Siaya,1534,Rarieda,CORRECT,NORMALIZED,
1910,Kajulu Ward,Kisumu,Kisumu East Sub County,PRpKwAloU5b,93,1535,2167,Kajulu Ward,93,Kisumu,1535,Kisumu East,CORRECT,NORMALIZED,
1911,Kolwa East Ward,Kisumu,Kisumu East Sub County,PRpKwAloU5b,93,1535,2168,Kolwa East Ward,93,Kisumu,1535,Kisumu East,CORRECT,NORMALIZED,
1914,Kolwa Central Ward,Kisumu,Kisumu East Sub County,PRpKwAloU5b,93,1535,2169,Kolwa Central Ward,93,Kisumu,1535,Kisumu East,CORRECT,NORMALIZED,
1916,Central Kisumu Ward,Kisumu,Kisumu West Sub County,YzEDO9Mq4TR,93,1537,2170,Central Kisumu Ward,93,Kisumu,1537,Kisumu West,CORRECT,NORMALIZED,
127,Kaloleni  Ward,TAITA TAVETA,Voi Sub County,yoGLpCTgjed,59,1279,2171,Kaloleni  Ward,59,Taita Taveta,1279,Voi,CORRECT,NORMALIZED,
1917,North Kisumu Ward,Kisumu,Kisumu West Sub County,YzEDO9Mq4TR,93,1537,2172,North Kisumu Ward,93,Kisumu,1537,Kisumu West,CORRECT,NORMALIZED,
1918,West Kisumu Ward,Kisumu,Kisumu West Sub County,YzEDO9Mq4TR,93,1537,2173,West Kisumu Ward,93,Kisumu,1537,Kisumu West,CORRECT,NORMALIZED,
1919,North West Kisumu Ward,Kisumu,Kisumu West Sub County,YzEDO9Mq4TR,93,1537,2174,North West Kisumu Ward,93,Kisumu,1537,Kisumu West,CORRECT,NORMALIZED,
1920,Railways Ward,Kisumu,Kisumu Central Sub County,OpLt8IgyHop,93,1536,2175,Railways Ward,93,Kisumu,1536,Kisumu Central,CORRECT,NORMALIZED,
1921,Migosi Ward,Kisumu,Kisumu Central Sub County,OpLt8IgyHop,93,1536,2176,Migosi Ward,93,Kisumu,1536,Kisumu Central,CORRECT,NORMALIZED,
1998,Ibeno Ward,Kisii,Nyaribari Chache  Sub County,fFh3beH29fD,87,508,2177,Ibeno Ward,87,Kisii,508,Nyaribari Chache  Sub County,CORRECT,EXACT,
1999,Monyerero Ward,Kisii,Kitutu Chache North Sub County,cQkF9l9wePP,87,510,2178,Monyerero Ward,87,Kisii,510,Kitutu Chache North Sub County,CORRECT,EXACT,
2001,Marani Ward,Kisii,Kitutu Chache North Sub County,cQkF9l9wePP,87,510,2179,Marani Ward,87,Kisii,510,Kitutu Chache North Sub County,CORRECT,EXACT,
2002,Kegogi Ward,Kisii,Kitutu Chache North Sub County,cQkF9l9wePP,87,510,2180,Kegogi Ward,87,Kisii,510,Kitutu Chache North Sub County,CORRECT,EXACT,
2003,Bogusero Ward,Kisii,Kitutu Chache South Sub County,gPR82w2xgJZ,87,485,2181,Bogusero Ward,87,Kisii,485,Kitutu Chache South Sub County,CORRECT,EXACT,
2004,Bogeka Ward,Kisii,Kitutu Chache South Sub County,gPR82w2xgJZ,87,485,2182,Bogeka Ward,87,Kisii,485,Kitutu Chache South Sub County,CORRECT,EXACT,
2007,Nyatieko Ward,Kisii,Kitutu Chache South Sub County,gPR82w2xgJZ,87,485,2183,Nyatieko Ward,87,Kisii,485,Kitutu Chache South Sub County,CORRECT,EXACT,
2009,Karura Ward,Nairobi,Westlands  Sub County,f1T0Ltob8VQ,79,486,2184,Karura Ward,79,Nairobi City,486,Westlands  Sub County,CORRECT,EXACT,
2010,Kangemi Ward,Nairobi,Westlands  Sub County,f1T0Ltob8VQ,79,486,2185,Kangemi Ward,79,Nairobi City,486,Westlands  Sub County,CORRECT,EXACT,
2011,Mountain View Ward,Nairobi,Westlands  Sub County,f1T0Ltob8VQ,79,486,2186,Mountain View Ward,79,Nairobi City,486,Westlands  Sub County,CORRECT,EXACT,
678,Keiyo Ward,TRANS NZOIA,Kwanza  Sub County,ABy8CNqf2e7,81,1427,2187,Keiyo Ward,81,Trans Nzoia,1427,Kwanza,CORRECT,NORMALIZED,
2014,Gatina Ward,Nairobi,Dagoretti North Sub County,CcTr4bcVGAG,79,487,2188,Gatina Ward,79,Nairobi City,487,Dagoretti North Sub County,CORRECT,EXACT,
780,Sangalo/kebulonik Ward,NANDI,Mosop Sub County,Xtb7tbJpk9p,88,462,2189,Sangalo/kebulonik Ward,88,Nandi,462,Mosop Sub County,CORRECT,EXACT,
786,Tangulbei/korossi Ward,BARINGO,Tiaty Sub County,Mk4bMOSMRTB,90,757,2190,Tangulbei/korossi Ward,90,Baringo,463,Tiaty West Sub County,WRONG_SUBCOUNTY,ALIAS,Database ward points to a different SubCounty than the resolved authoritative target.
2023,Nairobi West Ward,Nairobi,Langata  Sub County,aTGYlhEw2Xx,79,1577,2191,Nairobi West Ward,79,Nairobi City,1577,Lang'ata,CORRECT,NORMALIZED,
2024,Mugumo-ini Ward,Nairobi,Langata  Sub County,aTGYlhEw2Xx,79,1577,2192,Mugumo-ini Ward,79,Nairobi City,1577,Lang'ata,CORRECT,NORMALIZED,
787,Churo/amaya Ward,BARINGO,Tiaty Sub County,Mk4bMOSMRTB,90,757,2193,Churo/amaya Ward,90,Baringo,463,Tiaty West Sub County,WRONG_SUBCOUNTY,ALIAS,Database ward points to a different SubCounty than the resolved authoritative target.
788,Barwessa Ward,BARINGO,Baringo North Sub County,bqtTmWcikTN,90,1447,2194,Barwessa Ward,90,Baringo,1447,Baringo North,CORRECT,NORMALIZED,
789,Kabartonjo Ward,BARINGO,Baringo North Sub County,bqtTmWcikTN,90,1447,2195,Kabartonjo Ward,90,Baringo,1447,Baringo North,CORRECT,NORMALIZED,
790,Saimoi/kipsaraman Ward,BARINGO,Baringo North Sub County,bqtTmWcikTN,90,1447,2196,Saimoi/kipsaraman Ward,90,Baringo,1447,Baringo North,CORRECT,NORMALIZED,
791,Saimo/soi Ward,BARINGO,Baringo North Sub County,bqtTmWcikTN,90,1447,2197,Saimo/soi Ward,90,Baringo,1447,Baringo North,CORRECT,NORMALIZED,
792,Bartabwa Ward,BARINGO,Baringo North Sub County,bqtTmWcikTN,90,1447,2198,Bartabwa Ward,90,Baringo,1447,Baringo North,CORRECT,NORMALIZED,
793,Kabarnet Ward,BARINGO,Baringo Central Sub County,k7Rj54u6dMx,90,1446,2199,Kabarnet Ward,90,Baringo,1446,Baringo Central,CORRECT,NORMALIZED,
2025,South C Ward,Nairobi,Langata  Sub County,aTGYlhEw2Xx,79,1577,2200,South C Ward,79,Nairobi City,1577,Lang'ata,CORRECT,NORMALIZED,
795,Tenges Ward,BARINGO,Baringo Central Sub County,k7Rj54u6dMx,90,1446,2201,Tenges Ward,90,Baringo,1446,Baringo Central,CORRECT,NORMALIZED,
796,Ewalel/chapchap Ward,BARINGO,Baringo Central Sub County,k7Rj54u6dMx,90,1446,2202,Ewalel/chapchap Ward,90,Baringo,1446,Baringo Central,CORRECT,NORMALIZED,
797,Kapropita Ward,BARINGO,Baringo Central Sub County,k7Rj54u6dMx,90,1446,2203,Kapropita Ward,90,Baringo,1446,Baringo Central,CORRECT,NORMALIZED,
798,Marigat Ward,BARINGO,Marigat Sub County,dSLnPmNlm8Q,90,1450,2204,Marigat Ward,90,Baringo,1450,Marigat,CORRECT,NORMALIZED,
799,Iichamus Ward,BARINGO,Marigat Sub County,dSLnPmNlm8Q,90,1450,2205,Iichamus Ward,90,Baringo,1450,Marigat,CORRECT,NORMALIZED,
800,Mochongoi Ward,BARINGO,Marigat Sub County,dSLnPmNlm8Q,90,1450,2206,Mochongoi Ward,90,Baringo,1450,Marigat,CORRECT,NORMALIZED,
2026,Nyayo Highrise Ward,Nairobi,Langata  Sub County,aTGYlhEw2Xx,79,1577,2207,Nyayo Highrise Ward,79,Nairobi City,1577,Lang'ata,CORRECT,NORMALIZED,
2027,Laini Saba Ward,Nairobi,Kibra  Sub County,LO5he3DtiFG,79,1576,2208,Laini Saba Ward,79,Nairobi City,1576,Kibra,CORRECT,NORMALIZED,
930,Mosiro Ward,KAJIADO,Kajiado West Sub County,wYsCfCAUWNB,92,1479,2209,Mosiro Ward,92,Kajiado,1479,Kajiado West,CORRECT,NORMALIZED,
931,Entonet/lenkism Ward,KAJIADO,Loitokitok Sub County,eyADpAXM834,92,1480,2210,Entonet/lenkism Ward,92,Kajiado,1480,Loitokitok,CORRECT,NORMALIZED,
932,Imbrikani/eselelnkei Ward,KAJIADO,Loitokitok Sub County,eyADpAXM834,92,1480,2211,Imbrikani/eselelnkei Ward,92,Kajiado,1480,Loitokitok,CORRECT,NORMALIZED,
933,Kuku Ward,KAJIADO,Loitokitok Sub County,eyADpAXM834,92,1480,2212,Kuku Ward,92,Kajiado,1480,Loitokitok,CORRECT,NORMALIZED,
934,Rombo Ward,KAJIADO,Loitokitok Sub County,eyADpAXM834,92,1480,2213,Rombo Ward,92,Kajiado,1480,Loitokitok,CORRECT,NORMALIZED,
2028,Lindi Ward,Nairobi,Kibra  Sub County,LO5he3DtiFG,79,1576,2214,Lindi Ward,79,Nairobi City,1576,Kibra,CORRECT,NORMALIZED,
936,Londiani Ward,KERICHO,Kipkelion East Sub County,gU0Cz7Qlfss,56,491,2215,Londiani Ward,56,Kericho,491,Kipkelion East Sub County,CORRECT,EXACT,
2029,Makina Ward,Nairobi,Kibra  Sub County,LO5he3DtiFG,79,1576,2216,Makina Ward,79,Nairobi City,1576,Kibra,CORRECT,NORMALIZED,
2031,Sarang'ombe Ward,Nairobi,Kibra  Sub County,LO5he3DtiFG,79,1576,2217,Sarang'ombe Ward,79,Nairobi City,1576,Kibra,CORRECT,NORMALIZED,
2032,Githurai Ward,Nairobi,Roysambu  Sub County,j7GpbairCOi,79,492,2218,Githurai Ward,79,Nairobi City,492,Roysambu  Sub County,CORRECT,EXACT,
2033,Kahawa West,Nairobi,Roysambu  Sub County,j7GpbairCOi,79,492,2219,Kahawa West,79,Nairobi City,492,Roysambu  Sub County,CORRECT,EXACT,
2036,Kahawa,Nairobi,Roysambu  Sub County,j7GpbairCOi,79,492,2220,Kahawa,79,Nairobi City,492,Roysambu  Sub County,CORRECT,EXACT,
2037,Clay City,Nairobi,Kasarani  Sub County,FoqzDgIByL6,79,1575,2221,Clay City,79,Nairobi City,1575,Kasarani,CORRECT,NORMALIZED,
2040,Njiru Ward,Nairobi,Kasarani  Sub County,FoqzDgIByL6,79,1575,2222,Njiru Ward,79,Nairobi City,1575,Kasarani,CORRECT,NORMALIZED,
2041,Ruai Ward,Nairobi,Kasarani  Sub County,FoqzDgIByL6,79,1575,2223,Ruai Ward,79,Nairobi City,1575,Kasarani,CORRECT,NORMALIZED,
2042,Babandogo,Nairobi,Ruaraka  Sub County,Cc8uEFkzfVf,79,405,2224,Babandogo,79,Nairobi City,405,Ruaraka  Sub County,CORRECT,EXACT,
2043,Utalii Ward,Nairobi,Ruaraka  Sub County,Cc8uEFkzfVf,79,405,2225,Utalii Ward,79,Nairobi City,405,Ruaraka  Sub County,CORRECT,EXACT,
2048,Kwa Njenga Ward,Nairobi,Embakasi South Sub County,aDp1odOWYC1,79,407,2226,Kwa Njenga Ward,79,Nairobi City,407,Embakasi South Sub County,CORRECT,EXACT,
2056,Dandora Area Iv Ward,Nairobi,Embakasi North Sub County,SSz1iOv28Jk,79,533,2227,Dandora Area Iv Ward,79,Nairobi City,533,Embakasi North Sub County,CORRECT,EXACT,
2049,Kwa Reuben Ward,Nairobi,Embakasi South Sub County,aDp1odOWYC1,79,407,2228,Kwa Reuben Ward,79,Nairobi City,407,Embakasi South Sub County,CORRECT,EXACT,
2067,Umoja I Ward,Nairobi,Embakasi West Sub County,aCwUX5V42Zz,79,534,2229,Umoja I Ward,79,Nairobi City,534,Embakasi West Sub County,CORRECT,EXACT,
2051,Kware Ward,Nairobi,Embakasi South Sub County,aDp1odOWYC1,79,407,2230,Kware Ward,79,Nairobi City,407,Embakasi South Sub County,CORRECT,EXACT,
2052,Kariobangi North Ward,Nairobi,Embakasi North Sub County,SSz1iOv28Jk,79,533,2231,Kariobangi North Ward,79,Nairobi City,533,Embakasi North Sub County,CORRECT,EXACT,
2053,Dandora Area I Ward,Nairobi,Embakasi North Sub County,SSz1iOv28Jk,79,533,2232,Dandora Area I Ward,79,Nairobi City,533,Embakasi North Sub County,CORRECT,EXACT,
2054,Dandora Area Ii Ward,Nairobi,Embakasi North Sub County,SSz1iOv28Jk,79,533,2233,Dandora Area Ii Ward,79,Nairobi City,533,Embakasi North Sub County,CORRECT,EXACT,
2055,Dandora Area Iii Ward,Nairobi,Embakasi North Sub County,SSz1iOv28Jk,79,533,2234,Dandora Area Iii Ward,79,Nairobi City,533,Embakasi North Sub County,CORRECT,EXACT,
2057,Kayole North Ward,Nairobi,Embakasi Central Sub County,XvpLXU47BKs,79,535,2235,Kayole North Ward,79,Nairobi City,535,Embakasi Central Sub County,CORRECT,EXACT,
2058,Kayole Central Ward,Nairobi,Embakasi Central Sub County,XvpLXU47BKs,79,535,2236,Kayole Central Ward,79,Nairobi City,535,Embakasi Central Sub County,CORRECT,EXACT,
2068,Umoja Ii Ward,Nairobi,Embakasi West Sub County,aCwUX5V42Zz,79,534,2237,Umoja Ii Ward,79,Nairobi City,534,Embakasi West Sub County,CORRECT,EXACT,
2059,Kayole South Ward,Nairobi,Embakasi Central Sub County,XvpLXU47BKs,79,535,2238,Kayole South Ward,79,Nairobi City,535,Embakasi Central Sub County,CORRECT,EXACT,
2074,Makongeni Ward,Nairobi,Makadara  Sub County,wwROy3Qkwin,79,1578,2239,Makongeni Ward,79,Nairobi City,1578,Makadara,CORRECT,NORMALIZED,
2060,Komarock Ward,Nairobi,Embakasi Central Sub County,XvpLXU47BKs,79,535,2240,Komarock Ward,79,Nairobi City,535,Embakasi Central Sub County,CORRECT,EXACT,
2061,Matopeni/spring Valley Ward,Nairobi,Embakasi Central Sub County,XvpLXU47BKs,79,535,2241,Matopeni/spring Valley Ward,79,Nairobi City,535,Embakasi Central Sub County,CORRECT,EXACT,
2076,Eastleigh North Ward,Nairobi,Kamukunji  Sub County,qoLIT7y5f5c,79,1574,2242,Eastleigh North Ward,79,Nairobi City,1574,Kamukunji,CORRECT,NORMALIZED,
2062,Upper Savanna Ward,Nairobi,Embakasi East Sub County,gD4xxgDGJ4Y,79,509,2243,Upper Savanna Ward,79,Nairobi City,509,Embakasi East Sub County,CORRECT,EXACT,
2069,Mowlem Ward,Nairobi,Embakasi West Sub County,aCwUX5V42Zz,79,534,2244,Mowlem Ward,79,Nairobi City,534,Embakasi West Sub County,CORRECT,EXACT,
2070,Kariobangi South Ward,Nairobi,Embakasi West Sub County,aCwUX5V42Zz,79,534,2245,Kariobangi South Ward,79,Nairobi City,534,Embakasi West Sub County,CORRECT,EXACT,
2071,Maringo/hamza Ward,Nairobi,Makadara  Sub County,wwROy3Qkwin,79,1578,2246,Maringo/hamza Ward,79,Nairobi City,1578,Makadara,CORRECT,NORMALIZED,
693,Nabiswa Ward,TRANS NZOIA,Kiminini  Sub County,pzZHpL2ueIn,81,1429,2247,Nabiswa Ward,81,Trans Nzoia,1429,Kiminini,CORRECT,NORMALIZED,
2079,California Ward,Nairobi,Kamukunji  Sub County,qoLIT7y5f5c,79,1574,2248,California Ward,79,Nairobi City,1574,Kamukunji,CORRECT,NORMALIZED,
2075,Pumwani Ward,Nairobi,Kamukunji  Sub County,qoLIT7y5f5c,79,1574,2249,Pumwani Ward,79,Nairobi City,1574,Kamukunji,CORRECT,NORMALIZED,
694,Sinyerere Ward,TRANS NZOIA,Cherangany Sub County,f18kGo9yXWo,81,441,2250,Sinyerere Ward,81,Trans Nzoia,441,Cherangany Sub County,CORRECT,EXACT,
2078,Airbase Ward,Nairobi,Kamukunji  Sub County,qoLIT7y5f5c,79,1574,2251,Airbase Ward,79,Nairobi City,1574,Kamukunji,CORRECT,NORMALIZED,
133,Iftin Ward,GARISSA,Garissa Sub County,lQkHbTC1iRg,60,1283,2252,Iftin Ward,60,Garissa,1283,Garissa,CORRECT,NORMALIZED,
2080,Nairobi Central Ward,Nairobi,Starehe  Sub County,nKHlZyN0lt9,79,513,2253,Nairobi Central Ward,79,Nairobi City,513,Starehe  Sub County,CORRECT,EXACT,
146,Dertu Ward,GARISSA,Dadaab Sub County,EW4Jw4dVWBt,60,1281,2254,Dertu Ward,60,Garissa,1281,Dadaab,CORRECT,NORMALIZED,
147,Dadaab Ward,GARISSA,Dadaab Sub County,EW4Jw4dVWBt,60,1281,2255,Dadaab Ward,60,Garissa,1281,Dadaab,CORRECT,NORMALIZED,
148,LABISGALE Ward,GARISSA,Dadaab Sub County,EW4Jw4dVWBt,60,1281,2256,LABISGALE Ward,60,Garissa,1281,Dadaab,CORRECT,NORMALIZED,
149,Damajale Ward,GARISSA,Dadaab Sub County,EW4Jw4dVWBt,60,1281,2257,Damajale Ward,60,Garissa,1281,Dadaab,CORRECT,NORMALIZED,
150,Liboi Ward,GARISSA,Dadaab Sub County,EW4Jw4dVWBt,60,1281,2258,Liboi Ward,60,Garissa,1281,Dadaab,CORRECT,NORMALIZED,
151,Abakaile Ward,GARISSA,Dadaab Sub County,EW4Jw4dVWBt,60,1281,2259,Abakaile Ward,60,Garissa,1281,Dadaab,CORRECT,NORMALIZED,
756,Terik Ward,NANDI,Aldai Sub County,Sq2fLWnOCGg,88,451,2260,Terik Ward,88,Nandi,451,Aldai Sub County,CORRECT,EXACT,
2081,Ngara Ward Ward,Nairobi,Starehe  Sub County,nKHlZyN0lt9,79,513,2261,Ngara Ward Ward,79,Nairobi City,513,Starehe  Sub County,CORRECT,EXACT,
2082,Pangani Ward,Nairobi,Starehe  Sub County,nKHlZyN0lt9,79,513,2262,Pangani Ward,79,Nairobi City,513,Starehe  Sub County,CORRECT,EXACT,
2083,Ziwani/kariokor,Nairobi,Starehe  Sub County,nKHlZyN0lt9,79,513,2263,Ziwani/kariokor,79,Nairobi City,513,Starehe  Sub County,CORRECT,EXACT,
2086,Hospital Ward,Nairobi,Mathare  Sub County,gh2kzpOFCeF,79,1579,2264,Hospital Ward,79,Nairobi City,1579,Mathare,CORRECT,NORMALIZED,
2087,Mabatini Ward,Nairobi,Mathare  Sub County,gh2kzpOFCeF,79,1579,2265,Mabatini Ward,79,Nairobi City,1579,Mathare,CORRECT,NORMALIZED,
2089,Ngei Ward,Nairobi,Mathare  Sub County,gh2kzpOFCeF,79,1579,2266,Ngei Ward,79,Nairobi City,1579,Mathare,CORRECT,NORMALIZED,
2090,Mlango Kubwa,Nairobi,Mathare  Sub County,gh2kzpOFCeF,79,1579,2267,Mlango Kubwa,79,Nairobi City,1579,Mathare,CORRECT,NORMALIZED,
2091,Kiamaiko Ward,Nairobi,Mathare  Sub County,gh2kzpOFCeF,79,1579,2268,Kiamaiko Ward,79,Nairobi City,1579,Mathare,CORRECT,NORMALIZED,
2092,Kitisuru Ward,Nairobi,Westlands  Sub County,f1T0Ltob8VQ,79,486,2269,Kitisuru Ward,79,Nairobi City,486,Westlands  Sub County,CORRECT,EXACT,
2093,Kanyenya-ini Ward,Muranga,Kangema Sub County,U9CLTNIwehR,76,1390,2270,Kanyenya-ini Ward,76,Murang'a,1390,Kangema,CORRECT,NORMALIZED,
2094,Muguru Ward,Muranga,Kangema Sub County,U9CLTNIwehR,76,1390,2271,Muguru Ward,76,Murang'a,1390,Kangema,CORRECT,NORMALIZED,
2095,Rwathia Ward,Muranga,Kangema Sub County,U9CLTNIwehR,76,1390,2272,Rwathia Ward,76,Murang'a,1390,Kangema,CORRECT,NORMALIZED,
2096,Gitugi Ward,Muranga,Mathioya Sub County,u7Gkh63FYe4,76,1391,2273,Gitugi Ward,76,Murang'a,1391,Mathioya,CORRECT,NORMALIZED,
168,Wagberi Ward,WAJIR,Wajir East Sub County,uov0yFMw9Qm,61,1291,2274,Wagberi Ward,61,Wajir,1291,Wajir East,CORRECT,NORMALIZED,
2151,Ngeria Ward,Uasin Gishu,Kapseret Sub County,u9yagZzK49q,78,1431,2275,Ngeria Ward,78,Uasin Gishu,1431,Kapseret,CORRECT,NORMALIZED,
2153,Langas Ward,Uasin Gishu,Kapseret Sub County,u9yagZzK49q,78,1431,2276,Langas Ward,78,Uasin Gishu,1431,Kapseret,CORRECT,NORMALIZED,
181,Eldas Ward,WAJIR,Eldas Sub County,x6Z1sBeiyqQ,61,1288,2277,Eldas Ward,61,Wajir,1288,Eldas,CORRECT,NORMALIZED,
2154,Racecourse Ward,Uasin Gishu,Kesses Sub County,dKHnvt7gleN,78,1432,2278,Racecourse Ward,78,Uasin Gishu,1432,Kesses,CORRECT,ALIAS,
2155,Cheptiret/kipchamo Ward,Uasin Gishu,Kesses Sub County,dKHnvt7gleN,78,1432,2279,Cheptiret/kipchamo Ward,78,Uasin Gishu,1432,Kesses,CORRECT,ALIAS,
2156,Tulwet/chiyat Ward,Uasin Gishu,Kesses Sub County,dKHnvt7gleN,78,1432,2280,Tulwet/chiyat Ward,78,Uasin Gishu,1432,Kesses,CORRECT,ALIAS,
2157,Tarakwa Ward,Uasin Gishu,Kesses Sub County,dKHnvt7gleN,78,1432,2281,Tarakwa Ward,78,Uasin Gishu,1432,Kesses,CORRECT,ALIAS,
152,Bura Ward,GARISSA,Fafi Sub County,RScEHA3V38d,60,1282,2282,Bura Ward,60,Garissa,1282,Fafi,CORRECT,NORMALIZED,
2167,Kapsasian Ward,Narok,Transmara East Sub County,PGTkGnIAZuy,80,515,2283,Kapsasian Ward,80,Narok,515,Transmara East Sub County,CORRECT,EXACT,
2168,Olposimoru Ward,Narok,Narok North Sub County,fNROL0qm8De,80,1471,2284,Olposimoru Ward,80,Narok,1471,Narok North,CORRECT,NORMALIZED,
2169,Olokurto Ward,Narok,Narok North Sub County,fNROL0qm8De,80,1471,2285,Olokurto Ward,80,Narok,1471,Narok North,CORRECT,NORMALIZED,
2170,Narok Town Ward,Narok,Narok North Sub County,fNROL0qm8De,80,1471,2286,Narok Town Ward,80,Narok,1471,Narok North,CORRECT,NORMALIZED,
2171,Nkareta Ward,Narok,Narok North Sub County,fNROL0qm8De,80,1471,2287,Nkareta Ward,80,Narok,1471,Narok North,CORRECT,NORMALIZED,
182,Della Ward,WAJIR,Eldas Sub County,x6Z1sBeiyqQ,61,1288,2288,Della Ward,61,Wajir,1288,Eldas,CORRECT,NORMALIZED,
186,Dadaja bulla Ward,WAJIR,Wajir South Sub County,U7KFQn3Up3o,61,1293,2289,Dadaja bulla Ward,61,Wajir,1293,Wajir South,CORRECT,NORMALIZED,
187,Habasswein Ward,WAJIR,Wajir South Sub County,U7KFQn3Up3o,61,1293,2290,Habasswein Ward,61,Wajir,1293,Wajir South,CORRECT,NORMALIZED,
188,Lagboghoi south Ward,WAJIR,Wajir South Sub County,U7KFQn3Up3o,61,1293,2291,Lagboghoi south Ward,61,Wajir,1293,Wajir South,CORRECT,NORMALIZED,
2205,Uthiru Ward,Kiambu,Kabete Sub County,lb5LzWiUX8Y,82,1401,2292,Uthiru Ward,82,Kiambu,1401,Kabete,CORRECT,NORMALIZED,
2206,Karai,Kiambu,Kikuyu Sub County,jOVcLeZQSsS,82,1404,2293,Karai,82,Kiambu,1404,Kikuyu,CORRECT,NORMALIZED,
2207,Nachu Ward,Kiambu,Kikuyu Sub County,jOVcLeZQSsS,82,1404,2294,Nachu Ward,82,Kiambu,1404,Kikuyu,CORRECT,NORMALIZED,
2208,Sigona Ward,Kiambu,Kikuyu Sub County,jOVcLeZQSsS,82,1404,2295,Sigona Ward,82,Kiambu,1404,Kikuyu,CORRECT,NORMALIZED,
2209,Kikuyu Ward,Kiambu,Kikuyu Sub County,jOVcLeZQSsS,82,1404,2296,Kikuyu Ward,82,Kiambu,1404,Kikuyu,CORRECT,NORMALIZED,
2210,Kinoo,Kiambu,Kikuyu Sub County,jOVcLeZQSsS,82,1404,2297,Kinoo,82,Kiambu,1404,Kikuyu,CORRECT,NORMALIZED,
2211,Bibirioni Ward,Kiambu,Limuru Sub County,xhVi71INcFs,82,1406,2298,Bibirioni Ward,82,Kiambu,1406,Limuru,CORRECT,NORMALIZED,
2212,Limuru Central Ward,Kiambu,Limuru Sub County,xhVi71INcFs,82,1406,2299,Limuru Central Ward,82,Kiambu,1406,Limuru,CORRECT,NORMALIZED,
2213,Ndeiya Ward,Kiambu,Limuru Sub County,xhVi71INcFs,82,1406,2300,Ndeiya Ward,82,Kiambu,1406,Limuru,CORRECT,NORMALIZED,
2214,Limuru East Ward,Kiambu,Limuru Sub County,xhVi71INcFs,82,1406,2301,Limuru East Ward,82,Kiambu,1406,Limuru,CORRECT,NORMALIZED,
2215,Ngecha Tigoni Ward,Kiambu,Limuru Sub County,xhVi71INcFs,82,1406,2302,Ngecha Tigoni Ward,82,Kiambu,1406,Limuru,CORRECT,NORMALIZED,
153,Dekaharia Ward,GARISSA,Fafi Sub County,RScEHA3V38d,60,1282,2303,Dekaharia Ward,60,Garissa,1282,Fafi,CORRECT,NORMALIZED,
190,Diif Ward,WAJIR,Wajir South Sub County,U7KFQn3Up3o,61,1293,2304,Diif Ward,61,Wajir,1293,Wajir South,CORRECT,NORMALIZED,
2240,Biashara Ward,Kiambu,Ruiru Sub County,TPRNJqSm4lK,82,1407,2305,Biashara Ward,82,Kiambu,1407,Ruiru,CORRECT,NORMALIZED,
308,Nkondi Ward,THARAKA-NITHI,Tharaka South Sub County,Yz1V5Cx8CO2,66,1327,2306,Nkondi Ward,66,Tharaka Nithi,1327,Tharaka South,CORRECT,NORMALIZED,
309,Chiakagira Ward,THARAKA-NITHI,Tharaka South Sub County,Yz1V5Cx8CO2,66,1327,2307,Chiakagira Ward,66,Tharaka Nithi,1327,Tharaka South,CORRECT,NORMALIZED,
310,Marimanti Ward,THARAKA-NITHI,Tharaka South Sub County,Yz1V5Cx8CO2,66,1327,2308,Marimanti Ward,66,Tharaka Nithi,1327,Tharaka South,CORRECT,NORMALIZED,
311,Ruguru-Ngandori Ward,EMBU,Manyatta  Sub County,IPOMRXiYjxr,89,542,2309,Ruguru-Ngandori Ward,89,Embu,542,Manyatta  Sub County,CORRECT,EXACT,
312,Kithimu Ward,EMBU,Manyatta  Sub County,IPOMRXiYjxr,89,542,2310,Kithimu Ward,89,Embu,542,Manyatta  Sub County,CORRECT,EXACT,
313,Nginda Ward,EMBU,Manyatta  Sub County,IPOMRXiYjxr,89,542,2311,Nginda Ward,89,Embu,542,Manyatta  Sub County,CORRECT,EXACT,
314,Mbeti north Ward,EMBU,Manyatta  Sub County,IPOMRXiYjxr,89,542,2312,Mbeti north Ward,89,Embu,542,Manyatta  Sub County,CORRECT,EXACT,
315,Kirimari Ward,EMBU,Manyatta  Sub County,IPOMRXiYjxr,89,542,2313,Kirimari Ward,89,Embu,542,Manyatta  Sub County,CORRECT,EXACT,
316,Gaturi south Ward,EMBU,Manyatta  Sub County,IPOMRXiYjxr,89,542,2314,Gaturi south Ward,89,Embu,542,Manyatta  Sub County,CORRECT,EXACT,
317,Gaturi north Ward,EMBU,Manyatta  Sub County,IPOMRXiYjxr,89,542,2315,Gaturi north Ward,89,Embu,542,Manyatta  Sub County,CORRECT,EXACT,
318,Kaagari South Ward,EMBU,Runyenjes  Sub County,kMSLkN4nsRl,89,543,2316,Kaagari South Ward,89,Embu,543,Runyenjes  Sub County,CORRECT,EXACT,
319,Central ward,EMBU,Runyenjes  Sub County,kMSLkN4nsRl,89,543,2317,Central ward,89,Embu,543,Runyenjes  Sub County,CORRECT,EXACT,
320,Kaagari North Ward,EMBU,Runyenjes  Sub County,kMSLkN4nsRl,89,543,2318,Kaagari North Ward,89,Embu,543,Runyenjes  Sub County,CORRECT,EXACT,
2242,Kahawa/sukari Ward,Kiambu,Ruiru Sub County,TPRNJqSm4lK,82,1407,2319,Kahawa/sukari Ward,82,Kiambu,1407,Ruiru,CORRECT,NORMALIZED,
2244,Kiuu Ward,Kiambu,Ruiru Sub County,TPRNJqSm4lK,82,1407,2320,Kiuu Ward,82,Kiambu,1407,Ruiru,CORRECT,NORMALIZED,
331,Ngomeni Ward,KITUI,Mwingi North Sub County,KXM9VnhuLfP,68,343,2321,Ngomeni Ward,68,Kitui,343,Mwingi North Sub County,CORRECT,EXACT,
332,Kyuso Ward,KITUI,Mwingi North Sub County,KXM9VnhuLfP,68,343,2322,Kyuso Ward,68,Kitui,343,Mwingi North Sub County,CORRECT,EXACT,
2245,Mwiki Ward,Kiambu,Ruiru Sub County,TPRNJqSm4lK,82,1407,2323,Mwiki Ward,82,Kiambu,1407,Ruiru,CORRECT,NORMALIZED,
2246,Mwihoko Ward,Kiambu,Ruiru Sub County,TPRNJqSm4lK,82,1407,2324,Mwihoko Ward,82,Kiambu,1407,Ruiru,CORRECT,NORMALIZED,
2247,Githunguri Ward,Kiambu,Githunguri Sub County,E7tkGikenbD,82,1399,2325,Githunguri Ward,82,Kiambu,1399,Githunguri,CORRECT,NORMALIZED,
2248,Ndanai/abosi Ward,Bomet,Sotik Sub County,KyuSYunELJI,86,1491,2326,Ndanai/abosi Ward,86,Bomet,1491,Sotik,CORRECT,NORMALIZED,
2249,Chemagel Ward,Bomet,Sotik Sub County,KyuSYunELJI,86,1491,2327,Chemagel Ward,86,Bomet,1491,Sotik,CORRECT,NORMALIZED,
2250,Kipsonoi Ward,Bomet,Sotik Sub County,KyuSYunELJI,86,1491,2328,Kipsonoi Ward,86,Bomet,1491,Sotik,CORRECT,NORMALIZED,
2251,Kapletundo Ward,Bomet,Sotik Sub County,KyuSYunELJI,86,1491,2329,Kapletundo Ward,86,Bomet,1491,Sotik,CORRECT,NORMALIZED,
2252,Rongena/manaret Ward,Bomet,Sotik Sub County,KyuSYunELJI,86,1491,2330,Rongena/manaret Ward,86,Bomet,1491,Sotik,CORRECT,NORMALIZED,
2253,Kong'asis Ward,Bomet,Chepalungu Sub County,PUhMyfDD2xp,86,1489,2331,Kong'asis Ward,86,Bomet,1489,Chepalungu,CORRECT,NORMALIZED,
2254,Nyangores Ward,Bomet,Chepalungu Sub County,PUhMyfDD2xp,86,1489,2332,Nyangores Ward,86,Bomet,1489,Chepalungu,CORRECT,NORMALIZED,
2255,Sigor Ward,Bomet,Chepalungu Sub County,PUhMyfDD2xp,86,1489,2333,Sigor Ward,86,Bomet,1489,Chepalungu,CORRECT,NORMALIZED,
2256,Chebunyo Ward,Bomet,Chepalungu Sub County,PUhMyfDD2xp,86,1489,2334,Chebunyo Ward,86,Bomet,1489,Chepalungu,CORRECT,NORMALIZED,
2257,Siongiroi Ward,Bomet,Chepalungu Sub County,PUhMyfDD2xp,86,1489,2335,Siongiroi Ward,86,Bomet,1489,Chepalungu,CORRECT,NORMALIZED,
2258,Merigi Ward,Bomet,Bomet East Sub County,OZNRpww2TUK,86,1488,2336,Merigi Ward,86,Bomet,1488,Bomet East,CORRECT,NORMALIZED,
2259,Kembu Ward,Bomet,Bomet East Sub County,OZNRpww2TUK,86,1488,2337,Kembu Ward,86,Bomet,1488,Bomet East,CORRECT,NORMALIZED,
2260,Longisa Ward,Bomet,Bomet East Sub County,OZNRpww2TUK,86,1488,2338,Longisa Ward,86,Bomet,1488,Bomet East,CORRECT,NORMALIZED,
2261,Kipreres  Ward,Bomet,Bomet East Sub County,OZNRpww2TUK,86,1488,2339,Kipreres  Ward,86,Bomet,1488,Bomet East,CORRECT,NORMALIZED,
2262,Chemaner Ward,Bomet,Bomet East Sub County,OZNRpww2TUK,86,1488,2340,Chemaner Ward,86,Bomet,1488,Bomet East,CORRECT,NORMALIZED,
2263,Silibwet Township Ward,Bomet,Bomet Central Sub County,m9gdonbVXjZ,86,1492,2341,Silibwet Township Ward,86,Bomet,1492,Bomet Central,CORRECT,NORMALIZED,
2264,Ndaraweta Ward,Bomet,Bomet Central Sub County,m9gdonbVXjZ,86,1492,2342,Ndaraweta Ward,86,Bomet,1492,Bomet Central,CORRECT,NORMALIZED,
2265,Singorwet Ward,Bomet,Bomet Central Sub County,m9gdonbVXjZ,86,1492,2343,Singorwet Ward,86,Bomet,1492,Bomet Central,CORRECT,NORMALIZED,
2266,Chesoen Ward,Bomet,Bomet Central Sub County,m9gdonbVXjZ,86,1492,2344,Chesoen Ward,86,Bomet,1492,Bomet Central,CORRECT,NORMALIZED,
2267,Mutarakwa  Ward,Bomet,Bomet Central Sub County,m9gdonbVXjZ,86,1492,2345,Mutarakwa  Ward,86,Bomet,1492,Bomet Central,CORRECT,NORMALIZED,
2268,Chepchabas Ward,Bomet,Konoin Sub County,PLFoYJO8MVS,86,1490,2346,Chepchabas Ward,86,Bomet,1490,Konoin,CORRECT,NORMALIZED,
159,Ijara Ward,GARISSA,Ijara Sub County,l5E6PiIUs1J,60,1285,2347,Ijara Ward,60,Garissa,1285,Ijara,CORRECT,NORMALIZED,
198,GUBA,MANDERA,BANISSA,hCvlJNjyZna,63,518,2348,GUBA,63,Mandera,518,BANISSA,CORRECT,EXACT,
199,MALKAMARI,MANDERA,BANISSA,hCvlJNjyZna,63,518,2349,MALKAMARI,63,Mandera,518,BANISSA,CORRECT,EXACT,
88,Kipini west Ward,TANA RIVER,Garsen Sub County,Lj0mu9j58Ss,57,517,2350,Kipini west Ward,57,Tana River,517,Garsen Sub County,CORRECT,EXACT,
89,Garsen central Ward,TANA RIVER,Garsen Sub County,Lj0mu9j58Ss,57,517,2351,Garsen central Ward,57,Tana River,517,Garsen Sub County,CORRECT,EXACT,
90,Garsen west Ward,TANA RIVER,Garsen Sub County,Lj0mu9j58Ss,57,517,2352,Garsen west Ward,57,Tana River,517,Garsen Sub County,CORRECT,EXACT,
107,MKUNUMBI,LAMU,LAMU WEST,Lfxw0DfD4jN,58,1275,2353,MKUNUMBI,58,Lamu,1275,Lamu West,CORRECT,EXACT,
110,BAHARI,LAMU,LAMU WEST,Lfxw0DfD4jN,58,1275,2354,BAHARI,58,Lamu,1275,Lamu West,CORRECT,EXACT,
194,DANDU,MANDERA,MANDERA WEST,H5RvDZkoDJL,63,1295,2355,DANDU,63,Mandera,1295,Mandera West,CORRECT,EXACT,
195,GITHER,MANDERA,MANDERA WEST,H5RvDZkoDJL,63,1295,2356,GITHER,63,Mandera,1295,Mandera West,CORRECT,EXACT,
200,KILIWAHERI,MANDERA,BANISSA,hCvlJNjyZna,63,518,2357,KILIWAHERI,63,Mandera,518,BANISSA,CORRECT,EXACT,
209,ELWAK NORTH,MANDERA,MANDERA SOUTH,qyhVIMG2rUw,63,325,2358,ELWAK NORTH,63,Mandera,325,MANDERA SOUTH,CORRECT,EXACT,
230,TURBI,MARSABIT,NORTH HORR,j6fqt5TYqPZ,64,1307,2359,TURBI,64,Marsabit,1307,North Horr,CORRECT,EXACT,
109,WITU,LAMU,LAMU WEST,Lfxw0DfD4jN,58,1275,2360,WITU,58,Lamu,1275,Lamu West,CORRECT,EXACT,
237,KARGI/SOUTH HORR,MARSABIT,LAISAMIS,eZpy65ooW0m,64,330,2361,KARGI/SOUTH HORR,64,Marsabit,330,LAISAMIS,CORRECT,EXACT,
238,KORR/NGURUNIT,MARSABIT,LAISAMIS,eZpy65ooW0m,64,330,2362,KORR/NGURUNIT,64,Marsabit,330,LAISAMIS,CORRECT,EXACT,
91,Garsen north Ward,TANA RIVER,Garsen Sub County,Lj0mu9j58Ss,57,517,2363,Garsen north Ward,57,Tana River,517,Garsen Sub County,CORRECT,EXACT,
239,LOGOLOGO,MARSABIT,LAISAMIS,eZpy65ooW0m,64,330,2364,LOGOLOGO,64,Marsabit,330,LAISAMIS,CORRECT,EXACT,
132,Galbet Ward,GARISSA,Garissa Sub County,lQkHbTC1iRg,60,1283,2365,Galbet Ward,60,Garissa,1283,Garissa,CORRECT,NORMALIZED,
169,Township Ward,WAJIR,Wajir East Sub County,uov0yFMw9Qm,61,1291,2366,Township Ward,61,Wajir,1291,Wajir East,CORRECT,NORMALIZED,
170,Barwaqo Ward,WAJIR,Wajir East Sub County,uov0yFMw9Qm,61,1291,2367,Barwaqo Ward,61,Wajir,1291,Wajir East,CORRECT,NORMALIZED,
176,Arbajahan Ward,WAJIR,Wajir West Sub County,X98G0eIWdmP,61,1294,2368,Arbajahan Ward,61,Wajir,1294,Wajir West,CORRECT,NORMALIZED,
178,ADEMASAJIDE Ward,WAJIR,Wajir West Sub County,X98G0eIWdmP,61,1294,2369,ADEMASAJIDE Ward,61,Wajir,1294,Wajir West,CORRECT,NORMALIZED,
179,Ganyure Wagalla Ward,WAJIR,Wajir West Sub County,X98G0eIWdmP,61,1294,2370,Ganyure Wagalla Ward,61,Wajir,1294,Wajir West,CORRECT,NORMALIZED,
180,Lakoley south/basir Ward,WAJIR,Eldas Sub County,x6Z1sBeiyqQ,61,1288,2371,Lakoley south/basir Ward,61,Wajir,1288,Eldas,CORRECT,NORMALIZED,
299,Ganga Ward,THARAKA-NITHI,Mwimbi Sub County,wQ8XjZ7zVwL,66,341,2372,Ganga Ward,66,Tharaka Nithi,341,Mwimbi Sub County,CORRECT,EXACT,
300,Chogoria Ward,THARAKA-NITHI,Mwimbi Sub County,wQ8XjZ7zVwL,66,341,2373,Chogoria Ward,66,Tharaka Nithi,341,Mwimbi Sub County,CORRECT,EXACT,
301,Mariani Ward,THARAKA-NITHI,Igambang'ombe Sub County,yXwsnpFBIPW,66,1323,2374,Mariani Ward,66,Tharaka Nithi,1323,Igambang'ombe,CORRECT,NORMALIZED,
302,Karingani Ward,THARAKA-NITHI,Chuka Sub County,JmE1qRVQD4F,66,548,2375,Karingani Ward,66,Tharaka Nithi,548,Chuka Sub County,CORRECT,EXACT,
303,Magumoni Ward,THARAKA-NITHI,Chuka Sub County,JmE1qRVQD4F,66,548,2376,Magumoni Ward,66,Tharaka Nithi,548,Chuka Sub County,CORRECT,EXACT,
304,Mugwe Ward,THARAKA-NITHI,Chuka Sub County,JmE1qRVQD4F,66,548,2377,Mugwe Ward,66,Tharaka Nithi,548,Chuka Sub County,CORRECT,EXACT,
321,Kyeni north Ward,EMBU,Runyenjes  Sub County,kMSLkN4nsRl,89,543,2378,Kyeni north Ward,89,Embu,543,Runyenjes  Sub County,CORRECT,EXACT,
322,Kyeni south Ward,EMBU,Runyenjes  Sub County,kMSLkN4nsRl,89,543,2379,Kyeni south Ward,89,Embu,543,Runyenjes  Sub County,CORRECT,EXACT,
323,Mwea Ward,EMBU,Mbeere South  Sub County,AvnM6jKoocs,89,1331,2380,Mwea Ward,89,Embu,1331,Mbeere South,CORRECT,NORMALIZED,
324,Makima Ward,EMBU,Mbeere South  Sub County,AvnM6jKoocs,89,1331,2381,Makima Ward,89,Embu,1331,Mbeere South,CORRECT,NORMALIZED,
325,Mbeti south Ward,EMBU,Mbeere South  Sub County,AvnM6jKoocs,89,1331,2382,Mbeti south Ward,89,Embu,1331,Mbeere South,CORRECT,NORMALIZED,
326,Mavuria Ward,EMBU,Mbeere South  Sub County,AvnM6jKoocs,89,1331,2383,Mavuria Ward,89,Embu,1331,Mbeere South,CORRECT,NORMALIZED,
327,Kiambere Ward,EMBU,Mbeere South  Sub County,AvnM6jKoocs,89,1331,2384,Kiambere Ward,89,Embu,1331,Mbeere South,CORRECT,NORMALIZED,
328,Nthawa Ward,EMBU,Mbeere North  Sub County,eYBXetGx8xF,89,1332,2385,Nthawa Ward,89,Embu,1332,Mbeere North,CORRECT,NORMALIZED,
350,Kisasi Ward,KITUI,Kitui Rural Sub County,vbauk0RRq9N,68,348,2386,Kisasi Ward,68,Kitui,348,Kitui Rural Sub County,CORRECT,EXACT,
357,Mulango Ward,KITUI,Kitui Central  Sub County,MWqQbxWqACn,68,1336,2387,Mulango Ward,68,Kitui,1336,Kitui Central,CORRECT,NORMALIZED,
358,Kyangwithya east Ward,KITUI,Kitui Central  Sub County,MWqQbxWqACn,68,1336,2388,Kyangwithya east Ward,68,Kitui,1336,Kitui Central,CORRECT,NORMALIZED,
361,Chuluni Ward,KITUI,Kitui East Sub County,d0Gu8FrRM0Y,68,354,2389,Chuluni Ward,68,Kitui,354,Kitui East Sub County,CORRECT,EXACT,
366,Mutomo Ward,KITUI,Kitui South Sub County,d3hSQ3EtnPk,68,357,2390,Mutomo Ward,68,Kitui,357,Kitui South Sub County,CORRECT,EXACT,
367,Mutha Ward,KITUI,Kitui South Sub County,d3hSQ3EtnPk,68,357,2391,Mutha Ward,68,Kitui,357,Kitui South Sub County,CORRECT,EXACT,
369,Kanziko Ward,KITUI,Kitui South Sub County,d3hSQ3EtnPk,68,357,2392,Kanziko Ward,68,Kitui,357,Kitui South Sub County,CORRECT,EXACT,
446,Nyakio Ward,NYANDARUA,Kinangop Sub County,RAnL5kBKMIt,67,1369,2393,Nyakio Ward,67,Nyandarua,1369,Kinangop,CORRECT,NORMALIZED,
447,Githabai Ward,NYANDARUA,Kinangop Sub County,RAnL5kBKMIt,67,1369,2394,Githabai Ward,67,Nyandarua,1369,Kinangop,CORRECT,NORMALIZED,
448,Magumu Ward,NYANDARUA,Kinangop Sub County,RAnL5kBKMIt,67,1369,2395,Magumu Ward,67,Nyandarua,1369,Kinangop,CORRECT,NORMALIZED,
451,Geta Ward,NYANDARUA,Kipipiri Sub County,KlVgeHmvG6n,67,1372,2396,Geta Ward,67,Nyandarua,1372,Kipipiri,CORRECT,NORMALIZED,
453,Karau Ward,NYANDARUA,Olkalou Sub County,Lm9RMwhIu3G,67,374,2397,Karau Ward,67,Nyandarua,374,Olkalou Sub County,CORRECT,EXACT,
455,Mirangine Ward,NYANDARUA,Olkalou Sub County,Lm9RMwhIu3G,67,374,2398,Mirangine Ward,67,Nyandarua,374,Olkalou Sub County,CORRECT,EXACT,
456,Kaimbaga Ward,NYANDARUA,Olkalou Sub County,Lm9RMwhIu3G,67,374,2399,Kaimbaga Ward,67,Nyandarua,374,Olkalou Sub County,CORRECT,EXACT,
458,Gathanji Ward,NYANDARUA,Oljoroorok Sub County,fVSw60UAC3W,67,342,2400,Gathanji Ward,67,Nyandarua,342,Oljoroorok Sub County,CORRECT,EXACT,
459,Gatimu Ward,NYANDARUA,Oljoroorok Sub County,fVSw60UAC3W,67,342,2401,Gatimu Ward,67,Nyandarua,342,Oljoroorok Sub County,CORRECT,EXACT,
460,Weru Ward,NYANDARUA,Oljoroorok Sub County,fVSw60UAC3W,67,342,2402,Weru Ward,67,Nyandarua,342,Oljoroorok Sub County,CORRECT,EXACT,
463,Kiritta Ward,NYANDARUA,Ndaragwa Sub County,EESGLsSLTqH,67,395,2403,Kiritta Ward,67,Nyandarua,395,Ndaragwa Sub County,CORRECT,EXACT,
464,Central Ward,NYANDARUA,Ndaragwa Sub County,EESGLsSLTqH,67,395,2404,Central Ward,67,Nyandarua,395,Ndaragwa Sub County,CORRECT,EXACT,
465,Shamata Ward,NYANDARUA,Ndaragwa Sub County,EESGLsSLTqH,67,395,2405,Shamata Ward,67,Nyandarua,395,Ndaragwa Sub County,CORRECT,EXACT,
466,Dedan kimathi Ward,NYERI,Tetu Sub County,YT3tecc4atw,69,1376,2406,Dedan kimathi Ward,69,Nyeri,1376,Tetu,CORRECT,NORMALIZED,
467,Wamagana Ward,NYERI,Tetu Sub County,YT3tecc4atw,69,1376,2407,Wamagana Ward,69,Nyeri,1376,Tetu,CORRECT,NORMALIZED,
468,Aguthi-gaaki Ward,NYERI,Tetu Sub County,YT3tecc4atw,69,1376,2408,Aguthi-gaaki Ward,69,Nyeri,1376,Tetu,CORRECT,NORMALIZED,
469,Mweiga Ward,NYERI,Kieni West Sub County,odOtfcaMg4p,69,1378,2409,Mweiga Ward,69,Nyeri,1378,Kieni West,CORRECT,NORMALIZED,
470,Naromoru/kiamathaga Ward,NYERI,Kieni East Sub County,YXt5ETQPRlB,69,1377,2410,Naromoru/kiamathaga Ward,69,Nyeri,1377,Kieni East,CORRECT,NORMALIZED,
471,Mwiyogo/endarasha Ward,NYERI,Kieni West Sub County,odOtfcaMg4p,69,1378,2411,Mwiyogo/endarasha Ward,69,Nyeri,1378,Kieni West,CORRECT,NORMALIZED,
472,Mugunda Ward,NYERI,Kieni West Sub County,odOtfcaMg4p,69,1378,2412,Mugunda Ward,69,Nyeri,1378,Kieni West,CORRECT,NORMALIZED,
473,Gatarakwa Ward,NYERI,Kieni West Sub County,odOtfcaMg4p,69,1378,2413,Gatarakwa Ward,69,Nyeri,1378,Kieni West,CORRECT,NORMALIZED,
474,Thegu river Ward,NYERI,Kieni East Sub County,YXt5ETQPRlB,69,1377,2414,Thegu river Ward,69,Nyeri,1377,Kieni East,CORRECT,NORMALIZED,
475,Kabaru Ward,NYERI,Kieni East Sub County,YXt5ETQPRlB,69,1377,2415,Kabaru Ward,69,Nyeri,1377,Kieni East,CORRECT,NORMALIZED,
476,Gakawa Ward,NYERI,Kieni East Sub County,YXt5ETQPRlB,69,1377,2416,Gakawa Ward,69,Nyeri,1377,Kieni East,CORRECT,NORMALIZED,
477,Ruguru Ward,NYERI,Mathira West Sub County,msIc1uFAY6B,69,1380,2417,Ruguru Ward,69,Nyeri,1380,Mathira West,CORRECT,NORMALIZED,
478,Magutu Ward,NYERI,Mathira East Sub County,vznKK4IegIL,69,1379,2418,Magutu Ward,69,Nyeri,1379,Mathira East,CORRECT,NORMALIZED,
617,Kakuma Ward,TURKANA,Turkana West Sub County,HK5SUCMQmsw,70,1416,2419,Kakuma Ward,70,Turkana,1416,Turkana West,CORRECT,NORMALIZED,
621,Kalobeyei Ward,TURKANA,Turkana West Sub County,HK5SUCMQmsw,70,1416,2420,Kalobeyei Ward,70,Turkana,1416,Turkana West,CORRECT,NORMALIZED,
623,Nanaam Ward,TURKANA,Turkana West Sub County,HK5SUCMQmsw,70,1416,2421,Nanaam Ward,70,Turkana,1416,Turkana West,CORRECT,NORMALIZED,
627,Lodwar Township Ward,TURKANA,Turkana Central Sub County,zd8rhYqGowE,70,1412,2422,Lodwar Township Ward,70,Turkana,1412,Turkana Central,CORRECT,NORMALIZED,
628,Kanamkemer Ward,TURKANA,Turkana Central Sub County,zd8rhYqGowE,70,1412,2423,Kanamkemer Ward,70,Turkana,1412,Turkana Central,CORRECT,NORMALIZED,
629,Kotaruk/Lobei Ward,TURKANA,Loima Sub County,OZiGQn2R8kK,70,1411,2424,Kotaruk/Lobei Ward,70,Turkana,1411,Loima,CORRECT,NORMALIZED,
631,Loima Ward,TURKANA,Loima Sub County,OZiGQn2R8kK,70,1411,2425,Loima Ward,70,Turkana,1411,Loima,CORRECT,NORMALIZED,
634,Katilu Ward,TURKANA,Turkana South Sub County,iTw0sFjlqZ2,70,1415,2426,Katilu Ward,70,Turkana,1415,Turkana South,CORRECT,NORMALIZED,
639,Katilia Ward,TURKANA,Turkana East Sub County,dr8gOvVAdiE,70,1413,2427,Katilia Ward,70,Turkana,1413,Turkana East,CORRECT,NORMALIZED,
640,Lokori/kochodin Ward,TURKANA,Turkana East Sub County,dr8gOvVAdiE,70,1413,2428,Lokori/kochodin Ward,70,Turkana,1413,Turkana East,CORRECT,NORMALIZED,
656,Alale Ward,WEST POKOT,Pokot North Sub County,YXpHG1Ez8V2,71,1419,2429,Alale Ward,71,West Pokot,1419,Pokot North,CORRECT,NORMALIZED,
657,Chepareria Ward,WEST POKOT,Pokot South Sub County,u2zJahNiSP5,71,1420,2430,Chepareria Ward,71,West Pokot,1420,Pokot South,CORRECT,NORMALIZED,
658,Batei Ward,WEST POKOT,Pokot South Sub County,u2zJahNiSP5,71,1420,2431,Batei Ward,71,West Pokot,1420,Pokot South,CORRECT,NORMALIZED,
659,Lelan Ward,WEST POKOT,Pokot South Sub County,u2zJahNiSP5,71,1420,2432,Lelan Ward,71,West Pokot,1420,Pokot South,CORRECT,NORMALIZED,
660,Tapach Ward,WEST POKOT,Pokot South Sub County,u2zJahNiSP5,71,1420,2433,Tapach Ward,71,West Pokot,1420,Pokot South,CORRECT,NORMALIZED,
661,Lodokejek Ward,SAMBURU,Samburu Central Sub County,EmQRGVtvWy3,72,1422,2434,Lodokejek Ward,72,Samburu,1422,Samburu Central,CORRECT,NORMALIZED,
679,Bidii Ward,TRANS NZOIA,Kwanza  Sub County,ABy8CNqf2e7,81,1427,2435,Bidii Ward,81,Trans Nzoia,1427,Kwanza,CORRECT,NORMALIZED,
685,Tuwani Ward,TRANS NZOIA,Saboti  Sub County,y2M16lesMsF,81,425,2436,Tuwani Ward,81,Trans Nzoia,425,Saboti  Sub County,CORRECT,EXACT,
686,Saboti Ward,TRANS NZOIA,Saboti  Sub County,y2M16lesMsF,81,425,2437,Saboti Ward,81,Trans Nzoia,425,Saboti  Sub County,CORRECT,EXACT,
687,Machewa Ward,TRANS NZOIA,Saboti  Sub County,y2M16lesMsF,81,425,2438,Machewa Ward,81,Trans Nzoia,425,Saboti  Sub County,CORRECT,EXACT,
691,Hospital Ward,TRANS NZOIA,Kiminini  Sub County,pzZHpL2ueIn,81,1429,2439,Hospital Ward,81,Trans Nzoia,1429,Kiminini,CORRECT,NORMALIZED,
692,Sikhendu Ward,TRANS NZOIA,Kiminini  Sub County,pzZHpL2ueIn,81,1429,2440,Sikhendu Ward,81,Trans Nzoia,1429,Kiminini,CORRECT,NORMALIZED,
700,Sitatunga Ward,TRANS NZOIA,Cherangany Sub County,f18kGo9yXWo,81,441,2441,Sitatunga Ward,81,Trans Nzoia,441,Cherangany Sub County,CORRECT,EXACT,
736,Sengwer Ward,ELGEYO-MARAKWET,Marakwet West Sub County,fNCuk4Lpsnh,85,1439,2442,Sengwer Ward,85,Elgeyo Marakwet,1439,Marakwet West,CORRECT,NORMALIZED,
737,Cherangany  Ward,ELGEYO-MARAKWET,Marakwet West Sub County,fNCuk4Lpsnh,85,1439,2443,Cherangany  Ward,85,Elgeyo Marakwet,1439,Marakwet West,CORRECT,NORMALIZED,
738,Moiben Kuserwo Ward,ELGEYO-MARAKWET,Marakwet West Sub County,fNCuk4Lpsnh,85,1439,2444,Moiben Kuserwo Ward,85,Elgeyo Marakwet,1439,Marakwet West,CORRECT,NORMALIZED,
739,Kapsowar Ward,ELGEYO-MARAKWET,Marakwet West Sub County,fNCuk4Lpsnh,85,1439,2445,Kapsowar Ward,85,Elgeyo Marakwet,1439,Marakwet West,CORRECT,NORMALIZED,
740,Arror Ward,ELGEYO-MARAKWET,Marakwet West Sub County,fNCuk4Lpsnh,85,1439,2446,Arror Ward,85,Elgeyo Marakwet,1439,Marakwet West,CORRECT,NORMALIZED,
741,Kamariny Ward,ELGEYO-MARAKWET,Keiyo North Sub County,rlWH0Ac9vjc,85,1436,2447,Kamariny Ward,85,Elgeyo Marakwet,1436,Keiyo North,CORRECT,NORMALIZED,
742,Emsoo Ward,ELGEYO-MARAKWET,Keiyo North Sub County,rlWH0Ac9vjc,85,1436,2448,Emsoo Ward,85,Elgeyo Marakwet,1436,Keiyo North,CORRECT,NORMALIZED,
743,Tambach Ward,ELGEYO-MARAKWET,Keiyo North Sub County,rlWH0Ac9vjc,85,1436,2449,Tambach Ward,85,Elgeyo Marakwet,1436,Keiyo North,CORRECT,NORMALIZED,
744,Kapchemutwa Ward,ELGEYO-MARAKWET,Keiyo North Sub County,rlWH0Ac9vjc,85,1436,2450,Kapchemutwa Ward,85,Elgeyo Marakwet,1436,Keiyo North,CORRECT,NORMALIZED,
745,Kaptarakwa Ward,ELGEYO-MARAKWET,Keiyo South Sub County,SOEG546PqbA,85,1437,2451,Kaptarakwa Ward,85,Elgeyo Marakwet,1437,Keiyo South,CORRECT,NORMALIZED,
746,Chepkorio Ward,ELGEYO-MARAKWET,Keiyo South Sub County,SOEG546PqbA,85,1437,2452,Chepkorio Ward,85,Elgeyo Marakwet,1437,Keiyo South,CORRECT,NORMALIZED,
750,Metkei Ward,ELGEYO-MARAKWET,Keiyo South Sub County,SOEG546PqbA,85,1437,2453,Metkei Ward,85,Elgeyo Marakwet,1437,Keiyo South,CORRECT,NORMALIZED,
751,Songhor/Soba Ward,NANDI,Tinderet Sub County,NPYRMdqrK6L,88,1445,2454,Songhor/Soba Ward,88,Nandi,1445,Tinderet,CORRECT,NORMALIZED,
752,Tinderet Ward,NANDI,Tinderet Sub County,NPYRMdqrK6L,88,1445,2455,Tinderet Ward,88,Nandi,1445,Tinderet,CORRECT,NORMALIZED,
753,Chemelil/chemase Ward,NANDI,Tinderet Sub County,NPYRMdqrK6L,88,1445,2456,Chemelil/chemase Ward,88,Nandi,1445,Tinderet,CORRECT,NORMALIZED,
754,Kapsimotwo Ward,NANDI,Nandi East Sub County,W6Err8cQf5J,88,1442,2457,Kapsimotwo Ward,88,Nandi,1442,Nandi East,CORRECT,NORMALIZED,
763,Ol'lessos Ward,NANDI,Nandi East Sub County,W6Err8cQf5J,88,1442,2458,Ol'lessos Ward,88,Nandi,1442,Nandi East,CORRECT,NORMALIZED,
764,Kapchorua Ward,NANDI,Nandi East Sub County,W6Err8cQf5J,88,1442,2459,Kapchorua Ward,88,Nandi,1442,Nandi East,CORRECT,NORMALIZED,
766,Kosirai Ward,NANDI,Chesumei Sub County,xLWuQq3DjOR,88,1440,2460,Kosirai Ward,88,Nandi,1440,Chesumei,CORRECT,NORMALIZED,
768,Kaptel/kamoiywo Ward,NANDI,Chesumei Sub County,xLWuQq3DjOR,88,1440,2461,Kaptel/kamoiywo Ward,88,Nandi,1440,Chesumei,CORRECT,NORMALIZED,
769,Kiptuiya Ward,NANDI,Chesumei Sub County,xLWuQq3DjOR,88,1440,2462,Kiptuiya Ward,88,Nandi,1440,Chesumei,CORRECT,NORMALIZED,
771,Kapkangani Ward,NANDI,Emgwen Sub County,Njv37QXxNy2,88,456,2463,Kapkangani Ward,88,Nandi,456,Emgwen Sub County,CORRECT,EXACT,
774,Chepterwai Ward,NANDI,Mosop Sub County,Xtb7tbJpk9p,88,462,2464,Chepterwai Ward,88,Nandi,462,Mosop Sub County,CORRECT,EXACT,
775,Kipkaren Ward,NANDI,Mosop Sub County,Xtb7tbJpk9p,88,462,2465,Kipkaren Ward,88,Nandi,462,Mosop Sub County,CORRECT,EXACT,
776,Kurgung/surungai Ward,NANDI,Mosop Sub County,Xtb7tbJpk9p,88,462,2466,Kurgung/surungai Ward,88,Nandi,462,Mosop Sub County,CORRECT,EXACT,
777,Kabiyet Ward,NANDI,Mosop Sub County,Xtb7tbJpk9p,88,462,2467,Kabiyet Ward,88,Nandi,462,Mosop Sub County,CORRECT,EXACT,
779,Kabisaga Ward,NANDI,Mosop Sub County,Xtb7tbJpk9p,88,462,2468,Kabisaga Ward,88,Nandi,462,Mosop Sub County,CORRECT,EXACT,
813,Githiga Ward,LAIKIPIA,Laikipia West Sub County,pXbWrnFPpKb,91,1457,2469,Githiga Ward,91,Laikipia,1457,Laikipia West,CORRECT,NORMALIZED,
956,Kapkatet Ward,KERICHO,Bureti Sub County,wt8cPHWfkfu,56,1483,2470,Kapkatet Ward,56,Kericho,1483,Bureti,CORRECT,NORMALIZED,
959,Cheptororiet/seretut Ward,KERICHO,Belgut Sub County,YnIAWg1T4AY,56,1482,2471,Cheptororiet/seretut Ward,56,Kericho,1482,Belgut,CORRECT,NORMALIZED,