gid,wardId,wardName,countyName,authoritativeSubcountyName,authoritativeScuid,databaseSubCountyId,databaseSubCountyName,databaseCountyId,databaseCountyName,status,detail
241,1024,WABERA,ISIOLO,Isiolo Sub County,,1310,Isiolo,48,Isiolo,WRONG_SUBCOUNTY,Ward subCountyId does not match the authoritative canonical subcounty target.
1455,1025,North Kamagambo Ward,Migori,Rongo Sub County,,1552,Rongo,49,Migori,CORRECT,Database county and canonical subcounty ownership match the authoritative source.
1456,1026,Central Kamagambo Ward,Migori,Rongo Sub County,,1552,Rongo,49,Migori,CORRECT,Database county and canonical subcounty ownership match the authoritative source.
1457,1027,South Kamagambo Ward,Migori,Rongo Sub County,,1552,Rongo,49,Migori,CORRECT,Database county and canonical subcounty ownership match the authoritative source.
1458,1028,North Sakwa Ward,Migori,Awendo Sub County,,1548,Awendo,49,Migori,CORRECT,Database county and canonical subcounty ownership match the authoritative source.
1459,1029,South Sakwa Ward,Migori,Awendo Sub County,,1548,Awendo,49,Migori,CORRECT,Database county and canonical subcounty ownership match the authoritative source.
1460,1030,West Sakwa Ward,Migori,Awendo Sub County,,1548,Awendo,49,Migori,CORRECT,Database county and canonical subcounty ownership match the authoritative source.
1461,1031,Central Sakwa Ward,Migori,Awendo Sub County,,1548,Awendo,49,Migori,CORRECT,Database county and canonical subcounty ownership match the authoritative source.
1462,1032,God Jope  Ward,Migori,Suna East Sub County,,1553,Suna East,49,Migori,CORRECT,Database county and canonical subcounty ownership match the authoritative source.
1463,1033,Suna Central Ward,Migori,Suna East Sub County,,1553,Suna East,49,Migori,CORRECT,Database county and canonical subcounty ownership match the authoritative source.
1464,1034,Kakrao Ward,Migori,Suna East Sub County,,1553,Suna East,49,Migori,CORRECT,Database county and canonical subcounty ownership match the authoritative source.
1465,1035,Kwa Ward,Migori,Suna East Sub County,,1553,Suna East,49,Migori,CORRECT,Database county and canonical subcounty ownership match the authoritative source.
1466,1036,Wiga Ward,Migori,Suna West Sub County,,1554,Suna West,49,Migori,CORRECT,Database county and canonical subcounty ownership match the authoritative source.
1467,1037,Waseweta Ii Ward,Migori,Suna West Sub County,,1554,Suna West,49,Migori,CORRECT,Database county and canonical subcounty ownership match the authoritative source.
1468,1038,Ragana-oruba Ward,Migori,Suna West Sub County,,1554,Suna West,49,Migori,CORRECT,Database county and canonical subcounty ownership match the authoritative source.
1469,1039,Wasimbete Ward,Migori,Suna West Sub County,,1554,Suna West,49,Migori,CORRECT,Database county and canonical subcounty ownership match the authoritative source.
1470,1040,West Kanyamkago Ward,Migori,Uriri Sub County,,1555,Uriri,49,Migori,CORRECT,Database county and canonical subcounty ownership match the authoritative source.
1471,1041,North  Kanyamkago Ward,Migori,Uriri Sub County,,1555,Uriri,49,Migori,CORRECT,Database county and canonical subcounty ownership match the authoritative source.
1472,1042,Central Kanyamkago Ward,Migori,Uriri Sub County,,1555,Uriri,49,Migori,CORRECT,Database county and canonical subcounty ownership match the authoritative source.
1473,1043,South Kanyamkago Ward,Migori,Uriri Sub County,,1555,Uriri,49,Migori,CORRECT,Database county and canonical subcounty ownership match the authoritative source.
1474,1044,East Kanyamkago Ward,Migori,Uriri Sub County,,1555,Uriri,49,Migori,CORRECT,Database county and canonical subcounty ownership match the authoritative source.
1475,1045,Kachieng' Ward,Migori,Nyatike Sub County,,1551,Nyatike,49,Migori,CORRECT,Database county and canonical subcounty ownership match the authoritative source.
1486,1046,Masaba Ward,Migori,Kuria West Sub County,,1550,Kuria West,49,Migori,CORRECT,Database county and canonical subcounty ownership match the authoritative source.
1490,1047,Ntimaru West Ward,Migori,Kuria East Sub County,,1549,Kuria East,49,Migori,CORRECT,Database county and canonical subcounty ownership match the authoritative source.
1520,1048,Mathatani Ward,Machakos,Athi River Sub County,,1351,Athi River,50,Machakos,WRONG_SUBCOUNTY,Ward subCountyId does not match the authoritative canonical subcounty target.
1521,1049,Syokimau-mulolongo Ward,Machakos,Athi River Sub County,,1351,Athi River,50,Machakos,WRONG_SUBCOUNTY,Ward subCountyId does not match the authoritative canonical subcounty target.
1522,1050,Kalama Ward,Machakos,Machakos Sub County,,1355,Machakos,50,Machakos,WRONG_SUBCOUNTY,Ward subCountyId does not match the authoritative canonical subcounty target.
1523,1051,Mua Ward,Machakos,Machakos Sub County,,1355,Machakos,50,Machakos,WRONG_SUBCOUNTY,Ward subCountyId does not match the authoritative canonical subcounty target.
1524,1052,Mutituni Ward,Machakos,Machakos Sub County,,1355,Machakos,50,Machakos,WRONG_SUBCOUNTY,Ward subCountyId does not match the authoritative canonical subcounty target.
1525,1053,Township Ward,Machakos,Machakos Sub County,,1355,Machakos,50,Machakos,WRONG_SUBCOUNTY,Ward subCountyId does not match the authoritative canonical subcounty target.
1526,1054,Mumbuni North Ward,Machakos,Machakos Sub County,,1355,Machakos,50,Machakos,WRONG_SUBCOUNTY,Ward subCountyId does not match the authoritative canonical subcounty target.
1527,1055,Muvuti-kiima-kimwe Ward,Machakos,Machakos Sub County,,1355,Machakos,50,Machakos,WRONG_SUBCOUNTY,Ward subCountyId does not match the authoritative canonical subcounty target.
1528,1056,Kola Ward,Machakos,Machakos Sub County,,1355,Machakos,50,Machakos,WRONG_SUBCOUNTY,Ward subCountyId does not match the authoritative canonical subcounty target.
1529,1057,Mbiuni Ward,Machakos,Mwala Sub County,,1358,Mwala,50,Machakos,CORRECT,Database county and canonical subcounty ownership match the authoritative source.
1530,1058,Makutano-mwala Ward,Machakos,Mwala Sub County,,1358,Mwala,50,Machakos,CORRECT,Database county and canonical subcounty ownership match the authoritative source.
1531,1059,Masii Ward,Machakos,Mwala Sub County,,1358,Mwala,50,Machakos,CORRECT,Database county and canonical subcounty ownership match the authoritative source.
1532,1060,Muthetheni Ward,Machakos,Mwala Sub County,,1358,Mwala,50,Machakos,CORRECT,Database county and canonical subcounty ownership match the authoritative source.
1533,1061,Wamunyu Ward,Machakos,Mwala Sub County,,1358,Mwala,50,Machakos,CORRECT,Database county and canonical subcounty ownership match the authoritative source.
1534,1062,Kibauni Ward,Machakos,Mwala Sub County,,1358,Mwala,50,Machakos,CORRECT,Database county and canonical subcounty ownership match the authoritative source.
1535,1063,West Kasipul Ward,Homa Bay,Kasipul Sub County,,267,Kasipul Sub County,51,Homa Bay,CORRECT,Database county and canonical subcounty ownership match the authoritative source.
1536,1064,South Kasipul Ward,Homa Bay,Kasipul Sub County,,267,Kasipul Sub County,51,Homa Bay,CORRECT,Database county and canonical subcounty ownership match the authoritative source.
1537,1065,Central Kasipul Ward,Homa Bay,Kasipul Sub County,,267,Kasipul Sub County,51,Homa Bay,CORRECT,Database county and canonical subcounty ownership match the authoritative source.
1538,1066,East Kamagak Ward,Homa Bay,Kasipul Sub County,,267,Kasipul Sub County,51,Homa Bay,CORRECT,Database county and canonical subcounty ownership match the authoritative source.
1539,1067,West Kamagak Ward,Homa Bay,Kasipul Sub County,,267,Kasipul Sub County,51,Homa Bay,CORRECT,Database county and canonical subcounty ownership match the authoritative source.
1540,1068,Kabondo East Ward,Homa Bay,Kabondo Kasipul Sub County,,268,Kabondo Kasipul Sub County,51,Homa Bay,CORRECT,Database county and canonical subcounty ownership match the authoritative source.
1541,1069,Kabondo West Ward,Homa Bay,Kabondo Kasipul Sub County,,268,Kabondo Kasipul Sub County,51,Homa Bay,CORRECT,Database county and canonical subcounty ownership match the authoritative source.
1542,1070,Kokwanyo/kakelo Ward,Homa Bay,Kabondo Kasipul Sub County,,268,Kabondo Kasipul Sub County,51,Homa Bay,CORRECT,Database county and canonical subcounty ownership match the authoritative source.
1543,1071,Kojwach Ward,Homa Bay,Kabondo Kasipul Sub County,,268,Kabondo Kasipul Sub County,51,Homa Bay,CORRECT,Database county and canonical subcounty ownership match the authoritative source.
1544,1072,West Karachuonyo Ward,Homa Bay,Karachuonyo Sub County,,269,Karachuonyo Sub County,51,Homa Bay,CORRECT,Database county and canonical subcounty ownership match the authoritative source.
1545,1073,North Karachuonyo Ward,Homa Bay,Karachuonyo Sub County,,269,Karachuonyo Sub County,51,Homa Bay,CORRECT,Database county and canonical subcounty ownership match the authoritative source.
1546,1074,Central Ward,Homa Bay,Karachuonyo Sub County,,269,Karachuonyo Sub County,51,Homa Bay,CORRECT,Database county and canonical subcounty ownership match the authoritative source.
1547,1075,Kanyaluo Ward,Homa Bay,Karachuonyo Sub County,,269,Karachuonyo Sub County,51,Homa Bay,CORRECT,Database county and canonical subcounty ownership match the authoritative source.
1553,1076,Kagan Ward,Homa Bay,Rangwe Sub County,,1545,Rangwe,51,Homa Bay,CORRECT,Database county and canonical subcounty ownership match the authoritative source.
1554,1077,Kochia Ward,Homa Bay,Rangwe Sub County,,1545,Rangwe,51,Homa Bay,CORRECT,Database county and canonical subcounty ownership match the authoritative source.
1555,1078,Homa Bay Central Ward,Homa Bay,Homa Bay Town Sub County,,271,Homa Bay Town Sub County,51,Homa Bay,CORRECT,Database county and canonical subcounty ownership match the authoritative source.
1556,1079,Homa Bay Arujo Ward,Homa Bay,Homa Bay Town Sub County,,271,Homa Bay Town Sub County,51,Homa Bay,CORRECT,Database county and canonical subcounty ownership match the authoritative source.
1558,1080,Homa Bay East Ward,Homa Bay,Homa Bay Town Sub County,,271,Homa Bay Town Sub County,51,Homa Bay,CORRECT,Database county and canonical subcounty ownership match the authoritative source.
1559,1081,Kwabwai Ward,Homa Bay,Ndhiwa Sub County,,1541,Ndhiwa,51,Homa Bay,CORRECT,Database county and canonical subcounty ownership match the authoritative source.
1560,1082,Kanyadoto Ward,Homa Bay,Ndhiwa Sub County,,1541,Ndhiwa,51,Homa Bay,CORRECT,Database county and canonical subcounty ownership match the authoritative source.
1561,1083,Kanyikela Ward,Homa Bay,Ndhiwa Sub County,,1541,Ndhiwa,51,Homa Bay,CORRECT,Database county and canonical subcounty ownership match the authoritative source.
1562,1084,Kabouch North Ward,Homa Bay,Ndhiwa Sub County,,1541,Ndhiwa,51,Homa Bay,CORRECT,Database county and canonical subcounty ownership match the authoritative source.
1563,1085,Kabuoch South/pala Ward,Homa Bay,Ndhiwa Sub County,,1541,Ndhiwa,51,Homa Bay,CORRECT,Database county and canonical subcounty ownership match the authoritative source.
1565,1086,Kanyamwa Kosewe Ward,Homa Bay,Ndhiwa Sub County,,1541,Ndhiwa,51,Homa Bay,CORRECT,Database county and canonical subcounty ownership match the authoritative source.
1566,1087,Mfangano Island Ward,Homa Bay,Mbita Sub County,,273,Mbita Sub County,51,Homa Bay,CORRECT,Database county and canonical subcounty ownership match the authoritative source.
1567,1088,Rusinga Island Ward,Homa Bay,Mbita Sub County,,273,Mbita Sub County,51,Homa Bay,CORRECT,Database county and canonical subcounty ownership match the authoritative source.
1568,1089,Kasgunga Ward,Homa Bay,Mbita Sub County,,273,Mbita Sub County,51,Homa Bay,CORRECT,Database county and canonical subcounty ownership match the authoritative source.
1579,1090,Chavakali Ward,Vihiga,Sabatia Sub County,,1508,Sabatia,52,Vihiga,CORRECT,Database county and canonical subcounty ownership match the authoritative source.
1582,1091,Busali Ward,Vihiga,Sabatia Sub County,,1508,Sabatia,52,Vihiga,CORRECT,Database county and canonical subcounty ownership match the authoritative source.
1583,1092,Shiru Ward,Vihiga,Hamisi Sub County,,1510,Hamisi,52,Vihiga,CORRECT,Database county and canonical subcounty ownership match the authoritative source.
1584,1093,Gisambai Ward,Vihiga,Hamisi Sub County,,1510,Hamisi,52,Vihiga,CORRECT,Database county and canonical subcounty ownership match the authoritative source.
1585,1094,Muhudu Ward,Vihiga,Hamisi Sub County,,1510,Hamisi,52,Vihiga,CORRECT,Database county and canonical subcounty ownership match the authoritative source.
1586,1095,Tambua Ward,Vihiga,Hamisi Sub County,,1510,Hamisi,52,Vihiga,CORRECT,Database county and canonical subcounty ownership match the authoritative source.
1587,1096,Jepkoyai Ward,Vihiga,Hamisi Sub County,,1510,Hamisi,52,Vihiga,CORRECT,Database county and canonical subcounty ownership match the authoritative source.
1591,1097,Luanda South Ward,Vihiga,Luanda Sub County,,1509,Luanda,52,Vihiga,CORRECT,Database county and canonical subcounty ownership match the authoritative source.
1593,1098,North East Bunyore Ward,Vihiga,Emuhaya Sub County,,1506,Emuhaya,52,Vihiga,CORRECT,Database county and canonical subcounty ownership match the authoritative source.
1596,1099,Banja Ward,Vihiga,Hamisi Sub County,,1510,Hamisi,52,Vihiga,CORRECT,Database county and canonical subcounty ownership match the authoritative source.
1597,1100,South Maragoli Ward,Vihiga,Vihiga Sub County,,1507,Vihiga,52,Vihiga,CORRECT,Database county and canonical subcounty ownership match the authoritative source.
1598,1101,Shamakhokho Ward,Vihiga,Hamisi Sub County,,1510,Hamisi,52,Vihiga,CORRECT,Database county and canonical subcounty ownership match the authoritative source.
1600,1102,Cheptais Ward,Bungoma,Cheptais Sub County,,1516,Cheptais,53,Bungoma,WRONG_SUBCOUNTY,Ward subCountyId does not match the authoritative canonical subcounty target.
1603,1103,Kakateny Ward,Bungoma,Cheptais Sub County,,1516,Cheptais,53,Bungoma,WRONG_SUBCOUNTY,Ward subCountyId does not match the authoritative canonical subcounty target.
1604,1104,Kaptama Ward,Bungoma,Mt Elgon Sub County,,280,Mt Elgon Sub County,53,Bungoma,CORRECT,Database county and canonical subcounty ownership match the authoritative source.
1607,1105,Malakisi/south Kulisiru Ward,Bungoma,Sirisia Sub County,,281,Sirisia Sub County,53,Bungoma,CORRECT,Database county and canonical subcounty ownership match the authoritative source.
1608,1106,Lwandanyi Ward,Bungoma,Sirisia Sub County,,281,Sirisia Sub County,53,Bungoma,CORRECT,Database county and canonical subcounty ownership match the authoritative source.
1610,1107,West Nalondo Ward,Bungoma,Kabuchai Sub County,,282,Kabuchai Sub County,53,Bungoma,CORRECT,Database county and canonical subcounty ownership match the authoritative source.
1612,1108,Mukuyuni Ward,Bungoma,Kabuchai Sub County,,282,Kabuchai Sub County,53,Bungoma,CORRECT,Database county and canonical subcounty ownership match the authoritative source.
1616,1109,Kabula  Ward,Bungoma,Bumula Sub County,,1511,Bumula,53,Bungoma,CORRECT,Database county and canonical subcounty ownership match the authoritative source.
1617,1110,Kimaeti Ward,Bungoma,Bumula Sub County,,1511,Bumula,53,Bungoma,CORRECT,Database county and canonical subcounty ownership match the authoritative source.
1619,1111,Siboti Ward,Bungoma,Bumula Sub County,,1511,Bumula,53,Bungoma,CORRECT,Database county and canonical subcounty ownership match the authoritative source.
1620,1112,Bukembe West Ward,Bungoma,Kanduyi Sub County,,284,Kanduyi Sub County,53,Bungoma,CORRECT,Database county and canonical subcounty ownership match the authoritative source.
1621,1113,Bukembe East Ward,Bungoma,Kanduyi Sub County,,284,Kanduyi Sub County,53,Bungoma,CORRECT,Database county and canonical subcounty ownership match the authoritative source.
1634,1114,Bokoli Ward,Bungoma,Webuye West Sub County,,1520,Webuye West,53,Bungoma,CORRECT,Database county and canonical subcounty ownership match the authoritative source.
1635,1115,Kibingei Ward,Bungoma,Kimilili Sub County,,1517,Kimilili,53,Bungoma,CORRECT,Database county and canonical subcounty ownership match the authoritative source.
1636,1116,Kimilili Ward,Bungoma,Kimilili Sub County,,1517,Kimilili,53,Bungoma,CORRECT,Database county and canonical subcounty ownership match the authoritative source.
1637,1117,Maeni Ward,Bungoma,Kimilili Sub County,,1517,Kimilili,53,Bungoma,CORRECT,Database county and canonical subcounty ownership match the authoritative source.
1638,1118,Kamukuywa Ward,Bungoma,Kimilili Sub County,,1517,Kimilili,53,Bungoma,CORRECT,Database county and canonical subcounty ownership match the authoritative source.
1639,1119,Mbakalo Ward,Bungoma,Tongaren Sub County,,1519,Tongaren,53,Bungoma,CORRECT,Database county and canonical subcounty ownership match the authoritative source.
1640,1120,Naitiri/kabuyefwe Ward,Bungoma,Tongaren Sub County,,1519,Tongaren,53,Bungoma,CORRECT,Database county and canonical subcounty ownership match the authoritative source.
1641,1121,Milima Ward,Bungoma,Tongaren Sub County,,1519,Tongaren,53,Bungoma,CORRECT,Database county and canonical subcounty ownership match the authoritative source.
1642,1122,Ndalu/ Tabani Ward,Bungoma,Tongaren Sub County,,1519,Tongaren,53,Bungoma,CORRECT,Database county and canonical subcounty ownership match the authoritative source.
1643,1123,Tongaren Ward,Bungoma,Tongaren Sub County,,1519,Tongaren,53,Bungoma,CORRECT,Database county and canonical subcounty ownership match the authoritative source.
1644,1124,Soysambu/ Mitua Ward,Bungoma,Tongaren Sub County,,1519,Tongaren,53,Bungoma,CORRECT,Database county and canonical subcounty ownership match the authoritative source.
1645,1125,Mautuma Ward,Kakamega,Lugari Sub County,,1500,Lugari,54,Kakamega,CORRECT,Database county and canonical subcounty ownership match the authoritative source.
1646,1126,Lugari Ward,Kakamega,Lugari Sub County,,1500,Lugari,54,Kakamega,CORRECT,Database county and canonical subcounty ownership match the authoritative source.
1647,1127,Lumakanda Ward,Kakamega,Lugari Sub County,,1500,Lugari,54,Kakamega,CORRECT,Database county and canonical subcounty ownership match the authoritative source.
1648,1128,Chekalini Ward,Kakamega,Lugari Sub County,,1500,Lugari,54,Kakamega,CORRECT,Database county and canonical subcounty ownership match the authoritative source.
1649,1129,Chevaywa Ward,Kakamega,Lugari Sub County,,1500,Lugari,54,Kakamega,CORRECT,Database county and canonical subcounty ownership match the authoritative source.
1650,1130,Lwandeti Ward,Kakamega,Lugari Sub County,,1500,Lugari,54,Kakamega,CORRECT,Database county and canonical subcounty ownership match the authoritative source.
1651,1131,Likuyani Ward,Kakamega,Likuyani Sub County,,1499,Likuyani,54,Kakamega,CORRECT,Database county and canonical subcounty ownership match the authoritative source.
1652,1132,Sango Ward,Kakamega,Likuyani Sub County,,1499,Likuyani,54,Kakamega,CORRECT,Database county and canonical subcounty ownership match the authoritative source.
1653,1133,Kongoni Ward,Kakamega,Likuyani Sub County,,1499,Likuyani,54,Kakamega,CORRECT,Database county and canonical subcounty ownership match the authoritative source.
1654,1134,Nzoia Ward,Kakamega,Likuyani Sub County,,1499,Likuyani,54,Kakamega,CORRECT,Database county and canonical subcounty ownership match the authoritative source.
1655,1135,Sinoko Ward,Kakamega,Likuyani Sub County,,1499,Likuyani,54,Kakamega,CORRECT,Database county and canonical subcounty ownership match the authoritative source.
1656,1136,West Kabras Ward,Kakamega,Malava Sub County,,290,Malava Sub County,54,Kakamega,CORRECT,Database county and canonical subcounty ownership match the authoritative source.
1657,1137,Chemuche Ward,Kakamega,Malava Sub County,,290,Malava Sub County,54,Kakamega,CORRECT,Database county and canonical subcounty ownership match the authoritative source.
1658,1138,East Kabras Ward,Kakamega,Malava Sub County,,290,Malava Sub County,54,Kakamega,CORRECT,Database county and canonical subcounty ownership match the authoritative source.
1659,1139,Butali Chegulo Ward,Kakamega,Malava Sub County,,290,Malava Sub County,54,Kakamega,CORRECT,Database county and canonical subcounty ownership match the authoritative source.
1660,1140,Manda-shivanga Ward,Kakamega,Malava Sub County,,290,Malava Sub County,54,Kakamega,CORRECT,Database county and canonical subcounty ownership match the authoritative source.
1661,1141,Shirungu-mugai Ward,Kakamega,Malava Sub County,,290,Malava Sub County,54,Kakamega,CORRECT,Database county and canonical subcounty ownership match the authoritative source.
1662,1142,South Kabras Ward,Kakamega,Malava Sub County,,290,Malava Sub County,54,Kakamega,CORRECT,Database county and canonical subcounty ownership match the authoritative source.
1663,1143,Butsotso East Ward,Kakamega,Lurambi Sub County,,291,Lurambi Sub County,54,Kakamega,CORRECT,Database county and canonical subcounty ownership match the authoritative source.
1664,1144,Butsotso South  Ward,Kakamega,Lurambi Sub County,,291,Lurambi Sub County,54,Kakamega,CORRECT,Database county and canonical subcounty ownership match the authoritative source.
1665,1145,Butsotso Central Ward,Kakamega,Lurambi Sub County,,291,Lurambi Sub County,54,Kakamega,CORRECT,Database county and canonical subcounty ownership match the authoritative source.
1666,1146,Sheywe Ward,Kakamega,Lurambi Sub County,,291,Lurambi Sub County,54,Kakamega,CORRECT,Database county and canonical subcounty ownership match the authoritative source.
1667,1147,Mahiakalo Ward,Kakamega,Lurambi Sub County,,291,Lurambi Sub County,54,Kakamega,CORRECT,Database county and canonical subcounty ownership match the authoritative source.
1668,1148,Shirere Ward,Kakamega,Lurambi Sub County,,291,Lurambi Sub County,54,Kakamega,CORRECT,Database county and canonical subcounty ownership match the authoritative source.
1669,1149,Ingoste-matiha Ward,Kakamega,Navakholo Sub County,,1505,Navakholo,54,Kakamega,CORRECT,Database county and canonical subcounty ownership match the authoritative source.
1670,1150,Shinoyi-shikomari-esumeiya Ward,Kakamega,Navakholo Sub County,,1505,Navakholo,54,Kakamega,CORRECT,Database county and canonical subcounty ownership match the authoritative source.
1671,1151,Bunyala West Ward,Kakamega,Navakholo Sub County,,1505,Navakholo,54,Kakamega,CORRECT,Database county and canonical subcounty ownership match the authoritative source.
1672,1152,Bunyala East Ward,Kakamega,Navakholo Sub County,,1505,Navakholo,54,Kakamega,CORRECT,Database county and canonical subcounty ownership match the authoritative source.
1673,1153,Bunyala Central Ward,Kakamega,Navakholo Sub County,,1505,Navakholo,54,Kakamega,CORRECT,Database county and canonical subcounty ownership match the authoritative source.
1674,1154,Mumias Central Ward,Kakamega,Mumias West  Sub County,,1504,Mumias West,54,Kakamega,CORRECT,Database county and canonical subcounty ownership match the authoritative source.
1796,1155,Kipevu Ward,Mombasa,Changamwe Sub County,,1251,Changamwe,55,Mombasa,CORRECT,Database county and canonical subcounty ownership match the authoritative source.
961,1156,BELGUT,KERICHO,AINAMOI,,295,AINAMOI,56,Kericho,CORRECT,Database county and canonical subcounty ownership match the authoritative source.
94,1157,Chewani Ward,TANA RIVER,Galole Sub County,,296,Galole Sub County,57,Tana River,CORRECT,Database county and canonical subcounty ownership match the authoritative source.
92,1158,Kinakomba Ward,TANA RIVER,Galole Sub County,,296,Galole Sub County,57,Tana River,CORRECT,Database county and canonical subcounty ownership match the authoritative source.
1476,1159,Kanyasa Ward,Migori,Nyatike Sub County,,1551,Nyatike,49,Migori,CORRECT,Database county and canonical subcounty ownership match the authoritative source.
1477,1160,North Kadem Ward,Migori,Nyatike Sub County,,1551,Nyatike,49,Migori,CORRECT,Database county and canonical subcounty ownership match the authoritative source.
1478,1161,Macalder/kanyarwanda Ward,Migori,Nyatike Sub County,,1551,Nyatike,49,Migori,CORRECT,Database county and canonical subcounty ownership match the authoritative source.
1479,1162,Kaler Ward,Migori,Nyatike Sub County,,1551,Nyatike,49,Migori,CORRECT,Database county and canonical subcounty ownership match the authoritative source.
1480,1163,Got Kachola Ward,Migori,Nyatike Sub County,,1551,Nyatike,49,Migori,CORRECT,Database county and canonical subcounty ownership match the authoritative source.
1481,1164,Muhuru Ward,Migori,Nyatike Sub County,,1551,Nyatike,49,Migori,CORRECT,Database county and canonical subcounty ownership match the authoritative source.
1482,1165,Bukira East Ward,Migori,Kuria West Sub County,,1550,Kuria West,49,Migori,CORRECT,Database county and canonical subcounty ownership match the authoritative source.
1483,1166,Bukira Central/ikerege Ward,Migori,Kuria West Sub County,,1550,Kuria West,49,Migori,CORRECT,Database county and canonical subcounty ownership match the authoritative source.
1484,1167,Isibania Ward,Migori,Kuria West Sub County,,1550,Kuria West,49,Migori,CORRECT,Database county and canonical subcounty ownership match the authoritative source.
1797,1168,Airport Ward,Mombasa,Changamwe Sub County,,1251,Changamwe,55,Mombasa,CORRECT,Database county and canonical subcounty ownership match the authoritative source.
101,1169,FAZA,LAMU,LAMU EAST,,1274,Lamu East,58,Lamu,CORRECT,Database county and canonical subcounty ownership match the authoritative source.
102,1170,KIUNGA,LAMU,LAMU EAST,,1274,Lamu East,58,Lamu,CORRECT,Database county and canonical subcounty ownership match the authoritative source.
103,1171,BASUBA,LAMU,LAMU EAST,,1274,Lamu East,58,Lamu,CORRECT,Database county and canonical subcounty ownership match the authoritative source.
104,1172,SHELLA,LAMU,LAMU WEST,,1275,Lamu West,58,Lamu,CORRECT,Database county and canonical subcounty ownership match the authoritative source.
105,1173,MKOMAMI,LAMU,LAMU WEST,,1275,Lamu West,58,Lamu,CORRECT,Database county and canonical subcounty ownership match the authoritative source.
106,1174,HINDI,LAMU,LAMU WEST,,1275,Lamu West,58,Lamu,CORRECT,Database county and canonical subcounty ownership match the authoritative source.
98,1175,Bangale Ward,TANA RIVER,Bura Sub County,,299,Bura Sub County,57,Tana River,CORRECT,Database county and canonical subcounty ownership match the authoritative source.
99,1176,Sala Ward,TANA RIVER,Bura Sub County,,299,Bura Sub County,57,Tana River,CORRECT,Database county and canonical subcounty ownership match the authoritative source.
108,1177,HONGWE,LAMU,LAMU WEST,,1275,Lamu West,58,Lamu,CORRECT,Database county and canonical subcounty ownership match the authoritative source.
1678,1178,Lusheya Lubinu Ward,Kakamega,Mumias East Sub County,,1503,Mumias East,54,Kakamega,CORRECT,Database county and canonical subcounty ownership match the authoritative source.
1679,1179,Malaha Isongo Makunga Ward,Kakamega,Mumias East Sub County,,1503,Mumias East,54,Kakamega,CORRECT,Database county and canonical subcounty ownership match the authoritative source.
1680,1180,East Wanga Ward,Kakamega,Mumias East Sub County,,1503,Mumias East,54,Kakamega,CORRECT,Database county and canonical subcounty ownership match the authoritative source.
1681,1181,Koyonzo Ward,Kakamega,Matungu Sub County,,1502,Matungu,54,Kakamega,CORRECT,Database county and canonical subcounty ownership match the authoritative source.
1682,1182,Kholera Ward,Kakamega,Matungu Sub County,,1502,Matungu,54,Kakamega,CORRECT,Database county and canonical subcounty ownership match the authoritative source.
1683,1183,Khalaba Ward,Kakamega,Matungu Sub County,,1502,Matungu,54,Kakamega,CORRECT,Database county and canonical subcounty ownership match the authoritative source.
111,1184,Chala Ward,TAITA TAVETA,Taveta Sub County,,1278,Taveta,59,Taita Taveta,CORRECT,Database county and canonical subcounty ownership match the authoritative source.
1485,1185,Mokerero Ward,Migori,Kuria West Sub County,,1550,Kuria West,49,Migori,CORRECT,Database county and canonical subcounty ownership match the authoritative source.
115,1186,Mata Ward,TAITA TAVETA,Taveta Sub County,,1278,Taveta,59,Taita Taveta,CORRECT,Database county and canonical subcounty ownership match the authoritative source.
1487,1187,Tagare Ward,Migori,Kuria West Sub County,,1550,Kuria West,49,Migori,CORRECT,Database county and canonical subcounty ownership match the authoritative source.
116,1188,Wundanyi/mbale Ward,TAITA TAVETA,Wundanyi Sub County,,303,Wundanyi Sub County,59,Taita Taveta,CORRECT,Database county and canonical subcounty ownership match the authoritative source.
118,1189,Wumingu/kishushe Ward,TAITA TAVETA,Wundanyi Sub County,,303,Wundanyi Sub County,59,Taita Taveta,CORRECT,Database county and canonical subcounty ownership match the authoritative source.
1488,1190,Nyamosense/komosoko Ward,Migori,Kuria West Sub County,,1550,Kuria West,49,Migori,CORRECT,Database county and canonical subcounty ownership match the authoritative source.
1489,1191,Gokeharaka/getambwega Ward,Migori,Kuria East Sub County,,1549,Kuria East,49,Migori,CORRECT,Database county and canonical subcounty ownership match the authoritative source.
1491,1192,Ntimaru East Ward,Migori,Kuria East Sub County,,1549,Kuria East,49,Migori,CORRECT,Database county and canonical subcounty ownership match the authoritative source.
1492,1193,Nyabasi East Ward,Migori,Kuria East Sub County,,1549,Kuria East,49,Migori,CORRECT,Database county and canonical subcounty ownership match the authoritative source.
1493,1194,Nyabasi West Ward,Migori,Kuria East Sub County,,1549,Kuria East,49,Migori,CORRECT,Database county and canonical subcounty ownership match the authoritative source.
1494,1195,East Kamagambo Ward,Migori,Rongo Sub County,,1552,Rongo,49,Migori,CORRECT,Database county and canonical subcounty ownership match the authoritative source.
1495,1196,Kivaa Ward,Machakos,Masinga Sub County,,1356,Masinga,50,Machakos,CORRECT,Database county and canonical subcounty ownership match the authoritative source.
1496,1197,Masinga Central Ward,Machakos,Masinga Sub County,,1356,Masinga,50,Machakos,CORRECT,Database county and canonical subcounty ownership match the authoritative source.
1497,1198,Ekalakala Ward,Machakos,Masinga Sub County,,1356,Masinga,50,Machakos,CORRECT,Database county and canonical subcounty ownership match the authoritative source.
1498,1199,Muthesya Ward,Machakos,Masinga Sub County,,1356,Masinga,50,Machakos,CORRECT,Database county and canonical subcounty ownership match the authoritative source.
1499,1200,Mananja Ward,Machakos,Masinga Sub County,,1356,Masinga,50,Machakos,CORRECT,Database county and canonical subcounty ownership match the authoritative source.
1500,1201,Ndalani Ward,Machakos,Yatta Sub County,,1359,Yatta,50,Machakos,CORRECT,Database county and canonical subcounty ownership match the authoritative source.
1501,1202,Matuu Ward,Machakos,Yatta Sub County,,1359,Yatta,50,Machakos,CORRECT,Database county and canonical subcounty ownership match the authoritative source.
1502,1203,Kithimani Ward,Machakos,Yatta Sub County,,1359,Yatta,50,Machakos,CORRECT,Database county and canonical subcounty ownership match the authoritative source.
1503,1204,Ikombe Ward,Machakos,Yatta Sub County,,1359,Yatta,50,Machakos,CORRECT,Database county and canonical subcounty ownership match the authoritative source.
1504,1205,Katangi Ward,Machakos,Yatta Sub County,,1359,Yatta,50,Machakos,CORRECT,Database county and canonical subcounty ownership match the authoritative source.
1505,1206,Kangundo North Ward,Machakos,Kangundo Sub County,,1353,Kangundo,50,Machakos,CORRECT,Database county and canonical subcounty ownership match the authoritative source.
1506,1207,Kangundo Central Ward,Machakos,Kangundo Sub County,,1353,Kangundo,50,Machakos,CORRECT,Database county and canonical subcounty ownership match the authoritative source.
1507,1208,Kangundo East Ward,Machakos,Kangundo Sub County,,1353,Kangundo,50,Machakos,CORRECT,Database county and canonical subcounty ownership match the authoritative source.
1508,1209,Kangundo West Ward,Machakos,Kangundo Sub County,,1353,Kangundo,50,Machakos,CORRECT,Database county and canonical subcounty ownership match the authoritative source.
1509,1210,Tala Ward,Machakos,Matungulu Sub County,,1357,Matungulu,50,Machakos,CORRECT,Database county and canonical subcounty ownership match the authoritative source.
1510,1211,Matungulu North Ward,Machakos,Matungulu Sub County,,1357,Matungulu,50,Machakos,CORRECT,Database county and canonical subcounty ownership match the authoritative source.
1511,1212,Matungulu East Ward,Machakos,Matungulu Sub County,,1357,Matungulu,50,Machakos,CORRECT,Database county and canonical subcounty ownership match the authoritative source.
1512,1213,Matungulu West Ward,Machakos,Matungulu Sub County,,1357,Matungulu,50,Machakos,CORRECT,Database county and canonical subcounty ownership match the authoritative source.
1513,1214,Kyeleni Ward,Machakos,Matungulu Sub County,,1357,Matungulu,50,Machakos,CORRECT,Database county and canonical subcounty ownership match the authoritative source.
1514,1215,Mitamboni Ward,Machakos,Kathiani Sub County,,1354,Kathiani,50,Machakos,CORRECT,Database county and canonical subcounty ownership match the authoritative source.
1515,1216,Kathiani Central Ward,Machakos,Kathiani Sub County,,1354,Kathiani,50,Machakos,CORRECT,Database county and canonical subcounty ownership match the authoritative source.
1516,1217,Upper Kaewa-iveti Ward,Machakos,Kathiani Sub County,,1354,Kathiani,50,Machakos,CORRECT,Database county and canonical subcounty ownership match the authoritative source.
1517,1218,Lower Kaewa-kaani Ward,Machakos,Kathiani Sub County,,1354,Kathiani,50,Machakos,CORRECT,Database county and canonical subcounty ownership match the authoritative source.
1518,1219,Athi River Ward,Machakos,Athi River Sub County,,1351,Athi River,50,Machakos,WRONG_SUBCOUNTY,Ward subCountyId does not match the authoritative canonical subcounty target.
1519,1220,Kinanie Ward,Machakos,Athi River Sub County,,1351,Athi River,50,Machakos,WRONG_SUBCOUNTY,Ward subCountyId does not match the authoritative canonical subcounty target.
1548,1221,Kibiri Ward,Homa Bay,Karachuonyo Sub County,,269,Karachuonyo Sub County,51,Homa Bay,CORRECT,Database county and canonical subcounty ownership match the authoritative source.
1549,1222,Wang'chieng Ward,Homa Bay,Karachuonyo Sub County,,269,Karachuonyo Sub County,51,Homa Bay,CORRECT,Database county and canonical subcounty ownership match the authoritative source.
1550,1223,Kendu Bay Town Ward,Homa Bay,Karachuonyo Sub County,,269,Karachuonyo Sub County,51,Homa Bay,CORRECT,Database county and canonical subcounty ownership match the authoritative source.
1551,1224,West Gem Ward,Homa Bay,Rangwe Sub County,,1545,Rangwe,51,Homa Bay,CORRECT,Database county and canonical subcounty ownership match the authoritative source.
1552,1225,East Gem Ward,Homa Bay,Rangwe Sub County,,1545,Rangwe,51,Homa Bay,CORRECT,Database county and canonical subcounty ownership match the authoritative source.
1557,1226,Homa Bay West Ward,Homa Bay,Homa Bay Town Sub County,,271,Homa Bay Town Sub County,51,Homa Bay,CORRECT,Database county and canonical subcounty ownership match the authoritative source.
131,1227,Township Ward,GARISSA,Garissa Sub County,,1283,Garissa,60,Garissa,CORRECT,Database county and canonical subcounty ownership match the authoritative source.
1564,1228,Kanyamwa Kologi Ward,Homa Bay,Ndhiwa Sub County,,1541,Ndhiwa,51,Homa Bay,CORRECT,Database county and canonical subcounty ownership match the authoritative source.
1569,1229,Gembe Ward,Homa Bay,Mbita Sub County,,273,Mbita Sub County,51,Homa Bay,CORRECT,Database county and canonical subcounty ownership match the authoritative source.
1570,1230,Lambwe Ward,Homa Bay,Mbita Sub County,,273,Mbita Sub County,51,Homa Bay,CORRECT,Database county and canonical subcounty ownership match the authoritative source.
1571,1231,Gwassi South Ward,Homa Bay,Suba Sub County,,310,Suba Sub County,51,Homa Bay,CORRECT,Database county and canonical subcounty ownership match the authoritative source.
1572,1232,Gwassi North Ward,Homa Bay,Suba Sub County,,310,Suba Sub County,51,Homa Bay,CORRECT,Database county and canonical subcounty ownership match the authoritative source.
1573,1233,Kaksingiri West Ward,Homa Bay,Suba Sub County,,310,Suba Sub County,51,Homa Bay,CORRECT,Database county and canonical subcounty ownership match the authoritative source.
134,1234,Waberi Ward,GARISSA,Garissa Sub County,,1283,Garissa,60,Garissa,CORRECT,Database county and canonical subcounty ownership match the authoritative source.
135,1235,Balambala Ward,GARISSA,Balambala Sub County,,1280,Balambala,60,Garissa,CORRECT,Database county and canonical subcounty ownership match the authoritative source.
136,1236,Danyere Ward,GARISSA,Balambala Sub County,,1280,Balambala,60,Garissa,CORRECT,Database county and canonical subcounty ownership match the authoritative source.
137,1237,Jarajara Ward,GARISSA,Balambala Sub County,,1280,Balambala,60,Garissa,CORRECT,Database county and canonical subcounty ownership match the authoritative source.
138,1238,Saka Ward,GARISSA,Balambala Sub County,,1280,Balambala,60,Garissa,CORRECT,Database county and canonical subcounty ownership match the authoritative source.
139,1239,Sankuri Ward,GARISSA,Garissa Sub County,,1283,Garissa,60,Garissa,CORRECT,Database county and canonical subcounty ownership match the authoritative source.
140,1240,Modogashe Ward,GARISSA,Lagdera Sub County,,1286,Lagdera,60,Garissa,CORRECT,Database county and canonical subcounty ownership match the authoritative source.
141,1241,Benane Ward,GARISSA,Lagdera Sub County,,1286,Lagdera,60,Garissa,CORRECT,Database county and canonical subcounty ownership match the authoritative source.
142,1242,Goreale Ward,GARISSA,Lagdera Sub County,,1286,Lagdera,60,Garissa,CORRECT,Database county and canonical subcounty ownership match the authoritative source.
1798,1243,Changamwe Ward,Mombasa,Changamwe Sub County,,1251,Changamwe,55,Mombasa,CORRECT,Database county and canonical subcounty ownership match the authoritative source.
1574,1244,Ruma-kaksingiri East Ward,Homa Bay,Suba Sub County,,310,Suba Sub County,51,Homa Bay,CORRECT,Database county and canonical subcounty ownership match the authoritative source.
1575,1245,Lugaga-wamuluma Ward,Vihiga,Vihiga Sub County,,1507,Vihiga,52,Vihiga,CORRECT,Database county and canonical subcounty ownership match the authoritative source.
1576,1246,Central Maragoli Ward,Vihiga,Vihiga Sub County,,1507,Vihiga,52,Vihiga,CORRECT,Database county and canonical subcounty ownership match the authoritative source.
1577,1247,Lyaduywa/izava Ward,Vihiga,Sabatia Sub County,,1508,Sabatia,52,Vihiga,CORRECT,Database county and canonical subcounty ownership match the authoritative source.
1578,1248,West Sabatia Ward,Vihiga,Sabatia Sub County,,1508,Sabatia,52,Vihiga,CORRECT,Database county and canonical subcounty ownership match the authoritative source.
156,1249,Nanighi Ward,GARISSA,Fafi Sub County,,1282,Fafi,60,Garissa,CORRECT,Database county and canonical subcounty ownership match the authoritative source.
157,1250,Hulugho Ward,GARISSA,Hulugho Sub County,,1284,Hulugho,60,Garissa,CORRECT,Database county and canonical subcounty ownership match the authoritative source.
158,1251,Sangailu Ward,GARISSA,Hulugho Sub County,,1284,Hulugho,60,Garissa,CORRECT,Database county and canonical subcounty ownership match the authoritative source.
1580,1252,North Maragoli Ward,Vihiga,Sabatia Sub County,,1508,Sabatia,52,Vihiga,CORRECT,Database county and canonical subcounty ownership match the authoritative source.
1581,1253,Wodanga Ward,Vihiga,Sabatia Sub County,,1508,Sabatia,52,Vihiga,CORRECT,Database county and canonical subcounty ownership match the authoritative source.
1588,1254,Luanda Township Ward,Vihiga,Luanda Sub County,,1509,Luanda,52,Vihiga,CORRECT,Database county and canonical subcounty ownership match the authoritative source.
1589,1255,Wemilabi Ward,Vihiga,Luanda Sub County,,1509,Luanda,52,Vihiga,CORRECT,Database county and canonical subcounty ownership match the authoritative source.
1590,1256,Mwibona Ward,Vihiga,Luanda Sub County,,1509,Luanda,52,Vihiga,CORRECT,Database county and canonical subcounty ownership match the authoritative source.
164,1257,Malkagufu Ward,WAJIR,Wajir North Sub County,,1292,Wajir North,61,Wajir,CORRECT,Database county and canonical subcounty ownership match the authoritative source.
165,1258,Batalu Ward,WAJIR,Wajir North Sub County,,1292,Wajir North,61,Wajir,CORRECT,Database county and canonical subcounty ownership match the authoritative source.
1592,1259,Emabungo Ward,Vihiga,Luanda Sub County,,1509,Luanda,52,Vihiga,CORRECT,Database county and canonical subcounty ownership match the authoritative source.
167,1260,Godoma Ward,WAJIR,Wajir North Sub County,,1292,Wajir North,61,Wajir,CORRECT,Database county and canonical subcounty ownership match the authoritative source.
1594,1261,Central Bunyore Ward,Vihiga,Emuhaya Sub County,,1506,Emuhaya,52,Vihiga,CORRECT,Database county and canonical subcounty ownership match the authoritative source.
1595,1262,West Bunyore Ward,Vihiga,Emuhaya Sub County,,1506,Emuhaya,52,Vihiga,CORRECT,Database county and canonical subcounty ownership match the authoritative source.
93,1263,Mikinduni Ward,TANA RIVER,Galole Sub County,,296,Galole Sub County,57,Tana River,CORRECT,Database county and canonical subcounty ownership match the authoritative source.
171,1264,Khorof/Harar Ward,WAJIR,Wajir East Sub County,,1291,Wajir East,61,Wajir,CORRECT,Database county and canonical subcounty ownership match the authoritative source.
172,1265,Elben Ward,WAJIR,Tarbaj Sub County,,1290,Tarbaj,61,Wajir,CORRECT,Database county and canonical subcounty ownership match the authoritative source.
173,1266,Sarman Ward,WAJIR,Tarbaj Sub County,,1290,Tarbaj,61,Wajir,CORRECT,Database county and canonical subcounty ownership match the authoritative source.
174,1267,Tarbaj Ward,WAJIR,Tarbaj Sub County,,1290,Tarbaj,61,Wajir,CORRECT,Database county and canonical subcounty ownership match the authoritative source.
175,1268,Wargadud Ward,WAJIR,Tarbaj Sub County,,1290,Tarbaj,61,Wajir,CORRECT,Database county and canonical subcounty ownership match the authoritative source.
122,1269,Bura Ward,TAITA TAVETA,Mwatate Sub County,,1276,Mwatate,59,Taita Taveta,CORRECT,Database county and canonical subcounty ownership match the authoritative source.
177,1270,Hadado Athibohol Ward,WAJIR,Wajir West Sub County,,1294,Wajir West,61,Wajir,CORRECT,Database county and canonical subcounty ownership match the authoritative source.
1800,1271,Jomvu Kuu Ward,Mombasa,Jomvu  Sub County,,1252,Jomvu,55,Mombasa,CORRECT,Database county and canonical subcounty ownership match the authoritative source.
1599,1272,Mungoma Ward,Vihiga,Vihiga Sub County,,1507,Vihiga,52,Vihiga,CORRECT,Database county and canonical subcounty ownership match the authoritative source.
1601,1273,Chesikaki Ward,Bungoma,Cheptais Sub County,,1516,Cheptais,53,Bungoma,WRONG_SUBCOUNTY,Ward subCountyId does not match the authoritative canonical subcounty target.
1602,1274,Chepyuk Ward,Bungoma,Cheptais Sub County,,1516,Cheptais,53,Bungoma,WRONG_SUBCOUNTY,Ward subCountyId does not match the authoritative canonical subcounty target.
1605,1275,Elgon Ward,Bungoma,Mt Elgon Sub County,,280,Mt Elgon Sub County,53,Bungoma,CORRECT,Database county and canonical subcounty ownership match the authoritative source.
1691,1276,Kisa North Ward,Kakamega,Khwisero Sub County,,1498,Khwisero,54,Kakamega,CORRECT,Database county and canonical subcounty ownership match the authoritative source.
1717,1277,Nambale Township Ward,Busia,Nambale Sub County,,1525,Nambale,62,Busia,CORRECT,Database county and canonical subcounty ownership match the authoritative source.
1718,1278,Bukhayo North Walatsi Ward,Busia,Nambale Sub County,,1525,Nambale,62,Busia,CORRECT,Database county and canonical subcounty ownership match the authoritative source.
1719,1279,Bukhayo East Ward,Busia,Nambale Sub County,,1525,Nambale,62,Busia,CORRECT,Database county and canonical subcounty ownership match the authoritative source.
1720,1280,Bukhayo Central Ward,Busia,Nambale Sub County,,1525,Nambale,62,Busia,CORRECT,Database county and canonical subcounty ownership match the authoritative source.
1721,1281,Bukhayo West Ward,Busia,Matayos Sub County,,323,Matayos Sub County,62,Busia,CORRECT,Database county and canonical subcounty ownership match the authoritative source.
203,2472,MAROTHILE,MANDERA,MANDERA NORTH,,1301,Mandera North,63,Mandera,CORRECT,Database county and canonical subcounty ownership match the authoritative source.
204,1282,RHAMU,MANDERA,MANDERA NORTH,,1301,Mandera North,63,Mandera,CORRECT,Database county and canonical subcounty ownership match the authoritative source.
205,1283,RHAMU DIMTU,MANDERA,MANDERA NORTH,,1301,Mandera North,63,Mandera,CORRECT,Database county and canonical subcounty ownership match the authoritative source.
207,1284,KOTULO,MANDERA,MANDERA SOUTH,,325,MANDERA SOUTH,63,Mandera,CORRECT,Database county and canonical subcounty ownership match the authoritative source.
208,1285,ELWAK SOUTH,MANDERA,MANDERA SOUTH,,325,MANDERA SOUTH,63,Mandera,CORRECT,Database county and canonical subcounty ownership match the authoritative source.
210,1286,SHAMBIR FATUMA,MANDERA,MANDERA SOUTH,,325,MANDERA SOUTH,63,Mandera,CORRECT,Database county and canonical subcounty ownership match the authoritative source.
211,1287,ARABIA,MANDERA,MANDERA EAST,,1300,Mandera East,63,Mandera,CORRECT,Database county and canonical subcounty ownership match the authoritative source.
221,1288,BUTIYE,MARSABIT,MOYALE,,1306,Moyale,64,Marsabit,CORRECT,Database county and canonical subcounty ownership match the authoritative source.
222,1289,SOLOLO,MARSABIT,MOYALE,,1306,Moyale,64,Marsabit,CORRECT,Database county and canonical subcounty ownership match the authoritative source.
223,1290,HEILLU/MANYATTA,MARSABIT,MOYALE,,1306,Moyale,64,Marsabit,CORRECT,Database county and canonical subcounty ownership match the authoritative source.
224,1291,GOLBO,MARSABIT,MOYALE,,1306,Moyale,64,Marsabit,CORRECT,Database county and canonical subcounty ownership match the authoritative source.
231,1292,NORTH HORR,MARSABIT,NORTH HORR,,1307,North Horr,64,Marsabit,CORRECT,Database county and canonical subcounty ownership match the authoritative source.
232,1293,ILLERET,MARSABIT,NORTH HORR,,1307,North Horr,64,Marsabit,CORRECT,Database county and canonical subcounty ownership match the authoritative source.
233,1294,SAGANTE/JALDESA,MARSABIT,SAKU,,329,SAKU,64,Marsabit,CORRECT,Database county and canonical subcounty ownership match the authoritative source.
1723,1295,Matayos South Ward,Busia,Matayos Sub County,,323,Matayos Sub County,62,Busia,CORRECT,Database county and canonical subcounty ownership match the authoritative source.
1724,1296,Busibwabo Ward,Busia,Matayos Sub County,,323,Matayos Sub County,62,Busia,CORRECT,Database county and canonical subcounty ownership match the authoritative source.
1725,1297,Burumba Ward,Busia,Matayos Sub County,,323,Matayos Sub County,62,Busia,CORRECT,Database county and canonical subcounty ownership match the authoritative source.
240,1298,LAISAMIS,MARSABIT,LAISAMIS,,330,LAISAMIS,64,Marsabit,CORRECT,Database county and canonical subcounty ownership match the authoritative source.
251,1299,Maua Ward,MERU,Igembe South Sub County,,1316,Igembe South,65,Meru,CORRECT,Database county and canonical subcounty ownership match the authoritative source.
252,1300,Kiegoi/antubochiu Ward,MERU,Igembe South Sub County,,1316,Igembe South,65,Meru,CORRECT,Database county and canonical subcounty ownership match the authoritative source.
253,1301,Athiru gaiti Ward,MERU,Igembe South Sub County,,1316,Igembe South,65,Meru,CORRECT,Database county and canonical subcounty ownership match the authoritative source.
254,1302,Akachiu Ward,MERU,Igembe South Sub County,,1316,Igembe South,65,Meru,CORRECT,Database county and canonical subcounty ownership match the authoritative source.
255,1303,Kanuni Ward,MERU,Igembe South Sub County,,1316,Igembe South,65,Meru,CORRECT,Database county and canonical subcounty ownership match the authoritative source.
256,1304,Akirang'ondu Ward,MERU,Igembe Central Sub County,,1314,Igembe Central,65,Meru,CORRECT,Database county and canonical subcounty ownership match the authoritative source.
257,1305,Athiru ruujine Ward,MERU,Igembe Central Sub County,,1314,Igembe Central,65,Meru,CORRECT,Database county and canonical subcounty ownership match the authoritative source.
258,1306,Kiengu/Igembe East ward,MERU,Igembe Central Sub County,,1314,Igembe Central,65,Meru,CORRECT,Database county and canonical subcounty ownership match the authoritative source.
259,1307,Njia Ward,MERU,Igembe Central Sub County,,1314,Igembe Central,65,Meru,CORRECT,Database county and canonical subcounty ownership match the authoritative source.
260,1308,Kangeta Ward,MERU,Igembe Central Sub County,,1314,Igembe Central,65,Meru,CORRECT,Database county and canonical subcounty ownership match the authoritative source.
261,1309,Antuambui Ward,MERU,Igembe North Sub County,,1315,Igembe North,65,Meru,CORRECT,Database county and canonical subcounty ownership match the authoritative source.
262,1310,Ntunene Ward,MERU,Igembe North Sub County,,1315,Igembe North,65,Meru,CORRECT,Database county and canonical subcounty ownership match the authoritative source.
263,1311,Antubetwe kiongo Ward,MERU,Igembe North Sub County,,1315,Igembe North,65,Meru,CORRECT,Database county and canonical subcounty ownership match the authoritative source.
264,1312,Naathu Ward,MERU,Igembe North Sub County,,1315,Igembe North,65,Meru,CORRECT,Database county and canonical subcounty ownership match the authoritative source.
265,1313,Amwathi Ward,MERU,Igembe North Sub County,,1315,Igembe North,65,Meru,CORRECT,Database county and canonical subcounty ownership match the authoritative source.
266,1314,Athwana Ward,MERU,Tigania West Sub County,,1322,Tigania West,65,Meru,CORRECT,Database county and canonical subcounty ownership match the authoritative source.
267,1315,Akithii Ward,MERU,Tigania West Sub County,,1322,Tigania West,65,Meru,CORRECT,Database county and canonical subcounty ownership match the authoritative source.
268,1316,Kianjai Ward,MERU,Tigania West Sub County,,1322,Tigania West,65,Meru,CORRECT,Database county and canonical subcounty ownership match the authoritative source.
269,1317,Nkomo Ward,MERU,Tigania West Sub County,,1322,Tigania West,65,Meru,CORRECT,Database county and canonical subcounty ownership match the authoritative source.
270,1318,Mbeu Ward,MERU,Tigania West Sub County,,1322,Tigania West,65,Meru,CORRECT,Database county and canonical subcounty ownership match the authoritative source.
271,1319,Thangatha Ward,MERU,Tigania East Sub County,,1321,Tigania East,65,Meru,CORRECT,Database county and canonical subcounty ownership match the authoritative source.
272,1320,Mikinduri Ward,MERU,Tigania East Sub County,,1321,Tigania East,65,Meru,CORRECT,Database county and canonical subcounty ownership match the authoritative source.
273,1321,Kiguchwa Ward,MERU,Tigania East Sub County,,1321,Tigania East,65,Meru,CORRECT,Database county and canonical subcounty ownership match the authoritative source.
274,1322,Muthara Ward,MERU,Tigania East Sub County,,1321,Tigania East,65,Meru,CORRECT,Database county and canonical subcounty ownership match the authoritative source.
275,1323,Karama Ward,MERU,Tigania East Sub County,,1321,Tigania East,65,Meru,CORRECT,Database county and canonical subcounty ownership match the authoritative source.
276,1324,Municipality Ward,MERU,Imenti North Sub County,,1317,Imenti North,65,Meru,CORRECT,Database county and canonical subcounty ownership match the authoritative source.
277,1325,Ntima east Ward,MERU,Imenti North Sub County,,1317,Imenti North,65,Meru,CORRECT,Database county and canonical subcounty ownership match the authoritative source.
278,1326,Ntima west Ward,MERU,Imenti North Sub County,,1317,Imenti North,65,Meru,CORRECT,Database county and canonical subcounty ownership match the authoritative source.
279,1327,Nyaki west Ward,MERU,Imenti North Sub County,,1317,Imenti North,65,Meru,CORRECT,Database county and canonical subcounty ownership match the authoritative source.
280,1328,Nyaki east Ward,MERU,Imenti North Sub County,,1317,Imenti North,65,Meru,CORRECT,Database county and canonical subcounty ownership match the authoritative source.
281,1329,Timau Ward,MERU,Buuri Sub County,,337,Buuri Sub County,65,Meru,CORRECT,Database county and canonical subcounty ownership match the authoritative source.
282,1330,Kisima Ward,MERU,Buuri Sub County,,337,Buuri Sub County,65,Meru,CORRECT,Database county and canonical subcounty ownership match the authoritative source.
283,1331,Kiirua Naari Ward,MERU,Buuri Sub County,,337,Buuri Sub County,65,Meru,CORRECT,Database county and canonical subcounty ownership match the authoritative source.
284,1332,Ruiru Rwawera Ward,MERU,Buuri Sub County,,337,Buuri Sub County,65,Meru,CORRECT,Database county and canonical subcounty ownership match the authoritative source.
285,1333,Mwangathia Ward,MERU,Imenti Central Sub County,,338,Imenti Central Sub County,65,Meru,CORRECT,Database county and canonical subcounty ownership match the authoritative source.
286,1334,Abothuguchi central Ward,MERU,Imenti Central Sub County,,338,Imenti Central Sub County,65,Meru,CORRECT,Database county and canonical subcounty ownership match the authoritative source.
287,1335,Abothuguchi west Ward,MERU,Imenti Central Sub County,,338,Imenti Central Sub County,65,Meru,CORRECT,Database county and canonical subcounty ownership match the authoritative source.
288,1336,Kiagu Ward,MERU,Imenti Central Sub County,,338,Imenti Central Sub County,65,Meru,CORRECT,Database county and canonical subcounty ownership match the authoritative source.
289,1337,Kibirichia Ward,MERU,Buuri Sub County,,337,Buuri Sub County,65,Meru,CORRECT,Database county and canonical subcounty ownership match the authoritative source.
290,1338,Mitunguu Ward,MERU,Imenti South Sub County,,1318,Imenti South,65,Meru,CORRECT,Database county and canonical subcounty ownership match the authoritative source.
291,1339,Igoji east Ward,MERU,Imenti South Sub County,,1318,Imenti South,65,Meru,CORRECT,Database county and canonical subcounty ownership match the authoritative source.
292,1340,Igoji west Ward,MERU,Imenti South Sub County,,1318,Imenti South,65,Meru,CORRECT,Database county and canonical subcounty ownership match the authoritative source.
293,1341,Abogeta east Ward,MERU,Imenti South Sub County,,1318,Imenti South,65,Meru,CORRECT,Database county and canonical subcounty ownership match the authoritative source.
294,1342,Abogeta west Ward,MERU,Imenti South Sub County,,1318,Imenti South,65,Meru,CORRECT,Database county and canonical subcounty ownership match the authoritative source.
295,1343,Nkuene Ward,MERU,Imenti South Sub County,,1318,Imenti South,65,Meru,CORRECT,Database county and canonical subcounty ownership match the authoritative source.
296,1344,Mitheru Ward,THARAKA-NITHI,Muthambi Sub County,,340,Muthambi Sub County,66,Tharaka Nithi,CORRECT,Database county and canonical subcounty ownership match the authoritative source.
297,1345,Muthambi Ward,THARAKA-NITHI,Muthambi Sub County,,340,Muthambi Sub County,66,Tharaka Nithi,CORRECT,Database county and canonical subcounty ownership match the authoritative source.
298,1346,Mwimbi Ward,THARAKA-NITHI,Mwimbi Sub County,,341,Mwimbi Sub County,66,Tharaka Nithi,CORRECT,Database county and canonical subcounty ownership match the authoritative source.
1606,1347,Namwela Ward,Bungoma,Sirisia Sub County,,281,Sirisia Sub County,53,Bungoma,CORRECT,Database county and canonical subcounty ownership match the authoritative source.
461,1348,Charagita Ward,NYANDARUA,Oljoroorok Sub County,,342,Oljoroorok Sub County,67,Nyandarua,CORRECT,Database county and canonical subcounty ownership match the authoritative source.
1609,1349,Kabuchai/chwele Ward,Bungoma,Kabuchai Sub County,,282,Kabuchai Sub County,53,Bungoma,CORRECT,Database county and canonical subcounty ownership match the authoritative source.
1611,1350,Bwake/luuya Ward,Bungoma,Kabuchai Sub County,,282,Kabuchai Sub County,53,Bungoma,CORRECT,Database county and canonical subcounty ownership match the authoritative source.
333,1351,Mumoni Ward,KITUI,Mwingi North Sub County,,343,Mwingi North Sub County,68,Kitui,CORRECT,Database county and canonical subcounty ownership match the authoritative source.
334,1352,Tseikuru Ward,KITUI,Mwingi North Sub County,,343,Mwingi North Sub County,68,Kitui,CORRECT,Database county and canonical subcounty ownership match the authoritative source.
335,1353,Tharaka Ward,KITUI,Mwingi North Sub County,,343,Mwingi North Sub County,68,Kitui,CORRECT,Database county and canonical subcounty ownership match the authoritative source.
336,1354,Kyome/thaana Ward,KITUI,Mwingi West Sub County,,344,Mwingi West Sub County,68,Kitui,CORRECT,Database county and canonical subcounty ownership match the authoritative source.
337,1355,Nguutani Ward,KITUI,Mwingi West Sub County,,344,Mwingi West Sub County,68,Kitui,CORRECT,Database county and canonical subcounty ownership match the authoritative source.
338,1356,Migwani Ward,KITUI,Mwingi West Sub County,,344,Mwingi West Sub County,68,Kitui,CORRECT,Database county and canonical subcounty ownership match the authoritative source.
339,1357,Kiomo/kyethani Ward,KITUI,Mwingi West Sub County,,344,Mwingi West Sub County,68,Kitui,CORRECT,Database county and canonical subcounty ownership match the authoritative source.
340,1358,Central Ward,KITUI,Mwingi Central Sub- County,,1346,Mwingi Central,68,Kitui,CORRECT,Database county and canonical subcounty ownership match the authoritative source.
341,1359,Kivou Ward,KITUI,Mwingi Central Sub- County,,1346,Mwingi Central,68,Kitui,CORRECT,Database county and canonical subcounty ownership match the authoritative source.
342,1360,Nguni Ward,KITUI,Mwingi Central Sub- County,,1346,Mwingi Central,68,Kitui,CORRECT,Database county and canonical subcounty ownership match the authoritative source.
343,1361,Nuu Ward,KITUI,Mwingi Central Sub- County,,1346,Mwingi Central,68,Kitui,CORRECT,Database county and canonical subcounty ownership match the authoritative source.
344,1362,Mui Ward,KITUI,Mwingi Central Sub- County,,1346,Mwingi Central,68,Kitui,CORRECT,Database county and canonical subcounty ownership match the authoritative source.
1613,1363,South Bukusu Ward,Bungoma,Bumula Sub County,,1511,Bumula,53,Bungoma,CORRECT,Database county and canonical subcounty ownership match the authoritative source.
484,1364,Iria-ini Ward,NYERI,Nyeri South Sub County,,1381,Nyeri South,69,Nyeri,CORRECT,Database county and canonical subcounty ownership match the authoritative source.
485,1365,Chinga Ward,NYERI,Nyeri South Sub County,,1381,Nyeri South,69,Nyeri,CORRECT,Database county and canonical subcounty ownership match the authoritative source.
616,1366,Nakalale Ward,TURKANA,Turkana West Sub County,,1416,Turkana West,70,Turkana,CORRECT,Database county and canonical subcounty ownership match the authoritative source.
352,1367,Kwavonza/yatta Ward,KITUI,Kitui Rural Sub County,,348,Kitui Rural Sub County,68,Kitui,CORRECT,Database county and canonical subcounty ownership match the authoritative source.
353,1368,Kanyangi Ward,KITUI,Kitui Rural Sub County,,348,Kitui Rural Sub County,68,Kitui,CORRECT,Database county and canonical subcounty ownership match the authoritative source.
354,1369,Miambani Ward,KITUI,Kitui Central  Sub County,,1336,Kitui Central,68,Kitui,CORRECT,Database county and canonical subcounty ownership match the authoritative source.
355,1370,Township Ward,KITUI,Kitui Central  Sub County,,1336,Kitui Central,68,Kitui,CORRECT,Database county and canonical subcounty ownership match the authoritative source.
356,1371,Kyangwithya west Ward,KITUI,Kitui Central  Sub County,,1336,Kitui Central,68,Kitui,CORRECT,Database county and canonical subcounty ownership match the authoritative source.
641,1372,Riwo Ward,WEST POKOT,West Pokot Sub County,,1421,West Pokot,71,West Pokot,CORRECT,Database county and canonical subcounty ownership match the authoritative source.
651,1373,Suam Ward,WEST POKOT,Pokot North Sub County,,1419,Pokot North,71,West Pokot,CORRECT,Database county and canonical subcounty ownership match the authoritative source.
652,1374,Kodich Ward,WEST POKOT,Pokot North Sub County,,1419,Pokot North,71,West Pokot,CORRECT,Database county and canonical subcounty ownership match the authoritative source.
653,1375,Kasei Ward,WEST POKOT,Pokot North Sub County,,1419,Pokot North,71,West Pokot,CORRECT,Database county and canonical subcounty ownership match the authoritative source.
654,1376,Kapchok Ward,WEST POKOT,Pokot North Sub County,,1419,Pokot North,71,West Pokot,CORRECT,Database county and canonical subcounty ownership match the authoritative source.
655,1377,Kiwawa Ward,WEST POKOT,Pokot North Sub County,,1419,Pokot North,71,West Pokot,CORRECT,Database county and canonical subcounty ownership match the authoritative source.
1801,1378,Miritini Ward,Mombasa,Jomvu  Sub County,,1252,Jomvu,55,Mombasa,CORRECT,Database county and canonical subcounty ownership match the authoritative source.
960,1379,Chaik Ward,KERICHO,Belgut Sub County,,1482,Belgut,56,Kericho,CORRECT,Database county and canonical subcounty ownership match the authoritative source.
1614,1380,Bumula Ward,Bungoma,Bumula Sub County,,1511,Bumula,53,Bungoma,CORRECT,Database county and canonical subcounty ownership match the authoritative source.
1615,1381,Khasoko Ward,Bungoma,Bumula Sub County,,1511,Bumula,53,Bungoma,CORRECT,Database county and canonical subcounty ownership match the authoritative source.
663,1382,Maralal Ward,SAMBURU,Samburu Central Sub County,,1422,Samburu Central,72,Samburu,CORRECT,Database county and canonical subcounty ownership match the authoritative source.
162,1383,Bute Ward,WAJIR,Wajir North Sub County,,1292,Wajir North,61,Wajir,CORRECT,Database county and canonical subcounty ownership match the authoritative source.
360,1384,Nzambani Ward,KITUI,Kitui East Sub County,,354,Kitui East Sub County,68,Kitui,CORRECT,Database county and canonical subcounty ownership match the authoritative source.
1618,1385,West Bukusu Ward,Bungoma,Bumula Sub County,,1511,Bumula,53,Bungoma,CORRECT,Database county and canonical subcounty ownership match the authoritative source.
1622,1386,Township Ward,Bungoma,Kanduyi Sub County,,284,Kanduyi Sub County,53,Bungoma,CORRECT,Database county and canonical subcounty ownership match the authoritative source.
1623,1387,Khalaba Ward,Bungoma,Kanduyi Sub County,,284,Kanduyi Sub County,53,Bungoma,CORRECT,Database county and canonical subcounty ownership match the authoritative source.
1624,1388,Musikoma Ward,Bungoma,Kanduyi Sub County,,284,Kanduyi Sub County,53,Bungoma,CORRECT,Database county and canonical subcounty ownership match the authoritative source.
1625,1389,East Sang'alo Ward,Bungoma,Kanduyi Sub County,,284,Kanduyi Sub County,53,Bungoma,CORRECT,Database county and canonical subcounty ownership match the authoritative source.
1626,1390,Marakaru/tuuti Ward,Bungoma,Kanduyi Sub County,,284,Kanduyi Sub County,53,Bungoma,CORRECT,Database county and canonical subcounty ownership match the authoritative source.
1627,1391,West Sang'alo Ward,Bungoma,Kanduyi Sub County,,284,Kanduyi Sub County,53,Bungoma,CORRECT,Database county and canonical subcounty ownership match the authoritative source.
1628,1392,Mihuu Ward,Bungoma,Webuye  East Sub County,,355,Webuye  East Sub County,53,Bungoma,CORRECT,Database county and canonical subcounty ownership match the authoritative source.
1629,1393,Ndivisi Ward,Bungoma,Webuye  East Sub County,,355,Webuye  East Sub County,53,Bungoma,CORRECT,Database county and canonical subcounty ownership match the authoritative source.
1630,1394,Maraka Ward,Bungoma,Webuye  East Sub County,,355,Webuye  East Sub County,53,Bungoma,CORRECT,Database county and canonical subcounty ownership match the authoritative source.
1631,1395,Misikhu Ward,Bungoma,Webuye West Sub County,,1520,Webuye West,53,Bungoma,CORRECT,Database county and canonical subcounty ownership match the authoritative source.
1632,1396,Sitikho Ward,Bungoma,Webuye West Sub County,,1520,Webuye West,53,Bungoma,CORRECT,Database county and canonical subcounty ownership match the authoritative source.
1633,1397,Matulo Ward,Bungoma,Webuye West Sub County,,1520,Webuye West,53,Bungoma,CORRECT,Database county and canonical subcounty ownership match the authoritative source.
97,1398,Hirimani Ward,TANA RIVER,Bura Sub County,,299,Bura Sub County,57,Tana River,CORRECT,Database county and canonical subcounty ownership match the authoritative source.
1831,1399,Mnarani Ward,Kilifi,Kilifi North Sub County,,1266,Kilifi North,73,Kilifi,CORRECT,Database county and canonical subcounty ownership match the authoritative source.
1675,1400,Mumias North Ward,Kakamega,Mumias West  Sub County,,1504,Mumias West,54,Kakamega,CORRECT,Database county and canonical subcounty ownership match the authoritative source.
95,1401,Wayu Ward,TANA RIVER,Galole Sub County,,296,Galole Sub County,57,Tana River,CORRECT,Database county and canonical subcounty ownership match the authoritative source.
368,1402,Ikutha Ward,KITUI,Kitui South Sub County,,357,Kitui South Sub County,68,Kitui,CORRECT,Database county and canonical subcounty ownership match the authoritative source.
370,1403,Athi Ward,KITUI,Kitui South Sub County,,357,Kitui South Sub County,68,Kitui,CORRECT,Database county and canonical subcounty ownership match the authoritative source.
411,1404,Tulimani Ward,MAKUENI,Mbooni  Sub County,,358,Mbooni  Sub County,74,Makueni,CORRECT,Database county and canonical subcounty ownership match the authoritative source.
412,1405,Mbooni Ward,MAKUENI,Mbooni  Sub County,,358,Mbooni  Sub County,74,Makueni,CORRECT,Database county and canonical subcounty ownership match the authoritative source.
413,1406,Kithungo/Kitundu Ward,MAKUENI,Mbooni  Sub County,,358,Mbooni  Sub County,74,Makueni,CORRECT,Database county and canonical subcounty ownership match the authoritative source.
414,1407,Kiteta-Kisau Ward,MAKUENI,Mbooni  Sub County,,358,Mbooni  Sub County,74,Makueni,CORRECT,Database county and canonical subcounty ownership match the authoritative source.
415,1408,Waia/Kako Ward,MAKUENI,Mbooni  Sub County,,358,Mbooni  Sub County,74,Makueni,CORRECT,Database county and canonical subcounty ownership match the authoritative source.
416,1409,Kalawa/ Kathulumbi Ward,MAKUENI,Mbooni  Sub County,,358,Mbooni  Sub County,74,Makueni,CORRECT,Database county and canonical subcounty ownership match the authoritative source.
417,1410,Kasikeu Ward,MAKUENI,Kilome Sub County,,359,Kilome Sub County,74,Makueni,CORRECT,Database county and canonical subcounty ownership match the authoritative source.
418,1411,Mukaa Ward,MAKUENI,Kilome Sub County,,359,Kilome Sub County,74,Makueni,CORRECT,Database county and canonical subcounty ownership match the authoritative source.
419,1412,Kiima Kiu/Kalanzoni Ward,MAKUENI,Kilome Sub County,,359,Kilome Sub County,74,Makueni,CORRECT,Database county and canonical subcounty ownership match the authoritative source.
420,1413,Ukia ward,MAKUENI,Kaiti  Sub County,,360,Kaiti  Sub County,74,Makueni,CORRECT,Database county and canonical subcounty ownership match the authoritative source.
421,1414,Kee ward,MAKUENI,Kaiti  Sub County,,360,Kaiti  Sub County,74,Makueni,CORRECT,Database county and canonical subcounty ownership match the authoritative source.
422,1415,Kilungu ward,MAKUENI,Kaiti  Sub County,,360,Kaiti  Sub County,74,Makueni,CORRECT,Database county and canonical subcounty ownership match the authoritative source.
423,1416,Ilima ward,MAKUENI,Kaiti  Sub County,,360,Kaiti  Sub County,74,Makueni,CORRECT,Database county and canonical subcounty ownership match the authoritative source.
424,1417,Wote Ward,MAKUENI,Makueni  Sub County,,1364,Makueni,74,Makueni,CORRECT,Database county and canonical subcounty ownership match the authoritative source.
425,1418,Muvau/Kikumini Ward,MAKUENI,Makueni  Sub County,,1364,Makueni,74,Makueni,CORRECT,Database county and canonical subcounty ownership match the authoritative source.
426,1419,Mavindini Ward,MAKUENI,Makueni  Sub County,,1364,Makueni,74,Makueni,CORRECT,Database county and canonical subcounty ownership match the authoritative source.
427,1420,Kitise/Kithuki Ward,MAKUENI,Makueni  Sub County,,1364,Makueni,74,Makueni,CORRECT,Database county and canonical subcounty ownership match the authoritative source.
428,1421,Kathonzweni Ward,MAKUENI,Makueni  Sub County,,1364,Makueni,74,Makueni,CORRECT,Database county and canonical subcounty ownership match the authoritative source.
429,1422,Nzaui/Kilili/Kalamba Ward,MAKUENI,Makueni  Sub County,,1364,Makueni,74,Makueni,CORRECT,Database county and canonical subcounty ownership match the authoritative source.
430,1423,Mbitini Ward,MAKUENI,Makueni  Sub County,,1364,Makueni,74,Makueni,CORRECT,Database county and canonical subcounty ownership match the authoritative source.
431,1424,Makindu Ward,MAKUENI,Kibwezi West  Sub County,,362,Kibwezi West  Sub County,74,Makueni,CORRECT,Database county and canonical subcounty ownership match the authoritative source.
432,1425,Nguumo Ward,MAKUENI,Kibwezi West  Sub County,,362,Kibwezi West  Sub County,74,Makueni,CORRECT,Database county and canonical subcounty ownership match the authoritative source.
433,1426,Kikumbulyu North Ward,MAKUENI,Kibwezi West  Sub County,,362,Kibwezi West  Sub County,74,Makueni,CORRECT,Database county and canonical subcounty ownership match the authoritative source.
434,1427,Kikumbulyu South Ward,MAKUENI,Kibwezi West  Sub County,,362,Kibwezi West  Sub County,74,Makueni,CORRECT,Database county and canonical subcounty ownership match the authoritative source.
435,1428,Nguu/Masumba Ward,MAKUENI,Kibwezi West  Sub County,,362,Kibwezi West  Sub County,74,Makueni,CORRECT,Database county and canonical subcounty ownership match the authoritative source.
1676,1429,Etenje Ward,Kakamega,Mumias West  Sub County,,1504,Mumias West,54,Kakamega,CORRECT,Database county and canonical subcounty ownership match the authoritative source.
1677,1430,Musanda Ward,Kakamega,Mumias West  Sub County,,1504,Mumias West,54,Kakamega,CORRECT,Database county and canonical subcounty ownership match the authoritative source.
113,1431,Bomani Ward,TAITA TAVETA,Taveta Sub County,,1278,Taveta,59,Taita Taveta,CORRECT,Database county and canonical subcounty ownership match the authoritative source.
114,1432,Mboghoni Ward,TAITA TAVETA,Taveta Sub County,,1278,Taveta,59,Taita Taveta,CORRECT,Database county and canonical subcounty ownership match the authoritative source.
129,1433,Kasigau Ward,TAITA TAVETA,Voi Sub County,,1279,Voi,59,Taita Taveta,CORRECT,Database county and canonical subcounty ownership match the authoritative source.
154,1434,Jarajila Ward,GARISSA,Fafi Sub County,,1282,Fafi,60,Garissa,CORRECT,Database county and canonical subcounty ownership match the authoritative source.
155,1435,Fafi Ward,GARISSA,Fafi Sub County,,1282,Fafi,60,Garissa,CORRECT,Database county and canonical subcounty ownership match the authoritative source.
163,1436,Korondile Ward,WAJIR,Wajir North Sub County,,1292,Wajir North,61,Wajir,CORRECT,Database county and canonical subcounty ownership match the authoritative source.
183,1437,Elnur/tula tula Ward,WAJIR,Eldas Sub County,,1288,Eldas,61,Wajir,CORRECT,Database county and canonical subcounty ownership match the authoritative source.
191,1438,TAKABA SOUTH,MANDERA,MANDERA WEST,,1295,Mandera West,63,Mandera,CORRECT,Database county and canonical subcounty ownership match the authoritative source.
192,1439,TAKABA,MANDERA,MANDERA WEST,,1295,Mandera West,63,Mandera,CORRECT,Database county and canonical subcounty ownership match the authoritative source.
184,1440,Benane Ward,WAJIR,Wajir South Sub County,,1293,Wajir South,61,Wajir,CORRECT,Database county and canonical subcounty ownership match the authoritative source.
185,1441,Burder Ward,WAJIR,Wajir South Sub County,,1293,Wajir South,61,Wajir,CORRECT,Database county and canonical subcounty ownership match the authoritative source.
1832,1442,Junju Ward,Kilifi,Kilifi South Sub County,,1267,Kilifi South,73,Kilifi,CORRECT,Database county and canonical subcounty ownership match the authoritative source.
1684,1443,Mayoni Ward,Kakamega,Matungu Sub County,,1502,Matungu,54,Kakamega,CORRECT,Database county and canonical subcounty ownership match the authoritative source.
1685,1444,Namamali Ward,Kakamega,Matungu Sub County,,1502,Matungu,54,Kakamega,CORRECT,Database county and canonical subcounty ownership match the authoritative source.
1686,1445,Marama West Ward,Kakamega,Butere Sub County,,1493,Butere,54,Kakamega,CORRECT,Database county and canonical subcounty ownership match the authoritative source.
1687,1446,Marama Central Ward,Kakamega,Butere Sub County,,1493,Butere,54,Kakamega,CORRECT,Database county and canonical subcounty ownership match the authoritative source.
1688,1447,Marenyo-shianda Ward,Kakamega,Butere Sub County,,1493,Butere,54,Kakamega,CORRECT,Database county and canonical subcounty ownership match the authoritative source.
1689,1448,Marama North Ward,Kakamega,Butere Sub County,,1493,Butere,54,Kakamega,CORRECT,Database county and canonical subcounty ownership match the authoritative source.
1690,1449,Marama South Ward,Kakamega,Butere Sub County,,1493,Butere,54,Kakamega,CORRECT,Database county and canonical subcounty ownership match the authoritative source.
1692,1450,Kisa East Ward,Kakamega,Khwisero Sub County,,1498,Khwisero,54,Kakamega,CORRECT,Database county and canonical subcounty ownership match the authoritative source.
1693,1451,Kisa West Ward,Kakamega,Khwisero Sub County,,1498,Khwisero,54,Kakamega,CORRECT,Database county and canonical subcounty ownership match the authoritative source.
1694,1452,Kisa Central Ward,Kakamega,Khwisero Sub County,,1498,Khwisero,54,Kakamega,CORRECT,Database county and canonical subcounty ownership match the authoritative source.
1695,1453,Isukha North Ward,Kakamega,Shinyalu Sub County,,369,Shinyalu Sub County,54,Kakamega,CORRECT,Database county and canonical subcounty ownership match the authoritative source.
1696,1454,Murhanda Ward,Kakamega,Shinyalu Sub County,,369,Shinyalu Sub County,54,Kakamega,CORRECT,Database county and canonical subcounty ownership match the authoritative source.
1697,1455,Isukha Central Ward,Kakamega,Shinyalu Sub County,,369,Shinyalu Sub County,54,Kakamega,CORRECT,Database county and canonical subcounty ownership match the authoritative source.
1698,1456,Isukha South Ward,Kakamega,Shinyalu Sub County,,369,Shinyalu Sub County,54,Kakamega,CORRECT,Database county and canonical subcounty ownership match the authoritative source.
1699,1457,Isukha East Ward,Kakamega,Shinyalu Sub County,,369,Shinyalu Sub County,54,Kakamega,CORRECT,Database county and canonical subcounty ownership match the authoritative source.
1700,1458,Isukha West Ward,Kakamega,Shinyalu Sub County,,369,Shinyalu Sub County,54,Kakamega,CORRECT,Database county and canonical subcounty ownership match the authoritative source.
1701,1459,Idakho South Ward,Kakamega,Ikolomani Sub County,,370,Ikolomani Sub County,54,Kakamega,CORRECT,Database county and canonical subcounty ownership match the authoritative source.
1702,1460,Idakho East Ward,Kakamega,Ikolomani Sub County,,370,Ikolomani Sub County,54,Kakamega,CORRECT,Database county and canonical subcounty ownership match the authoritative source.
1703,1461,Idakho North Ward,Kakamega,Ikolomani Sub County,,370,Ikolomani Sub County,54,Kakamega,CORRECT,Database county and canonical subcounty ownership match the authoritative source.
1704,1462,Idakho Central Ward,Kakamega,Ikolomani Sub County,,370,Ikolomani Sub County,54,Kakamega,CORRECT,Database county and canonical subcounty ownership match the authoritative source.
1705,1463,Malaba Central Ward,Busia,Teso North Sub County,,1527,Teso North,62,Busia,CORRECT,Database county and canonical subcounty ownership match the authoritative source.
1706,1464,Malaba North Ward,Busia,Teso North Sub County,,1527,Teso North,62,Busia,CORRECT,Database county and canonical subcounty ownership match the authoritative source.
1707,1465,Ang'urai South Ward,Busia,Teso North Sub County,,1527,Teso North,62,Busia,CORRECT,Database county and canonical subcounty ownership match the authoritative source.
1708,1466,Ang'urai North Ward,Busia,Teso North Sub County,,1527,Teso North,62,Busia,CORRECT,Database county and canonical subcounty ownership match the authoritative source.
1709,1467,Ang'urai East Ward,Busia,Teso North Sub County,,1527,Teso North,62,Busia,CORRECT,Database county and canonical subcounty ownership match the authoritative source.
1710,1468,Malaba South Ward,Busia,Teso North Sub County,,1527,Teso North,62,Busia,CORRECT,Database county and canonical subcounty ownership match the authoritative source.
1711,1469,Ang'orom Ward,Busia,Teso South Sub County,,1528,Teso South,62,Busia,CORRECT,Database county and canonical subcounty ownership match the authoritative source.
1712,1470,Chakol South Ward,Busia,Teso South Sub County,,1528,Teso South,62,Busia,CORRECT,Database county and canonical subcounty ownership match the authoritative source.
1713,1471,Chakol North Ward,Busia,Teso South Sub County,,1528,Teso South,62,Busia,CORRECT,Database county and canonical subcounty ownership match the authoritative source.
1714,1472,Amukura West Ward,Busia,Teso South Sub County,,1528,Teso South,62,Busia,CORRECT,Database county and canonical subcounty ownership match the authoritative source.
1715,1473,Amukura East Ward,Busia,Teso South Sub County,,1528,Teso South,62,Busia,CORRECT,Database county and canonical subcounty ownership match the authoritative source.
452,1474,Githioro Ward,NYANDARUA,Kipipiri Sub County,,1372,Kipipiri,67,Nyandarua,CORRECT,Database county and canonical subcounty ownership match the authoritative source.
351,1475,Mbitini Ward,KITUI,Kitui Rural Sub County,,348,Kitui Rural Sub County,68,Kitui,CORRECT,Database county and canonical subcounty ownership match the authoritative source.
454,1476,Kanjuiri range Ward,NYANDARUA,Olkalou Sub County,,374,Olkalou Sub County,67,Nyandarua,CORRECT,Database county and canonical subcounty ownership match the authoritative source.
1716,1477,Amukura Central Ward,Busia,Teso South Sub County,,1528,Teso South,62,Busia,CORRECT,Database county and canonical subcounty ownership match the authoritative source.
359,1478,Zombe/mwitika Ward,KITUI,Kitui East Sub County,,354,Kitui East Sub County,68,Kitui,CORRECT,Database county and canonical subcounty ownership match the authoritative source.
225,1479,MOYALE TOWNSHIP,MARSABIT,MOYALE,,1306,Moyale,64,Marsabit,CORRECT,Database county and canonical subcounty ownership match the authoritative source.
226,1480,URAN,MARSABIT,MOYALE,,1306,Moyale,64,Marsabit,CORRECT,Database county and canonical subcounty ownership match the authoritative source.
227,1481,OBBU,MARSABIT,MOYALE,,1306,Moyale,64,Marsabit,CORRECT,Database county and canonical subcounty ownership match the authoritative source.
228,1482,DUKANA,MARSABIT,NORTH HORR,,1307,North Horr,64,Marsabit,CORRECT,Database county and canonical subcounty ownership match the authoritative source.
229,1483,MAIKONA,MARSABIT,NORTH HORR,,1307,North Horr,64,Marsabit,CORRECT,Database county and canonical subcounty ownership match the authoritative source.
206,1484,WARGADUD,MANDERA,MANDERA SOUTH,,325,MANDERA SOUTH,63,Mandera,CORRECT,Database county and canonical subcounty ownership match the authoritative source.
457,1485,Rurii Ward,NYANDARUA,Olkalou Sub County,,374,Olkalou Sub County,67,Nyandarua,CORRECT,Database county and canonical subcounty ownership match the authoritative source.
96,1486,Chewele Ward,TANA RIVER,Bura Sub County,,299,Bura Sub County,57,Tana River,CORRECT,Database county and canonical subcounty ownership match the authoritative source.
234,1487,KARARE,MARSABIT,SAKU,,329,SAKU,64,Marsabit,CORRECT,Database county and canonical subcounty ownership match the authoritative source.
235,1488,MARSABIT CENTRAL,MARSABIT,SAKU,,329,SAKU,64,Marsabit,CORRECT,Database county and canonical subcounty ownership match the authoritative source.
236,1489,LOIYANGALANI,MARSABIT,LAISAMIS,,330,LAISAMIS,64,Marsabit,CORRECT,Database county and canonical subcounty ownership match the authoritative source.
100,1490,Madogo Ward,TANA RIVER,Bura Sub County,,299,Bura Sub County,57,Tana River,CORRECT,Database county and canonical subcounty ownership match the authoritative source.
1722,1491,Mayenje Ward,Busia,Matayos Sub County,,323,Matayos Sub County,62,Busia,CORRECT,Database county and canonical subcounty ownership match the authoritative source.
1726,1492,Marachi West Ward,Busia,Butula Sub County,,1524,Butula,62,Busia,CORRECT,Database county and canonical subcounty ownership match the authoritative source.
486,1493,Karima Ward,NYERI,Nyeri South Sub County,,1381,Nyeri South,69,Nyeri,CORRECT,Database county and canonical subcounty ownership match the authoritative source.
487,1494,Gikondi Ward,NYERI,Mukurweini Sub County,,376,Mukurweini Sub County,69,Nyeri,CORRECT,Database county and canonical subcounty ownership match the authoritative source.
488,1495,Rugi Ward,NYERI,Mukurweini Sub County,,376,Mukurweini Sub County,69,Nyeri,CORRECT,Database county and canonical subcounty ownership match the authoritative source.
489,1496,Mukurwe-ini west Ward,NYERI,Mukurweini Sub County,,376,Mukurweini Sub County,69,Nyeri,CORRECT,Database county and canonical subcounty ownership match the authoritative source.
490,1497,Mukurwe-ini central Ward,NYERI,Mukurweini Sub County,,376,Mukurweini Sub County,69,Nyeri,CORRECT,Database county and canonical subcounty ownership match the authoritative source.
491,1498,Kiganjo/mathari Ward,NYERI,Nyeri Central Sub County,,1383,Nyeri Central,69,Nyeri,WRONG_SUBCOUNTY,Ward subCountyId does not match the authoritative canonical subcounty target.
492,1499,Rware Ward,NYERI,Nyeri Central Sub County,,1383,Nyeri Central,69,Nyeri,WRONG_SUBCOUNTY,Ward subCountyId does not match the authoritative canonical subcounty target.
493,1500,Gatitu/muruguru Ward,NYERI,Nyeri Central Sub County,,1383,Nyeri Central,69,Nyeri,WRONG_SUBCOUNTY,Ward subCountyId does not match the authoritative canonical subcounty target.
494,1501,RURING'U / Karia Ward,NYERI,Nyeri Central Sub County,,1383,Nyeri Central,69,Nyeri,WRONG_SUBCOUNTY,Ward subCountyId does not match the authoritative canonical subcounty target.
495,1502,Kamakwa/mukaro Ward,NYERI,Nyeri Central Sub County,,1383,Nyeri Central,69,Nyeri,WRONG_SUBCOUNTY,Ward subCountyId does not match the authoritative canonical subcounty target.
496,1503,Mutithi Ward,KIRINYAGA,Kirinyaga North/Mwea West Sub County,,378,Kirinyaga North/Mwea West Sub County,75,Kirinyaga,CORRECT,Database county and canonical subcounty ownership match the authoritative source.
497,1504,Kangai Ward,KIRINYAGA,Kirinyaga North/Mwea West Sub County,,378,Kirinyaga North/Mwea West Sub County,75,Kirinyaga,CORRECT,Database county and canonical subcounty ownership match the authoritative source.
498,1505,Thiba Ward,KIRINYAGA,Kirinyaga North/Mwea West Sub County,,378,Kirinyaga North/Mwea West Sub County,75,Kirinyaga,CORRECT,Database county and canonical subcounty ownership match the authoritative source.
499,1506,Wamumu Ward,KIRINYAGA,Kirinyaga North/Mwea West Sub County,,378,Kirinyaga North/Mwea West Sub County,75,Kirinyaga,CORRECT,Database county and canonical subcounty ownership match the authoritative source.
500,1507,Nyangati Ward,KIRINYAGA,Kirinyaga South Sub County,,379,Kirinyaga South Sub County,75,Kirinyaga,CORRECT,Database county and canonical subcounty ownership match the authoritative source.
501,1508,Murinduko Ward,KIRINYAGA,Kirinyaga South Sub County,,379,Kirinyaga South Sub County,75,Kirinyaga,CORRECT,Database county and canonical subcounty ownership match the authoritative source.
502,1509,Gathigiriri Ward,KIRINYAGA,Kirinyaga South Sub County,,379,Kirinyaga South Sub County,75,Kirinyaga,CORRECT,Database county and canonical subcounty ownership match the authoritative source.
503,1510,Tebere Ward,KIRINYAGA,Kirinyaga South Sub County,,379,Kirinyaga South Sub County,75,Kirinyaga,CORRECT,Database county and canonical subcounty ownership match the authoritative source.
504,1511,Kabare Ward,KIRINYAGA,Kirinyaga East Sub County,,1385,Kirinyaga East,75,Kirinyaga,WRONG_SUBCOUNTY,Ward subCountyId does not match the authoritative canonical subcounty target.
505,1512,Baragwi Ward,KIRINYAGA,Kirinyaga East Sub County,,1385,Kirinyaga East,75,Kirinyaga,WRONG_SUBCOUNTY,Ward subCountyId does not match the authoritative canonical subcounty target.
506,1513,Njukiine Ward,KIRINYAGA,Kirinyaga East Sub County,,1385,Kirinyaga East,75,Kirinyaga,WRONG_SUBCOUNTY,Ward subCountyId does not match the authoritative canonical subcounty target.
507,1514,Ngariama Ward,KIRINYAGA,Kirinyaga East Sub County,,1385,Kirinyaga East,75,Kirinyaga,WRONG_SUBCOUNTY,Ward subCountyId does not match the authoritative canonical subcounty target.
508,1515,Karumandi Ward,KIRINYAGA,Kirinyaga East Sub County,,1385,Kirinyaga East,75,Kirinyaga,WRONG_SUBCOUNTY,Ward subCountyId does not match the authoritative canonical subcounty target.
509,1516,Mukure Ward,KIRINYAGA,Kirinyaga West Sub County,,1386,Kirinyaga West,75,Kirinyaga,CORRECT,Database county and canonical subcounty ownership match the authoritative source.
510,1517,Kiine Ward,KIRINYAGA,Kirinyaga West Sub County,,1386,Kirinyaga West,75,Kirinyaga,CORRECT,Database county and canonical subcounty ownership match the authoritative source.
511,1518,Kariti Ward,KIRINYAGA,Kirinyaga West Sub County,,1386,Kirinyaga West,75,Kirinyaga,CORRECT,Database county and canonical subcounty ownership match the authoritative source.
1729,1519,Marachi East Ward,Busia,Butula Sub County,,1524,Butula,62,Busia,CORRECT,Database county and canonical subcounty ownership match the authoritative source.
1730,1520,Marachi North Ward,Busia,Butula Sub County,,1524,Butula,62,Busia,CORRECT,Database county and canonical subcounty ownership match the authoritative source.
1731,1521,Elugulu Ward,Busia,Butula Sub County,,1524,Butula,62,Busia,CORRECT,Database county and canonical subcounty ownership match the authoritative source.
1732,1522,Namboboto Nambuku Ward,Busia,Samia Sub County,,1526,Samia,62,Busia,CORRECT,Database county and canonical subcounty ownership match the authoritative source.
1733,1523,Nangina Ward,Busia,Samia Sub County,,1526,Samia,62,Busia,CORRECT,Database county and canonical subcounty ownership match the authoritative source.
1734,1524,Ageng'a Nanguba Ward,Busia,Samia Sub County,,1526,Samia,62,Busia,CORRECT,Database county and canonical subcounty ownership match the authoritative source.
1735,1525,Bwiri Ward,Busia,Samia Sub County,,1526,Samia,62,Busia,CORRECT,Database county and canonical subcounty ownership match the authoritative source.
2097,1526,Kiru Ward,Muranga,Mathioya Sub County,,1391,Mathioya,76,Murang'a,TARGET_UNRESOLVED,Authoritative county and subcounty could not be resolved to a unique Prisma target.
2098,1527,Kamacharia Ward,Muranga,Mathioya Sub County,,1391,Mathioya,76,Murang'a,TARGET_UNRESOLVED,Authoritative county and subcounty could not be resolved to a unique Prisma target.
2099,1528,Wangu Ward,Muranga,Kiharu Sub County,,384,Kiharu Sub County,76,Murang'a,TARGET_UNRESOLVED,Authoritative county and subcounty could not be resolved to a unique Prisma target.
2100,1529,Mugoiri Ward,Muranga,Kiharu Sub County,,384,Kiharu Sub County,76,Murang'a,TARGET_UNRESOLVED,Authoritative county and subcounty could not be resolved to a unique Prisma target.
2101,1530,Mbiri Ward,Muranga,Kiharu Sub County,,384,Kiharu Sub County,76,Murang'a,TARGET_UNRESOLVED,Authoritative county and subcounty could not be resolved to a unique Prisma target.
2102,1531,Township Ward,Muranga,Kiharu Sub County,,384,Kiharu Sub County,76,Murang'a,TARGET_UNRESOLVED,Authoritative county and subcounty could not be resolved to a unique Prisma target.
2103,1532,Murarandia Ward,Muranga,Kiharu Sub County,,384,Kiharu Sub County,76,Murang'a,TARGET_UNRESOLVED,Authoritative county and subcounty could not be resolved to a unique Prisma target.
1741,1533,Elburgon Ward,Nakuru,Molo  Sub County,,1462,Molo,77,Nakuru,CORRECT,Database county and canonical subcounty ownership match the authoritative source.
1749,1534,Njoro Ward,Nakuru,Njoro  Sub County,,1467,Njoro,77,Nakuru,CORRECT,Database county and canonical subcounty ownership match the authoritative source.
1750,1535,Biashara Ward,Nakuru,Naivasha  Sub County,,1463,Naivasha,77,Nakuru,CORRECT,Database county and canonical subcounty ownership match the authoritative source.
1751,1536,Hells Gate Ward,Nakuru,Naivasha  Sub County,,1463,Naivasha,77,Nakuru,CORRECT,Database county and canonical subcounty ownership match the authoritative source.
2104,1537,Gaturi Ward,Muranga,Kiharu Sub County,,384,Kiharu Sub County,76,Murang'a,TARGET_UNRESOLVED,Authoritative county and subcounty could not be resolved to a unique Prisma target.
2105,1538,Kahumbu Ward,Muranga,Kigumo Sub County,,1395,Kigumo,76,Murang'a,TARGET_UNRESOLVED,Authoritative county and subcounty could not be resolved to a unique Prisma target.
1763,1539,Amalo Ward,Nakuru,Kuresoi South  Sub County,,1461,Kuresoi South,77,Nakuru,CORRECT,Database county and canonical subcounty ownership match the authoritative source.
1764,1540,Keringet Ward,Nakuru,Kuresoi South  Sub County,,1461,Kuresoi South,77,Nakuru,CORRECT,Database county and canonical subcounty ownership match the authoritative source.
1765,1541,Kiptagich Ward,Nakuru,Kuresoi South  Sub County,,1461,Kuresoi South,77,Nakuru,CORRECT,Database county and canonical subcounty ownership match the authoritative source.
1766,1542,Tinet Ward,Nakuru,Kuresoi South  Sub County,,1461,Kuresoi South,77,Nakuru,CORRECT,Database county and canonical subcounty ownership match the authoritative source.
611,1543,Kaeris Ward,TURKANA,Turkana North Sub County,,1414,Turkana North,70,Turkana,CORRECT,Database county and canonical subcounty ownership match the authoritative source.
612,1544,Lakezone Ward,TURKANA,Turkana North Sub County,,1414,Turkana North,70,Turkana,CORRECT,Database county and canonical subcounty ownership match the authoritative source.
613,1545,Lapur Ward,TURKANA,Turkana North Sub County,,1414,Turkana North,70,Turkana,CORRECT,Database county and canonical subcounty ownership match the authoritative source.
614,1546,Kaaleng/kaikor Ward,TURKANA,Kibish Sub County,,1410,Kibish,70,Turkana,CORRECT,Database county and canonical subcounty ownership match the authoritative source.
2106,1547,Muthithi Ward,Muranga,Kigumo Sub County,,1395,Kigumo,76,Murang'a,TARGET_UNRESOLVED,Authoritative county and subcounty could not be resolved to a unique Prisma target.
2107,1548,Kigumo Ward,Muranga,Kigumo Sub County,,1395,Kigumo,76,Murang'a,TARGET_UNRESOLVED,Authoritative county and subcounty could not be resolved to a unique Prisma target.
2108,1549,Kangari Ward,Muranga,Kigumo Sub County,,1395,Kigumo,76,Murang'a,TARGET_UNRESOLVED,Authoritative county and subcounty could not be resolved to a unique Prisma target.
2109,1550,Kinyona Ward,Muranga,Kigumo Sub County,,1395,Kigumo,76,Murang'a,TARGET_UNRESOLVED,Authoritative county and subcounty could not be resolved to a unique Prisma target.
2110,1551,Kimorori/wempa Ward,Muranga,Muranga South Sub County,,1393,Murang'a South,76,Murang'a,TARGET_UNRESOLVED,Authoritative county and subcounty could not be resolved to a unique Prisma target.
2111,1552,Makuyu Ward,Muranga,Muranga South Sub County,,1393,Murang'a South,76,Murang'a,TARGET_UNRESOLVED,Authoritative county and subcounty could not be resolved to a unique Prisma target.
2112,1553,Kambiti Ward,Muranga,Muranga South Sub County,,1393,Murang'a South,76,Murang'a,TARGET_UNRESOLVED,Authoritative county and subcounty could not be resolved to a unique Prisma target.
2113,1554,Kamahuhu Ward,Muranga,Muranga South Sub County,,1393,Murang'a South,76,Murang'a,TARGET_UNRESOLVED,Authoritative county and subcounty could not be resolved to a unique Prisma target.
2114,1555,Ichagaki Ward,Muranga,Muranga South Sub County,,1393,Murang'a South,76,Murang'a,TARGET_UNRESOLVED,Authoritative county and subcounty could not be resolved to a unique Prisma target.
2115,1556,Nginda Ward,Muranga,Muranga South Sub County,,1393,Murang'a South,76,Murang'a,TARGET_UNRESOLVED,Authoritative county and subcounty could not be resolved to a unique Prisma target.
2116,1557,Ng'araria Ward,Muranga,Kandara Sub County,,1396,Kandara,76,Murang'a,TARGET_UNRESOLVED,Authoritative county and subcounty could not be resolved to a unique Prisma target.
2117,1558,Muruka Ward,Muranga,Kandara Sub County,,1396,Kandara,76,Murang'a,TARGET_UNRESOLVED,Authoritative county and subcounty could not be resolved to a unique Prisma target.
2118,1559,Kagundu-ini Ward,Muranga,Kandara Sub County,,1396,Kandara,76,Murang'a,TARGET_UNRESOLVED,Authoritative county and subcounty could not be resolved to a unique Prisma target.
2119,1560,Gaichanjiru Ward,Muranga,Kandara Sub County,,1396,Kandara,76,Murang'a,TARGET_UNRESOLVED,Authoritative county and subcounty could not be resolved to a unique Prisma target.
2120,1561,Ithiru Ward,Muranga,Kandara Sub County,,1396,Kandara,76,Murang'a,TARGET_UNRESOLVED,Authoritative county and subcounty could not be resolved to a unique Prisma target.
2121,1562,Ruchu Ward,Muranga,Kandara Sub County,,1396,Kandara,76,Murang'a,TARGET_UNRESOLVED,Authoritative county and subcounty could not be resolved to a unique Prisma target.
2122,1563,Ithanga Ward,Muranga,Gatanga Sub County,,1394,Gatanga,76,Murang'a,TARGET_UNRESOLVED,Authoritative county and subcounty could not be resolved to a unique Prisma target.
2123,1564,Kakuzi/mitubiri Ward,Muranga,Gatanga Sub County,,1394,Gatanga,76,Murang'a,TARGET_UNRESOLVED,Authoritative county and subcounty could not be resolved to a unique Prisma target.
1727,1565,Kingandole Ward,Busia,Butula Sub County,,1524,Butula,62,Busia,CORRECT,Database county and canonical subcounty ownership match the authoritative source.
462,1566,Leshau/pondo Ward,NYANDARUA,Ndaragwa Sub County,,395,Ndaragwa Sub County,67,Nyandarua,CORRECT,Database county and canonical subcounty ownership match the authoritative source.
618,1567,Lopur Ward,TURKANA,Turkana West Sub County,,1416,Turkana West,70,Turkana,CORRECT,Database county and canonical subcounty ownership match the authoritative source.
619,1568,Letea Ward,TURKANA,Turkana West Sub County,,1416,Turkana West,70,Turkana,CORRECT,Database county and canonical subcounty ownership match the authoritative source.
620,1569,Songot Ward,TURKANA,Turkana West Sub County,,1416,Turkana West,70,Turkana,CORRECT,Database county and canonical subcounty ownership match the authoritative source.
2124,1570,Mugumo-ini Ward,Muranga,Gatanga Sub County,,1394,Gatanga,76,Murang'a,TARGET_UNRESOLVED,Authoritative county and subcounty could not be resolved to a unique Prisma target.
2125,1571,Kihumbu-ini Ward,Muranga,Gatanga Sub County,,1394,Gatanga,76,Murang'a,TARGET_UNRESOLVED,Authoritative county and subcounty could not be resolved to a unique Prisma target.
2126,1572,Gatanga Ward,Muranga,Gatanga Sub County,,1394,Gatanga,76,Murang'a,TARGET_UNRESOLVED,Authoritative county and subcounty could not be resolved to a unique Prisma target.
2127,1573,Kariara Ward,Muranga,Gatanga Sub County,,1394,Gatanga,76,Murang'a,TARGET_UNRESOLVED,Authoritative county and subcounty could not be resolved to a unique Prisma target.
2128,1574,Moi's Bridge Ward,Uasin Gishu,Soy Sub County,,1434,Soy,78,Uasin Gishu,WRONG_SUBCOUNTY,Ward subCountyId does not match the authoritative canonical subcounty target.
160,1575,Masalani Ward,GARISSA,Ijara Sub County,,1285,Ijara,60,Garissa,WRONG_SUBCOUNTY,Ward subCountyId does not match the authoritative canonical subcounty target.
2129,1576,Kapkures Ward,Uasin Gishu,Soy Sub County,,1434,Soy,78,Uasin Gishu,WRONG_SUBCOUNTY,Ward subCountyId does not match the authoritative canonical subcounty target.
2130,1577,Ziwa Ward,Uasin Gishu,Soy Sub County,,1434,Soy,78,Uasin Gishu,WRONG_SUBCOUNTY,Ward subCountyId does not match the authoritative canonical subcounty target.
2133,1578,Soy Ward,Uasin Gishu,Soy Sub County,,1434,Soy,78,Uasin Gishu,WRONG_SUBCOUNTY,Ward subCountyId does not match the authoritative canonical subcounty target.
2134,1579,Kuinet/kapsuswa Ward,Uasin Gishu,Soy Sub County,,1434,Soy,78,Uasin Gishu,WRONG_SUBCOUNTY,Ward subCountyId does not match the authoritative canonical subcounty target.
2135,1580,Ngenyilel Ward,Uasin Gishu,Turbo Sub County,,1435,Turbo,78,Uasin Gishu,WRONG_SUBCOUNTY,Ward subCountyId does not match the authoritative canonical subcounty target.
2136,1581,Tapsagoi Ward,Uasin Gishu,Turbo Sub County,,1435,Turbo,78,Uasin Gishu,WRONG_SUBCOUNTY,Ward subCountyId does not match the authoritative canonical subcounty target.
2137,1582,Kamagut Ward,Uasin Gishu,Turbo Sub County,,1435,Turbo,78,Uasin Gishu,WRONG_SUBCOUNTY,Ward subCountyId does not match the authoritative canonical subcounty target.
2138,1583,Kiplombe Ward,Uasin Gishu,Turbo Sub County,,1435,Turbo,78,Uasin Gishu,WRONG_SUBCOUNTY,Ward subCountyId does not match the authoritative canonical subcounty target.
2139,1584,Kapsaos Ward,Uasin Gishu,Turbo Sub County,,1435,Turbo,78,Uasin Gishu,WRONG_SUBCOUNTY,Ward subCountyId does not match the authoritative canonical subcounty target.
2140,1585,Huruma Ward,Uasin Gishu,Turbo Sub County,,1435,Turbo,78,Uasin Gishu,WRONG_SUBCOUNTY,Ward subCountyId does not match the authoritative canonical subcounty target.
161,1586,Gurar Ward,WAJIR,Wajir North Sub County,,1292,Wajir North,61,Wajir,CORRECT,Database county and canonical subcounty ownership match the authoritative source.
345,1587,Waita Ward,KITUI,Mwingi Central Sub- County,,1346,Mwingi Central,68,Kitui,CORRECT,Database county and canonical subcounty ownership match the authoritative source.
346,1588,Mutongoni Ward,KITUI,Kitui West  Sub County,,1337,Kitui West,68,Kitui,WRONG_SUBCOUNTY,Ward subCountyId does not match the authoritative canonical subcounty target.
347,1589,Kauwi Ward,KITUI,Kitui West  Sub County,,1337,Kitui West,68,Kitui,WRONG_SUBCOUNTY,Ward subCountyId does not match the authoritative canonical subcounty target.
348,1590,Matinyani Ward,KITUI,Kitui West  Sub County,,1337,Kitui West,68,Kitui,WRONG_SUBCOUNTY,Ward subCountyId does not match the authoritative canonical subcounty target.
349,1591,Kwamutonga/kithumula Ward,KITUI,Kitui West  Sub County,,1337,Kitui West,68,Kitui,WRONG_SUBCOUNTY,Ward subCountyId does not match the authoritative canonical subcounty target.
482,1592,Karatina town Ward,NYERI,Mathira East Sub County,,1379,Mathira East,69,Nyeri,WRONG_SUBCOUNTY,Ward subCountyId does not match the authoritative canonical subcounty target.
483,1593,Mahiga Ward,NYERI,Nyeri South Sub County,,1381,Nyeri South,69,Nyeri,CORRECT,Database county and canonical subcounty ownership match the authoritative source.
362,1594,Voo/kyamatu Ward,KITUI,Kitui East Sub County,,354,Kitui East Sub County,68,Kitui,CORRECT,Database county and canonical subcounty ownership match the authoritative source.
363,1595,Endau/malalani Ward,KITUI,Kitui East Sub County,,354,Kitui East Sub County,68,Kitui,CORRECT,Database county and canonical subcounty ownership match the authoritative source.
364,1596,Mutitu/kaliku Ward,KITUI,Kitui East Sub County,,354,Kitui East Sub County,68,Kitui,CORRECT,Database county and canonical subcounty ownership match the authoritative source.
365,1597,Ikanga/kyatune Ward,KITUI,Kitui South Sub County,,357,Kitui South Sub County,68,Kitui,CORRECT,Database county and canonical subcounty ownership match the authoritative source.
436,1598,Emali/Mulala Ward,MAKUENI,Kibwezi West  Sub County,,362,Kibwezi West  Sub County,74,Makueni,CORRECT,Database county and canonical subcounty ownership match the authoritative source.
437,1599,Masongaleni Ward,MAKUENI,Kibwezi East  Sub County,,401,Kibwezi East  Sub County,74,Makueni,CORRECT,Database county and canonical subcounty ownership match the authoritative source.
438,1600,Mtito Andei Ward,MAKUENI,Kibwezi East  Sub County,,401,Kibwezi East  Sub County,74,Makueni,CORRECT,Database county and canonical subcounty ownership match the authoritative source.
439,1601,Thange Ward,MAKUENI,Kibwezi East  Sub County,,401,Kibwezi East  Sub County,74,Makueni,CORRECT,Database county and canonical subcounty ownership match the authoritative source.
440,1602,Ivingoni/Nzambani Ward,MAKUENI,Kibwezi East  Sub County,,401,Kibwezi East  Sub County,74,Makueni,CORRECT,Database county and canonical subcounty ownership match the authoritative source.
441,1603,Engineer Ward,NYANDARUA,Kinangop Sub County,,1369,Kinangop,67,Nyandarua,WRONG_SUBCOUNTY,Ward subCountyId does not match the authoritative canonical subcounty target.
442,1604,Gathara Ward,NYANDARUA,Kinangop Sub County,,1369,Kinangop,67,Nyandarua,WRONG_SUBCOUNTY,Ward subCountyId does not match the authoritative canonical subcounty target.
443,1605,North kinangop Ward,NYANDARUA,Kinangop Sub County,,1369,Kinangop,67,Nyandarua,WRONG_SUBCOUNTY,Ward subCountyId does not match the authoritative canonical subcounty target.
444,1606,Murungaru Ward,NYANDARUA,Kinangop Sub County,,1369,Kinangop,67,Nyandarua,WRONG_SUBCOUNTY,Ward subCountyId does not match the authoritative canonical subcounty target.
449,1607,Wanjohi Ward,NYANDARUA,Kipipiri Sub County,,1372,Kipipiri,67,Nyandarua,CORRECT,Database county and canonical subcounty ownership match the authoritative source.
450,1608,Kipipiri Ward,NYANDARUA,Kipipiri Sub County,,1372,Kipipiri,67,Nyandarua,CORRECT,Database county and canonical subcounty ownership match the authoritative source.
512,1609,Mutira Ward,KIRINYAGA,Kirinyaga Central Sub County,,1384,Kirinyaga Central,75,Kirinyaga,WRONG_SUBCOUNTY,Ward subCountyId does not match the authoritative canonical subcounty target.
513,1610,Kanyekini Ward,KIRINYAGA,Kirinyaga Central Sub County,,1384,Kirinyaga Central,75,Kirinyaga,WRONG_SUBCOUNTY,Ward subCountyId does not match the authoritative canonical subcounty target.
514,1611,Kerugoya Ward,KIRINYAGA,Kirinyaga Central Sub County,,1384,Kirinyaga Central,75,Kirinyaga,WRONG_SUBCOUNTY,Ward subCountyId does not match the authoritative canonical subcounty target.
515,1612,Inoi Ward,KIRINYAGA,Kirinyaga Central Sub County,,1384,Kirinyaga Central,75,Kirinyaga,WRONG_SUBCOUNTY,Ward subCountyId does not match the authoritative canonical subcounty target.
624,1613,Kerio Delta Ward,TURKANA,Turkana Central Sub County,,1412,Turkana Central,70,Turkana,WRONG_SUBCOUNTY,Ward subCountyId does not match the authoritative canonical subcounty target.
625,1614,KANG'ATOTHA Ward,TURKANA,Turkana Central Sub County,,1412,Turkana Central,70,Turkana,WRONG_SUBCOUNTY,Ward subCountyId does not match the authoritative canonical subcounty target.
626,1615,Kalokol Ward,TURKANA,Turkana Central Sub County,,1412,Turkana Central,70,Turkana,WRONG_SUBCOUNTY,Ward subCountyId does not match the authoritative canonical subcounty target.
2044,1616,Mathare North Ward,Nairobi,Ruaraka  Sub County,,405,Ruaraka  Sub County,79,Nairobi City,TARGET_UNRESOLVED,Authoritative county and subcounty could not be resolved to a unique Prisma target.
1728,1617,Marachi Central Ward,Busia,Butula Sub County,,1524,Butula,62,Busia,CORRECT,Database county and canonical subcounty ownership match the authoritative source.
1736,1618,Bunyala Central Ward,Busia,Bunyala Sub County,,1522,Bunyala,62,Busia,WRONG_SUBCOUNTY,Ward subCountyId does not match the authoritative canonical subcounty target.
2047,1619,Imara Daima Ward,Nairobi,Embakasi South Sub County,,407,Embakasi South Sub County,79,Nairobi City,TARGET_UNRESOLVED,Authoritative county and subcounty could not be resolved to a unique Prisma target.
2141,1620,Tembelio Ward,Uasin Gishu,Moiben Sub County,,1433,Moiben,78,Uasin Gishu,WRONG_SUBCOUNTY,Ward subCountyId does not match the authoritative canonical subcounty target.
2142,1621,Sergoit Ward,Uasin Gishu,Moiben Sub County,,1433,Moiben,78,Uasin Gishu,WRONG_SUBCOUNTY,Ward subCountyId does not match the authoritative canonical subcounty target.
2143,1622,Karuna/meibeki Ward,Uasin Gishu,Moiben Sub County,,1433,Moiben,78,Uasin Gishu,WRONG_SUBCOUNTY,Ward subCountyId does not match the authoritative canonical subcounty target.
2144,1623,Moiben Ward,Uasin Gishu,Moiben Sub County,,1433,Moiben,78,Uasin Gishu,WRONG_SUBCOUNTY,Ward subCountyId does not match the authoritative canonical subcounty target.
2145,1624,Kimumu Ward,Uasin Gishu,Moiben Sub County,,1433,Moiben,78,Uasin Gishu,WRONG_SUBCOUNTY,Ward subCountyId does not match the authoritative canonical subcounty target.
2146,1625,Kapsoya Ward,Uasin Gishu,Ainabkoi Sub County,,1430,Ainabkoi,78,Uasin Gishu,WRONG_SUBCOUNTY,Ward subCountyId does not match the authoritative canonical subcounty target.
2147,1626,Kaptagat Ward,Uasin Gishu,Ainabkoi Sub County,,1430,Ainabkoi,78,Uasin Gishu,WRONG_SUBCOUNTY,Ward subCountyId does not match the authoritative canonical subcounty target.
2148,1627,Ainabkoi/olare Ward,Uasin Gishu,Ainabkoi Sub County,,1430,Ainabkoi,78,Uasin Gishu,WRONG_SUBCOUNTY,Ward subCountyId does not match the authoritative canonical subcounty target.
2149,1628,Simat/ Kapseret Ward,Uasin Gishu,Kapseret Sub County,,1431,Kapseret,78,Uasin Gishu,WRONG_SUBCOUNTY,Ward subCountyId does not match the authoritative canonical subcounty target.
2150,1629,Kipkenyo Ward,Uasin Gishu,Kapseret Sub County,,1431,Kapseret,78,Uasin Gishu,WRONG_SUBCOUNTY,Ward subCountyId does not match the authoritative canonical subcounty target.
1737,1630,Bunyala North Ward,Busia,Bunyala Sub County,,1522,Bunyala,62,Busia,WRONG_SUBCOUNTY,Ward subCountyId does not match the authoritative canonical subcounty target.
1738,1631,Bunyala West Ward,Busia,Bunyala Sub County,,1522,Bunyala,62,Busia,WRONG_SUBCOUNTY,Ward subCountyId does not match the authoritative canonical subcounty target.
1739,1632,Bunyala South Ward,Busia,Bunyala Sub County,,1522,Bunyala,62,Busia,WRONG_SUBCOUNTY,Ward subCountyId does not match the authoritative canonical subcounty target.
1740,1633,Mariashoni Ward,Nakuru,Molo  Sub County,,1462,Molo,77,Nakuru,CORRECT,Database county and canonical subcounty ownership match the authoritative source.
1742,1634,Turi Ward,Nakuru,Molo  Sub County,,1462,Molo,77,Nakuru,CORRECT,Database county and canonical subcounty ownership match the authoritative source.
1743,1635,Molo Ward,Nakuru,Molo  Sub County,,1462,Molo,77,Nakuru,CORRECT,Database county and canonical subcounty ownership match the authoritative source.
1744,1636,Mau Narok Ward,Nakuru,Njoro  Sub County,,1467,Njoro,77,Nakuru,CORRECT,Database county and canonical subcounty ownership match the authoritative source.
1745,1637,Mauche Ward,Nakuru,Njoro  Sub County,,1467,Njoro,77,Nakuru,CORRECT,Database county and canonical subcounty ownership match the authoritative source.
1746,1638,Kihingo Ward,Nakuru,Njoro  Sub County,,1467,Njoro,77,Nakuru,CORRECT,Database county and canonical subcounty ownership match the authoritative source.
1747,1639,Nessuit Ward,Nakuru,Njoro  Sub County,,1467,Njoro,77,Nakuru,CORRECT,Database county and canonical subcounty ownership match the authoritative source.
1748,1640,Lare Ward,Nakuru,Njoro  Sub County,,1467,Njoro,77,Nakuru,CORRECT,Database county and canonical subcounty ownership match the authoritative source.
2158,1641,Kilgoris Central  Ward,Narok,Transmara West Sub County,,411,Transmara West Sub County,80,Narok,CORRECT,Database county and canonical subcounty ownership match the authoritative source.
1752,1642,Lake View Ward,Nakuru,Naivasha  Sub County,,1463,Naivasha,77,Nakuru,CORRECT,Database county and canonical subcounty ownership match the authoritative source.
1753,1643,Mai Mahiu Ward,Nakuru,Naivasha  Sub County,,1463,Naivasha,77,Nakuru,CORRECT,Database county and canonical subcounty ownership match the authoritative source.
1754,1644,Maeilla Ward,Nakuru,Naivasha  Sub County,,1463,Naivasha,77,Nakuru,CORRECT,Database county and canonical subcounty ownership match the authoritative source.
1755,1645,Olkaria Ward,Nakuru,Naivasha  Sub County,,1463,Naivasha,77,Nakuru,CORRECT,Database county and canonical subcounty ownership match the authoritative source.
1756,1646,Naivasha East Ward,Nakuru,Naivasha  Sub County,,1463,Naivasha,77,Nakuru,CORRECT,Database county and canonical subcounty ownership match the authoritative source.
1757,1647,Viwandani Ward,Nakuru,Naivasha  Sub County,,1463,Naivasha,77,Nakuru,CORRECT,Database county and canonical subcounty ownership match the authoritative source.
1758,1648,Gilgil Ward,Nakuru,Gilgil Sub County,,1459,Gilgil,77,Nakuru,WRONG_SUBCOUNTY,Ward subCountyId does not match the authoritative canonical subcounty target.
1759,1649,Elementaita Ward,Nakuru,Gilgil Sub County,,1459,Gilgil,77,Nakuru,WRONG_SUBCOUNTY,Ward subCountyId does not match the authoritative canonical subcounty target.
1760,1650,Mbaruk/eburu Ward,Nakuru,Gilgil Sub County,,1459,Gilgil,77,Nakuru,WRONG_SUBCOUNTY,Ward subCountyId does not match the authoritative canonical subcounty target.
1761,1651,Malewa West Ward,Nakuru,Gilgil Sub County,,1459,Gilgil,77,Nakuru,WRONG_SUBCOUNTY,Ward subCountyId does not match the authoritative canonical subcounty target.
1762,1652,Murindat Ward,Nakuru,Gilgil Sub County,,1459,Gilgil,77,Nakuru,WRONG_SUBCOUNTY,Ward subCountyId does not match the authoritative canonical subcounty target.
615,1653,Kibish Ward,TURKANA,Kibish Sub County,,1410,Kibish,70,Turkana,CORRECT,Database county and canonical subcounty ownership match the authoritative source.
622,1654,Lokichoggio Ward,TURKANA,Turkana West Sub County,,1416,Turkana West,70,Turkana,CORRECT,Database county and canonical subcounty ownership match the authoritative source.
630,1655,Turkwel Ward,TURKANA,Loima Sub County,,1411,Loima,70,Turkana,WRONG_SUBCOUNTY,Ward subCountyId does not match the authoritative canonical subcounty target.
632,1656,Lokiriama/Lorengippi Ward,TURKANA,Loima Sub County,,1411,Loima,70,Turkana,WRONG_SUBCOUNTY,Ward subCountyId does not match the authoritative canonical subcounty target.
633,1657,Kaputir Ward,TURKANA,Turkana South Sub County,,1415,Turkana South,70,Turkana,WRONG_SUBCOUNTY,Ward subCountyId does not match the authoritative canonical subcounty target.
635,1658,Lobokat Ward,TURKANA,Turkana South Sub County,,1415,Turkana South,70,Turkana,WRONG_SUBCOUNTY,Ward subCountyId does not match the authoritative canonical subcounty target.
636,1659,Kalapata Ward,TURKANA,Turkana South Sub County,,1415,Turkana South,70,Turkana,WRONG_SUBCOUNTY,Ward subCountyId does not match the authoritative canonical subcounty target.
642,1660,Kapenguria Ward,WEST POKOT,West Pokot Sub County,,1421,West Pokot,71,West Pokot,CORRECT,Database county and canonical subcounty ownership match the authoritative source.
643,1661,Mnagei Ward,WEST POKOT,West Pokot Sub County,,1421,West Pokot,71,West Pokot,CORRECT,Database county and canonical subcounty ownership match the authoritative source.
644,1662,Siyoi Ward,WEST POKOT,West Pokot Sub County,,1421,West Pokot,71,West Pokot,CORRECT,Database county and canonical subcounty ownership match the authoritative source.
645,1663,Endugh Ward,WEST POKOT,West Pokot Sub County,,1421,West Pokot,71,West Pokot,CORRECT,Database county and canonical subcounty ownership match the authoritative source.
646,1664,Sook Ward,WEST POKOT,West Pokot Sub County,,1421,West Pokot,71,West Pokot,CORRECT,Database county and canonical subcounty ownership match the authoritative source.
647,1665,Sekerr Ward,WEST POKOT,Pokot Central Sub County,,1418,Pokot Central,71,West Pokot,WRONG_SUBCOUNTY,Ward subCountyId does not match the authoritative canonical subcounty target.
648,1666,Masool Ward,WEST POKOT,Pokot Central Sub County,,1418,Pokot Central,71,West Pokot,WRONG_SUBCOUNTY,Ward subCountyId does not match the authoritative canonical subcounty target.
166,1667,Danaba Ward,WAJIR,Wajir North Sub County,,1292,Wajir North,61,Wajir,CORRECT,Database county and canonical subcounty ownership match the authoritative source.
649,1668,Lomut Ward,WEST POKOT,Pokot Central Sub County,,1418,Pokot Central,71,West Pokot,WRONG_SUBCOUNTY,Ward subCountyId does not match the authoritative canonical subcounty target.
650,1669,Wei wei Ward,WEST POKOT,Pokot Central Sub County,,1418,Pokot Central,71,West Pokot,WRONG_SUBCOUNTY,Ward subCountyId does not match the authoritative canonical subcounty target.
2172,1670,Olorropil Ward,Narok,Narok North Sub County,,1471,Narok North,80,Narok,WRONG_SUBCOUNTY,Ward subCountyId does not match the authoritative canonical subcounty target.
2173,1671,Melili Ward,Narok,Narok North Sub County,,1471,Narok North,80,Narok,WRONG_SUBCOUNTY,Ward subCountyId does not match the authoritative canonical subcounty target.
2174,1672,Mosiro Ward,Narok,Narok East Sub County,,1470,Narok East,80,Narok,WRONG_SUBCOUNTY,Ward subCountyId does not match the authoritative canonical subcounty target.
2175,1673,Ildamat Ward,Narok,Narok East Sub County,,1470,Narok East,80,Narok,WRONG_SUBCOUNTY,Ward subCountyId does not match the authoritative canonical subcounty target.
2176,1674,Keekonyokie Ward,Narok,Narok East Sub County,,1470,Narok East,80,Narok,WRONG_SUBCOUNTY,Ward subCountyId does not match the authoritative canonical subcounty target.
2177,1675,Suswa Ward,Narok,Narok East Sub County,,1470,Narok East,80,Narok,WRONG_SUBCOUNTY,Ward subCountyId does not match the authoritative canonical subcounty target.
2178,1676,Maji Moto/naroosura Ward,Narok,Narok South Sub County,,1472,Narok South,80,Narok,WRONG_SUBCOUNTY,Ward subCountyId does not match the authoritative canonical subcounty target.
2179,1677,Ololulung'a Ward,Narok,Narok South Sub County,,1472,Narok South,80,Narok,WRONG_SUBCOUNTY,Ward subCountyId does not match the authoritative canonical subcounty target.
2180,1678,Melelo Ward,Narok,Narok South Sub County,,1472,Narok South,80,Narok,WRONG_SUBCOUNTY,Ward subCountyId does not match the authoritative canonical subcounty target.
2181,1679,Loita Ward,Narok,Narok South Sub County,,1472,Narok South,80,Narok,WRONG_SUBCOUNTY,Ward subCountyId does not match the authoritative canonical subcounty target.
2182,1680,Sogoo Ward,Narok,Narok South Sub County,,1472,Narok South,80,Narok,WRONG_SUBCOUNTY,Ward subCountyId does not match the authoritative canonical subcounty target.
2183,1681,Sagamian Ward,Narok,Narok South Sub County,,1472,Narok South,80,Narok,WRONG_SUBCOUNTY,Ward subCountyId does not match the authoritative canonical subcounty target.
2184,1682,Ilmotiook Ward,Narok,Narok West Sub County,,1473,Narok West,80,Narok,WRONG_SUBCOUNTY,Ward subCountyId does not match the authoritative canonical subcounty target.
2185,1683,Mara Ward,Narok,Narok West Sub County,,1473,Narok West,80,Narok,WRONG_SUBCOUNTY,Ward subCountyId does not match the authoritative canonical subcounty target.
2186,1684,Siana Ward,Narok,Narok West Sub County,,1473,Narok West,80,Narok,WRONG_SUBCOUNTY,Ward subCountyId does not match the authoritative canonical subcounty target.
664,1685,Loosuk Ward,SAMBURU,Samburu Central Sub County,,1422,Samburu Central,72,Samburu,CORRECT,Database county and canonical subcounty ownership match the authoritative source.
665,1686,Porro Ward,SAMBURU,Samburu Central Sub County,,1422,Samburu Central,72,Samburu,CORRECT,Database county and canonical subcounty ownership match the authoritative source.
666,1687,El-barta Ward,SAMBURU,Samburu North Sub County,,1424,Samburu North,72,Samburu,WRONG_SUBCOUNTY,Ward subCountyId does not match the authoritative canonical subcounty target.
667,1688,Nachola Ward,SAMBURU,Samburu North Sub County,,1424,Samburu North,72,Samburu,WRONG_SUBCOUNTY,Ward subCountyId does not match the authoritative canonical subcounty target.
668,1689,Ndoto Ward,SAMBURU,Samburu North Sub County,,1424,Samburu North,72,Samburu,WRONG_SUBCOUNTY,Ward subCountyId does not match the authoritative canonical subcounty target.
669,1690,Nyiro Ward,SAMBURU,Samburu North Sub County,,1424,Samburu North,72,Samburu,WRONG_SUBCOUNTY,Ward subCountyId does not match the authoritative canonical subcounty target.
670,1691,Angata nayokie Ward,SAMBURU,Samburu Central Sub County,,1422,Samburu Central,72,Samburu,CORRECT,Database county and canonical subcounty ownership match the authoritative source.
671,1692,Baawa Ward,SAMBURU,Samburu Central Sub County,,1422,Samburu Central,72,Samburu,CORRECT,Database county and canonical subcounty ownership match the authoritative source.
672,1693,Waso Ward,SAMBURU,Samburu East Sub County,,421,Samburu East Sub County,72,Samburu,CORRECT,Database county and canonical subcounty ownership match the authoritative source.
673,1694,Wamba west Ward,SAMBURU,Samburu East Sub County,,421,Samburu East Sub County,72,Samburu,CORRECT,Database county and canonical subcounty ownership match the authoritative source.
674,1695,Wamba east Ward,SAMBURU,Samburu East Sub County,,421,Samburu East Sub County,72,Samburu,CORRECT,Database county and canonical subcounty ownership match the authoritative source.
675,1696,Wamba north Ward,SAMBURU,Samburu East Sub County,,421,Samburu East Sub County,72,Samburu,CORRECT,Database county and canonical subcounty ownership match the authoritative source.
676,1697,Kapomboi Ward,TRANS NZOIA,Kwanza  Sub County,,1427,Kwanza,81,Trans Nzoia,WRONG_SUBCOUNTY,Ward subCountyId does not match the authoritative canonical subcounty target.
677,1698,Kwanza Ward,TRANS NZOIA,Kwanza  Sub County,,1427,Kwanza,81,Trans Nzoia,WRONG_SUBCOUNTY,Ward subCountyId does not match the authoritative canonical subcounty target.
1841,1699,Mwawesa Ward,Kilifi,Rabai Sub County,,1270,Rabai,73,Kilifi,WRONG_SUBCOUNTY,Ward subCountyId does not match the authoritative canonical subcounty target.
680,1700,Chepchoina Ward,TRANS NZOIA,Endebess Sub County,,1428,Endebess,81,Trans Nzoia,WRONG_SUBCOUNTY,Ward subCountyId does not match the authoritative canonical subcounty target.
681,1701,Endebess Ward,TRANS NZOIA,Endebess Sub County,,1428,Endebess,81,Trans Nzoia,WRONG_SUBCOUNTY,Ward subCountyId does not match the authoritative canonical subcounty target.
682,1702,Matumbei Ward,TRANS NZOIA,Endebess Sub County,,1428,Endebess,81,Trans Nzoia,WRONG_SUBCOUNTY,Ward subCountyId does not match the authoritative canonical subcounty target.
683,1703,Kinyoro Ward,TRANS NZOIA,Saboti  Sub County,,425,Saboti  Sub County,81,Trans Nzoia,CORRECT,Database county and canonical subcounty ownership match the authoritative source.
684,1704,Matisi Ward,TRANS NZOIA,Saboti  Sub County,,425,Saboti  Sub County,81,Trans Nzoia,CORRECT,Database county and canonical subcounty ownership match the authoritative source.
1803,1705,Mjambere Ward,Mombasa,Kisauni  Sub County,,1253,Kisauni,55,Mombasa,WRONG_SUBCOUNTY,Ward subCountyId does not match the authoritative canonical subcounty target.
2187,1706,Naikarra Ward,Narok,Narok West Sub County,,1473,Narok West,80,Narok,WRONG_SUBCOUNTY,Ward subCountyId does not match the authoritative canonical subcounty target.
2188,1707,Githiga Ward,Kiambu,Githunguri Sub County,,1399,Githunguri,82,Kiambu,WRONG_SUBCOUNTY,Ward subCountyId does not match the authoritative canonical subcounty target.
2189,1708,Ikinu Ward,Kiambu,Githunguri Sub County,,1399,Githunguri,82,Kiambu,WRONG_SUBCOUNTY,Ward subCountyId does not match the authoritative canonical subcounty target.
2190,1709,Ngewa Ward,Kiambu,Githunguri Sub County,,1399,Githunguri,82,Kiambu,WRONG_SUBCOUNTY,Ward subCountyId does not match the authoritative canonical subcounty target.
2191,1710,Komothai Ward,Kiambu,Githunguri Sub County,,1399,Githunguri,82,Kiambu,WRONG_SUBCOUNTY,Ward subCountyId does not match the authoritative canonical subcounty target.
2192,1711,Ting'ang'a Ward,Kiambu,Kiambu Town Sub County,,428,Kiambu Town Sub County,82,Kiambu,CORRECT,Database county and canonical subcounty ownership match the authoritative source.
2193,1712,Ndumberi Ward,Kiambu,Kiambu Town Sub County,,428,Kiambu Town Sub County,82,Kiambu,CORRECT,Database county and canonical subcounty ownership match the authoritative source.
2194,1713,Riabai Ward,Kiambu,Kiambu Town Sub County,,428,Kiambu Town Sub County,82,Kiambu,CORRECT,Database county and canonical subcounty ownership match the authoritative source.
2195,1714,Kiambu Township Ward,Kiambu,Kiambu Town Sub County,,428,Kiambu Town Sub County,82,Kiambu,CORRECT,Database county and canonical subcounty ownership match the authoritative source.
2196,1715,Cianda Ward,Kiambu,Kiambaa Sub County,,1402,Kiambaa,82,Kiambu,WRONG_SUBCOUNTY,Ward subCountyId does not match the authoritative canonical subcounty target.
2197,1716,Karuri Ward,Kiambu,Kiambaa Sub County,,1402,Kiambaa,82,Kiambu,WRONG_SUBCOUNTY,Ward subCountyId does not match the authoritative canonical subcounty target.
2198,1717,Ndenderu Ward,Kiambu,Kiambaa Sub County,,1402,Kiambaa,82,Kiambu,WRONG_SUBCOUNTY,Ward subCountyId does not match the authoritative canonical subcounty target.
2199,1718,Muchatha Ward,Kiambu,Kiambaa Sub County,,1402,Kiambaa,82,Kiambu,WRONG_SUBCOUNTY,Ward subCountyId does not match the authoritative canonical subcounty target.
2200,1719,Kihara Ward,Kiambu,Kiambaa Sub County,,1402,Kiambaa,82,Kiambu,WRONG_SUBCOUNTY,Ward subCountyId does not match the authoritative canonical subcounty target.
1767,1720,Kiptororo Ward,Nakuru,Kuresoi North  Sub County,,1460,Kuresoi North,77,Nakuru,WRONG_SUBCOUNTY,Ward subCountyId does not match the authoritative canonical subcounty target.
1768,1721,Nyota Ward,Nakuru,Kuresoi North  Sub County,,1460,Kuresoi North,77,Nakuru,WRONG_SUBCOUNTY,Ward subCountyId does not match the authoritative canonical subcounty target.
1769,1722,Sirikwa Ward,Nakuru,Kuresoi North  Sub County,,1460,Kuresoi North,77,Nakuru,WRONG_SUBCOUNTY,Ward subCountyId does not match the authoritative canonical subcounty target.
2201,1723,Gitaru,Kiambu,Kabete Sub County,,1401,Kabete,82,Kiambu,WRONG_SUBCOUNTY,Ward subCountyId does not match the authoritative canonical subcounty target.
2202,1724,Muguga,Kiambu,Kabete Sub County,,1401,Kabete,82,Kiambu,WRONG_SUBCOUNTY,Ward subCountyId does not match the authoritative canonical subcounty target.
2203,1725,Nyadhuna Ward,Kiambu,Kabete Sub County,,1401,Kabete,82,Kiambu,WRONG_SUBCOUNTY,Ward subCountyId does not match the authoritative canonical subcounty target.
2204,1726,Kabete Ward,Kiambu,Kabete Sub County,,1401,Kabete,82,Kiambu,WRONG_SUBCOUNTY,Ward subCountyId does not match the authoritative canonical subcounty target.
688,1727,Kiminini Ward,TRANS NZOIA,Kiminini  Sub County,,1429,Kiminini,81,Trans Nzoia,WRONG_SUBCOUNTY,Ward subCountyId does not match the authoritative canonical subcounty target.
689,1728,Waitaluk Ward,TRANS NZOIA,Kiminini  Sub County,,1429,Kiminini,81,Trans Nzoia,WRONG_SUBCOUNTY,Ward subCountyId does not match the authoritative canonical subcounty target.
690,1729,Sirende Ward,TRANS NZOIA,Kiminini  Sub County,,1429,Kiminini,81,Trans Nzoia,WRONG_SUBCOUNTY,Ward subCountyId does not match the authoritative canonical subcounty target.
1771,1730,Subukia Ward,Nakuru,Subukia  Sub County,,1469,Subukia,77,Nakuru,WRONG_SUBCOUNTY,Ward subCountyId does not match the authoritative canonical subcounty target.
189,1731,Ibrahim ure Ward,WAJIR,Wajir South Sub County,,1293,Wajir South,61,Wajir,CORRECT,Database county and canonical subcounty ownership match the authoritative source.
1774,1732,Menengai West Ward,Nakuru,Rongai  Sub County,,1468,Rongai,77,Nakuru,WRONG_SUBCOUNTY,Ward subCountyId does not match the authoritative canonical subcounty target.
2216,1733,Kinale Ward,Kiambu,Lari Sub County,,1405,Lari,82,Kiambu,WRONG_SUBCOUNTY,Ward subCountyId does not match the authoritative canonical subcounty target.
2218,1734,Nyanduma Ward,Kiambu,Lari Sub County,,1405,Lari,82,Kiambu,WRONG_SUBCOUNTY,Ward subCountyId does not match the authoritative canonical subcounty target.
2219,1735,Kamburu Ward,Kiambu,Lari Sub County,,1405,Lari,82,Kiambu,WRONG_SUBCOUNTY,Ward subCountyId does not match the authoritative canonical subcounty target.
2220,1736,Lari/kirenga Ward,Kiambu,Lari Sub County,,1405,Lari,82,Kiambu,WRONG_SUBCOUNTY,Ward subCountyId does not match the authoritative canonical subcounty target.
2221,1737,Kiamwangi Ward,Kiambu,Gatundu South Sub County,,1398,Gatundu South,82,Kiambu,WRONG_SUBCOUNTY,Ward subCountyId does not match the authoritative canonical subcounty target.
2222,1738,Kiganjo Ward,Kiambu,Gatundu South Sub County,,1398,Gatundu South,82,Kiambu,WRONG_SUBCOUNTY,Ward subCountyId does not match the authoritative canonical subcounty target.
2223,1739,Ndarugu Ward,Kiambu,Gatundu South Sub County,,1398,Gatundu South,82,Kiambu,WRONG_SUBCOUNTY,Ward subCountyId does not match the authoritative canonical subcounty target.
2224,1740,Ngenda Ward,Kiambu,Gatundu South Sub County,,1398,Gatundu South,82,Kiambu,WRONG_SUBCOUNTY,Ward subCountyId does not match the authoritative canonical subcounty target.
2225,1741,Gituamba Ward,Kiambu,Gatundu North Sub County,,1397,Gatundu North,82,Kiambu,WRONG_SUBCOUNTY,Ward subCountyId does not match the authoritative canonical subcounty target.
2226,1742,Githobokoni Ward,Kiambu,Gatundu North Sub County,,1397,Gatundu North,82,Kiambu,WRONG_SUBCOUNTY,Ward subCountyId does not match the authoritative canonical subcounty target.
2227,1743,Chania Ward,Kiambu,Gatundu North Sub County,,1397,Gatundu North,82,Kiambu,WRONG_SUBCOUNTY,Ward subCountyId does not match the authoritative canonical subcounty target.
2228,1744,Mang'u Ward,Kiambu,Gatundu North Sub County,,1397,Gatundu North,82,Kiambu,WRONG_SUBCOUNTY,Ward subCountyId does not match the authoritative canonical subcounty target.
2229,1745,Murera Ward,Kiambu,Juja Sub County,,1400,Juja,82,Kiambu,WRONG_SUBCOUNTY,Ward subCountyId does not match the authoritative canonical subcounty target.
2230,1746,Theta Ward,Kiambu,Juja Sub County,,1400,Juja,82,Kiambu,WRONG_SUBCOUNTY,Ward subCountyId does not match the authoritative canonical subcounty target.
1776,1747,Visoi Ward,Nakuru,Rongai  Sub County,,1468,Rongai,77,Nakuru,WRONG_SUBCOUNTY,Ward subCountyId does not match the authoritative canonical subcounty target.
2231,1748,Juja Ward,Kiambu,Juja Sub County,,1400,Juja,82,Kiambu,WRONG_SUBCOUNTY,Ward subCountyId does not match the authoritative canonical subcounty target.
2232,1749,Witeithie Ward,Kiambu,Juja Sub County,,1400,Juja,82,Kiambu,WRONG_SUBCOUNTY,Ward subCountyId does not match the authoritative canonical subcounty target.
2233,1750,Kalimoni Ward,Kiambu,Juja Sub County,,1400,Juja,82,Kiambu,WRONG_SUBCOUNTY,Ward subCountyId does not match the authoritative canonical subcounty target.
2234,1751,Thika Township Ward,Kiambu,Thika Town Sub County,,439,Thika Town Sub County,82,Kiambu,CORRECT,Database county and canonical subcounty ownership match the authoritative source.
2235,1752,Kamenu Ward,Kiambu,Thika Town Sub County,,439,Thika Town Sub County,82,Kiambu,CORRECT,Database county and canonical subcounty ownership match the authoritative source.
2236,1753,Hospital Ward,Kiambu,Thika Town Sub County,,439,Thika Town Sub County,82,Kiambu,CORRECT,Database county and canonical subcounty ownership match the authoritative source.
1779,1754,Dundori Ward,Nakuru,Nakuru North  Sub County,,1465,Nakuru North,77,Nakuru,WRONG_SUBCOUNTY,Ward subCountyId does not match the authoritative canonical subcounty target.
1842,1755,Rurumaward,Kilifi,Rabai Sub County,,1270,Rabai,73,Kilifi,WRONG_SUBCOUNTY,Ward subCountyId does not match the authoritative canonical subcounty target.
695,1756,Makutano Ward,TRANS NZOIA,Cherangany Sub County,,441,Cherangany Sub County,81,Trans Nzoia,CORRECT,Database county and canonical subcounty ownership match the authoritative source.
696,1757,Kaplamai Ward,TRANS NZOIA,Cherangany Sub County,,441,Cherangany Sub County,81,Trans Nzoia,CORRECT,Database county and canonical subcounty ownership match the authoritative source.
697,1758,Motosiet Ward,TRANS NZOIA,Cherangany Sub County,,441,Cherangany Sub County,81,Trans Nzoia,CORRECT,Database county and canonical subcounty ownership match the authoritative source.
698,1759,Cherangany/suwerwa Ward,TRANS NZOIA,Cherangany Sub County,,441,Cherangany Sub County,81,Trans Nzoia,CORRECT,Database county and canonical subcounty ownership match the authoritative source.
699,1760,Chepsiro/kiptoror Ward,TRANS NZOIA,Cherangany Sub County,,441,Cherangany Sub County,81,Trans Nzoia,CORRECT,Database county and canonical subcounty ownership match the authoritative source.
1808,1761,Magogoni Ward,Mombasa,Kisauni  Sub County,,1253,Kisauni,55,Mombasa,WRONG_SUBCOUNTY,Ward subCountyId does not match the authoritative canonical subcounty target.
1876,1762,North Uyoma Ward,Siaya,Rarieda Sub County,,1534,Rarieda,83,Siaya,WRONG_SUBCOUNTY,Ward subCountyId does not match the authoritative canonical subcounty target.
1877,1763,South Uyoma Ward,Siaya,Rarieda Sub County,,1534,Rarieda,83,Siaya,WRONG_SUBCOUNTY,Ward subCountyId does not match the authoritative canonical subcounty target.
1878,1764,West Uyoma Ward,Siaya,Rarieda Sub County,,1534,Rarieda,83,Siaya,WRONG_SUBCOUNTY,Ward subCountyId does not match the authoritative canonical subcounty target.
1891,1765,Ukunda Ward,Kwale,Msambweni Sub County,,1260,Msambweni,84,Kwale,WRONG_SUBCOUNTY,Ward subCountyId does not match the authoritative canonical subcounty target.
1892,1766,Kinondo Ward,Kwale,Msambweni Sub County,,1260,Msambweni,84,Kwale,WRONG_SUBCOUNTY,Ward subCountyId does not match the authoritative canonical subcounty target.
1893,1767,Ramisi Ward,Kwale,Msambweni Sub County,,1260,Msambweni,84,Kwale,WRONG_SUBCOUNTY,Ward subCountyId does not match the authoritative canonical subcounty target.
1894,1768,Pongwe Kikoneni Ward,Kwale,Lunga Lunga Sub County,,1258,Lunga Lunga,84,Kwale,WRONG_SUBCOUNTY,Ward subCountyId does not match the authoritative canonical subcounty target.
1895,1769,Dzombo Ward,Kwale,Lunga Lunga Sub County,,1258,Lunga Lunga,84,Kwale,WRONG_SUBCOUNTY,Ward subCountyId does not match the authoritative canonical subcounty target.
1896,1770,Mwereni Ward,Kwale,Lunga Lunga Sub County,,1258,Lunga Lunga,84,Kwale,WRONG_SUBCOUNTY,Ward subCountyId does not match the authoritative canonical subcounty target.
1897,1771,Vanga Ward,Kwale,Lunga Lunga Sub County,,1258,Lunga Lunga,84,Kwale,WRONG_SUBCOUNTY,Ward subCountyId does not match the authoritative canonical subcounty target.
1780,1772,Kabatini Ward,Nakuru,Nakuru North  Sub County,,1465,Nakuru North,77,Nakuru,WRONG_SUBCOUNTY,Ward subCountyId does not match the authoritative canonical subcounty target.
1898,1773,Tsimba Golini Ward,Kwale,Matuga Sub County,,1259,Matuga,84,Kwale,WRONG_SUBCOUNTY,Ward subCountyId does not match the authoritative canonical subcounty target.
1899,1774,Waa Ngombeni Ward,Kwale,Matuga Sub County,,1259,Matuga,84,Kwale,WRONG_SUBCOUNTY,Ward subCountyId does not match the authoritative canonical subcounty target.
1770,1775,Kamara Ward,Nakuru,Kuresoi North  Sub County,,1460,Kuresoi North,77,Nakuru,WRONG_SUBCOUNTY,Ward subCountyId does not match the authoritative canonical subcounty target.
1900,1776,Tiwi Ward,Kwale,Matuga Sub County,,1259,Matuga,84,Kwale,WRONG_SUBCOUNTY,Ward subCountyId does not match the authoritative canonical subcounty target.
1901,1777,Kubo South Ward,Kwale,Matuga Sub County,,1259,Matuga,84,Kwale,WRONG_SUBCOUNTY,Ward subCountyId does not match the authoritative canonical subcounty target.
1772,1778,Waseges Ward,Nakuru,Subukia  Sub County,,1469,Subukia,77,Nakuru,WRONG_SUBCOUNTY,Ward subCountyId does not match the authoritative canonical subcounty target.
1773,1779,Kabazi Ward,Nakuru,Subukia  Sub County,,1469,Subukia,77,Nakuru,WRONG_SUBCOUNTY,Ward subCountyId does not match the authoritative canonical subcounty target.
731,1780,Kapyego Ward,ELGEYO-MARAKWET,Marakwet East sub-county,,1438,Marakwet East,85,Elgeyo Marakwet,WRONG_SUBCOUNTY,Ward subCountyId does not match the authoritative canonical subcounty target.
732,1781,Sambirir Ward,ELGEYO-MARAKWET,Marakwet East sub-county,,1438,Marakwet East,85,Elgeyo Marakwet,WRONG_SUBCOUNTY,Ward subCountyId does not match the authoritative canonical subcounty target.
1902,1782,Mkongani Ward,Kwale,Matuga Sub County,,1259,Matuga,84,Kwale,WRONG_SUBCOUNTY,Ward subCountyId does not match the authoritative canonical subcounty target.
1903,1783,Ndavaya Ward,Kwale,Kinango Sub County,,1257,Kinango,84,Kwale,WRONG_SUBCOUNTY,Ward subCountyId does not match the authoritative canonical subcounty target.
1904,1784,Puma Ward,Kwale,Kinango Sub County,,1257,Kinango,84,Kwale,WRONG_SUBCOUNTY,Ward subCountyId does not match the authoritative canonical subcounty target.
1905,1785,Kinango Ward,Kwale,Kinango Sub County,,1257,Kinango,84,Kwale,WRONG_SUBCOUNTY,Ward subCountyId does not match the authoritative canonical subcounty target.
1906,1786,Mackinon Road Ward,Kwale,Kinango Sub County,,1257,Kinango,84,Kwale,WRONG_SUBCOUNTY,Ward subCountyId does not match the authoritative canonical subcounty target.
1907,1787,Chengoni/samburu Ward,Kwale,Kinango Sub County,,1257,Kinango,84,Kwale,WRONG_SUBCOUNTY,Ward subCountyId does not match the authoritative canonical subcounty target.
1908,1788,Mwavumbo Ward,Kwale,Kinango Sub County,,1257,Kinango,84,Kwale,WRONG_SUBCOUNTY,Ward subCountyId does not match the authoritative canonical subcounty target.
1781,1789,Kiamaina Ward,Nakuru,Nakuru North  Sub County,,1465,Nakuru North,77,Nakuru,WRONG_SUBCOUNTY,Ward subCountyId does not match the authoritative canonical subcounty target.
1909,1790,Kasemeni Ward,Kwale,Kinango Sub County,,1257,Kinango,84,Kwale,WRONG_SUBCOUNTY,Ward subCountyId does not match the authoritative canonical subcounty target.
2237,1791,Gatuanyaga Ward,Kiambu,Thika Town Sub County,,439,Thika Town Sub County,82,Kiambu,CORRECT,Database county and canonical subcounty ownership match the authoritative source.
2238,1792,Ngoliba Ward,Kiambu,Thika Town Sub County,,439,Thika Town Sub County,82,Kiambu,CORRECT,Database county and canonical subcounty ownership match the authoritative source.
2239,1793,Gitothua,Kiambu,Ruiru Sub County,,1407,Ruiru,82,Kiambu,WRONG_SUBCOUNTY,Ward subCountyId does not match the authoritative canonical subcounty target.
112,1794,Mahoo Ward,TAITA TAVETA,Taveta Sub County,,1278,Taveta,59,Taita Taveta,CORRECT,Database county and canonical subcounty ownership match the authoritative source.
2269,1795,Kimulot Ward,Bomet,Konoin Sub County,,1490,Konoin,86,Bomet,WRONG_SUBCOUNTY,Ward subCountyId does not match the authoritative canonical subcounty target.
2270,1796,Mogogosiek Ward,Bomet,Konoin Sub County,,1490,Konoin,86,Bomet,WRONG_SUBCOUNTY,Ward subCountyId does not match the authoritative canonical subcounty target.
2271,1797,Boito Ward,Bomet,Konoin Sub County,,1490,Konoin,86,Bomet,WRONG_SUBCOUNTY,Ward subCountyId does not match the authoritative canonical subcounty target.
2272,1798,Embomos Ward,Bomet,Konoin Sub County,,1490,Konoin,86,Bomet,WRONG_SUBCOUNTY,Ward subCountyId does not match the authoritative canonical subcounty target.
2273,1799,BOMBABA BORABU,Kisii,Bomachoge Borabu Sub County,,450,Bomachoge Borabu Sub County,87,Kisii,CORRECT,Database county and canonical subcounty ownership match the authoritative source.
1775,1800,Soin Ward,Nakuru,Rongai  Sub County,,1468,Rongai,77,Nakuru,WRONG_SUBCOUNTY,Ward subCountyId does not match the authoritative canonical subcounty target.
757,1801,Kemeloi-maraba Ward,NANDI,Aldai Sub County,,451,Aldai Sub County,88,Nandi,CORRECT,Database county and canonical subcounty ownership match the authoritative source.
758,1802,Kobujoi Ward,NANDI,Aldai Sub County,,451,Aldai Sub County,88,Nandi,CORRECT,Database county and canonical subcounty ownership match the authoritative source.
759,1803,Kaptumo/kaboi Ward,NANDI,Aldai Sub County,,451,Aldai Sub County,88,Nandi,CORRECT,Database county and canonical subcounty ownership match the authoritative source.
760,1804,Koyo/ndurio Ward,NANDI,Aldai Sub County,,451,Aldai Sub County,88,Nandi,CORRECT,Database county and canonical subcounty ownership match the authoritative source.
761,1805,Nandi hills Ward,NANDI,Nandi East Sub County,,1442,Nandi East,88,Nandi,WRONG_SUBCOUNTY,Ward subCountyId does not match the authoritative canonical subcounty target.
762,1806,Chepkunyuk Ward,NANDI,Nandi East Sub County,,1442,Nandi East,88,Nandi,WRONG_SUBCOUNTY,Ward subCountyId does not match the authoritative canonical subcounty target.
119,1807,Mwanda/mgange Ward,TAITA TAVETA,Wundanyi Sub County,,303,Wundanyi Sub County,59,Taita Taveta,CORRECT,Database county and canonical subcounty ownership match the authoritative source.
120,1808,Ronge Ward,TAITA TAVETA,Mwatate Sub County,,1276,Mwatate,59,Taita Taveta,CORRECT,Database county and canonical subcounty ownership match the authoritative source.
305,1809,Igambang`ombe Ward,THARAKA-NITHI,Igambang'ombe Sub County,,1323,Igambang'ombe,66,Tharaka Nithi,WRONG_SUBCOUNTY,Ward subCountyId does not match the authoritative canonical subcounty target.
767,1810,Lelmoko/ngechek Ward,NANDI,Chesumei Sub County,,1440,Chesumei,88,Nandi,WRONG_SUBCOUNTY,Ward subCountyId does not match the authoritative canonical subcounty target.
121,1811,Mwatate Ward,TAITA TAVETA,Mwatate Sub County,,1276,Mwatate,59,Taita Taveta,CORRECT,Database county and canonical subcounty ownership match the authoritative source.
124,1812,Wusi/kishamba Ward,TAITA TAVETA,Mwatate Sub County,,1276,Mwatate,59,Taita Taveta,CORRECT,Database county and canonical subcounty ownership match the authoritative source.
329,1813,Muminji Ward,EMBU,Mbeere North  Sub County,,1332,Mbeere North,89,Embu,WRONG_SUBCOUNTY,Ward subCountyId does not match the authoritative canonical subcounty target.
330,1814,Evurore Ward,EMBU,Mbeere North  Sub County,,1332,Mbeere North,89,Embu,WRONG_SUBCOUNTY,Ward subCountyId does not match the authoritative canonical subcounty target.
1782,1815,Lanet/umoja Ward,Nakuru,Nakuru North  Sub County,,1465,Nakuru North,77,Nakuru,WRONG_SUBCOUNTY,Ward subCountyId does not match the authoritative canonical subcounty target.
770,1816,Chepkumia Ward,NANDI,Emgwen Sub County,,456,Emgwen Sub County,88,Nandi,CORRECT,Database county and canonical subcounty ownership match the authoritative source.
1783,1817,Bahati Ward,Nakuru,Nakuru North  Sub County,,1465,Nakuru North,77,Nakuru,WRONG_SUBCOUNTY,Ward subCountyId does not match the authoritative canonical subcounty target.
1786,1818,Kaptembwo Ward,Nakuru,Nakuru West  Sub County,,1466,Nakuru West,77,Nakuru,WRONG_SUBCOUNTY,Ward subCountyId does not match the authoritative canonical subcounty target.
479,1819,Iriaini Ward,NYERI,Mathira East Sub County,,1379,Mathira East,69,Nyeri,WRONG_SUBCOUNTY,Ward subCountyId does not match the authoritative canonical subcounty target.
480,1820,Konyu Ward,NYERI,Mathira East Sub County,,1379,Mathira East,69,Nyeri,WRONG_SUBCOUNTY,Ward subCountyId does not match the authoritative canonical subcounty target.
772,1821,Kapsabet Ward,NANDI,Emgwen Sub County,,456,Emgwen Sub County,88,Nandi,CORRECT,Database county and canonical subcounty ownership match the authoritative source.
773,1822,Kilibwoni Ward,NANDI,Emgwen Sub County,,456,Emgwen Sub County,88,Nandi,CORRECT,Database county and canonical subcounty ownership match the authoritative source.
1810,1823,Frere Town Ward,Mombasa,Nyali  Sub County,,1256,Nyali,55,Mombasa,WRONG_SUBCOUNTY,Ward subCountyId does not match the authoritative canonical subcounty target.
481,1824,Kirimukuyu Ward,NYERI,Mathira West Sub County,,1380,Mathira West,69,Nyeri,WRONG_SUBCOUNTY,Ward subCountyId does not match the authoritative canonical subcounty target.
1787,1825,Kapkures Ward,Nakuru,Nakuru West  Sub County,,1466,Nakuru West,77,Nakuru,WRONG_SUBCOUNTY,Ward subCountyId does not match the authoritative canonical subcounty target.
662,1826,Suguta Marmar Ward,SAMBURU,Samburu Central Sub County,,1422,Samburu Central,72,Samburu,CORRECT,Database county and canonical subcounty ownership match the authoritative source.
1788,1827,Rhoda Ward,Nakuru,Nakuru West  Sub County,,1466,Nakuru West,77,Nakuru,WRONG_SUBCOUNTY,Ward subCountyId does not match the authoritative canonical subcounty target.
1789,1828,Shaabab Ward,Nakuru,Nakuru West  Sub County,,1466,Nakuru West,77,Nakuru,WRONG_SUBCOUNTY,Ward subCountyId does not match the authoritative canonical subcounty target.
747,1829,Soy North Ward,ELGEYO-MARAKWET,Keiyo South Sub County,,1437,Keiyo South,85,Elgeyo Marakwet,WRONG_SUBCOUNTY,Ward subCountyId does not match the authoritative canonical subcounty target.
748,1830,Soy South Ward,ELGEYO-MARAKWET,Keiyo South Sub County,,1437,Keiyo South,85,Elgeyo Marakwet,WRONG_SUBCOUNTY,Ward subCountyId does not match the authoritative canonical subcounty target.
1790,1831,Biashara Ward,Nakuru,Nakuru East  Sub County,,1464,Nakuru East,77,Nakuru,WRONG_SUBCOUNTY,Ward subCountyId does not match the authoritative canonical subcounty target.
755,1832,Kabwareng Ward,NANDI,Aldai Sub County,,451,Aldai Sub County,88,Nandi,CORRECT,Database county and canonical subcounty ownership match the authoritative source.
778,1833,Ndalat Ward,NANDI,Mosop Sub County,,462,Mosop Sub County,88,Nandi,CORRECT,Database county and canonical subcounty ownership match the authoritative source.
1791,1834,Kivumbini Ward,Nakuru,Nakuru East  Sub County,,1464,Nakuru East,77,Nakuru,WRONG_SUBCOUNTY,Ward subCountyId does not match the authoritative canonical subcounty target.
1792,1835,Flamingo Ward,Nakuru,Nakuru East  Sub County,,1464,Nakuru East,77,Nakuru,WRONG_SUBCOUNTY,Ward subCountyId does not match the authoritative canonical subcounty target.
1793,1836,Menengai Ward,Nakuru,Nakuru East  Sub County,,1464,Nakuru East,77,Nakuru,WRONG_SUBCOUNTY,Ward subCountyId does not match the authoritative canonical subcounty target.
781,1837,Tirioko Ward,BARINGO,Tiaty Sub County,,463,Tiaty West Sub County,90,Baringo,WRONG_SUBCOUNTY,Ward subCountyId does not match the authoritative canonical subcounty target.
782,1838,Kolowa Ward,BARINGO,Tiaty Sub County,,463,Tiaty West Sub County,90,Baringo,WRONG_SUBCOUNTY,Ward subCountyId does not match the authoritative canonical subcounty target.
783,1839,Ribkwo Ward,BARINGO,Tiaty Sub County,,463,Tiaty West Sub County,90,Baringo,WRONG_SUBCOUNTY,Ward subCountyId does not match the authoritative canonical subcounty target.
784,1840,Silale Ward,BARINGO,Tiaty Sub County,,463,Tiaty West Sub County,90,Baringo,WRONG_SUBCOUNTY,Ward subCountyId does not match the authoritative canonical subcounty target.
785,1841,Loiyamorok Ward,BARINGO,Tiaty Sub County,,463,Tiaty West Sub County,90,Baringo,WRONG_SUBCOUNTY,Ward subCountyId does not match the authoritative canonical subcounty target.
1813,1842,Kongowea Ward,Mombasa,Nyali  Sub County,,1256,Nyali,55,Mombasa,WRONG_SUBCOUNTY,Ward subCountyId does not match the authoritative canonical subcounty target.
814,1843,Marmanet Ward,LAIKIPIA,Laikipia West Sub County,,1457,Laikipia West,91,Laikipia,WRONG_SUBCOUNTY,Ward subCountyId does not match the authoritative canonical subcounty target.
815,1844,Igwamiti Ward,LAIKIPIA,Laikipia West Sub County,,1457,Laikipia West,91,Laikipia,WRONG_SUBCOUNTY,Ward subCountyId does not match the authoritative canonical subcounty target.
816,1845,Salama Ward,LAIKIPIA,Laikipia West Sub County,,1457,Laikipia West,91,Laikipia,WRONG_SUBCOUNTY,Ward subCountyId does not match the authoritative canonical subcounty target.
817,1846,Ngobit Ward,LAIKIPIA,Laikipia East Sub County,,1455,Laikipia East,91,Laikipia,WRONG_SUBCOUNTY,Ward subCountyId does not match the authoritative canonical subcounty target.
818,1847,Tigithi Ward,LAIKIPIA,Laikipia East Sub County,,1455,Laikipia East,91,Laikipia,WRONG_SUBCOUNTY,Ward subCountyId does not match the authoritative canonical subcounty target.
819,1848,Thingithu Ward,LAIKIPIA,Laikipia East Sub County,,1455,Laikipia East,91,Laikipia,WRONG_SUBCOUNTY,Ward subCountyId does not match the authoritative canonical subcounty target.
820,1849,Nanyuki Ward,LAIKIPIA,Laikipia East Sub County,,1455,Laikipia East,91,Laikipia,WRONG_SUBCOUNTY,Ward subCountyId does not match the authoritative canonical subcounty target.
1821,1850,Tudor Ward,Mombasa,Mvita  Sub County,,1255,Mvita,55,Mombasa,WRONG_SUBCOUNTY,Ward subCountyId does not match the authoritative canonical subcounty target.
1777,1851,Mosop Ward,Nakuru,Rongai  Sub County,,1468,Rongai,77,Nakuru,WRONG_SUBCOUNTY,Ward subCountyId does not match the authoritative canonical subcounty target.
1778,1852,Solai Ward,Nakuru,Rongai  Sub County,,1468,Rongai,77,Nakuru,WRONG_SUBCOUNTY,Ward subCountyId does not match the authoritative canonical subcounty target.
117,1853,Werugha Ward,TAITA TAVETA,Wundanyi Sub County,,303,Wundanyi Sub County,59,Taita Taveta,CORRECT,Database county and canonical subcounty ownership match the authoritative source.
1784,1854,Barut Ward,Nakuru,Nakuru West  Sub County,,1466,Nakuru West,77,Nakuru,WRONG_SUBCOUNTY,Ward subCountyId does not match the authoritative canonical subcounty target.
1785,1855,London Ward,Nakuru,Nakuru West  Sub County,,1466,Nakuru West,77,Nakuru,WRONG_SUBCOUNTY,Ward subCountyId does not match the authoritative canonical subcounty target.
1799,1856,Chaani Ward,Mombasa,Changamwe Sub County,,1251,Changamwe,55,Mombasa,CORRECT,Database county and canonical subcounty ownership match the authoritative source.
911,1857,Olkeri Ward,KAJIADO,Kajiado North Sub County,,1478,Kajiado North,92,Kajiado,CORRECT,Database county and canonical subcounty ownership match the authoritative source.
912,1858,Ongata rongai Ward,KAJIADO,Kajiado North Sub County,,1478,Kajiado North,92,Kajiado,CORRECT,Database county and canonical subcounty ownership match the authoritative source.
913,1859,Nkaimurunya Ward,KAJIADO,Kajiado North Sub County,,1478,Kajiado North,92,Kajiado,CORRECT,Database county and canonical subcounty ownership match the authoritative source.
914,1860,Oloolua Ward,KAJIADO,Kajiado North Sub County,,1478,Kajiado North,92,Kajiado,CORRECT,Database county and canonical subcounty ownership match the authoritative source.
915,1861,Ngong Ward,KAJIADO,Kajiado North Sub County,,1478,Kajiado North,92,Kajiado,CORRECT,Database county and canonical subcounty ownership match the authoritative source.
916,1862,Purko Ward,KAJIADO,Kajiado Central Sub County,,1477,Kajiado Central,92,Kajiado,WRONG_SUBCOUNTY,Ward subCountyId does not match the authoritative canonical subcounty target.
917,1863,Ildamat Ward,KAJIADO,Kajiado Central Sub County,,1477,Kajiado Central,92,Kajiado,WRONG_SUBCOUNTY,Ward subCountyId does not match the authoritative canonical subcounty target.
918,1864,Dalalekutuk Ward,KAJIADO,Kajiado Central Sub County,,1477,Kajiado Central,92,Kajiado,WRONG_SUBCOUNTY,Ward subCountyId does not match the authoritative canonical subcounty target.
919,1865,Matapato north Ward,KAJIADO,Kajiado Central Sub County,,1477,Kajiado Central,92,Kajiado,WRONG_SUBCOUNTY,Ward subCountyId does not match the authoritative canonical subcounty target.
920,1866,Matapato south Ward,KAJIADO,Kajiado Central Sub County,,1477,Kajiado Central,92,Kajiado,WRONG_SUBCOUNTY,Ward subCountyId does not match the authoritative canonical subcounty target.
921,1867,Kaputiei north Ward,KAJIADO,Kajiado East Sub County,,469,Kajiado East Sub County,92,Kajiado,CORRECT,Database county and canonical subcounty ownership match the authoritative source.
922,1868,Kitengela Ward,KAJIADO,Kajiado East Sub County,,469,Kajiado East Sub County,92,Kajiado,CORRECT,Database county and canonical subcounty ownership match the authoritative source.
923,1869,Oloosirkon/sholinke Ward,KAJIADO,Kajiado East Sub County,,469,Kajiado East Sub County,92,Kajiado,CORRECT,Database county and canonical subcounty ownership match the authoritative source.
924,1870,Kenyawa-poka Ward,KAJIADO,Kajiado East Sub County,,469,Kajiado East Sub County,92,Kajiado,CORRECT,Database county and canonical subcounty ownership match the authoritative source.
925,1871,Imaroro Ward,KAJIADO,Kajiado East Sub County,,469,Kajiado East Sub County,92,Kajiado,CORRECT,Database county and canonical subcounty ownership match the authoritative source.
926,1872,Keekonyokie Ward,KAJIADO,Kajiado West Sub County,,1479,Kajiado West,92,Kajiado,WRONG_SUBCOUNTY,Ward subCountyId does not match the authoritative canonical subcounty target.
1912,1873,Manyatta B Ward,Kisumu,Kisumu East Sub County,,1535,Kisumu East,93,Kisumu,WRONG_SUBCOUNTY,Ward subCountyId does not match the authoritative canonical subcounty target.
943,1874,Chilchila Ward,KERICHO,Kipkelion West Sub County,,472,Kipkelion West Sub County,56,Kericho,CORRECT,Database county and canonical subcounty ownership match the authoritative source.
944,1875,Kapsoit Ward,KERICHO,Ainamoi Sub County,,295,AINAMOI,56,Kericho,CORRECT,Database county and canonical subcounty ownership match the authoritative source.
945,1876,Ainamoi Ward,KERICHO,Ainamoi Sub County,,295,AINAMOI,56,Kericho,CORRECT,Database county and canonical subcounty ownership match the authoritative source.
946,1877,Kapkugerwet Ward,KERICHO,Ainamoi Sub County,,295,AINAMOI,56,Kericho,CORRECT,Database county and canonical subcounty ownership match the authoritative source.
947,1878,Kipchebor Ward,KERICHO,Ainamoi Sub County,,295,AINAMOI,56,Kericho,CORRECT,Database county and canonical subcounty ownership match the authoritative source.
948,1879,Kipchimchim Ward,KERICHO,Ainamoi Sub County,,295,AINAMOI,56,Kericho,CORRECT,Database county and canonical subcounty ownership match the authoritative source.
949,1880,Kapsaos Ward,KERICHO,Ainamoi Sub County,,295,AINAMOI,56,Kericho,CORRECT,Database county and canonical subcounty ownership match the authoritative source.
950,1881,Kisiara Ward,KERICHO,Bureti Sub County,,1483,Bureti,56,Kericho,WRONG_SUBCOUNTY,Ward subCountyId does not match the authoritative canonical subcounty target.
951,1882,Tebesonik Ward,KERICHO,Bureti Sub County,,1483,Bureti,56,Kericho,WRONG_SUBCOUNTY,Ward subCountyId does not match the authoritative canonical subcounty target.
952,1883,Cheboin Ward,KERICHO,Bureti Sub County,,1483,Bureti,56,Kericho,WRONG_SUBCOUNTY,Ward subCountyId does not match the authoritative canonical subcounty target.
953,1884,Chemosot Ward,KERICHO,Bureti Sub County,,1483,Bureti,56,Kericho,WRONG_SUBCOUNTY,Ward subCountyId does not match the authoritative canonical subcounty target.
954,1885,Litein Ward,KERICHO,Bureti Sub County,,1483,Bureti,56,Kericho,WRONG_SUBCOUNTY,Ward subCountyId does not match the authoritative canonical subcounty target.
955,1886,Cheplanget Ward,KERICHO,Bureti Sub County,,1483,Bureti,56,Kericho,WRONG_SUBCOUNTY,Ward subCountyId does not match the authoritative canonical subcounty target.
957,1887,Waldai Ward,KERICHO,Belgut Sub County,,1482,Belgut,56,Kericho,CORRECT,Database county and canonical subcounty ownership match the authoritative source.
958,1888,Kabianga Ward,KERICHO,Belgut Sub County,,1482,Belgut,56,Kericho,CORRECT,Database county and canonical subcounty ownership match the authoritative source.
1814,1889,Kadzandani Ward,Mombasa,Nyali  Sub County,,1256,Nyali,55,Mombasa,WRONG_SUBCOUNTY,Ward subCountyId does not match the authoritative canonical subcounty target.
1794,1890,Nakuru East Ward,Nakuru,Nakuru East  Sub County,,1464,Nakuru East,77,Nakuru,WRONG_SUBCOUNTY,Ward subCountyId does not match the authoritative canonical subcounty target.
1795,1891,Port Reitz Ward,Mombasa,Changamwe Sub County,,1251,Changamwe,55,Mombasa,CORRECT,Database county and canonical subcounty ownership match the authoritative source.
962,1892,Sigowet Ward,KERICHO,Sigowet/Soin Sub County,,474,Sigowet/Soin Sub County,56,Kericho,CORRECT,Database county and canonical subcounty ownership match the authoritative source.
963,1893,Kaplelartet Ward,KERICHO,Sigowet/Soin Sub County,,474,Sigowet/Soin Sub County,56,Kericho,CORRECT,Database county and canonical subcounty ownership match the authoritative source.
964,1894,Soliat Ward,KERICHO,Sigowet/Soin Sub County,,474,Sigowet/Soin Sub County,56,Kericho,CORRECT,Database county and canonical subcounty ownership match the authoritative source.
965,1895,Soin Ward,KERICHO,Sigowet/Soin Sub County,,474,Sigowet/Soin Sub County,56,Kericho,CORRECT,Database county and canonical subcounty ownership match the authoritative source.
1816,1896,Shika Adabu Ward,Mombasa,Likoni  Sub County,,1254,Likoni,55,Mombasa,WRONG_SUBCOUNTY,Ward subCountyId does not match the authoritative canonical subcounty target.
1804,1897,Junda Ward,Mombasa,Kisauni  Sub County,,1253,Kisauni,55,Mombasa,WRONG_SUBCOUNTY,Ward subCountyId does not match the authoritative canonical subcounty target.
1805,1898,Bamburi Ward,Mombasa,Kisauni  Sub County,,1253,Kisauni,55,Mombasa,WRONG_SUBCOUNTY,Ward subCountyId does not match the authoritative canonical subcounty target.
1806,1899,Mwakirunge Ward,Mombasa,Kisauni  Sub County,,1253,Kisauni,55,Mombasa,WRONG_SUBCOUNTY,Ward subCountyId does not match the authoritative canonical subcounty target.
1807,1900,Mtopanga Ward,Mombasa,Kisauni  Sub County,,1253,Kisauni,55,Mombasa,WRONG_SUBCOUNTY,Ward subCountyId does not match the authoritative canonical subcounty target.
1913,1901,Nyalenda A Ward,Kisumu,Kisumu East Sub County,,1535,Kisumu East,93,Kisumu,WRONG_SUBCOUNTY,Ward subCountyId does not match the authoritative canonical subcounty target.
1809,1902,Shanzu Ward,Mombasa,Kisauni  Sub County,,1253,Kisauni,55,Mombasa,WRONG_SUBCOUNTY,Ward subCountyId does not match the authoritative canonical subcounty target.
1811,1903,Ziwa La Ng'ombe Ward,Mombasa,Nyali  Sub County,,1256,Nyali,55,Mombasa,WRONG_SUBCOUNTY,Ward subCountyId does not match the authoritative canonical subcounty target.
1812,1904,Mkomani Ward,Mombasa,Nyali  Sub County,,1256,Nyali,55,Mombasa,WRONG_SUBCOUNTY,Ward subCountyId does not match the authoritative canonical subcounty target.
1815,1905,Mtongwe Ward,Mombasa,Likoni  Sub County,,1254,Likoni,55,Mombasa,WRONG_SUBCOUNTY,Ward subCountyId does not match the authoritative canonical subcounty target.
125,1906,Mbololo Ward,TAITA TAVETA,Voi Sub County,,1279,Voi,59,Taita Taveta,CORRECT,Database county and canonical subcounty ownership match the authoritative source.
1817,1907,Bofu Ward,Mombasa,Likoni  Sub County,,1254,Likoni,55,Mombasa,WRONG_SUBCOUNTY,Ward subCountyId does not match the authoritative canonical subcounty target.
1826,1908,Sokoni Ward,Kilifi,Kilifi North Sub County,,1266,Kilifi North,73,Kilifi,CORRECT,Database county and canonical subcounty ownership match the authoritative source.
1828,1909,Dabaso Ward,Kilifi,Kilifi North Sub County,,1266,Kilifi North,73,Kilifi,CORRECT,Database county and canonical subcounty ownership match the authoritative source.
1830,1910,Watamu Ward,Kilifi,Kilifi North Sub County,,1266,Kilifi North,73,Kilifi,CORRECT,Database county and canonical subcounty ownership match the authoritative source.
1833,1911,Mwarakaya Ward,Kilifi,Kilifi South Sub County,,1267,Kilifi South,73,Kilifi,CORRECT,Database county and canonical subcounty ownership match the authoritative source.
1835,1912,Chasimba Ward,Kilifi,Kilifi South Sub County,,1267,Kilifi South,73,Kilifi,CORRECT,Database county and canonical subcounty ownership match the authoritative source.
1836,1913,Mtepeni Ward,Kilifi,Kilifi South Sub County,,1267,Kilifi South,73,Kilifi,CORRECT,Database county and canonical subcounty ownership match the authoritative source.
1837,1914,Mariakani Ward,Kilifi,Kaloleni Sub County,,1264,Kaloleni,73,Kilifi,WRONG_SUBCOUNTY,Ward subCountyId does not match the authoritative canonical subcounty target.
1838,1915,Kayafungo Ward,Kilifi,Kaloleni Sub County,,1264,Kaloleni,73,Kilifi,WRONG_SUBCOUNTY,Ward subCountyId does not match the authoritative canonical subcounty target.
1839,1916,Kaloleni Ward,Kilifi,Kaloleni Sub County,,1264,Kaloleni,73,Kilifi,WRONG_SUBCOUNTY,Ward subCountyId does not match the authoritative canonical subcounty target.
1840,1917,Mwanamwinga Ward,Kilifi,Kaloleni Sub County,,1264,Kaloleni,73,Kilifi,WRONG_SUBCOUNTY,Ward subCountyId does not match the authoritative canonical subcounty target.
1843,1918,Kambe/ribe Ward,Kilifi,Rabai Sub County,,1270,Rabai,73,Kilifi,WRONG_SUBCOUNTY,Ward subCountyId does not match the authoritative canonical subcounty target.
1922,1919,Shauri Moyo Kaloleni Ward,Kisumu,Kisumu Central Sub County,,1536,Kisumu Central,93,Kisumu,WRONG_SUBCOUNTY,Ward subCountyId does not match the authoritative canonical subcounty target.
1846,1920,Bamba Ward,Kilifi,Ganze Sub County,,1263,Ganze,73,Kilifi,WRONG_SUBCOUNTY,Ward subCountyId does not match the authoritative canonical subcounty target.
1847,1921,Jaribuni Ward,Kilifi,Ganze Sub County,,1263,Ganze,73,Kilifi,WRONG_SUBCOUNTY,Ward subCountyId does not match the authoritative canonical subcounty target.
1849,1922,Jilore Ward,Kilifi,Malindi Sub County,,1269,Malindi,73,Kilifi,WRONG_SUBCOUNTY,Ward subCountyId does not match the authoritative canonical subcounty target.
1850,1923,Kakuyuni Ward,Kilifi,Malindi Sub County,,1269,Malindi,73,Kilifi,WRONG_SUBCOUNTY,Ward subCountyId does not match the authoritative canonical subcounty target.
1853,1924,Shella Ward,Kilifi,Malindi Sub County,,1269,Malindi,73,Kilifi,WRONG_SUBCOUNTY,Ward subCountyId does not match the authoritative canonical subcounty target.
1854,1925,Marafa Ward,Kilifi,Magarini Sub County,,1268,Magarini,73,Kilifi,WRONG_SUBCOUNTY,Ward subCountyId does not match the authoritative canonical subcounty target.
1855,1926,Magarini Ward,Kilifi,Magarini Sub County,,1268,Magarini,73,Kilifi,WRONG_SUBCOUNTY,Ward subCountyId does not match the authoritative canonical subcounty target.
1879,1927,West Ugenya Ward,Siaya,Ugenya Sub County,,1531,Ugenya,83,Siaya,WRONG_SUBCOUNTY,Ward subCountyId does not match the authoritative canonical subcounty target.
1880,1928,Ukwala Ward,Siaya,Ugenya Sub County,,1531,Ugenya,83,Siaya,WRONG_SUBCOUNTY,Ward subCountyId does not match the authoritative canonical subcounty target.
1881,1929,North Ugenya Ward,Siaya,Ugenya Sub County,,1531,Ugenya,83,Siaya,WRONG_SUBCOUNTY,Ward subCountyId does not match the authoritative canonical subcounty target.
1882,1930,East Ugenya Ward,Siaya,Ugenya Sub County,,1531,Ugenya,83,Siaya,WRONG_SUBCOUNTY,Ward subCountyId does not match the authoritative canonical subcounty target.
1883,1931,Sidindi Ward,Siaya,Ugunja Sub County,,1532,Ugunja,83,Siaya,WRONG_SUBCOUNTY,Ward subCountyId does not match the authoritative canonical subcounty target.
1884,1932,Sigomere Ward,Siaya,Ugunja Sub County,,1532,Ugunja,83,Siaya,WRONG_SUBCOUNTY,Ward subCountyId does not match the authoritative canonical subcounty target.
1885,1933,Ugunja Ward,Siaya,Ugunja Sub County,,1532,Ugunja,83,Siaya,WRONG_SUBCOUNTY,Ward subCountyId does not match the authoritative canonical subcounty target.
1886,1934,Usonga Ward,Siaya,Alego Usonga Sub County,,483,Alego Usonga Sub County,83,Siaya,CORRECT,Database county and canonical subcounty ownership match the authoritative source.
1887,1935,West Alego Ward,Siaya,Alego Usonga Sub County,,483,Alego Usonga Sub County,83,Siaya,CORRECT,Database county and canonical subcounty ownership match the authoritative source.
1888,1936,Central Alego Ward,Siaya,Alego Usonga Sub County,,483,Alego Usonga Sub County,83,Siaya,CORRECT,Database county and canonical subcounty ownership match the authoritative source.
1889,1937,Siaya Township Ward,Siaya,Alego Usonga Sub County,,483,Alego Usonga Sub County,83,Siaya,CORRECT,Database county and canonical subcounty ownership match the authoritative source.
1890,1938,Gombato Bongwe Ward,Kwale,Msambweni Sub County,,1260,Msambweni,84,Kwale,WRONG_SUBCOUNTY,Ward subCountyId does not match the authoritative canonical subcounty target.
126,1939,Sagala Ward,TAITA TAVETA,Voi Sub County,,1279,Voi,59,Taita Taveta,CORRECT,Database county and canonical subcounty ownership match the authoritative source.
1915,1940,South West Kisumu Ward,Kisumu,Kisumu West Sub County,,1537,Kisumu West,93,Kisumu,WRONG_SUBCOUNTY,Ward subCountyId does not match the authoritative canonical subcounty target.
2005,1941,Nyakoe Ward,Kisii,Kitutu Chache South Sub County,,485,Kitutu Chache South Sub County,87,Kisii,CORRECT,Database county and canonical subcounty ownership match the authoritative source.
2006,1942,Kisii Central Ward,Kisii,Kitutu Chache South Sub County,,485,Kitutu Chache South Sub County,87,Kisii,CORRECT,Database county and canonical subcounty ownership match the authoritative source.
2008,1943,Parklands/highridge Ward,Nairobi,Westlands  Sub County,,486,Westlands  Sub County,79,Nairobi City,TARGET_UNRESOLVED,Authoritative county and subcounty could not be resolved to a unique Prisma target.
2012,1944,Kilimani Ward,Nairobi,Dagoretti North Sub County,,487,Dagoretti North Sub County,79,Nairobi City,TARGET_UNRESOLVED,Authoritative county and subcounty could not be resolved to a unique Prisma target.
2015,1945,Kileleshwa Ward,Nairobi,Dagoretti North Sub County,,487,Dagoretti North Sub County,79,Nairobi City,TARGET_UNRESOLVED,Authoritative county and subcounty could not be resolved to a unique Prisma target.
802,1946,Mogotio Ward,BARINGO,Mogotio Sub County,,1451,Mogotio,90,Baringo,WRONG_SUBCOUNTY,Ward subCountyId does not match the authoritative canonical subcounty target.
803,1947,Emining Ward,BARINGO,Mogotio Sub County,,1451,Mogotio,90,Baringo,WRONG_SUBCOUNTY,Ward subCountyId does not match the authoritative canonical subcounty target.
804,1948,Kisanana Ward,BARINGO,Mogotio Sub County,,1451,Mogotio,90,Baringo,WRONG_SUBCOUNTY,Ward subCountyId does not match the authoritative canonical subcounty target.
805,1949,Lembus Ward,BARINGO,Koibatek Sub County,,1449,Koibatek,90,Baringo,WRONG_SUBCOUNTY,Ward subCountyId does not match the authoritative canonical subcounty target.
806,1950,Lembus kwen Ward,BARINGO,Koibatek Sub County,,1449,Koibatek,90,Baringo,WRONG_SUBCOUNTY,Ward subCountyId does not match the authoritative canonical subcounty target.
807,1951,Ravine Ward,BARINGO,Koibatek Sub County,,1449,Koibatek,90,Baringo,WRONG_SUBCOUNTY,Ward subCountyId does not match the authoritative canonical subcounty target.
808,1952,Mumberes/Maji Mazuri Ward,BARINGO,Koibatek Sub County,,1449,Koibatek,90,Baringo,WRONG_SUBCOUNTY,Ward subCountyId does not match the authoritative canonical subcounty target.
809,1953,Lembus/Perkerra Ward,BARINGO,Koibatek Sub County,,1449,Koibatek,90,Baringo,WRONG_SUBCOUNTY,Ward subCountyId does not match the authoritative canonical subcounty target.
810,1954,Koibatek Ward,BARINGO,Koibatek Sub County,,1449,Koibatek,90,Baringo,WRONG_SUBCOUNTY,Ward subCountyId does not match the authoritative canonical subcounty target.
811,1955,Ol-Moran Ward,LAIKIPIA,Laikipia West Sub County,,1457,Laikipia West,91,Laikipia,WRONG_SUBCOUNTY,Ward subCountyId does not match the authoritative canonical subcounty target.
812,1956,Rumuruti Township Ward,LAIKIPIA,Laikipia West Sub County,,1457,Laikipia West,91,Laikipia,WRONG_SUBCOUNTY,Ward subCountyId does not match the authoritative canonical subcounty target.
2030,1957,Woodley/kenyatta Golf Course Ward,Nairobi,Kibra  Sub County,,1576,Kibra,79,Nairobi City,TARGET_UNRESOLVED,Authoritative county and subcounty could not be resolved to a unique Prisma target.
937,1958,Kedowa/kimugul Ward,KERICHO,Kipkelion East Sub County,,491,Kipkelion East Sub County,56,Kericho,CORRECT,Database county and canonical subcounty ownership match the authoritative source.
938,1959,Chepseon Ward,KERICHO,Kipkelion East Sub County,,491,Kipkelion East Sub County,56,Kericho,CORRECT,Database county and canonical subcounty ownership match the authoritative source.
939,1960,Tendeno/sorget Ward,KERICHO,Kipkelion East Sub County,,491,Kipkelion East Sub County,56,Kericho,CORRECT,Database county and canonical subcounty ownership match the authoritative source.
940,1961,Kunyak Ward,KERICHO,Kipkelion West Sub County,,472,Kipkelion West Sub County,56,Kericho,CORRECT,Database county and canonical subcounty ownership match the authoritative source.
941,1962,Kamasian Ward,KERICHO,Kipkelion West Sub County,,472,Kipkelion West Sub County,56,Kericho,CORRECT,Database county and canonical subcounty ownership match the authoritative source.
942,1963,Kipkelion Ward,KERICHO,Kipkelion West Sub County,,472,Kipkelion West Sub County,56,Kericho,CORRECT,Database county and canonical subcounty ownership match the authoritative source.
1818,1964,Likoni Ward,Mombasa,Likoni  Sub County,,1254,Likoni,55,Mombasa,WRONG_SUBCOUNTY,Ward subCountyId does not match the authoritative canonical subcounty target.
2034,1965,Zimmerman Ward,Nairobi,Roysambu  Sub County,,492,Roysambu  Sub County,79,Nairobi City,TARGET_UNRESOLVED,Authoritative county and subcounty could not be resolved to a unique Prisma target.
2035,1966,Roysambu Ward,Nairobi,Roysambu  Sub County,,492,Roysambu  Sub County,79,Nairobi City,TARGET_UNRESOLVED,Authoritative county and subcounty could not be resolved to a unique Prisma target.
2038,1967,Mwiki Ward,Nairobi,Kasarani  Sub County,,1575,Kasarani,79,Nairobi City,TARGET_UNRESOLVED,Authoritative county and subcounty could not be resolved to a unique Prisma target.
2039,1968,Kasarani Ward,Nairobi,Kasarani  Sub County,,1575,Kasarani,79,Nairobi City,TARGET_UNRESOLVED,Authoritative county and subcounty could not be resolved to a unique Prisma target.
1923,1969,Market Milimani Ward,Kisumu,Kisumu Central Sub County,,1536,Kisumu Central,93,Kisumu,WRONG_SUBCOUNTY,Ward subCountyId does not match the authoritative canonical subcounty target.
2045,1970,Lucky Summer Ward,Nairobi,Ruaraka  Sub County,,405,Ruaraka  Sub County,79,Nairobi City,TARGET_UNRESOLVED,Authoritative county and subcounty could not be resolved to a unique Prisma target.
2046,1971,Korogocho Ward,Nairobi,Ruaraka  Sub County,,405,Ruaraka  Sub County,79,Nairobi City,TARGET_UNRESOLVED,Authoritative county and subcounty could not be resolved to a unique Prisma target.
1827,1972,Kibarani Ward,Kilifi,Kilifi North Sub County,,1266,Kilifi North,73,Kilifi,CORRECT,Database county and canonical subcounty ownership match the authoritative source.
1829,1973,Matsangoni Ward,Kilifi,Kilifi North Sub County,,1266,Kilifi North,73,Kilifi,CORRECT,Database county and canonical subcounty ownership match the authoritative source.
2050,1974,Pipeline Ward,Nairobi,Embakasi South Sub County,,407,Embakasi South Sub County,79,Nairobi City,TARGET_UNRESOLVED,Authoritative county and subcounty could not be resolved to a unique Prisma target.
1924,1975,Kondele Ward,Kisumu,Kisumu Central Sub County,,1536,Kisumu Central,93,Kisumu,WRONG_SUBCOUNTY,Ward subCountyId does not match the authoritative canonical subcounty target.
1819,1976,Timbwani Ward,Mombasa,Likoni  Sub County,,1254,Likoni,55,Mombasa,WRONG_SUBCOUNTY,Ward subCountyId does not match the authoritative canonical subcounty target.
1925,1977,Nyalenda B Ward,Kisumu,Kisumu Central Sub County,,1536,Kisumu Central,93,Kisumu,WRONG_SUBCOUNTY,Ward subCountyId does not match the authoritative canonical subcounty target.
1926,1978,West Seme Ward,Kisumu,Seme Sub County,,1538,Seme,93,Kisumu,WRONG_SUBCOUNTY,Ward subCountyId does not match the authoritative canonical subcounty target.
1927,1979,Central Seme Ward,Kisumu,Seme Sub County,,1538,Seme,93,Kisumu,WRONG_SUBCOUNTY,Ward subCountyId does not match the authoritative canonical subcounty target.
1928,1980,East Seme Ward,Kisumu,Seme Sub County,,1538,Seme,93,Kisumu,WRONG_SUBCOUNTY,Ward subCountyId does not match the authoritative canonical subcounty target.
1929,1981,North Seme Ward,Kisumu,Seme Sub County,,1538,Seme,93,Kisumu,WRONG_SUBCOUNTY,Ward subCountyId does not match the authoritative canonical subcounty target.
1930,1982,East Kano/wawidhi Ward,Kisumu,Nyando Sub County,,495,Nyando Sub County,93,Kisumu,CORRECT,Database county and canonical subcounty ownership match the authoritative source.
1931,1983,Kabonyo Kanyagwal,Kisumu,Nyando Sub County,,495,Nyando Sub County,93,Kisumu,CORRECT,Database county and canonical subcounty ownership match the authoritative source.
1932,1984,Kobura Ward,Kisumu,Nyando Sub County,,495,Nyando Sub County,93,Kisumu,CORRECT,Database county and canonical subcounty ownership match the authoritative source.
1933,1985,Miwani Ward,Kisumu,Muhoroni Sub County,,1539,Muhoroni,93,Kisumu,WRONG_SUBCOUNTY,Ward subCountyId does not match the authoritative canonical subcounty target.
1934,1986,Ombeyi Ward,Kisumu,Muhoroni Sub County,,1539,Muhoroni,93,Kisumu,WRONG_SUBCOUNTY,Ward subCountyId does not match the authoritative canonical subcounty target.
1935,1987,Masogo/nyang'oma Ward,Kisumu,Muhoroni Sub County,,1539,Muhoroni,93,Kisumu,WRONG_SUBCOUNTY,Ward subCountyId does not match the authoritative canonical subcounty target.
1936,1988,Chemelil Ward,Kisumu,Muhoroni Sub County,,1539,Muhoroni,93,Kisumu,WRONG_SUBCOUNTY,Ward subCountyId does not match the authoritative canonical subcounty target.
1937,1989,Muhoroni Koru Ward,Kisumu,Muhoroni Sub County,,1539,Muhoroni,93,Kisumu,WRONG_SUBCOUNTY,Ward subCountyId does not match the authoritative canonical subcounty target.
1938,1990,South West Nyakach Ward,Kisumu,Nyakach Sub County,,497,Nyakach Sub County,93,Kisumu,CORRECT,Database county and canonical subcounty ownership match the authoritative source.
1939,1991,North Nyakach Ward,Kisumu,Nyakach Sub County,,497,Nyakach Sub County,93,Kisumu,CORRECT,Database county and canonical subcounty ownership match the authoritative source.
1940,1992,Central Nyakach Ward,Kisumu,Nyakach Sub County,,497,Nyakach Sub County,93,Kisumu,CORRECT,Database county and canonical subcounty ownership match the authoritative source.
1941,1993,West Nyakach Ward,Kisumu,Nyakach Sub County,,497,Nyakach Sub County,93,Kisumu,CORRECT,Database county and canonical subcounty ownership match the authoritative source.
1942,1994,South East Nyakach Ward,Kisumu,Nyakach Sub County,,497,Nyakach Sub County,93,Kisumu,CORRECT,Database county and canonical subcounty ownership match the authoritative source.
1943,1995,Awasi/onjiko Ward,Kisumu,Nyando Sub County,,495,Nyando Sub County,93,Kisumu,CORRECT,Database county and canonical subcounty ownership match the authoritative source.
1944,1996,Ahero Ward,Kisumu,Nyando Sub County,,495,Nyando Sub County,93,Kisumu,CORRECT,Database county and canonical subcounty ownership match the authoritative source.
1945,1997,Rigoma Ward,Nyamira,Masaba North Sub County,,1569,Masaba North,94,Nyamira,WRONG_SUBCOUNTY,Ward subCountyId does not match the authoritative canonical subcounty target.
1946,1998,Gachuba Ward,Nyamira,Masaba North Sub County,,1569,Masaba North,94,Nyamira,WRONG_SUBCOUNTY,Ward subCountyId does not match the authoritative canonical subcounty target.
1947,1999,Kamera Ward,Nyamira,Manga Sub County,,1568,Manga,94,Nyamira,WRONG_SUBCOUNTY,Ward subCountyId does not match the authoritative canonical subcounty target.
1948,2000,Magombo Ward,Nyamira,Manga Sub County,,1568,Manga,94,Nyamira,WRONG_SUBCOUNTY,Ward subCountyId does not match the authoritative canonical subcounty target.
1949,2001,Manga Ward,Nyamira,Manga Sub County,,1568,Manga,94,Nyamira,WRONG_SUBCOUNTY,Ward subCountyId does not match the authoritative canonical subcounty target.
1950,2002,Gesima Ward,Nyamira,Masaba North Sub County,,1569,Masaba North,94,Nyamira,WRONG_SUBCOUNTY,Ward subCountyId does not match the authoritative canonical subcounty target.
1951,2003,Nyamaiya Ward,Nyamira,Nyamira Sub County,,500,Nyamira Sub County,94,Nyamira,CORRECT,Database county and canonical subcounty ownership match the authoritative source.
1952,2004,Bogichora Ward,Nyamira,Nyamira Sub County,,500,Nyamira Sub County,94,Nyamira,CORRECT,Database county and canonical subcounty ownership match the authoritative source.
1953,2005,Bosamaro Ward,Nyamira,Nyamira Sub County,,500,Nyamira Sub County,94,Nyamira,CORRECT,Database county and canonical subcounty ownership match the authoritative source.
1954,2006,Bonyamatuta Ward,Nyamira,Nyamira Sub County,,500,Nyamira Sub County,94,Nyamira,CORRECT,Database county and canonical subcounty ownership match the authoritative source.
1955,2007,Township Ward,Nyamira,Nyamira Sub County,,500,Nyamira Sub County,94,Nyamira,CORRECT,Database county and canonical subcounty ownership match the authoritative source.
1956,2008,Itibo Ward,Nyamira,Nyamira North Sub County,,1570,Nyamira North,94,Nyamira,WRONG_SUBCOUNTY,Ward subCountyId does not match the authoritative canonical subcounty target.
1957,2009,Bomwagamo Ward,Nyamira,Nyamira North Sub County,,1570,Nyamira North,94,Nyamira,WRONG_SUBCOUNTY,Ward subCountyId does not match the authoritative canonical subcounty target.
1958,2010,Bokeira Ward,Nyamira,Nyamira North Sub County,,1570,Nyamira North,94,Nyamira,WRONG_SUBCOUNTY,Ward subCountyId does not match the authoritative canonical subcounty target.
1959,2011,Magwagwa Ward,Nyamira,Nyamira North Sub County,,1570,Nyamira North,94,Nyamira,WRONG_SUBCOUNTY,Ward subCountyId does not match the authoritative canonical subcounty target.
1960,2012,Ekerenyo Ward,Nyamira,Nyamira North Sub County,,1570,Nyamira North,94,Nyamira,WRONG_SUBCOUNTY,Ward subCountyId does not match the authoritative canonical subcounty target.
1961,2013,Mekenene Ward,Nyamira,Borabu Sub County,,1567,Borabu,94,Nyamira,WRONG_SUBCOUNTY,Ward subCountyId does not match the authoritative canonical subcounty target.
1962,2014,Kiabonyoru Ward,Nyamira,Borabu Sub County,,1567,Borabu,94,Nyamira,WRONG_SUBCOUNTY,Ward subCountyId does not match the authoritative canonical subcounty target.
1963,2015,Nyansiongo Ward,Nyamira,Borabu Sub County,,1567,Borabu,94,Nyamira,WRONG_SUBCOUNTY,Ward subCountyId does not match the authoritative canonical subcounty target.
1964,2016,Esise Ward,Nyamira,Borabu Sub County,,1567,Borabu,94,Nyamira,WRONG_SUBCOUNTY,Ward subCountyId does not match the authoritative canonical subcounty target.
1965,2017,Bomariba Ward,Kisii,Bonchari  Sub County,,503,Bonchari  Sub County,87,Kisii,CORRECT,Database county and canonical subcounty ownership match the authoritative source.
1966,2018,Bogiakumu Ward,Kisii,Bonchari  Sub County,,503,Bonchari  Sub County,87,Kisii,CORRECT,Database county and canonical subcounty ownership match the authoritative source.
1967,2019,Bomorenda Ward,Kisii,Bonchari  Sub County,,503,Bonchari  Sub County,87,Kisii,CORRECT,Database county and canonical subcounty ownership match the authoritative source.
1968,2020,Riana Ward,Kisii,Bonchari  Sub County,,503,Bonchari  Sub County,87,Kisii,CORRECT,Database county and canonical subcounty ownership match the authoritative source.
1969,2021,Tabaka Ward,Kisii,South Mugirango Sub County,,504,South Mugirango Sub County,87,Kisii,CORRECT,Database county and canonical subcounty ownership match the authoritative source.
1970,2022,Boikanga Ward,Kisii,South Mugirango Sub County,,504,South Mugirango Sub County,87,Kisii,CORRECT,Database county and canonical subcounty ownership match the authoritative source.
1971,2023,Bogetenga Ward,Kisii,South Mugirango Sub County,,504,South Mugirango Sub County,87,Kisii,CORRECT,Database county and canonical subcounty ownership match the authoritative source.
1972,2024,Borabu Chitago Ward,Kisii,South Mugirango Sub County,,504,South Mugirango Sub County,87,Kisii,CORRECT,Database county and canonical subcounty ownership match the authoritative source.
1973,2025,Moticho Ward,Kisii,South Mugirango Sub County,,504,South Mugirango Sub County,87,Kisii,CORRECT,Database county and canonical subcounty ownership match the authoritative source.
1974,2026,Getenga Ward,Kisii,South Mugirango Sub County,,504,South Mugirango Sub County,87,Kisii,CORRECT,Database county and canonical subcounty ownership match the authoritative source.
1975,2027,Bokimonge Ward,Kisii,Bomachoge Borabu Sub County,,450,Bomachoge Borabu Sub County,87,Kisii,CORRECT,Database county and canonical subcounty ownership match the authoritative source.
1976,2028,Magenche Ward,Kisii,Bomachoge Borabu Sub County,,450,Bomachoge Borabu Sub County,87,Kisii,CORRECT,Database county and canonical subcounty ownership match the authoritative source.
1977,2029,Masige West Ward,Kisii,Bobasi Sub County,,505,Bobasi Sub County,87,Kisii,CORRECT,Database county and canonical subcounty ownership match the authoritative source.
1978,2030,Masige East Ward,Kisii,Bobasi Sub County,,505,Bobasi Sub County,87,Kisii,CORRECT,Database county and canonical subcounty ownership match the authoritative source.
1979,2031,Basi Central Ward,Kisii,Bobasi Sub County,,505,Bobasi Sub County,87,Kisii,CORRECT,Database county and canonical subcounty ownership match the authoritative source.
1980,2032,Nyacheki Ward,Kisii,Bobasi Sub County,,505,Bobasi Sub County,87,Kisii,CORRECT,Database county and canonical subcounty ownership match the authoritative source.
1981,2033,Bassi Bogetaorio Ward,Kisii,Bobasi Sub County,,505,Bobasi Sub County,87,Kisii,CORRECT,Database county and canonical subcounty ownership match the authoritative source.
1982,2034,Bobasi Chache Ward,Kisii,Bobasi Sub County,,505,Bobasi Sub County,87,Kisii,CORRECT,Database county and canonical subcounty ownership match the authoritative source.
1983,2035,Sameta Mokwerero Ward,Kisii,Bobasi Sub County,,505,Bobasi Sub County,87,Kisii,CORRECT,Database county and canonical subcounty ownership match the authoritative source.
1984,2036,Bobasi Boitangare Ward,Kisii,Bobasi Sub County,,505,Bobasi Sub County,87,Kisii,CORRECT,Database county and canonical subcounty ownership match the authoritative source.
1985,2037,Majoge Basi Ward,Kisii,Bomachoge Chache Sub County,,506,Bomachoge Chache Sub County,87,Kisii,CORRECT,Database county and canonical subcounty ownership match the authoritative source.
1986,2038,Boochi Tendere Ward,Kisii,Bomachoge Chache Sub County,,506,Bomachoge Chache Sub County,87,Kisii,CORRECT,Database county and canonical subcounty ownership match the authoritative source.
1987,2039,Bosoti Sengera Ward,Kisii,Bomachoge Chache Sub County,,506,Bomachoge Chache Sub County,87,Kisii,CORRECT,Database county and canonical subcounty ownership match the authoritative source.
1988,2040,Ichuni Ward,Kisii,Nyaribari Masaba Sub County,,507,Nyaribari Masaba Sub County,87,Kisii,CORRECT,Database county and canonical subcounty ownership match the authoritative source.
1989,2041,Nyamasibi Ward,Kisii,Nyaribari Masaba Sub County,,507,Nyaribari Masaba Sub County,87,Kisii,CORRECT,Database county and canonical subcounty ownership match the authoritative source.
1990,2042,Masimba Ward,Kisii,Nyaribari Masaba Sub County,,507,Nyaribari Masaba Sub County,87,Kisii,CORRECT,Database county and canonical subcounty ownership match the authoritative source.
1991,2043,Gesusu Ward,Kisii,Nyaribari Masaba Sub County,,507,Nyaribari Masaba Sub County,87,Kisii,CORRECT,Database county and canonical subcounty ownership match the authoritative source.
1992,2044,Kiamokama Ward,Kisii,Nyaribari Masaba Sub County,,507,Nyaribari Masaba Sub County,87,Kisii,CORRECT,Database county and canonical subcounty ownership match the authoritative source.
1993,2045,Bobaracho Ward,Kisii,Nyaribari Chache  Sub County,,508,Nyaribari Chache  Sub County,87,Kisii,CORRECT,Database county and canonical subcounty ownership match the authoritative source.
1994,2628,Kisii Central Ward,Kisii,Nyaribari Chache  Sub County,,508,Nyaribari Chache  Sub County,87,Kisii,CORRECT,Database county and canonical subcounty ownership match the authoritative source.
1995,2046,Keumbu Ward,Kisii,Nyaribari Chache  Sub County,,508,Nyaribari Chache  Sub County,87,Kisii,CORRECT,Database county and canonical subcounty ownership match the authoritative source.
1996,2047,Kiogoro Ward,Kisii,Nyaribari Chache  Sub County,,508,Nyaribari Chache  Sub County,87,Kisii,CORRECT,Database county and canonical subcounty ownership match the authoritative source.
1997,2048,Birongo Ward,Kisii,Nyaribari Chache  Sub County,,508,Nyaribari Chache  Sub County,87,Kisii,CORRECT,Database county and canonical subcounty ownership match the authoritative source.
128,2049,Marungu Ward,TAITA TAVETA,Voi Sub County,,1279,Voi,59,Taita Taveta,CORRECT,Database county and canonical subcounty ownership match the authoritative source.
2063,2050,Lower Savanna Ward,Nairobi,Embakasi East Sub County,,509,Embakasi East Sub County,79,Nairobi City,TARGET_UNRESOLVED,Authoritative county and subcounty could not be resolved to a unique Prisma target.
2064,2051,Embakasi Ward,Nairobi,Embakasi East Sub County,,509,Embakasi East Sub County,79,Nairobi City,TARGET_UNRESOLVED,Authoritative county and subcounty could not be resolved to a unique Prisma target.
2065,2052,Utawala Ward,Nairobi,Embakasi East Sub County,,509,Embakasi East Sub County,79,Nairobi City,TARGET_UNRESOLVED,Authoritative county and subcounty could not be resolved to a unique Prisma target.
2066,2053,Mihango Ward,Nairobi,Embakasi East Sub County,,509,Embakasi East Sub County,79,Nairobi City,TARGET_UNRESOLVED,Authoritative county and subcounty could not be resolved to a unique Prisma target.
130,2054,Ngolia Ward,TAITA TAVETA,Voi Sub County,,1279,Voi,59,Taita Taveta,CORRECT,Database county and canonical subcounty ownership match the authoritative source.
2000,2055,Sensi Ward,Kisii,Kitutu Chache North Sub County,,510,Kitutu Chache North Sub County,87,Kisii,CORRECT,Database county and canonical subcounty ownership match the authoritative source.
2072,2056,Viwandani Ward,Nairobi,Makadara  Sub County,,1578,Makadara,79,Nairobi City,TARGET_UNRESOLVED,Authoritative county and subcounty could not be resolved to a unique Prisma target.
2073,2057,Harambee Ward,Nairobi,Makadara  Sub County,,1578,Makadara,79,Nairobi City,TARGET_UNRESOLVED,Authoritative county and subcounty could not be resolved to a unique Prisma target.
2077,2058,Eastleigh South Ward,Nairobi,Kamukunji  Sub County,,1574,Kamukunji,79,Nairobi City,TARGET_UNRESOLVED,Authoritative county and subcounty could not be resolved to a unique Prisma target.
749,2059,Kabiemit Ward,ELGEYO-MARAKWET,Keiyo South Sub County,,1437,Keiyo South,85,Elgeyo Marakwet,WRONG_SUBCOUNTY,Ward subCountyId does not match the authoritative canonical subcounty target.
143,2060,Maalimin Ward,GARISSA,Lagdera Sub County,,1286,Lagdera,60,Garissa,CORRECT,Database county and canonical subcounty ownership match the authoritative source.
144,2061,Sabena Ward,GARISSA,Lagdera Sub County,,1286,Lagdera,60,Garissa,CORRECT,Database county and canonical subcounty ownership match the authoritative source.
145,2062,Baraki Ward,GARISSA,Lagdera Sub County,,1286,Lagdera,60,Garissa,CORRECT,Database county and canonical subcounty ownership match the authoritative source.
765,2063,Chemundu/kapng'etunyi Ward,NANDI,Chesumei Sub County,,1440,Chesumei,88,Nandi,WRONG_SUBCOUNTY,Ward subCountyId does not match the authoritative canonical subcounty target.
2013,2064,Kawangware Ward,Nairobi,Dagoretti North Sub County,,487,Dagoretti North Sub County,79,Nairobi City,TARGET_UNRESOLVED,Authoritative county and subcounty could not be resolved to a unique Prisma target.
2084,2065,Landimawe Ward,Nairobi,Starehe  Sub County,,513,Starehe  Sub County,79,Nairobi City,TARGET_UNRESOLVED,Authoritative county and subcounty could not be resolved to a unique Prisma target.
2085,2066,Nairobi South Ward,Nairobi,Starehe  Sub County,,513,Starehe  Sub County,79,Nairobi City,TARGET_UNRESOLVED,Authoritative county and subcounty could not be resolved to a unique Prisma target.
2088,2067,Huruma Ward,Nairobi,Mathare  Sub County,,1579,Mathare,79,Nairobi City,TARGET_UNRESOLVED,Authoritative county and subcounty could not be resolved to a unique Prisma target.
2131,2068,Segeroi/barsombe Ward,Uasin Gishu,Soy Sub County,,1434,Soy,78,Uasin Gishu,WRONG_SUBCOUNTY,Ward subCountyId does not match the authoritative canonical subcounty target.
2132,2069,Kipsomba Ward,Uasin Gishu,Soy Sub County,,1434,Soy,78,Uasin Gishu,WRONG_SUBCOUNTY,Ward subCountyId does not match the authoritative canonical subcounty target.
2152,2070,Megun Ward,Uasin Gishu,Kapseret Sub County,,1431,Kapseret,78,Uasin Gishu,WRONG_SUBCOUNTY,Ward subCountyId does not match the authoritative canonical subcounty target.
2159,2071,Keyian Ward,Narok,Transmara West Sub County,,411,Transmara West Sub County,80,Narok,CORRECT,Database county and canonical subcounty ownership match the authoritative source.
2160,2072,Angata Barikoi Ward,Narok,Transmara West Sub County,,411,Transmara West Sub County,80,Narok,CORRECT,Database county and canonical subcounty ownership match the authoritative source.
2161,2073,Shankoe Ward,Narok,Transmara West Sub County,,411,Transmara West Sub County,80,Narok,CORRECT,Database county and canonical subcounty ownership match the authoritative source.
2162,2074,Kimintet Ward,Narok,Transmara West Sub County,,411,Transmara West Sub County,80,Narok,CORRECT,Database county and canonical subcounty ownership match the authoritative source.
2163,2075,Lolgorian Ward,Narok,Transmara West Sub County,,411,Transmara West Sub County,80,Narok,CORRECT,Database county and canonical subcounty ownership match the authoritative source.
2164,2076,Iikerin Ward,Narok,Transmara East Sub County,,515,Transmara East Sub County,80,Narok,CORRECT,Database county and canonical subcounty ownership match the authoritative source.
2165,2077,Ololmasani Ward,Narok,Transmara East Sub County,,515,Transmara East Sub County,80,Narok,CORRECT,Database county and canonical subcounty ownership match the authoritative source.
2166,2078,Mogondo Ward,Narok,Transmara East Sub County,,515,Transmara East Sub County,80,Narok,CORRECT,Database county and canonical subcounty ownership match the authoritative source.
2217,2079,Kijabe Ward,Kiambu,Lari Sub County,,1405,Lari,82,Kiambu,WRONG_SUBCOUNTY,Ward subCountyId does not match the authoritative canonical subcounty target.
2241,2080,Gatongora Ward,Kiambu,Ruiru Sub County,,1407,Ruiru,82,Kiambu,WRONG_SUBCOUNTY,Ward subCountyId does not match the authoritative canonical subcounty target.
306,2081,Gatunga Ward,THARAKA-NITHI,Tharaka North Sub County,,1326,Tharaka North,66,Tharaka Nithi,WRONG_SUBCOUNTY,Ward subCountyId does not match the authoritative canonical subcounty target.
307,2082,Mukothima Ward,THARAKA-NITHI,Tharaka North Sub County,,1326,Tharaka North,66,Tharaka Nithi,WRONG_SUBCOUNTY,Ward subCountyId does not match the authoritative canonical subcounty target.
2243,2083,Kahawa Wendani Ward,Kiambu,Ruiru Sub County,,1407,Ruiru,82,Kiambu,WRONG_SUBCOUNTY,Ward subCountyId does not match the authoritative canonical subcounty target.
2274,2084,BOOCHI BORABU,Kisii,Bomachoge Borabu Sub County,,450,Bomachoge Borabu Sub County,87,Kisii,CORRECT,Database county and canonical subcounty ownership match the authoritative source.
86,2085,Kipini east Ward,TANA RIVER,Garsen Sub County,,517,Garsen Sub County,57,Tana River,CORRECT,Database county and canonical subcounty ownership match the authoritative source.
87,2086,Garsen south Ward,TANA RIVER,Garsen Sub County,,517,Garsen Sub County,57,Tana River,CORRECT,Database county and canonical subcounty ownership match the authoritative source.
196,2087,BANISSA,MANDERA,BANISSA,,518,BANISSA,63,Mandera,CORRECT,Database county and canonical subcounty ownership match the authoritative source.
197,2088,DERKHALE,MANDERA,BANISSA,,518,BANISSA,63,Mandera,CORRECT,Database county and canonical subcounty ownership match the authoritative source.
242,2089,BULA PESA,ISIOLO,Isiolo Sub County,,1310,Isiolo,48,Isiolo,WRONG_SUBCOUNTY,Ward subCountyId does not match the authoritative canonical subcounty target.
243,2090,CHARI,ISIOLO,Merti Sub County,,1311,Merti,48,Isiolo,WRONG_SUBCOUNTY,Ward subCountyId does not match the authoritative canonical subcounty target.
244,2091,CHERAB,ISIOLO,Merti Sub County,,1311,Merti,48,Isiolo,WRONG_SUBCOUNTY,Ward subCountyId does not match the authoritative canonical subcounty target.
245,2092,NGARE MARA,ISIOLO,Isiolo Sub County,,1310,Isiolo,48,Isiolo,WRONG_SUBCOUNTY,Ward subCountyId does not match the authoritative canonical subcounty target.
246,2093,BURAT,ISIOLO,Isiolo Sub County,,1310,Isiolo,48,Isiolo,WRONG_SUBCOUNTY,Ward subCountyId does not match the authoritative canonical subcounty target.
247,2094,OLDONYIRO,ISIOLO,Isiolo Sub County,,1310,Isiolo,48,Isiolo,WRONG_SUBCOUNTY,Ward subCountyId does not match the authoritative canonical subcounty target.
248,2095,GARBATULLA,ISIOLO,Garbatulla Sub County,,1309,Garbatulla,48,Isiolo,WRONG_SUBCOUNTY,Ward subCountyId does not match the authoritative canonical subcounty target.
249,2096,KINNA,ISIOLO,Garbatulla Sub County,,1309,Garbatulla,48,Isiolo,WRONG_SUBCOUNTY,Ward subCountyId does not match the authoritative canonical subcounty target.
250,2097,SERICHO,ISIOLO,Garbatulla Sub County,,1309,Garbatulla,48,Isiolo,WRONG_SUBCOUNTY,Ward subCountyId does not match the authoritative canonical subcounty target.
193,2098,LAGHSURE,MANDERA,MANDERA WEST,,1295,Mandera West,63,Mandera,CORRECT,Database county and canonical subcounty ownership match the authoritative source.
201,2099,ASHABITO,MANDERA,MANDERA NORTH,,1301,Mandera North,63,Mandera,CORRECT,Database county and canonical subcounty ownership match the authoritative source.
202,2100,GUTICHA,MANDERA,MANDERA NORTH,,1301,Mandera North,63,Mandera,CORRECT,Database county and canonical subcounty ownership match the authoritative source.
212,2101,BULLA MPYA,MANDERA,MANDERA EAST,,1300,Mandera East,63,Mandera,CORRECT,Database county and canonical subcounty ownership match the authoritative source.
213,2102,KHALALIO,MANDERA,MANDERA EAST,,1300,Mandera East,63,Mandera,CORRECT,Database county and canonical subcounty ownership match the authoritative source.
214,2103,NEBOI,MANDERA,MANDERA EAST,,1300,Mandera East,63,Mandera,CORRECT,Database county and canonical subcounty ownership match the authoritative source.
215,2104,TOWNSHIP,MANDERA,MANDERA EAST,,1300,Mandera East,63,Mandera,CORRECT,Database county and canonical subcounty ownership match the authoritative source.
216,2105,LIBEHIA,MANDERA,LAFEY,,1298,Lafey,63,Mandera,TARGET_UNRESOLVED,Authoritative county and subcounty could not be resolved to a unique Prisma target.
217,2106,FINO,MANDERA,LAFEY,,1298,Lafey,63,Mandera,TARGET_UNRESOLVED,Authoritative county and subcounty could not be resolved to a unique Prisma target.
218,2107,LAFEY,MANDERA,LAFEY,,1298,Lafey,63,Mandera,TARGET_UNRESOLVED,Authoritative county and subcounty could not be resolved to a unique Prisma target.
219,2108,WARANKARA,MANDERA,LAFEY,,1298,Lafey,63,Mandera,TARGET_UNRESOLVED,Authoritative county and subcounty could not be resolved to a unique Prisma target.
220,2109,ALANGO GOF,MANDERA,LAFEY,,1298,Lafey,63,Mandera,TARGET_UNRESOLVED,Authoritative county and subcounty could not be resolved to a unique Prisma target.
445,2110,Njabani/kiburu Ward,NYANDARUA,Kinangop Sub County,,1369,Kinangop,67,Nyandarua,WRONG_SUBCOUNTY,Ward subCountyId does not match the authoritative canonical subcounty target.
637,2111,Lokichar Ward,TURKANA,Turkana South Sub County,,1415,Turkana South,70,Turkana,WRONG_SUBCOUNTY,Ward subCountyId does not match the authoritative canonical subcounty target.
638,2112,Kapedo/napeitom Ward,TURKANA,Turkana East Sub County,,1413,Turkana East,70,Turkana,WRONG_SUBCOUNTY,Ward subCountyId does not match the authoritative canonical subcounty target.
733,2113,Endo Ward,ELGEYO-MARAKWET,Marakwet East sub-county,,1438,Marakwet East,85,Elgeyo Marakwet,WRONG_SUBCOUNTY,Ward subCountyId does not match the authoritative canonical subcounty target.
734,2114,Embobut/Embulot Ward,ELGEYO-MARAKWET,Marakwet East sub-county,,1438,Marakwet East,85,Elgeyo Marakwet,WRONG_SUBCOUNTY,Ward subCountyId does not match the authoritative canonical subcounty target.
735,2115,Lelan Ward,ELGEYO-MARAKWET,Marakwet West Sub County,,1439,Marakwet West,85,Elgeyo Marakwet,WRONG_SUBCOUNTY,Ward subCountyId does not match the authoritative canonical subcounty target.
2016,2116,Kabiro Ward,Nairobi,Dagoretti North Sub County,,487,Dagoretti North Sub County,79,Nairobi City,TARGET_UNRESOLVED,Authoritative county and subcounty could not be resolved to a unique Prisma target.
2017,2117,Mutu-ini Ward,Nairobi,Dagoretti South Sub County,,524,Dagoretti South Sub County,79,Nairobi City,TARGET_UNRESOLVED,Authoritative county and subcounty could not be resolved to a unique Prisma target.
2018,2118,Ngando Ward,Nairobi,Dagoretti South Sub County,,524,Dagoretti South Sub County,79,Nairobi City,TARGET_UNRESOLVED,Authoritative county and subcounty could not be resolved to a unique Prisma target.
2019,2119,Riruta Ward,Nairobi,Dagoretti South Sub County,,524,Dagoretti South Sub County,79,Nairobi City,TARGET_UNRESOLVED,Authoritative county and subcounty could not be resolved to a unique Prisma target.
2020,2120,Uthiru/ruthimitu Ward,Nairobi,Dagoretti South Sub County,,524,Dagoretti South Sub County,79,Nairobi City,TARGET_UNRESOLVED,Authoritative county and subcounty could not be resolved to a unique Prisma target.
2021,2121,Waithaka Ward,Nairobi,Dagoretti South Sub County,,524,Dagoretti South Sub County,79,Nairobi City,TARGET_UNRESOLVED,Authoritative county and subcounty could not be resolved to a unique Prisma target.
2022,2122,Karen Ward,Nairobi,Langata  Sub County,,1577,Lang'ata,79,Nairobi City,TARGET_UNRESOLVED,Authoritative county and subcounty could not be resolved to a unique Prisma target.
794,2123,Sacho Ward,BARINGO,Baringo Central Sub County,,1446,Baringo Central,90,Baringo,WRONG_SUBCOUNTY,Ward subCountyId does not match the authoritative canonical subcounty target.
801,2124,Mukutani Ward,BARINGO,Marigat Sub County,,1450,Marigat,90,Baringo,WRONG_SUBCOUNTY,Ward subCountyId does not match the authoritative canonical subcounty target.
935,2125,Kimana Ward,KAJIADO,Loitokitok Sub County,,1480,Loitokitok,92,Kajiado,WRONG_SUBCOUNTY,Ward subCountyId does not match the authoritative canonical subcounty target.
821,2126,Umande Ward,LAIKIPIA,Laikipia East Sub County,,1455,Laikipia East,91,Laikipia,WRONG_SUBCOUNTY,Ward subCountyId does not match the authoritative canonical subcounty target.
822,2127,Sosian Ward,LAIKIPIA,Laikipia North Sub County,,1456,Laikipia North,91,Laikipia,WRONG_SUBCOUNTY,Ward subCountyId does not match the authoritative canonical subcounty target.
823,2128,Segera Ward,LAIKIPIA,Laikipia North Sub County,,1456,Laikipia North,91,Laikipia,WRONG_SUBCOUNTY,Ward subCountyId does not match the authoritative canonical subcounty target.
824,2129,Mugogodo West Ward,LAIKIPIA,Laikipia North Sub County,,1456,Laikipia North,91,Laikipia,WRONG_SUBCOUNTY,Ward subCountyId does not match the authoritative canonical subcounty target.
825,2130,Mugogodo East Ward,LAIKIPIA,Laikipia North Sub County,,1456,Laikipia North,91,Laikipia,WRONG_SUBCOUNTY,Ward subCountyId does not match the authoritative canonical subcounty target.
927,2131,Iloodokilani Ward,KAJIADO,Kajiado West Sub County,,1479,Kajiado West,92,Kajiado,WRONG_SUBCOUNTY,Ward subCountyId does not match the authoritative canonical subcounty target.
928,2132,Magadi Ward,KAJIADO,Kajiado West Sub County,,1479,Kajiado West,92,Kajiado,WRONG_SUBCOUNTY,Ward subCountyId does not match the authoritative canonical subcounty target.
929,2133,Ewuaso oonkidong'i Ward,KAJIADO,Kajiado West Sub County,,1479,Kajiado West,92,Kajiado,WRONG_SUBCOUNTY,Ward subCountyId does not match the authoritative canonical subcounty target.
1802,2134,Mikindani Ward,Mombasa,Jomvu  Sub County,,1252,Jomvu,55,Mombasa,CORRECT,Database county and canonical subcounty ownership match the authoritative source.
1820,2135,Makadara Ward-mji Wa Kale Ward,Mombasa,Mvita  Sub County,,1255,Mvita,55,Mombasa,WRONG_SUBCOUNTY,Ward subCountyId does not match the authoritative canonical subcounty target.
1822,2136,Tononoka Ward,Mombasa,Mvita  Sub County,,1255,Mvita,55,Mombasa,WRONG_SUBCOUNTY,Ward subCountyId does not match the authoritative canonical subcounty target.
1823,2137,Ganjoni Ward-shimanzi Ward,Mombasa,Mvita  Sub County,,1255,Mvita,55,Mombasa,WRONG_SUBCOUNTY,Ward subCountyId does not match the authoritative canonical subcounty target.
1824,2138,Majengo Ward,Mombasa,Mvita  Sub County,,1255,Mvita,55,Mombasa,WRONG_SUBCOUNTY,Ward subCountyId does not match the authoritative canonical subcounty target.
1825,2139,Tezo Ward,Kilifi,Kilifi North Sub County,,1266,Kilifi North,73,Kilifi,CORRECT,Database county and canonical subcounty ownership match the authoritative source.
123,2140,Chawia Ward,TAITA TAVETA,Mwatate Sub County,,1276,Mwatate,59,Taita Taveta,CORRECT,Database county and canonical subcounty ownership match the authoritative source.
1834,2141,Shimo La Tewa Ward,Kilifi,Kilifi South Sub County,,1267,Kilifi South,73,Kilifi,CORRECT,Database county and canonical subcounty ownership match the authoritative source.
1844,2142,Rabai/kisurutini Ward,Kilifi,Rabai Sub County,,1270,Rabai,73,Kilifi,WRONG_SUBCOUNTY,Ward subCountyId does not match the authoritative canonical subcounty target.
1845,2143,Ganze Ward,Kilifi,Ganze Sub County,,1263,Ganze,73,Kilifi,WRONG_SUBCOUNTY,Ward subCountyId does not match the authoritative canonical subcounty target.
1848,2144,Sokoke Ward,Kilifi,Ganze Sub County,,1263,Ganze,73,Kilifi,WRONG_SUBCOUNTY,Ward subCountyId does not match the authoritative canonical subcounty target.
1851,2145,Ganda Ward,Kilifi,Malindi Sub County,,1269,Malindi,73,Kilifi,WRONG_SUBCOUNTY,Ward subCountyId does not match the authoritative canonical subcounty target.
1852,2146,Malindi Town Ward,Kilifi,Malindi Sub County,,1269,Malindi,73,Kilifi,WRONG_SUBCOUNTY,Ward subCountyId does not match the authoritative canonical subcounty target.
1856,2147,Gongoni Ward,Kilifi,Magarini Sub County,,1268,Magarini,73,Kilifi,WRONG_SUBCOUNTY,Ward subCountyId does not match the authoritative canonical subcounty target.
1857,2148,Adu Ward,Kilifi,Magarini Sub County,,1268,Magarini,73,Kilifi,WRONG_SUBCOUNTY,Ward subCountyId does not match the authoritative canonical subcounty target.
1858,2149,Garashi Ward,Kilifi,Magarini Sub County,,1268,Magarini,73,Kilifi,WRONG_SUBCOUNTY,Ward subCountyId does not match the authoritative canonical subcounty target.
1859,2150,Sabaki Ward,Kilifi,Magarini Sub County,,1268,Magarini,73,Kilifi,WRONG_SUBCOUNTY,Ward subCountyId does not match the authoritative canonical subcounty target.
1860,2151,North Alego Ward,Siaya,Alego Usonga Sub County,,483,Alego Usonga Sub County,83,Siaya,CORRECT,Database county and canonical subcounty ownership match the authoritative source.
1861,2152,South East Alego Ward,Siaya,Alego Usonga Sub County,,483,Alego Usonga Sub County,83,Siaya,CORRECT,Database county and canonical subcounty ownership match the authoritative source.
1862,2153,North Gem Ward,Siaya,Gem Sub County,,1530,Gem,83,Siaya,WRONG_SUBCOUNTY,Ward subCountyId does not match the authoritative canonical subcounty target.
1863,2154,West Gem Ward,Siaya,Gem Sub County,,1530,Gem,83,Siaya,WRONG_SUBCOUNTY,Ward subCountyId does not match the authoritative canonical subcounty target.
1864,2155,Central Gem Ward,Siaya,Gem Sub County,,1530,Gem,83,Siaya,WRONG_SUBCOUNTY,Ward subCountyId does not match the authoritative canonical subcounty target.
1865,2156,Yala Township Ward,Siaya,Gem Sub County,,1530,Gem,83,Siaya,WRONG_SUBCOUNTY,Ward subCountyId does not match the authoritative canonical subcounty target.
1866,2157,East Gem Ward,Siaya,Gem Sub County,,1530,Gem,83,Siaya,WRONG_SUBCOUNTY,Ward subCountyId does not match the authoritative canonical subcounty target.
1867,2158,South Gem Ward,Siaya,Gem Sub County,,1530,Gem,83,Siaya,WRONG_SUBCOUNTY,Ward subCountyId does not match the authoritative canonical subcounty target.
1868,2159,West Yimbo Ward,Siaya,Bondo Sub County,,1533,Bondo,83,Siaya,WRONG_SUBCOUNTY,Ward subCountyId does not match the authoritative canonical subcounty target.
1869,2160,Central Sakwa Ward,Siaya,Bondo Sub County,,1533,Bondo,83,Siaya,WRONG_SUBCOUNTY,Ward subCountyId does not match the authoritative canonical subcounty target.
1870,2161,South Sakwa Ward,Siaya,Bondo Sub County,,1533,Bondo,83,Siaya,WRONG_SUBCOUNTY,Ward subCountyId does not match the authoritative canonical subcounty target.
1871,2162,Yimbo East Ward,Siaya,Bondo Sub County,,1533,Bondo,83,Siaya,WRONG_SUBCOUNTY,Ward subCountyId does not match the authoritative canonical subcounty target.
1872,2163,West Sakwa Ward,Siaya,Bondo Sub County,,1533,Bondo,83,Siaya,WRONG_SUBCOUNTY,Ward subCountyId does not match the authoritative canonical subcounty target.
1873,2164,North Sakwa Ward,Siaya,Bondo Sub County,,1533,Bondo,83,Siaya,WRONG_SUBCOUNTY,Ward subCountyId does not match the authoritative canonical subcounty target.
1874,2165,East Asembo Ward,Siaya,Rarieda Sub County,,1534,Rarieda,83,Siaya,WRONG_SUBCOUNTY,Ward subCountyId does not match the authoritative canonical subcounty target.
1875,2166,West Asembo Ward,Siaya,Rarieda Sub County,,1534,Rarieda,83,Siaya,WRONG_SUBCOUNTY,Ward subCountyId does not match the authoritative canonical subcounty target.
1910,2167,Kajulu Ward,Kisumu,Kisumu East Sub County,,1535,Kisumu East,93,Kisumu,WRONG_SUBCOUNTY,Ward subCountyId does not match the authoritative canonical subcounty target.
1911,2168,Kolwa East Ward,Kisumu,Kisumu East Sub County,,1535,Kisumu East,93,Kisumu,WRONG_SUBCOUNTY,Ward subCountyId does not match the authoritative canonical subcounty target.
1914,2169,Kolwa Central Ward,Kisumu,Kisumu East Sub County,,1535,Kisumu East,93,Kisumu,WRONG_SUBCOUNTY,Ward subCountyId does not match the authoritative canonical subcounty target.
1916,2170,Central Kisumu Ward,Kisumu,Kisumu West Sub County,,1537,Kisumu West,93,Kisumu,WRONG_SUBCOUNTY,Ward subCountyId does not match the authoritative canonical subcounty target.
127,2171,Kaloleni  Ward,TAITA TAVETA,Voi Sub County,,1279,Voi,59,Taita Taveta,CORRECT,Database county and canonical subcounty ownership match the authoritative source.
1917,2172,North Kisumu Ward,Kisumu,Kisumu West Sub County,,1537,Kisumu West,93,Kisumu,WRONG_SUBCOUNTY,Ward subCountyId does not match the authoritative canonical subcounty target.
1918,2173,West Kisumu Ward,Kisumu,Kisumu West Sub County,,1537,Kisumu West,93,Kisumu,WRONG_SUBCOUNTY,Ward subCountyId does not match the authoritative canonical subcounty target.
1919,2174,North West Kisumu Ward,Kisumu,Kisumu West Sub County,,1537,Kisumu West,93,Kisumu,WRONG_SUBCOUNTY,Ward subCountyId does not match the authoritative canonical subcounty target.
1920,2175,Railways Ward,Kisumu,Kisumu Central Sub County,,1536,Kisumu Central,93,Kisumu,WRONG_SUBCOUNTY,Ward subCountyId does not match the authoritative canonical subcounty target.
1921,2176,Migosi Ward,Kisumu,Kisumu Central Sub County,,1536,Kisumu Central,93,Kisumu,WRONG_SUBCOUNTY,Ward subCountyId does not match the authoritative canonical subcounty target.
1998,2177,Ibeno Ward,Kisii,Nyaribari Chache  Sub County,,508,Nyaribari Chache  Sub County,87,Kisii,CORRECT,Database county and canonical subcounty ownership match the authoritative source.
1999,2178,Monyerero Ward,Kisii,Kitutu Chache North Sub County,,510,Kitutu Chache North Sub County,87,Kisii,CORRECT,Database county and canonical subcounty ownership match the authoritative source.
2001,2179,Marani Ward,Kisii,Kitutu Chache North Sub County,,510,Kitutu Chache North Sub County,87,Kisii,CORRECT,Database county and canonical subcounty ownership match the authoritative source.
2002,2180,Kegogi Ward,Kisii,Kitutu Chache North Sub County,,510,Kitutu Chache North Sub County,87,Kisii,CORRECT,Database county and canonical subcounty ownership match the authoritative source.
2003,2181,Bogusero Ward,Kisii,Kitutu Chache South Sub County,,485,Kitutu Chache South Sub County,87,Kisii,CORRECT,Database county and canonical subcounty ownership match the authoritative source.
2004,2182,Bogeka Ward,Kisii,Kitutu Chache South Sub County,,485,Kitutu Chache South Sub County,87,Kisii,CORRECT,Database county and canonical subcounty ownership match the authoritative source.
2007,2183,Nyatieko Ward,Kisii,Kitutu Chache South Sub County,,485,Kitutu Chache South Sub County,87,Kisii,CORRECT,Database county and canonical subcounty ownership match the authoritative source.
2009,2184,Karura Ward,Nairobi,Westlands  Sub County,,486,Westlands  Sub County,79,Nairobi City,TARGET_UNRESOLVED,Authoritative county and subcounty could not be resolved to a unique Prisma target.
2010,2185,Kangemi Ward,Nairobi,Westlands  Sub County,,486,Westlands  Sub County,79,Nairobi City,TARGET_UNRESOLVED,Authoritative county and subcounty could not be resolved to a unique Prisma target.
2011,2186,Mountain View Ward,Nairobi,Westlands  Sub County,,486,Westlands  Sub County,79,Nairobi City,TARGET_UNRESOLVED,Authoritative county and subcounty could not be resolved to a unique Prisma target.
678,2187,Keiyo Ward,TRANS NZOIA,Kwanza  Sub County,,1427,Kwanza,81,Trans Nzoia,WRONG_SUBCOUNTY,Ward subCountyId does not match the authoritative canonical subcounty target.
2014,2188,Gatina Ward,Nairobi,Dagoretti North Sub County,,487,Dagoretti North Sub County,79,Nairobi City,TARGET_UNRESOLVED,Authoritative county and subcounty could not be resolved to a unique Prisma target.
780,2189,Sangalo/kebulonik Ward,NANDI,Mosop Sub County,,462,Mosop Sub County,88,Nandi,CORRECT,Database county and canonical subcounty ownership match the authoritative source.
786,2190,Tangulbei/korossi Ward,BARINGO,Tiaty Sub County,,463,Tiaty West Sub County,90,Baringo,WRONG_SUBCOUNTY,Ward subCountyId does not match the authoritative canonical subcounty target.
2023,2191,Nairobi West Ward,Nairobi,Langata  Sub County,,1577,Lang'ata,79,Nairobi City,TARGET_UNRESOLVED,Authoritative county and subcounty could not be resolved to a unique Prisma target.
2024,2192,Mugumo-ini Ward,Nairobi,Langata  Sub County,,1577,Lang'ata,79,Nairobi City,TARGET_UNRESOLVED,Authoritative county and subcounty could not be resolved to a unique Prisma target.
787,2193,Churo/amaya Ward,BARINGO,Tiaty Sub County,,463,Tiaty West Sub County,90,Baringo,WRONG_SUBCOUNTY,Ward subCountyId does not match the authoritative canonical subcounty target.
788,2194,Barwessa Ward,BARINGO,Baringo North Sub County,,1447,Baringo North,90,Baringo,WRONG_SUBCOUNTY,Ward subCountyId does not match the authoritative canonical subcounty target.
789,2195,Kabartonjo Ward,BARINGO,Baringo North Sub County,,1447,Baringo North,90,Baringo,WRONG_SUBCOUNTY,Ward subCountyId does not match the authoritative canonical subcounty target.
790,2196,Saimoi/kipsaraman Ward,BARINGO,Baringo North Sub County,,1447,Baringo North,90,Baringo,WRONG_SUBCOUNTY,Ward subCountyId does not match the authoritative canonical subcounty target.
791,2197,Saimo/soi Ward,BARINGO,Baringo North Sub County,,1447,Baringo North,90,Baringo,WRONG_SUBCOUNTY,Ward subCountyId does not match the authoritative canonical subcounty target.
792,2198,Bartabwa Ward,BARINGO,Baringo North Sub County,,1447,Baringo North,90,Baringo,WRONG_SUBCOUNTY,Ward subCountyId does not match the authoritative canonical subcounty target.
793,2199,Kabarnet Ward,BARINGO,Baringo Central Sub County,,1446,Baringo Central,90,Baringo,WRONG_SUBCOUNTY,Ward subCountyId does not match the authoritative canonical subcounty target.
2025,2200,South C Ward,Nairobi,Langata  Sub County,,1577,Lang'ata,79,Nairobi City,TARGET_UNRESOLVED,Authoritative county and subcounty could not be resolved to a unique Prisma target.
795,2201,Tenges Ward,BARINGO,Baringo Central Sub County,,1446,Baringo Central,90,Baringo,WRONG_SUBCOUNTY,Ward subCountyId does not match the authoritative canonical subcounty target.
796,2202,Ewalel/chapchap Ward,BARINGO,Baringo Central Sub County,,1446,Baringo Central,90,Baringo,WRONG_SUBCOUNTY,Ward subCountyId does not match the authoritative canonical subcounty target.
797,2203,Kapropita Ward,BARINGO,Baringo Central Sub County,,1446,Baringo Central,90,Baringo,WRONG_SUBCOUNTY,Ward subCountyId does not match the authoritative canonical subcounty target.
798,2204,Marigat Ward,BARINGO,Marigat Sub County,,1450,Marigat,90,Baringo,WRONG_SUBCOUNTY,Ward subCountyId does not match the authoritative canonical subcounty target.
799,2205,Iichamus Ward,BARINGO,Marigat Sub County,,1450,Marigat,90,Baringo,WRONG_SUBCOUNTY,Ward subCountyId does not match the authoritative canonical subcounty target.
800,2206,Mochongoi Ward,BARINGO,Marigat Sub County,,1450,Marigat,90,Baringo,WRONG_SUBCOUNTY,Ward subCountyId does not match the authoritative canonical subcounty target.
2026,2207,Nyayo Highrise Ward,Nairobi,Langata  Sub County,,1577,Lang'ata,79,Nairobi City,TARGET_UNRESOLVED,Authoritative county and subcounty could not be resolved to a unique Prisma target.
2027,2208,Laini Saba Ward,Nairobi,Kibra  Sub County,,1576,Kibra,79,Nairobi City,TARGET_UNRESOLVED,Authoritative county and subcounty could not be resolved to a unique Prisma target.
930,2209,Mosiro Ward,KAJIADO,Kajiado West Sub County,,1479,Kajiado West,92,Kajiado,WRONG_SUBCOUNTY,Ward subCountyId does not match the authoritative canonical subcounty target.
931,2210,Entonet/lenkism Ward,KAJIADO,Loitokitok Sub County,,1480,Loitokitok,92,Kajiado,WRONG_SUBCOUNTY,Ward subCountyId does not match the authoritative canonical subcounty target.
932,2211,Imbrikani/eselelnkei Ward,KAJIADO,Loitokitok Sub County,,1480,Loitokitok,92,Kajiado,WRONG_SUBCOUNTY,Ward subCountyId does not match the authoritative canonical subcounty target.
933,2212,Kuku Ward,KAJIADO,Loitokitok Sub County,,1480,Loitokitok,92,Kajiado,WRONG_SUBCOUNTY,Ward subCountyId does not match the authoritative canonical subcounty target.
934,2213,Rombo Ward,KAJIADO,Loitokitok Sub County,,1480,Loitokitok,92,Kajiado,WRONG_SUBCOUNTY,Ward subCountyId does not match the authoritative canonical subcounty target.
2028,2214,Lindi Ward,Nairobi,Kibra  Sub County,,1576,Kibra,79,Nairobi City,TARGET_UNRESOLVED,Authoritative county and subcounty could not be resolved to a unique Prisma target.
936,2215,Londiani Ward,KERICHO,Kipkelion East Sub County,,491,Kipkelion East Sub County,56,Kericho,CORRECT,Database county and canonical subcounty ownership match the authoritative source.
2029,2216,Makina Ward,Nairobi,Kibra  Sub County,,1576,Kibra,79,Nairobi City,TARGET_UNRESOLVED,Authoritative county and subcounty could not be resolved to a unique Prisma target.
2031,2217,Sarang'ombe Ward,Nairobi,Kibra  Sub County,,1576,Kibra,79,Nairobi City,TARGET_UNRESOLVED,Authoritative county and subcounty could not be resolved to a unique Prisma target.
2032,2218,Githurai Ward,Nairobi,Roysambu  Sub County,,492,Roysambu  Sub County,79,Nairobi City,TARGET_UNRESOLVED,Authoritative county and subcounty could not be resolved to a unique Prisma target.
2033,2219,Kahawa West,Nairobi,Roysambu  Sub County,,492,Roysambu  Sub County,79,Nairobi City,TARGET_UNRESOLVED,Authoritative county and subcounty could not be resolved to a unique Prisma target.
2036,2220,Kahawa,Nairobi,Roysambu  Sub County,,492,Roysambu  Sub County,79,Nairobi City,TARGET_UNRESOLVED,Authoritative county and subcounty could not be resolved to a unique Prisma target.
2037,2221,Clay City,Nairobi,Kasarani  Sub County,,1575,Kasarani,79,Nairobi City,TARGET_UNRESOLVED,Authoritative county and subcounty could not be resolved to a unique Prisma target.
2040,2222,Njiru Ward,Nairobi,Kasarani  Sub County,,1575,Kasarani,79,Nairobi City,TARGET_UNRESOLVED,Authoritative county and subcounty could not be resolved to a unique Prisma target.
2041,2223,Ruai Ward,Nairobi,Kasarani  Sub County,,1575,Kasarani,79,Nairobi City,TARGET_UNRESOLVED,Authoritative county and subcounty could not be resolved to a unique Prisma target.
2042,2224,Babandogo,Nairobi,Ruaraka  Sub County,,405,Ruaraka  Sub County,79,Nairobi City,TARGET_UNRESOLVED,Authoritative county and subcounty could not be resolved to a unique Prisma target.
2043,2225,Utalii Ward,Nairobi,Ruaraka  Sub County,,405,Ruaraka  Sub County,79,Nairobi City,TARGET_UNRESOLVED,Authoritative county and subcounty could not be resolved to a unique Prisma target.
2048,2226,Kwa Njenga Ward,Nairobi,Embakasi South Sub County,,407,Embakasi South Sub County,79,Nairobi City,TARGET_UNRESOLVED,Authoritative county and subcounty could not be resolved to a unique Prisma target.
2056,2227,Dandora Area Iv Ward,Nairobi,Embakasi North Sub County,,533,Embakasi North Sub County,79,Nairobi City,TARGET_UNRESOLVED,Authoritative county and subcounty could not be resolved to a unique Prisma target.
2049,2228,Kwa Reuben Ward,Nairobi,Embakasi South Sub County,,407,Embakasi South Sub County,79,Nairobi City,TARGET_UNRESOLVED,Authoritative county and subcounty could not be resolved to a unique Prisma target.
2067,2229,Umoja I Ward,Nairobi,Embakasi West Sub County,,534,Embakasi West Sub County,79,Nairobi City,TARGET_UNRESOLVED,Authoritative county and subcounty could not be resolved to a unique Prisma target.
2051,2230,Kware Ward,Nairobi,Embakasi South Sub County,,407,Embakasi South Sub County,79,Nairobi City,TARGET_UNRESOLVED,Authoritative county and subcounty could not be resolved to a unique Prisma target.
2052,2231,Kariobangi North Ward,Nairobi,Embakasi North Sub County,,533,Embakasi North Sub County,79,Nairobi City,TARGET_UNRESOLVED,Authoritative county and subcounty could not be resolved to a unique Prisma target.
2053,2232,Dandora Area I Ward,Nairobi,Embakasi North Sub County,,533,Embakasi North Sub County,79,Nairobi City,TARGET_UNRESOLVED,Authoritative county and subcounty could not be resolved to a unique Prisma target.
2054,2233,Dandora Area Ii Ward,Nairobi,Embakasi North Sub County,,533,Embakasi North Sub County,79,Nairobi City,TARGET_UNRESOLVED,Authoritative county and subcounty could not be resolved to a unique Prisma target.
2055,2234,Dandora Area Iii Ward,Nairobi,Embakasi North Sub County,,533,Embakasi North Sub County,79,Nairobi City,TARGET_UNRESOLVED,Authoritative county and subcounty could not be resolved to a unique Prisma target.
2057,2235,Kayole North Ward,Nairobi,Embakasi Central Sub County,,535,Embakasi Central Sub County,79,Nairobi City,TARGET_UNRESOLVED,Authoritative county and subcounty could not be resolved to a unique Prisma target.
2058,2236,Kayole Central Ward,Nairobi,Embakasi Central Sub County,,535,Embakasi Central Sub County,79,Nairobi City,TARGET_UNRESOLVED,Authoritative county and subcounty could not be resolved to a unique Prisma target.
2068,2237,Umoja Ii Ward,Nairobi,Embakasi West Sub County,,534,Embakasi West Sub County,79,Nairobi City,TARGET_UNRESOLVED,Authoritative county and subcounty could not be resolved to a unique Prisma target.
2059,2238,Kayole South Ward,Nairobi,Embakasi Central Sub County,,535,Embakasi Central Sub County,79,Nairobi City,TARGET_UNRESOLVED,Authoritative county and subcounty could not be resolved to a unique Prisma target.
2074,2239,Makongeni Ward,Nairobi,Makadara  Sub County,,1578,Makadara,79,Nairobi City,TARGET_UNRESOLVED,Authoritative county and subcounty could not be resolved to a unique Prisma target.
2060,2240,Komarock Ward,Nairobi,Embakasi Central Sub County,,535,Embakasi Central Sub County,79,Nairobi City,TARGET_UNRESOLVED,Authoritative county and subcounty could not be resolved to a unique Prisma target.
2061,2241,Matopeni/spring Valley Ward,Nairobi,Embakasi Central Sub County,,535,Embakasi Central Sub County,79,Nairobi City,TARGET_UNRESOLVED,Authoritative county and subcounty could not be resolved to a unique Prisma target.
2076,2242,Eastleigh North Ward,Nairobi,Kamukunji  Sub County,,1574,Kamukunji,79,Nairobi City,TARGET_UNRESOLVED,Authoritative county and subcounty could not be resolved to a unique Prisma target.
2062,2243,Upper Savanna Ward,Nairobi,Embakasi East Sub County,,509,Embakasi East Sub County,79,Nairobi City,TARGET_UNRESOLVED,Authoritative county and subcounty could not be resolved to a unique Prisma target.
2069,2244,Mowlem Ward,Nairobi,Embakasi West Sub County,,534,Embakasi West Sub County,79,Nairobi City,TARGET_UNRESOLVED,Authoritative county and subcounty could not be resolved to a unique Prisma target.
2070,2245,Kariobangi South Ward,Nairobi,Embakasi West Sub County,,534,Embakasi West Sub County,79,Nairobi City,TARGET_UNRESOLVED,Authoritative county and subcounty could not be resolved to a unique Prisma target.
2071,2246,Maringo/hamza Ward,Nairobi,Makadara  Sub County,,1578,Makadara,79,Nairobi City,TARGET_UNRESOLVED,Authoritative county and subcounty could not be resolved to a unique Prisma target.
693,2247,Nabiswa Ward,TRANS NZOIA,Kiminini  Sub County,,1429,Kiminini,81,Trans Nzoia,WRONG_SUBCOUNTY,Ward subCountyId does not match the authoritative canonical subcounty target.
2079,2248,California Ward,Nairobi,Kamukunji  Sub County,,1574,Kamukunji,79,Nairobi City,TARGET_UNRESOLVED,Authoritative county and subcounty could not be resolved to a unique Prisma target.
2075,2249,Pumwani Ward,Nairobi,Kamukunji  Sub County,,1574,Kamukunji,79,Nairobi City,TARGET_UNRESOLVED,Authoritative county and subcounty could not be resolved to a unique Prisma target.
694,2250,Sinyerere Ward,TRANS NZOIA,Cherangany Sub County,,441,Cherangany Sub County,81,Trans Nzoia,CORRECT,Database county and canonical subcounty ownership match the authoritative source.
2078,2251,Airbase Ward,Nairobi,Kamukunji  Sub County,,1574,Kamukunji,79,Nairobi City,TARGET_UNRESOLVED,Authoritative county and subcounty could not be resolved to a unique Prisma target.
133,2252,Iftin Ward,GARISSA,Garissa Sub County,,1283,Garissa,60,Garissa,CORRECT,Database county and canonical subcounty ownership match the authoritative source.
2080,2253,Nairobi Central Ward,Nairobi,Starehe  Sub County,,513,Starehe  Sub County,79,Nairobi City,TARGET_UNRESOLVED,Authoritative county and subcounty could not be resolved to a unique Prisma target.
146,2254,Dertu Ward,GARISSA,Dadaab Sub County,,1281,Dadaab,60,Garissa,WRONG_SUBCOUNTY,Ward subCountyId does not match the authoritative canonical subcounty target.
147,2255,Dadaab Ward,GARISSA,Dadaab Sub County,,1281,Dadaab,60,Garissa,WRONG_SUBCOUNTY,Ward subCountyId does not match the authoritative canonical subcounty target.
148,2256,LABISGALE Ward,GARISSA,Dadaab Sub County,,1281,Dadaab,60,Garissa,WRONG_SUBCOUNTY,Ward subCountyId does not match the authoritative canonical subcounty target.
149,2257,Damajale Ward,GARISSA,Dadaab Sub County,,1281,Dadaab,60,Garissa,WRONG_SUBCOUNTY,Ward subCountyId does not match the authoritative canonical subcounty target.
150,2258,Liboi Ward,GARISSA,Dadaab Sub County,,1281,Dadaab,60,Garissa,WRONG_SUBCOUNTY,Ward subCountyId does not match the authoritative canonical subcounty target.
151,2259,Abakaile Ward,GARISSA,Dadaab Sub County,,1281,Dadaab,60,Garissa,WRONG_SUBCOUNTY,Ward subCountyId does not match the authoritative canonical subcounty target.
756,2260,Terik Ward,NANDI,Aldai Sub County,,451,Aldai Sub County,88,Nandi,CORRECT,Database county and canonical subcounty ownership match the authoritative source.
2081,2261,Ngara Ward Ward,Nairobi,Starehe  Sub County,,513,Starehe  Sub County,79,Nairobi City,TARGET_UNRESOLVED,Authoritative county and subcounty could not be resolved to a unique Prisma target.
2082,2262,Pangani Ward,Nairobi,Starehe  Sub County,,513,Starehe  Sub County,79,Nairobi City,TARGET_UNRESOLVED,Authoritative county and subcounty could not be resolved to a unique Prisma target.
2083,2263,Ziwani/kariokor,Nairobi,Starehe  Sub County,,513,Starehe  Sub County,79,Nairobi City,TARGET_UNRESOLVED,Authoritative county and subcounty could not be resolved to a unique Prisma target.
2086,2264,Hospital Ward,Nairobi,Mathare  Sub County,,1579,Mathare,79,Nairobi City,TARGET_UNRESOLVED,Authoritative county and subcounty could not be resolved to a unique Prisma target.
2087,2265,Mabatini Ward,Nairobi,Mathare  Sub County,,1579,Mathare,79,Nairobi City,TARGET_UNRESOLVED,Authoritative county and subcounty could not be resolved to a unique Prisma target.
2089,2266,Ngei Ward,Nairobi,Mathare  Sub County,,1579,Mathare,79,Nairobi City,TARGET_UNRESOLVED,Authoritative county and subcounty could not be resolved to a unique Prisma target.
2090,2267,Mlango Kubwa,Nairobi,Mathare  Sub County,,1579,Mathare,79,Nairobi City,TARGET_UNRESOLVED,Authoritative county and subcounty could not be resolved to a unique Prisma target.
2091,2268,Kiamaiko Ward,Nairobi,Mathare  Sub County,,1579,Mathare,79,Nairobi City,TARGET_UNRESOLVED,Authoritative county and subcounty could not be resolved to a unique Prisma target.
2092,2269,Kitisuru Ward,Nairobi,Westlands  Sub County,,486,Westlands  Sub County,79,Nairobi City,TARGET_UNRESOLVED,Authoritative county and subcounty could not be resolved to a unique Prisma target.
2093,2270,Kanyenya-ini Ward,Muranga,Kangema Sub County,,1390,Kangema,76,Murang'a,TARGET_UNRESOLVED,Authoritative county and subcounty could not be resolved to a unique Prisma target.
2094,2271,Muguru Ward,Muranga,Kangema Sub County,,1390,Kangema,76,Murang'a,TARGET_UNRESOLVED,Authoritative county and subcounty could not be resolved to a unique Prisma target.
2095,2272,Rwathia Ward,Muranga,Kangema Sub County,,1390,Kangema,76,Murang'a,TARGET_UNRESOLVED,Authoritative county and subcounty could not be resolved to a unique Prisma target.
2096,2273,Gitugi Ward,Muranga,Mathioya Sub County,,1391,Mathioya,76,Murang'a,TARGET_UNRESOLVED,Authoritative county and subcounty could not be resolved to a unique Prisma target.
168,2274,Wagberi Ward,WAJIR,Wajir East Sub County,,1291,Wajir East,61,Wajir,CORRECT,Database county and canonical subcounty ownership match the authoritative source.
2151,2275,Ngeria Ward,Uasin Gishu,Kapseret Sub County,,1431,Kapseret,78,Uasin Gishu,WRONG_SUBCOUNTY,Ward subCountyId does not match the authoritative canonical subcounty target.
2153,2276,Langas Ward,Uasin Gishu,Kapseret Sub County,,1431,Kapseret,78,Uasin Gishu,WRONG_SUBCOUNTY,Ward subCountyId does not match the authoritative canonical subcounty target.
181,2277,Eldas Ward,WAJIR,Eldas Sub County,,1288,Eldas,61,Wajir,CORRECT,Database county and canonical subcounty ownership match the authoritative source.
2154,2278,Racecourse Ward,Uasin Gishu,Kesses Sub County,,1432,Kesses,78,Uasin Gishu,WRONG_SUBCOUNTY,Ward subCountyId does not match the authoritative canonical subcounty target.
2155,2279,Cheptiret/kipchamo Ward,Uasin Gishu,Kesses Sub County,,1432,Kesses,78,Uasin Gishu,WRONG_SUBCOUNTY,Ward subCountyId does not match the authoritative canonical subcounty target.
2156,2280,Tulwet/chiyat Ward,Uasin Gishu,Kesses Sub County,,1432,Kesses,78,Uasin Gishu,WRONG_SUBCOUNTY,Ward subCountyId does not match the authoritative canonical subcounty target.
2157,2281,Tarakwa Ward,Uasin Gishu,Kesses Sub County,,1432,Kesses,78,Uasin Gishu,WRONG_SUBCOUNTY,Ward subCountyId does not match the authoritative canonical subcounty target.
152,2282,Bura Ward,GARISSA,Fafi Sub County,,1282,Fafi,60,Garissa,CORRECT,Database county and canonical subcounty ownership match the authoritative source.
2167,2283,Kapsasian Ward,Narok,Transmara East Sub County,,515,Transmara East Sub County,80,Narok,CORRECT,Database county and canonical subcounty ownership match the authoritative source.
2168,2284,Olposimoru Ward,Narok,Narok North Sub County,,1471,Narok North,80,Narok,WRONG_SUBCOUNTY,Ward subCountyId does not match the authoritative canonical subcounty target.
2169,2285,Olokurto Ward,Narok,Narok North Sub County,,1471,Narok North,80,Narok,WRONG_SUBCOUNTY,Ward subCountyId does not match the authoritative canonical subcounty target.
2170,2286,Narok Town Ward,Narok,Narok North Sub County,,1471,Narok North,80,Narok,WRONG_SUBCOUNTY,Ward subCountyId does not match the authoritative canonical subcounty target.
2171,2287,Nkareta Ward,Narok,Narok North Sub County,,1471,Narok North,80,Narok,WRONG_SUBCOUNTY,Ward subCountyId does not match the authoritative canonical subcounty target.
182,2288,Della Ward,WAJIR,Eldas Sub County,,1288,Eldas,61,Wajir,CORRECT,Database county and canonical subcounty ownership match the authoritative source.
186,2289,Dadaja bulla Ward,WAJIR,Wajir South Sub County,,1293,Wajir South,61,Wajir,CORRECT,Database county and canonical subcounty ownership match the authoritative source.
187,2290,Habasswein Ward,WAJIR,Wajir South Sub County,,1293,Wajir South,61,Wajir,CORRECT,Database county and canonical subcounty ownership match the authoritative source.
188,2291,Lagboghoi south Ward,WAJIR,Wajir South Sub County,,1293,Wajir South,61,Wajir,CORRECT,Database county and canonical subcounty ownership match the authoritative source.
2205,2292,Uthiru Ward,Kiambu,Kabete Sub County,,1401,Kabete,82,Kiambu,WRONG_SUBCOUNTY,Ward subCountyId does not match the authoritative canonical subcounty target.
2206,2293,Karai,Kiambu,Kikuyu Sub County,,1404,Kikuyu,82,Kiambu,WRONG_SUBCOUNTY,Ward subCountyId does not match the authoritative canonical subcounty target.
2207,2294,Nachu Ward,Kiambu,Kikuyu Sub County,,1404,Kikuyu,82,Kiambu,WRONG_SUBCOUNTY,Ward subCountyId does not match the authoritative canonical subcounty target.
2208,2295,Sigona Ward,Kiambu,Kikuyu Sub County,,1404,Kikuyu,82,Kiambu,WRONG_SUBCOUNTY,Ward subCountyId does not match the authoritative canonical subcounty target.
2209,2296,Kikuyu Ward,Kiambu,Kikuyu Sub County,,1404,Kikuyu,82,Kiambu,WRONG_SUBCOUNTY,Ward subCountyId does not match the authoritative canonical subcounty target.
2210,2297,Kinoo,Kiambu,Kikuyu Sub County,,1404,Kikuyu,82,Kiambu,WRONG_SUBCOUNTY,Ward subCountyId does not match the authoritative canonical subcounty target.
2211,2298,Bibirioni Ward,Kiambu,Limuru Sub County,,1406,Limuru,82,Kiambu,WRONG_SUBCOUNTY,Ward subCountyId does not match the authoritative canonical subcounty target.
2212,2299,Limuru Central Ward,Kiambu,Limuru Sub County,,1406,Limuru,82,Kiambu,WRONG_SUBCOUNTY,Ward subCountyId does not match the authoritative canonical subcounty target.
2213,2300,Ndeiya Ward,Kiambu,Limuru Sub County,,1406,Limuru,82,Kiambu,WRONG_SUBCOUNTY,Ward subCountyId does not match the authoritative canonical subcounty target.
2214,2301,Limuru East Ward,Kiambu,Limuru Sub County,,1406,Limuru,82,Kiambu,WRONG_SUBCOUNTY,Ward subCountyId does not match the authoritative canonical subcounty target.
2215,2302,Ngecha Tigoni Ward,Kiambu,Limuru Sub County,,1406,Limuru,82,Kiambu,WRONG_SUBCOUNTY,Ward subCountyId does not match the authoritative canonical subcounty target.
153,2303,Dekaharia Ward,GARISSA,Fafi Sub County,,1282,Fafi,60,Garissa,CORRECT,Database county and canonical subcounty ownership match the authoritative source.
190,2304,Diif Ward,WAJIR,Wajir South Sub County,,1293,Wajir South,61,Wajir,CORRECT,Database county and canonical subcounty ownership match the authoritative source.
2240,2305,Biashara Ward,Kiambu,Ruiru Sub County,,1407,Ruiru,82,Kiambu,WRONG_SUBCOUNTY,Ward subCountyId does not match the authoritative canonical subcounty target.
308,2306,Nkondi Ward,THARAKA-NITHI,Tharaka South Sub County,,1327,Tharaka South,66,Tharaka Nithi,WRONG_SUBCOUNTY,Ward subCountyId does not match the authoritative canonical subcounty target.
309,2307,Chiakagira Ward,THARAKA-NITHI,Tharaka South Sub County,,1327,Tharaka South,66,Tharaka Nithi,WRONG_SUBCOUNTY,Ward subCountyId does not match the authoritative canonical subcounty target.
310,2308,Marimanti Ward,THARAKA-NITHI,Tharaka South Sub County,,1327,Tharaka South,66,Tharaka Nithi,WRONG_SUBCOUNTY,Ward subCountyId does not match the authoritative canonical subcounty target.
311,2309,Ruguru-Ngandori Ward,EMBU,Manyatta  Sub County,,542,Manyatta  Sub County,89,Embu,CORRECT,Database county and canonical subcounty ownership match the authoritative source.
312,2310,Kithimu Ward,EMBU,Manyatta  Sub County,,542,Manyatta  Sub County,89,Embu,CORRECT,Database county and canonical subcounty ownership match the authoritative source.
313,2311,Nginda Ward,EMBU,Manyatta  Sub County,,542,Manyatta  Sub County,89,Embu,CORRECT,Database county and canonical subcounty ownership match the authoritative source.
314,2312,Mbeti north Ward,EMBU,Manyatta  Sub County,,542,Manyatta  Sub County,89,Embu,CORRECT,Database county and canonical subcounty ownership match the authoritative source.
315,2313,Kirimari Ward,EMBU,Manyatta  Sub County,,542,Manyatta  Sub County,89,Embu,CORRECT,Database county and canonical subcounty ownership match the authoritative source.
316,2314,Gaturi south Ward,EMBU,Manyatta  Sub County,,542,Manyatta  Sub County,89,Embu,CORRECT,Database county and canonical subcounty ownership match the authoritative source.
317,2315,Gaturi north Ward,EMBU,Manyatta  Sub County,,542,Manyatta  Sub County,89,Embu,CORRECT,Database county and canonical subcounty ownership match the authoritative source.
318,2316,Kaagari South Ward,EMBU,Runyenjes  Sub County,,543,Runyenjes  Sub County,89,Embu,CORRECT,Database county and canonical subcounty ownership match the authoritative source.
319,2317,Central ward,EMBU,Runyenjes  Sub County,,543,Runyenjes  Sub County,89,Embu,CORRECT,Database county and canonical subcounty ownership match the authoritative source.
320,2318,Kaagari North Ward,EMBU,Runyenjes  Sub County,,543,Runyenjes  Sub County,89,Embu,CORRECT,Database county and canonical subcounty ownership match the authoritative source.
2242,2319,Kahawa/sukari Ward,Kiambu,Ruiru Sub County,,1407,Ruiru,82,Kiambu,WRONG_SUBCOUNTY,Ward subCountyId does not match the authoritative canonical subcounty target.
2244,2320,Kiuu Ward,Kiambu,Ruiru Sub County,,1407,Ruiru,82,Kiambu,WRONG_SUBCOUNTY,Ward subCountyId does not match the authoritative canonical subcounty target.
331,2321,Ngomeni Ward,KITUI,Mwingi North Sub County,,343,Mwingi North Sub County,68,Kitui,CORRECT,Database county and canonical subcounty ownership match the authoritative source.
332,2322,Kyuso Ward,KITUI,Mwingi North Sub County,,343,Mwingi North Sub County,68,Kitui,CORRECT,Database county and canonical subcounty ownership match the authoritative source.
2245,2323,Mwiki Ward,Kiambu,Ruiru Sub County,,1407,Ruiru,82,Kiambu,WRONG_SUBCOUNTY,Ward subCountyId does not match the authoritative canonical subcounty target.
2246,2324,Mwihoko Ward,Kiambu,Ruiru Sub County,,1407,Ruiru,82,Kiambu,WRONG_SUBCOUNTY,Ward subCountyId does not match the authoritative canonical subcounty target.
2247,2325,Githunguri Ward,Kiambu,Githunguri Sub County,,1399,Githunguri,82,Kiambu,WRONG_SUBCOUNTY,Ward subCountyId does not match the authoritative canonical subcounty target.
2248,2326,Ndanai/abosi Ward,Bomet,Sotik Sub County,,1491,Sotik,86,Bomet,WRONG_SUBCOUNTY,Ward subCountyId does not match the authoritative canonical subcounty target.
2249,2327,Chemagel Ward,Bomet,Sotik Sub County,,1491,Sotik,86,Bomet,WRONG_SUBCOUNTY,Ward subCountyId does not match the authoritative canonical subcounty target.
2250,2328,Kipsonoi Ward,Bomet,Sotik Sub County,,1491,Sotik,86,Bomet,WRONG_SUBCOUNTY,Ward subCountyId does not match the authoritative canonical subcounty target.
2251,2329,Kapletundo Ward,Bomet,Sotik Sub County,,1491,Sotik,86,Bomet,WRONG_SUBCOUNTY,Ward subCountyId does not match the authoritative canonical subcounty target.
2252,2330,Rongena/manaret Ward,Bomet,Sotik Sub County,,1491,Sotik,86,Bomet,WRONG_SUBCOUNTY,Ward subCountyId does not match the authoritative canonical subcounty target.
2253,2331,Kong'asis Ward,Bomet,Chepalungu Sub County,,1489,Chepalungu,86,Bomet,WRONG_SUBCOUNTY,Ward subCountyId does not match the authoritative canonical subcounty target.
2254,2332,Nyangores Ward,Bomet,Chepalungu Sub County,,1489,Chepalungu,86,Bomet,WRONG_SUBCOUNTY,Ward subCountyId does not match the authoritative canonical subcounty target.
2255,2333,Sigor Ward,Bomet,Chepalungu Sub County,,1489,Chepalungu,86,Bomet,WRONG_SUBCOUNTY,Ward subCountyId does not match the authoritative canonical subcounty target.
2256,2334,Chebunyo Ward,Bomet,Chepalungu Sub County,,1489,Chepalungu,86,Bomet,WRONG_SUBCOUNTY,Ward subCountyId does not match the authoritative canonical subcounty target.
2257,2335,Siongiroi Ward,Bomet,Chepalungu Sub County,,1489,Chepalungu,86,Bomet,WRONG_SUBCOUNTY,Ward subCountyId does not match the authoritative canonical subcounty target.
2258,2336,Merigi Ward,Bomet,Bomet East Sub County,,1488,Bomet East,86,Bomet,WRONG_SUBCOUNTY,Ward subCountyId does not match the authoritative canonical subcounty target.
2259,2337,Kembu Ward,Bomet,Bomet East Sub County,,1488,Bomet East,86,Bomet,WRONG_SUBCOUNTY,Ward subCountyId does not match the authoritative canonical subcounty target.
2260,2338,Longisa Ward,Bomet,Bomet East Sub County,,1488,Bomet East,86,Bomet,WRONG_SUBCOUNTY,Ward subCountyId does not match the authoritative canonical subcounty target.
2261,2339,Kipreres  Ward,Bomet,Bomet East Sub County,,1488,Bomet East,86,Bomet,WRONG_SUBCOUNTY,Ward subCountyId does not match the authoritative canonical subcounty target.
2262,2340,Chemaner Ward,Bomet,Bomet East Sub County,,1488,Bomet East,86,Bomet,WRONG_SUBCOUNTY,Ward subCountyId does not match the authoritative canonical subcounty target.
2263,2341,Silibwet Township Ward,Bomet,Bomet Central Sub County,,1492,Bomet Central,86,Bomet,WRONG_SUBCOUNTY,Ward subCountyId does not match the authoritative canonical subcounty target.
2264,2342,Ndaraweta Ward,Bomet,Bomet Central Sub County,,1492,Bomet Central,86,Bomet,WRONG_SUBCOUNTY,Ward subCountyId does not match the authoritative canonical subcounty target.
2265,2343,Singorwet Ward,Bomet,Bomet Central Sub County,,1492,Bomet Central,86,Bomet,WRONG_SUBCOUNTY,Ward subCountyId does not match the authoritative canonical subcounty target.
2266,2344,Chesoen Ward,Bomet,Bomet Central Sub County,,1492,Bomet Central,86,Bomet,WRONG_SUBCOUNTY,Ward subCountyId does not match the authoritative canonical subcounty target.
2267,2345,Mutarakwa  Ward,Bomet,Bomet Central Sub County,,1492,Bomet Central,86,Bomet,WRONG_SUBCOUNTY,Ward subCountyId does not match the authoritative canonical subcounty target.
2268,2346,Chepchabas Ward,Bomet,Konoin Sub County,,1490,Konoin,86,Bomet,WRONG_SUBCOUNTY,Ward subCountyId does not match the authoritative canonical subcounty target.
159,2347,Ijara Ward,GARISSA,Ijara Sub County,,1285,Ijara,60,Garissa,WRONG_SUBCOUNTY,Ward subCountyId does not match the authoritative canonical subcounty target.
198,2348,GUBA,MANDERA,BANISSA,,518,BANISSA,63,Mandera,CORRECT,Database county and canonical subcounty ownership match the authoritative source.
199,2349,MALKAMARI,MANDERA,BANISSA,,518,BANISSA,63,Mandera,CORRECT,Database county and canonical subcounty ownership match the authoritative source.
88,2350,Kipini west Ward,TANA RIVER,Garsen Sub County,,517,Garsen Sub County,57,Tana River,CORRECT,Database county and canonical subcounty ownership match the authoritative source.
89,2351,Garsen central Ward,TANA RIVER,Garsen Sub County,,517,Garsen Sub County,57,Tana River,CORRECT,Database county and canonical subcounty ownership match the authoritative source.
90,2352,Garsen west Ward,TANA RIVER,Garsen Sub County,,517,Garsen Sub County,57,Tana River,CORRECT,Database county and canonical subcounty ownership match the authoritative source.
107,2353,MKUNUMBI,LAMU,LAMU WEST,,1275,Lamu West,58,Lamu,CORRECT,Database county and canonical subcounty ownership match the authoritative source.
110,2354,BAHARI,LAMU,LAMU WEST,,1275,Lamu West,58,Lamu,CORRECT,Database county and canonical subcounty ownership match the authoritative source.
194,2355,DANDU,MANDERA,MANDERA WEST,,1295,Mandera West,63,Mandera,CORRECT,Database county and canonical subcounty ownership match the authoritative source.
195,2356,GITHER,MANDERA,MANDERA WEST,,1295,Mandera West,63,Mandera,CORRECT,Database county and canonical subcounty ownership match the authoritative source.
200,2357,KILIWAHERI,MANDERA,BANISSA,,518,BANISSA,63,Mandera,CORRECT,Database county and canonical subcounty ownership match the authoritative source.
209,2358,ELWAK NORTH,MANDERA,MANDERA SOUTH,,325,MANDERA SOUTH,63,Mandera,CORRECT,Database county and canonical subcounty ownership match the authoritative source.
230,2359,TURBI,MARSABIT,NORTH HORR,,1307,North Horr,64,Marsabit,CORRECT,Database county and canonical subcounty ownership match the authoritative source.
109,2360,WITU,LAMU,LAMU WEST,,1275,Lamu West,58,Lamu,CORRECT,Database county and canonical subcounty ownership match the authoritative source.
237,2361,KARGI/SOUTH HORR,MARSABIT,LAISAMIS,,330,LAISAMIS,64,Marsabit,CORRECT,Database county and canonical subcounty ownership match the authoritative source.
238,2362,KORR/NGURUNIT,MARSABIT,LAISAMIS,,330,LAISAMIS,64,Marsabit,CORRECT,Database county and canonical subcounty ownership match the authoritative source.
91,2363,Garsen north Ward,TANA RIVER,Garsen Sub County,,517,Garsen Sub County,57,Tana River,CORRECT,Database county and canonical subcounty ownership match the authoritative source.
239,2364,LOGOLOGO,MARSABIT,LAISAMIS,,330,LAISAMIS,64,Marsabit,CORRECT,Database county and canonical subcounty ownership match the authoritative source.
132,2365,Galbet Ward,GARISSA,Garissa Sub County,,1283,Garissa,60,Garissa,CORRECT,Database county and canonical subcounty ownership match the authoritative source.
169,2366,Township Ward,WAJIR,Wajir East Sub County,,1291,Wajir East,61,Wajir,CORRECT,Database county and canonical subcounty ownership match the authoritative source.
170,2367,Barwaqo Ward,WAJIR,Wajir East Sub County,,1291,Wajir East,61,Wajir,CORRECT,Database county and canonical subcounty ownership match the authoritative source.
176,2368,Arbajahan Ward,WAJIR,Wajir West Sub County,,1294,Wajir West,61,Wajir,CORRECT,Database county and canonical subcounty ownership match the authoritative source.
178,2369,ADEMASAJIDE Ward,WAJIR,Wajir West Sub County,,1294,Wajir West,61,Wajir,CORRECT,Database county and canonical subcounty ownership match the authoritative source.
179,2370,Ganyure Wagalla Ward,WAJIR,Wajir West Sub County,,1294,Wajir West,61,Wajir,CORRECT,Database county and canonical subcounty ownership match the authoritative source.
180,2371,Lakoley south/basir Ward,WAJIR,Eldas Sub County,,1288,Eldas,61,Wajir,CORRECT,Database county and canonical subcounty ownership match the authoritative source.
299,2372,Ganga Ward,THARAKA-NITHI,Mwimbi Sub County,,341,Mwimbi Sub County,66,Tharaka Nithi,CORRECT,Database county and canonical subcounty ownership match the authoritative source.
300,2373,Chogoria Ward,THARAKA-NITHI,Mwimbi Sub County,,341,Mwimbi Sub County,66,Tharaka Nithi,CORRECT,Database county and canonical subcounty ownership match the authoritative source.
301,2374,Mariani Ward,THARAKA-NITHI,Igambang'ombe Sub County,,1323,Igambang'ombe,66,Tharaka Nithi,WRONG_SUBCOUNTY,Ward subCountyId does not match the authoritative canonical subcounty target.
302,2375,Karingani Ward,THARAKA-NITHI,Chuka Sub County,,548,Chuka Sub County,66,Tharaka Nithi,CORRECT,Database county and canonical subcounty ownership match the authoritative source.
303,2376,Magumoni Ward,THARAKA-NITHI,Chuka Sub County,,548,Chuka Sub County,66,Tharaka Nithi,CORRECT,Database county and canonical subcounty ownership match the authoritative source.
304,2377,Mugwe Ward,THARAKA-NITHI,Chuka Sub County,,548,Chuka Sub County,66,Tharaka Nithi,CORRECT,Database county and canonical subcounty ownership match the authoritative source.
321,2378,Kyeni north Ward,EMBU,Runyenjes  Sub County,,543,Runyenjes  Sub County,89,Embu,CORRECT,Database county and canonical subcounty ownership match the authoritative source.
322,2379,Kyeni south Ward,EMBU,Runyenjes  Sub County,,543,Runyenjes  Sub County,89,Embu,CORRECT,Database county and canonical subcounty ownership match the authoritative source.
323,2380,Mwea Ward,EMBU,Mbeere South  Sub County,,1331,Mbeere South,89,Embu,WRONG_SUBCOUNTY,Ward subCountyId does not match the authoritative canonical subcounty target.
324,2381,Makima Ward,EMBU,Mbeere South  Sub County,,1331,Mbeere South,89,Embu,WRONG_SUBCOUNTY,Ward subCountyId does not match the authoritative canonical subcounty target.
325,2382,Mbeti south Ward,EMBU,Mbeere South  Sub County,,1331,Mbeere South,89,Embu,WRONG_SUBCOUNTY,Ward subCountyId does not match the authoritative canonical subcounty target.
326,2383,Mavuria Ward,EMBU,Mbeere South  Sub County,,1331,Mbeere South,89,Embu,WRONG_SUBCOUNTY,Ward subCountyId does not match the authoritative canonical subcounty target.
327,2384,Kiambere Ward,EMBU,Mbeere South  Sub County,,1331,Mbeere South,89,Embu,WRONG_SUBCOUNTY,Ward subCountyId does not match the authoritative canonical subcounty target.
328,2385,Nthawa Ward,EMBU,Mbeere North  Sub County,,1332,Mbeere North,89,Embu,WRONG_SUBCOUNTY,Ward subCountyId does not match the authoritative canonical subcounty target.
350,2386,Kisasi Ward,KITUI,Kitui Rural Sub County,,348,Kitui Rural Sub County,68,Kitui,CORRECT,Database county and canonical subcounty ownership match the authoritative source.
357,2387,Mulango Ward,KITUI,Kitui Central  Sub County,,1336,Kitui Central,68,Kitui,CORRECT,Database county and canonical subcounty ownership match the authoritative source.
358,2388,Kyangwithya east Ward,KITUI,Kitui Central  Sub County,,1336,Kitui Central,68,Kitui,CORRECT,Database county and canonical subcounty ownership match the authoritative source.
361,2389,Chuluni Ward,KITUI,Kitui East Sub County,,354,Kitui East Sub County,68,Kitui,CORRECT,Database county and canonical subcounty ownership match the authoritative source.
366,2390,Mutomo Ward,KITUI,Kitui South Sub County,,357,Kitui South Sub County,68,Kitui,CORRECT,Database county and canonical subcounty ownership match the authoritative source.
367,2391,Mutha Ward,KITUI,Kitui South Sub County,,357,Kitui South Sub County,68,Kitui,CORRECT,Database county and canonical subcounty ownership match the authoritative source.
369,2392,Kanziko Ward,KITUI,Kitui South Sub County,,357,Kitui South Sub County,68,Kitui,CORRECT,Database county and canonical subcounty ownership match the authoritative source.
446,2393,Nyakio Ward,NYANDARUA,Kinangop Sub County,,1369,Kinangop,67,Nyandarua,WRONG_SUBCOUNTY,Ward subCountyId does not match the authoritative canonical subcounty target.
447,2394,Githabai Ward,NYANDARUA,Kinangop Sub County,,1369,Kinangop,67,Nyandarua,WRONG_SUBCOUNTY,Ward subCountyId does not match the authoritative canonical subcounty target.
448,2395,Magumu Ward,NYANDARUA,Kinangop Sub County,,1369,Kinangop,67,Nyandarua,WRONG_SUBCOUNTY,Ward subCountyId does not match the authoritative canonical subcounty target.
451,2396,Geta Ward,NYANDARUA,Kipipiri Sub County,,1372,Kipipiri,67,Nyandarua,CORRECT,Database county and canonical subcounty ownership match the authoritative source.
453,2397,Karau Ward,NYANDARUA,Olkalou Sub County,,374,Olkalou Sub County,67,Nyandarua,CORRECT,Database county and canonical subcounty ownership match the authoritative source.
455,2398,Mirangine Ward,NYANDARUA,Olkalou Sub County,,374,Olkalou Sub County,67,Nyandarua,CORRECT,Database county and canonical subcounty ownership match the authoritative source.
456,2399,Kaimbaga Ward,NYANDARUA,Olkalou Sub County,,374,Olkalou Sub County,67,Nyandarua,CORRECT,Database county and canonical subcounty ownership match the authoritative source.
458,2400,Gathanji Ward,NYANDARUA,Oljoroorok Sub County,,342,Oljoroorok Sub County,67,Nyandarua,CORRECT,Database county and canonical subcounty ownership match the authoritative source.
459,2401,Gatimu Ward,NYANDARUA,Oljoroorok Sub County,,342,Oljoroorok Sub County,67,Nyandarua,CORRECT,Database county and canonical subcounty ownership match the authoritative source.
460,2402,Weru Ward,NYANDARUA,Oljoroorok Sub County,,342,Oljoroorok Sub County,67,Nyandarua,CORRECT,Database county and canonical subcounty ownership match the authoritative source.
463,2403,Kiritta Ward,NYANDARUA,Ndaragwa Sub County,,395,Ndaragwa Sub County,67,Nyandarua,CORRECT,Database county and canonical subcounty ownership match the authoritative source.
464,2404,Central Ward,NYANDARUA,Ndaragwa Sub County,,395,Ndaragwa Sub County,67,Nyandarua,CORRECT,Database county and canonical subcounty ownership match the authoritative source.
465,2405,Shamata Ward,NYANDARUA,Ndaragwa Sub County,,395,Ndaragwa Sub County,67,Nyandarua,CORRECT,Database county and canonical subcounty ownership match the authoritative source.
466,2406,Dedan kimathi Ward,NYERI,Tetu Sub County,,1376,Tetu,69,Nyeri,WRONG_SUBCOUNTY,Ward subCountyId does not match the authoritative canonical subcounty target.
467,2407,Wamagana Ward,NYERI,Tetu Sub County,,1376,Tetu,69,Nyeri,WRONG_SUBCOUNTY,Ward subCountyId does not match the authoritative canonical subcounty target.
468,2408,Aguthi-gaaki Ward,NYERI,Tetu Sub County,,1376,Tetu,69,Nyeri,WRONG_SUBCOUNTY,Ward subCountyId does not match the authoritative canonical subcounty target.
469,2409,Mweiga Ward,NYERI,Kieni West Sub County,,1378,Kieni West,69,Nyeri,WRONG_SUBCOUNTY,Ward subCountyId does not match the authoritative canonical subcounty target.
470,2410,Naromoru/kiamathaga Ward,NYERI,Kieni East Sub County,,1377,Kieni East,69,Nyeri,WRONG_SUBCOUNTY,Ward subCountyId does not match the authoritative canonical subcounty target.
471,2411,Mwiyogo/endarasha Ward,NYERI,Kieni West Sub County,,1378,Kieni West,69,Nyeri,WRONG_SUBCOUNTY,Ward subCountyId does not match the authoritative canonical subcounty target.
472,2412,Mugunda Ward,NYERI,Kieni West Sub County,,1378,Kieni West,69,Nyeri,WRONG_SUBCOUNTY,Ward subCountyId does not match the authoritative canonical subcounty target.
473,2413,Gatarakwa Ward,NYERI,Kieni West Sub County,,1378,Kieni West,69,Nyeri,WRONG_SUBCOUNTY,Ward subCountyId does not match the authoritative canonical subcounty target.
474,2414,Thegu river Ward,NYERI,Kieni East Sub County,,1377,Kieni East,69,Nyeri,WRONG_SUBCOUNTY,Ward subCountyId does not match the authoritative canonical subcounty target.
475,2415,Kabaru Ward,NYERI,Kieni East Sub County,,1377,Kieni East,69,Nyeri,WRONG_SUBCOUNTY,Ward subCountyId does not match the authoritative canonical subcounty target.
476,2416,Gakawa Ward,NYERI,Kieni East Sub County,,1377,Kieni East,69,Nyeri,WRONG_SUBCOUNTY,Ward subCountyId does not match the authoritative canonical subcounty target.
477,2417,Ruguru Ward,NYERI,Mathira West Sub County,,1380,Mathira West,69,Nyeri,WRONG_SUBCOUNTY,Ward subCountyId does not match the authoritative canonical subcounty target.
478,2418,Magutu Ward,NYERI,Mathira East Sub County,,1379,Mathira East,69,Nyeri,WRONG_SUBCOUNTY,Ward subCountyId does not match the authoritative canonical subcounty target.
617,2419,Kakuma Ward,TURKANA,Turkana West Sub County,,1416,Turkana West,70,Turkana,CORRECT,Database county and canonical subcounty ownership match the authoritative source.
621,2420,Kalobeyei Ward,TURKANA,Turkana West Sub County,,1416,Turkana West,70,Turkana,CORRECT,Database county and canonical subcounty ownership match the authoritative source.
623,2421,Nanaam Ward,TURKANA,Turkana West Sub County,,1416,Turkana West,70,Turkana,CORRECT,Database county and canonical subcounty ownership match the authoritative source.
627,2422,Lodwar Township Ward,TURKANA,Turkana Central Sub County,,1412,Turkana Central,70,Turkana,WRONG_SUBCOUNTY,Ward subCountyId does not match the authoritative canonical subcounty target.
628,2423,Kanamkemer Ward,TURKANA,Turkana Central Sub County,,1412,Turkana Central,70,Turkana,WRONG_SUBCOUNTY,Ward subCountyId does not match the authoritative canonical subcounty target.
629,2424,Kotaruk/Lobei Ward,TURKANA,Loima Sub County,,1411,Loima,70,Turkana,WRONG_SUBCOUNTY,Ward subCountyId does not match the authoritative canonical subcounty target.
631,2425,Loima Ward,TURKANA,Loima Sub County,,1411,Loima,70,Turkana,WRONG_SUBCOUNTY,Ward subCountyId does not match the authoritative canonical subcounty target.
634,2426,Katilu Ward,TURKANA,Turkana South Sub County,,1415,Turkana South,70,Turkana,WRONG_SUBCOUNTY,Ward subCountyId does not match the authoritative canonical subcounty target.
639,2427,Katilia Ward,TURKANA,Turkana East Sub County,,1413,Turkana East,70,Turkana,WRONG_SUBCOUNTY,Ward subCountyId does not match the authoritative canonical subcounty target.
640,2428,Lokori/kochodin Ward,TURKANA,Turkana East Sub County,,1413,Turkana East,70,Turkana,WRONG_SUBCOUNTY,Ward subCountyId does not match the authoritative canonical subcounty target.
656,2429,Alale Ward,WEST POKOT,Pokot North Sub County,,1419,Pokot North,71,West Pokot,CORRECT,Database county and canonical subcounty ownership match the authoritative source.
657,2430,Chepareria Ward,WEST POKOT,Pokot South Sub County,,1420,Pokot South,71,West Pokot,WRONG_SUBCOUNTY,Ward subCountyId does not match the authoritative canonical subcounty target.
658,2431,Batei Ward,WEST POKOT,Pokot South Sub County,,1420,Pokot South,71,West Pokot,WRONG_SUBCOUNTY,Ward subCountyId does not match the authoritative canonical subcounty target.
659,2432,Lelan Ward,WEST POKOT,Pokot South Sub County,,1420,Pokot South,71,West Pokot,WRONG_SUBCOUNTY,Ward subCountyId does not match the authoritative canonical subcounty target.
660,2433,Tapach Ward,WEST POKOT,Pokot South Sub County,,1420,Pokot South,71,West Pokot,WRONG_SUBCOUNTY,Ward subCountyId does not match the authoritative canonical subcounty target.
661,2434,Lodokejek Ward,SAMBURU,Samburu Central Sub County,,1422,Samburu Central,72,Samburu,CORRECT,Database county and canonical subcounty ownership match the authoritative source.
679,2435,Bidii Ward,TRANS NZOIA,Kwanza  Sub County,,1427,Kwanza,81,Trans Nzoia,WRONG_SUBCOUNTY,Ward subCountyId does not match the authoritative canonical subcounty target.
685,2436,Tuwani Ward,TRANS NZOIA,Saboti  Sub County,,425,Saboti  Sub County,81,Trans Nzoia,CORRECT,Database county and canonical subcounty ownership match the authoritative source.
686,2437,Saboti Ward,TRANS NZOIA,Saboti  Sub County,,425,Saboti  Sub County,81,Trans Nzoia,CORRECT,Database county and canonical subcounty ownership match the authoritative source.
687,2438,Machewa Ward,TRANS NZOIA,Saboti  Sub County,,425,Saboti  Sub County,81,Trans Nzoia,CORRECT,Database county and canonical subcounty ownership match the authoritative source.
691,2439,Hospital Ward,TRANS NZOIA,Kiminini  Sub County,,1429,Kiminini,81,Trans Nzoia,WRONG_SUBCOUNTY,Ward subCountyId does not match the authoritative canonical subcounty target.
692,2440,Sikhendu Ward,TRANS NZOIA,Kiminini  Sub County,,1429,Kiminini,81,Trans Nzoia,WRONG_SUBCOUNTY,Ward subCountyId does not match the authoritative canonical subcounty target.
700,2441,Sitatunga Ward,TRANS NZOIA,Cherangany Sub County,,441,Cherangany Sub County,81,Trans Nzoia,CORRECT,Database county and canonical subcounty ownership match the authoritative source.
736,2442,Sengwer Ward,ELGEYO-MARAKWET,Marakwet West Sub County,,1439,Marakwet West,85,Elgeyo Marakwet,WRONG_SUBCOUNTY,Ward subCountyId does not match the authoritative canonical subcounty target.
737,2443,Cherangany  Ward,ELGEYO-MARAKWET,Marakwet West Sub County,,1439,Marakwet West,85,Elgeyo Marakwet,WRONG_SUBCOUNTY,Ward subCountyId does not match the authoritative canonical subcounty target.
738,2444,Moiben Kuserwo Ward,ELGEYO-MARAKWET,Marakwet West Sub County,,1439,Marakwet West,85,Elgeyo Marakwet,WRONG_SUBCOUNTY,Ward subCountyId does not match the authoritative canonical subcounty target.
739,2445,Kapsowar Ward,ELGEYO-MARAKWET,Marakwet West Sub County,,1439,Marakwet West,85,Elgeyo Marakwet,WRONG_SUBCOUNTY,Ward subCountyId does not match the authoritative canonical subcounty target.
740,2446,Arror Ward,ELGEYO-MARAKWET,Marakwet West Sub County,,1439,Marakwet West,85,Elgeyo Marakwet,WRONG_SUBCOUNTY,Ward subCountyId does not match the authoritative canonical subcounty target.
741,2447,Kamariny Ward,ELGEYO-MARAKWET,Keiyo North Sub County,,1436,Keiyo North,85,Elgeyo Marakwet,WRONG_SUBCOUNTY,Ward subCountyId does not match the authoritative canonical subcounty target.
742,2448,Emsoo Ward,ELGEYO-MARAKWET,Keiyo North Sub County,,1436,Keiyo North,85,Elgeyo Marakwet,WRONG_SUBCOUNTY,Ward subCountyId does not match the authoritative canonical subcounty target.
743,2449,Tambach Ward,ELGEYO-MARAKWET,Keiyo North Sub County,,1436,Keiyo North,85,Elgeyo Marakwet,WRONG_SUBCOUNTY,Ward subCountyId does not match the authoritative canonical subcounty target.
744,2450,Kapchemutwa Ward,ELGEYO-MARAKWET,Keiyo North Sub County,,1436,Keiyo North,85,Elgeyo Marakwet,WRONG_SUBCOUNTY,Ward subCountyId does not match the authoritative canonical subcounty target.
745,2451,Kaptarakwa Ward,ELGEYO-MARAKWET,Keiyo South Sub County,,1437,Keiyo South,85,Elgeyo Marakwet,WRONG_SUBCOUNTY,Ward subCountyId does not match the authoritative canonical subcounty target.
746,2452,Chepkorio Ward,ELGEYO-MARAKWET,Keiyo South Sub County,,1437,Keiyo South,85,Elgeyo Marakwet,WRONG_SUBCOUNTY,Ward subCountyId does not match the authoritative canonical subcounty target.
750,2453,Metkei Ward,ELGEYO-MARAKWET,Keiyo South Sub County,,1437,Keiyo South,85,Elgeyo Marakwet,WRONG_SUBCOUNTY,Ward subCountyId does not match the authoritative canonical subcounty target.
751,2454,Songhor/Soba Ward,NANDI,Tinderet Sub County,,1445,Tinderet,88,Nandi,WRONG_SUBCOUNTY,Ward subCountyId does not match the authoritative canonical subcounty target.
752,2455,Tinderet Ward,NANDI,Tinderet Sub County,,1445,Tinderet,88,Nandi,WRONG_SUBCOUNTY,Ward subCountyId does not match the authoritative canonical subcounty target.
753,2456,Chemelil/chemase Ward,NANDI,Tinderet Sub County,,1445,Tinderet,88,Nandi,WRONG_SUBCOUNTY,Ward subCountyId does not match the authoritative canonical subcounty target.
754,2457,Kapsimotwo Ward,NANDI,Nandi East Sub County,,1442,Nandi East,88,Nandi,WRONG_SUBCOUNTY,Ward subCountyId does not match the authoritative canonical subcounty target.
763,2458,Ol'lessos Ward,NANDI,Nandi East Sub County,,1442,Nandi East,88,Nandi,WRONG_SUBCOUNTY,Ward subCountyId does not match the authoritative canonical subcounty target.
764,2459,Kapchorua Ward,NANDI,Nandi East Sub County,,1442,Nandi East,88,Nandi,WRONG_SUBCOUNTY,Ward subCountyId does not match the authoritative canonical subcounty target.
766,2460,Kosirai Ward,NANDI,Chesumei Sub County,,1440,Chesumei,88,Nandi,WRONG_SUBCOUNTY,Ward subCountyId does not match the authoritative canonical subcounty target.
768,2461,Kaptel/kamoiywo Ward,NANDI,Chesumei Sub County,,1440,Chesumei,88,Nandi,WRONG_SUBCOUNTY,Ward subCountyId does not match the authoritative canonical subcounty target.
769,2462,Kiptuiya Ward,NANDI,Chesumei Sub County,,1440,Chesumei,88,Nandi,WRONG_SUBCOUNTY,Ward subCountyId does not match the authoritative canonical subcounty target.
771,2463,Kapkangani Ward,NANDI,Emgwen Sub County,,456,Emgwen Sub County,88,Nandi,CORRECT,Database county and canonical subcounty ownership match the authoritative source.
774,2464,Chepterwai Ward,NANDI,Mosop Sub County,,462,Mosop Sub County,88,Nandi,CORRECT,Database county and canonical subcounty ownership match the authoritative source.
775,2465,Kipkaren Ward,NANDI,Mosop Sub County,,462,Mosop Sub County,88,Nandi,CORRECT,Database county and canonical subcounty ownership match the authoritative source.
776,2466,Kurgung/surungai Ward,NANDI,Mosop Sub County,,462,Mosop Sub County,88,Nandi,CORRECT,Database county and canonical subcounty ownership match the authoritative source.
777,2467,Kabiyet Ward,NANDI,Mosop Sub County,,462,Mosop Sub County,88,Nandi,CORRECT,Database county and canonical subcounty ownership match the authoritative source.
779,2468,Kabisaga Ward,NANDI,Mosop Sub County,,462,Mosop Sub County,88,Nandi,CORRECT,Database county and canonical subcounty ownership match the authoritative source.
813,2469,Githiga Ward,LAIKIPIA,Laikipia West Sub County,,1457,Laikipia West,91,Laikipia,WRONG_SUBCOUNTY,Ward subCountyId does not match the authoritative canonical subcounty target.
956,2470,Kapkatet Ward,KERICHO,Bureti Sub County,,1483,Bureti,56,Kericho,WRONG_SUBCOUNTY,Ward subCountyId does not match the authoritative canonical subcounty target.
959,2471,Cheptororiet/seretut Ward,KERICHO,Belgut Sub County,,1482,Belgut,56,Kericho,CORRECT,Database county and canonical subcounty ownership match the authoritative source.